Second,total_cpu_usage_usr,total_cpu_usage_sys,disk_read,disk_writ,mem_used,mem_free,mem_buff,mem_cach
1,22.011,4.359,877992.858,34670881.76,8056647680,19043786752,2168582144,34948435968
2,4.89,2.321,188416,2121728,8122220544,18982944768,2168614912,34944815104
3,4.276,2.076,12288,3166208,8139849728,18975277056,2168639488,34938380288
4,3.512,3.802,20480,2736128,8123879424,19858116608,2168672256,34080595968
5,3.886,3.431,0,1376256,8140955648,21758173184,2168688640,32187674624
6,3.514,3.514,20480,1798144,8142299136,23675723776,2168729600,30294532096
7,3.957,3.124,12288,2641920,8142372864,24111763456,2168770560,29866999808
8,5.362,1.787,0,5107712,8140738560,24116424704,2168786944,29866057728
9,4.695,3.501,4096,835584,8124813312,24132177920,2168803328,29866479616
10,5.514,2.778,0,31895552,8150958080,24078868480,2168819712,29893255168
11,9.22,7.259,0,6311936,8248659968,23979937792,2168877056,29893644288
12,8.416,3.151,389120,28098560,8376352768,23825805312,2168958976,29915934720
13,17.891,3.902,1036288,31051776,8518901760,23672344576,2169020416,29924036608
14,21.393,3.339,110592,5001216,8649195520,23566245888,2169020416,29898051584
15,28.518,6.149,8192,54804480,8821317632,23240089600,2169081856,30047223808
16,34.292,3.208,16384,1011712,8931651584,23123963904,2169110528,30051397632
17,38.762,1.994,0,1130496,9089970176,22959644672,2169114624,30057213952
18,18.182,1.418,4489216,23580672,9110921216,22931812352,2169118720,30063788032
19,4.581,1.541,212992,126976,8952053760,23089954816,2169118720,30064021504
20,4.738,1.579,0,774144,9008594944,23033327616,2169118720,30064025600
21,1.288,1.745,0,557056,9015001088,23026622464,2169118720,30064128000
22,0.5,0.75,0,12288,9016561664,23025000448,2169118720,30064189440
23,0.459,0.71,0,0,8980930560,23060549632,2169118720,30064238592
24,1.62,1.786,0,12288,8973283328,23068426240,2169118720,30064291840
25,1,1.333,0,0,8943476736,23098277888,2169118720,30064336896
26,1.039,1.413,0,167936,8944676864,23096840192,2169118720,30064541696
27,0.709,0.667,0,0,8944381952,23097008128,2169118720,30064668672
28,0.626,1.085,0,1249280,8953942016,23087390720,2169122816,30064721920
29,4.527,1.993,0,1531904,8882819072,23159119872,2169122816,30064099328
30,4.538,1.582,0,20480,8938676224,23103246336,2169122816,30064115712
31,1.334,1.376,0,1269760,8944103424,23097810944,2169126912,30064119808
32,1.669,0.459,0,24576,8945004544,23096750080,2169126912,30064279552
33,0.835,1.127,0,0,8945160192,23096430592,2169126912,30064427008
34,0.665,1.414,0,12288,8946479104,23095111680,2169126912,30064427008
35,0.417,1.376,0,0,8945205248,23096385536,2169126912,30064427008
36,0.458,1.125,0,1069056,8946495488,23095324672,2169135104,30064156672
37,0.209,0.459,0,0,8945836032,23095984128,2169135104,30064156672
38,0.5,1.583,0,0,8945770496,23096049664,2169135104,30064156672
39,0.458,1.125,0,0,8945020928,23096803328,2169135104,30064152576
40,0.417,1.294,0,0,8944959488,23096864768,2169135104,30064152576
41,0.541,0.958,0,12288,8942907392,23098916864,2169135104,30064152576
42,0.25,0.542,0,155648,8942481408,23099338752,2169139200,30064152576
43,0.541,1.373,0,0,8941015040,23100805120,2169139200,30064152576
44,0.458,1.333,0,2883584,8941977600,23099777024,2169139200,30064218112
45,0.5,1.374,0,0,8941735936,23100018688,2169139200,30064218112
46,0.541,0.708,0,12288,8942370816,23099383808,2169139200,30064218112
47,0.25,1.042,0,217088,8942141440,23099613184,2169139200,30064218112
48,4.649,1.785,0,659456,8999239680,23041523712,2169180160,30064283648
49,4.54,1.624,36864,6918144,9041014784,22997463040,2169188352,30064914432
50,1.911,1.496,32768,14692352,9049010176,22989352960,2169262080,30064799744
51,6.457,0.745,0,24576,9088131072,22950531072,2169262080,30064451584
52,5.433,1.742,0,28672,9153130496,22885523456,2169262080,30064459776
53,3.317,1.658,0,0,9190391808,22848241664,2169262080,30064480256
54,3.285,2.037,0,12288,9227214848,22811410432,2169262080,30064488448
55,3.087,1.585,0,0,9259343872,22779281408,2169262080,30064488448
56,3.202,0.832,0,155648,9289531392,22749093888,2169262080,30064488448
57,3.948,1.787,0,0,9317789696,22720831488,2169262080,30064492544
58,3.774,1.659,0,98304,9337827328,22700793856,2169266176,30064488448
59,4.252,2.876,0,6082560,8917909504,23108325376,2169286656,30076702720
60,4.494,2.497,0,2252800,8922345472,23018426368,2169298944,30162104320
61,5.029,1.704,0,16384,8922206208,22871183360,2169298944,30309486592
62,4.883,2.922,0,32768,8920891392,22706765824,2169298944,30475218944
63,5.239,3.119,0,774144,8922148864,22521266176,2169298944,30659461120
64,3.886,2.522,19922944,68702208,8897560576,22485086208,2169315328,30720212992
65,3.567,1.576,0,49324032,8896892928,22458101760,2169344000,30747832320
66,1.085,0.918,0,0,8902926336,22452068352,2169344000,30747832320
67,0.458,1.248,0,0,8902332416,22452662272,2169344000,30747832320
68,0.333,1.459,0,12288,8902676480,22452318208,2169344000,30747832320
69,0.541,1.374,0,0,8903245824,22451744768,2169344000,30747836416
70,0.376,0.835,12288,243826688,8904216576,22450728960,2169364480,30747860992
71,0.542,1.125,0,68542464,8902148096,22452789248,2169368576,30747860992
72,0.626,1.46,0,573440,8902242304,22452695040,2169368576,30747860992
73,0.417,1.208,0,0,8900640768,22454292480,2169368576,30747865088
74,0.624,1.498,0,12288,8900751360,22454181888,2169368576,30747865088
75,2.168,0.25,0,757760,8925368320,22429265920,2169393152,30748065792
76,4.645,2.572,0,31027200,8881348608,22479753216,2169393152,30747987968
77,4.689,3.61,16384,5832704,8267587584,23097143296,2169401344,30747869184
78,2.421,2.421,0,1531904,8166174720,23202340864,2169401344,30747541504
79,3.628,4.045,0,3158016,8167485440,23660982272,2169409536,30293823488
80,4.736,1.87,0,487424,8170426368,23630622720,2169409536,30321197056
81,9.679,6.508,0,36966400,8330944512,23468879872,2169430016,30321696768
82,16.364,4.174,7716864,32006144,8431091712,23334199296,2169442304,30352416768
83,13.583,4.667,8192,121749504,8468705280,23121973248,2169491456,30525038592
84,23.285,3.659,8192,68001792,8675909632,22902697984,2169524224,30534860800
85,34.826,2.156,0,192512,8817606656,22786924544,2169524224,30507540480
86,41.632,2.858,0,2109440,8973742080,22628925440,2169524224,30507585536
87,8.344,1.494,0,249856,8965763072,22635560960,2169524224,30507626496
88,0.792,1.583,0,536576,8965992448,22635266048,2169528320,30507630592
89,3.992,1.081,0,0,9006440448,22593748992,2169528320,30507679744
90,5.599,1.078,0,16384,9041141760,22557540352,2169528320,30507687936
91,5.877,1.792,0,16384,9121886208,22476795904,2169528320,30507687936
92,4.525,1.66,0,32768,9149661184,22449016832,2169528320,30507692032
93,3.246,1.914,0,212992,9181069312,22417604608,2169532416,30507692032
94,3.653,1.287,0,16384,9212461056,22386212864,2169532416,30507692032
95,3.365,1.039,0,0,9246330880,22352343040,2169532416,30507692032
96,3.378,1.835,0,524288,9277386752,22321287168,2169532416,30507692032
97,3.983,2.033,0,0,9304457216,22294216704,2169532416,30507692032
98,3.698,1.537,0,0,9316720640,22281949184,2169532416,30507696128
99,4.377,1.959,0,1294336,8889999360,22668009472,2169548800,30548262912
100,4.221,2.466,0,856064,8887574528,22589689856,2169565184,30629658624
101,5.081,2.541,0,16384,8885551104,22435565568,2169565184,30785806336
102,5.112,2.909,0,32768,8888184832,22252736512,2169565184,30966001664
103,4.182,2.3,0,831488,8854437888,22148190208,2169573376,31104286720
104,3.467,1.754,0,1748992,8837025792,22119673856,2169606144,31150182400
105,2.042,1.708,0,0,8850493440,22088732672,2169606144,31167655936
106,0.375,1.209,0,0,8851021824,22088204288,2169606144,31167655936
107,0.334,1.418,0,0,8851931136,22087294976,2169606144,31167655936
108,0.375,1.126,0,0,8852541440,22086684672,2169606144,31167655936
109,0.251,0.459,4096,112132096,8851533824,22087692288,2169614336,31167647744
110,0.375,1.377,0,3313664,8851255296,22087946240,2169618432,31167668224
111,0.542,1.417,0,16384,8848465920,22090735616,2169618432,31167668224
112,0.459,1.336,0,32768,8846684160,22092517376,2169618432,31167668224
113,0.625,0.75,0,12288,8847179776,22092021760,2169618432,31167668224
114,0.5,0.834,4096,21676032,8846987264,22092201984,2169622528,31167676416
115,1.667,1.917,0,266166272,8838103040,22101901312,2169622528,31167635456
116,4.663,3.039,16384,55296000,8260775936,22685065216,2169647104,31167590400
117,3.424,3.257,0,4632576,8161067008,22789472256,2169667584,31167574016
118,4.326,3.369,0,2867200,8155435008,23248437248,2169683968,30716932096
119,3.98,3.027,0,0,8154263552,23222231040,2169683968,30744305664
120,7.363,4.451,0,36392960,8227430400,23148253184,2169741312,30744559616
121,12.942,6.575,180224,31289344,8391483392,22950617088,2169757696,30774620160
122,15.021,3.112,7540736,60813312,8443510784,22790225920,2169765888,30880595968
123,17.433,3.768,0,130228224,8664395776,22490767360,2169876480,30958026752
124,31.679,3.722,4096,1105920,8717455360,22463803392,2169901056,30930894848
125,38.843,2.975,0,1634304,8939941888,22238650368,2169901056,30930935808
126,31.359,2.237,0,266240,9034211328,22142054400,2169901056,30931034112
127,4.956,1.541,0,0,9079230464,22095593472,2169901056,30931050496
128,5.588,1.49,0,1183744,8923803648,22250188800,2169901056,30931271680
129,4.127,2.418,0,667648,8915759104,22186831872,2169905152,31002669056
130,4.902,3.49,0,249856,8938819584,22091177984,2169913344,31076020224
131,4.954,2.789,0,20480,8905129984,21991505920,2169913344,31209381888
132,4.96,2.835,0,753664,8904880128,21813714944,2169917440,31387402240
133,4.645,2.115,0,737280,8877326336,21700653056,2169942016,31527993344
134,4.184,2.61,0,1646592,8862801920,21669318656,2169962496,31573839872
135,2.082,1.666,0,0,8879263744,21635383296,2169962496,31591313408
136,0.376,1.336,0,0,8877555712,21637091328,2169962496,31591313408
137,0.418,0.668,0,770048,8878702592,21635936256,2169966592,31591317504
138,0.623,0.998,0,0,8878297088,21636341760,2169966592,31591317504
139,0.334,1.419,0,4096,8879476736,21635162112,2169966592,31591317504
140,0.375,1.168,0,16384,8879267840,21635325952,2169966592,31591329792
141,0.334,1.418,0,16384,8880029696,21634564096,2169966592,31591329792
142,0.501,0.334,0,167936,8881070080,21633503232,2169966592,31591333888
143,0.416,1.041,0,0,8880349184,21634224128,2169966592,31591333888
144,0.417,1.293,0,16384,8880410624,21634162688,2169966592,31591333888
145,2.407,2.158,0,151552,8875077632,21640056832,2169966592,31591276544
146,0.585,1.505,8192,258232320,8874754048,21645770752,2169974784,31591292928
147,2.705,0.832,20480,197259264,8847007744,21673623552,2169995264,31591034880
148,4.486,3.606,0,5681152,8249614336,22274760704,2170007552,31590825984
149,0.793,1.42,0,1425408,8247791616,22277672960,2170007552,31590793216
150,0.5,1.416,0,16384,8247574528,22277890048,2170007552,31590793216
151,0.251,1.127,0,20480,8246890496,22278537216,2170007552,31590797312
152,2.46,1.668,0,2555904,8156622848,22792400896,2170028032,31168684032
153,22.478,14.399,0,577536,8262901760,22551883776,2170028032,31304212480
154,13.375,4.083,0,109842432,8313729024,22445850624,2170028032,31359315968
155,6.8,4.339,0,125419520,8314097664,22445199360,2170118144,31359500288
156,9.441,6.087,0,9269248,8318648320,22439370752,2170179584,31360438272
157,7.982,4.137,0,2650112,8374673408,22383243264,2170187776,31360532480
158,28.815,21.483,0,29233152,8998748160,21753057280,2170241024,31361437696
159,27.173,13.226,7077888,115380224,9321263104,21289803776,2170265600,31492067328
160,36.436,7.54,8355840,105447424,9341022208,21189046272,2170286080,31566626816
161,41.152,8.598,24576,224919552,9794486272,20384997376,2170310656,31911706624
162,45.025,11.509,3260416,181944320,9904381952,20021821440,2170335232,32158203904
163,32.523,5.7,602112,253878272,9980162048,19880312832,2170363904,32218337280
164,70.284,20.899,5287936,125198336,10474532864,18691764224,2170376192,32906264576
165,79.32,12.081,12832768,115388416,10849005568,18778988544,2170400768,32440680448
166,80.203,11.742,8941568,96456704,11462737920,18051317760,2170437632,32548425728
167,81.072,13.313,8192,115851264,11861045248,17457426432,2170470400,32738070528
168,84.512,12.963,32768,121561088,12405645312,16900210688,2170519552,32745312256
169,84.467,8.732,12091392,108888064,12562604032,16635314176,2170535936,32847638528
170,84.414,10.025,3334144,113446912,12874801152,16322347008,2170580992,32845246464
171,83.305,12.722,8192,27660288,13160583168,15968284672,2170662912,32906182656
172,88.3,9.217,4096,99868672,13549355008,15467548672,2170675200,33011367936
173,88.655,8.824,8192,3788800,13810044928,15357546496,2170724352,32852328448
174,92.517,5.936,0,806912,14153261056,15005032448,2170740736,32852496384
175,93.999,5.12,0,647168,14508113920,14644535296,2170744832,32852701184
176,93.397,5.683,0,0,14841880576,14303936512,2170744832,32852856832
177,93.815,5.516,0,901120,15133237248,14006435840,2170753024,32853004288
178,93.981,5.064,0,638976,15187247104,13938429952,2170761216,32862969856
179,93.158,6.174,0,1474560,14700388352,14350340096,2170773504,32935047168
180,93.708,4.782,0,950272,14678667264,14342098944,2170777600,32962670592
181,87.789,4.589,0,1904640,14864039936,14127620096,2170818560,32990289920
182,73.252,4.395,0,3702784,14842474496,14147276800,2170916864,32990683136
183,30.417,3.417,0,4358144,14916747264,14018420736,2171006976,33044606976
184,13.497,3.862,0,4001792,14877868032,13988642816,2171125760,33112555520
185,14.658,5.176,20480,3076096,14400303104,14270074880,2171183104,33308684288
186,8.966,4.4,20480,1056768,14381342720,14015897600,2171232256,33581723648
187,9.098,4.612,0,991232,14385291264,13753999360,2171265024,33839599616
188,8.493,2.789,0,1753088,14342840320,13545246720,2171285504,34087915520
189,6.343,3.275,0,0,14335287296,13385789440,2171285504,34252414976
190,7.152,4.449,4096,93667328,14291021824,13375975424,2171330560,34312101888
191,3.076,2.411,4096,242216960,14275878912,13391888384,2171342848,34312740864
192,4.248,3.249,8192,241025024,14267822080,13417041920,2171351040,34312925184
193,1.213,1.004,4096,223416320,14265024512,13425442816,2171355136,34312933376
194,1.542,1.792,0,252010496,14267985920,13422632960,2171355136,34312749056
195,21.635,9.753,81920,12849152,10823217152,16848003072,2171404288,34338557952
196,4.695,3.68,0,32329728,10652467200,17032454144,2171424768,34336829440
197,12.105,13.686,0,13299712,10626748416,17066192896,2171457536,34336927744
198,11.265,7.37,0,20865024,10588622848,18124414976,2171539456,33341390848
199,8.8,5.221,16384,10809344,9834459136,19100217344,2171580416,33134100480
200,5.121,3.414,16384,7155712,9194618880,19745783808,2171600896,33133752320
201,3.68,3.262,0,3108864,9014161408,19929255936,2171600896,33133191168
202,7.288,4.803,0,6234112,9016004608,20628340736,2171633664,32441348096
203,10.548,4.153,0,18239488,9024446464,20537622528,2171637760,32523476992
204,11.454,6.581,0,81981440,9150095360,20410839040,2171768832,32524120064
205,27.773,14.676,3473408,76034048,9505861632,19948253184,2171842560,32623828992
206,29.569,9.306,8732672,144105472,9776103424,19567665152,2171891712,32728678400
207,41.404,7.734,7487488,120074240,9685106688,19455717376,2171965440,32932356096
208,60.941,9.534,3485696,165842944,9745444864,19169488896,2172002304,33156476928
209,65.136,7.483,8192,141746176,9979277312,18725023744,2172043264,33367220224
210,75.201,12.125,16384,45158400,10117197824,18815819776,2172108800,33137012736
211,83.679,7.061,4096,6209536,10227200000,19213139968,2172162048,32632074240
212,82.063,6.4,0,45056,10477117440,18960334848,2172162048,32632000512
213,58.33,5.413,0,782336,10687627264,18716360704,2172182528,32659447808
214,57.041,5.323,0,37568512,10844725248,18555473920,2172280832,32659783680
215,29.239,9.592,0,3620864,11091255296,18263007232,2172297216,32699822080
216,25.835,5.467,7716864,103227392,11113537536,18144149504,2172313600,32789364736
217,29.07,6.563,0,83132416,10929532928,18164834304,2172420096,32949604352
218,15.938,3.829,32768,66879488,11000942592,18113372160,2172502016,32928403456
219,28.571,2.011,0,0,11141525504,17969766400,2172506112,32928423936
220,41.108,2.582,0,20480,11304701952,17805443072,2172510208,32928460800
221,26.087,2.609,0,872448,11362201600,17745043456,2172575744,32928632832
222,6.669,2.071,0,233472,11405410304,17701003264,2172575744,32928645120
223,4.455,2.123,0,1163264,11230322688,17870897152,2172747776,32933662720
224,4.337,2.252,0,794624,11201708032,17832734720,2172768256,33000370176
225,5.843,3.15,0,106496,11219640320,17733890048,2172772352,33082707968
226,5.47,2.818,0,0,11197247488,17604337664,2172772352,33234817024
227,6.944,3.451,0,151552,11188989952,17425559552,2172772352,33422831616
228,4.285,2.621,0,228306944,11145957376,17373478912,2172772352,33525628928
229,2.087,1.962,4096,219697152,11144224768,17382871040,2172776448,33525628928
230,14.274,7.537,49152,8945664,9280475136,19219410944,2172923904,33560477696
231,10.121,5.939,0,75427840,9165701120,19315019776,2172968960,33587666944
232,4.676,2.612,0,7045120,9047306240,19786055680,2173009920,33243127808
233,1.668,1.835,0,684032,8947855360,20025888768,2173009920,33105674240
234,2.748,2.706,0,4079616,8917377024,20302012416,2173034496,32864968704
235,0.5,1.542,0,0,8916017152,20303372288,2173034496,32864968704
236,0.5,1.25,0,0,8916127744,20303167488,2173034496,32864980992
237,0.251,0.459,0,0,8915288064,20304007168,2173034496,32864980992
238,0.541,1.374,0,0,8914739200,20304547840,2173034496,32864989184
239,0.417,1.377,0,180224,8915828736,20303454208,2173038592,32864989184
240,0.459,1.293,0,20480,8915484672,20303798272,2173038592,32864989184
241,0.584,0.876,0,24576,8917442560,20301840384,2173038592,32864989184
242,4.881,2.962,16384,3547136,8472604672,20753666048,2173046784,32864563200
243,3.995,3.329,0,5001216,8281210880,20949045248,2173059072,32864526336
244,0.585,1.713,0,1454080,8280170496,20950949888,2173063168,32864526336
245,0.917,1.459,0,561152,8274739200,20957261824,2173063168,32864526336
246,0.501,0.334,0,20480,8192671744,21039513600,2173063168,32864301056
247,9.106,7.069,0,3002368,8273444864,21412290560,2173063168,32413929472
248,24.571,11.051,0,913408,8321777664,21144883200,2173063168,32632827904
249,3.204,2.247,4096,202043392,8341872640,21124747264,2173067264,32632852480
250,12.814,8.626,0,36093952,8474165248,20991164416,2173153280,32633495552
251,18.029,8.008,2768896,97542144,8814714880,20545585152,2173202432,32733040640
252,14.798,3.126,4947968,6643712,8938123264,20418600960,2173214720,32735842304
253,27.608,7.667,0,20406272,8991698944,20356812800,2173272064,32741408768
254,39.047,7.232,7622656,112070656,9241309184,19910447104,2173292544,32934031360
255,43.198,8.665,118784,139583488,9500155904,19503984640,2173296640,33078333440
256,51.762,6.166,7704576,124878848,9763815424,19225296896,2173325312,33090854912
257,60.128,17.362,12288,28229632,9949044736,19032625152,2173435904,33092997120
258,50.845,10.27,2281472,114810880,10273898496,18595954688,2173566976,33199140864
259,45.937,10.905,5439488,113586176,10650439680,18103750656,2173652992,33306677248
260,67.562,17.008,4096,110034944,11145957376,17496436736,2173734912,33413005312
261,68.43,17.534,3993600,89751552,11615518720,16903688192,2173911040,33526890496
262,53.898,6.271,3649536,143790080,11657625600,16762671104,2174005248,33616338944
263,72.234,10.598,7831552,114561024,11849572352,16452485120,2174218240,33725591552
264,81.884,9.843,3231744,147722240,12241813504,15860244480,2174459904,33914830848
265,85.334,8.453,4431872,163119104,12564955136,15414976512,2174619648,34030067712
266,86.591,10.677,69632,182874112,12965822464,14682132480,2174795776,34353504256
267,84.812,13.347,7716864,23580672,13497511936,14257307648,2175025152,34243444736
268,84.024,10.778,4096,114302976,13603807232,14012006400,2175098880,34376806400
269,87.061,9.049,0,7102464,13736587264,14047326208,2175193088,34208116736
270,89.739,6.812,0,2822144,14062718976,13769101312,2175275008,34153902080
271,87.906,7.122,0,0,14424879104,13397745664,2175373312,34153893888
272,92.34,5.065,4096,372736,14748942336,13067722752,2175401984,34154000384
273,90.512,6.087,0,1052672,14864764928,12947079168,2175524864,34154078208
274,92.224,4.96,0,4632576,15023165440,12756697088,2175758336,34181726208
275,92.614,4.826,0,4943872,15235416064,12537929728,2175959040,34182258688
276,83.963,5.542,344064,2097152,15173689344,12593168384,2176049152,34182717440
277,45.017,4.774,344064,4091904,15135293440,12574453760,2176204800,34237730816
278,11.833,2.027,12288,6721536,14913777664,12767227904,2176335872,34265796608
279,11.597,1.674,348160,6107136,14907289600,12772552704,2176471040,34266472448
280,17.856,2.887,692224,75886592,14971039744,12714070016,2176532480,34266931200
281,17.615,3.905,16384,75026432,14197858304,13459578880,2176565248,34293772288
282,17.375,5.833,0,36675584,14143008768,13520596992,2176622592,34293141504
283,12.817,1.789,0,5705728,14183206912,13723127808,2176663552,34053021696
284,11.915,3.328,0,4063232,13968220160,13936578560,2176737280,34054234112
285,9.322,3.662,4096,78024704,13956390912,13884186624,2176778240,34124611584
286,12.993,6.019,16384,34643968,13304799232,14472441856,2176815104,34189635584
287,10.349,5.237,0,146071552,13287280640,14305193984,2176856064,34376601600
288,11.669,4.893,4096,100507648,13277220864,14367948800,2176876544,34339696640
289,19.034,7.479,16384,67178496,12096876544,15482355712,2176901120,34412965888
290,12.71,6.734,32768,53542912,11276615680,16286916608,2176946176,34438381568
291,11.375,3.833,0,36069376,11262570496,16522395648,2176978944,34225418240
292,7.235,2.287,0,4612096,11260395520,16531079168,2177019904,34224926720
293,8.375,4.703,16384,6721536,10430324736,17364836352,2177089536,34224140288
294,8.16,3.955,16384,12447744,10370666496,17920270336,2177167360,33743839232
295,8.34,3.195,0,5353472,10273759232,18265137152,2177212416,33502621696
296,3.98,1.451,0,1224704,10275729408,18262683648,2177228800,33502781440
297,4.241,1.04,0,1150976,10273955840,18264240128,2177261568,33502949376
298,5.834,1.89,0,196608,10279002112,18259079168,2177261568,33502982144
299,4.355,2.489,0,4816896,9820893184,18712481792,2177261568,33507868672
300,4.182,2.426,0,737280,9797730304,18669371392,2177261568,33574010880
301,5.818,3.098,0,372736,9819672576,18577547264,2177261568,33644634112
302,7.3,3.152,0,189190144,9782988800,18438873088,2177282048,33825054720
303,8.368,4.205,24576,129019904,9139613696,18902622208,2177290240,34006654976
304,5.437,3.513,4734976,82354176,9130868736,18789273600,2177302528,34129739776
305,3.867,2.121,0,2183168,9103179776,18778828800,2177318912,34166808576
306,0.875,0.541,0,0,9106067456,18775986176,2177318912,34166812672
307,0.543,1.421,0,36864,9024868352,18857213952,2177318912,34166816768
308,2.548,2.882,0,67674112,9017679872,19294736384,2177331200,33744244736
309,5.129,3.652,0,0,8997105664,19321004032,2177331200,33739137024
310,5.322,2.827,0,32288768,9016840192,19295387648,2177339392,33744441344
311,10.749,7.026,0,30703616,9065938944,19171942400,2177380352,33814085632
312,19.14,5.209,8011776,86908928,9355382784,18738155520,2177404928,33952079872
313,14.645,3.795,114688,104411136,9469976576,18652151808,2177437696,33925242880
314,18.771,2.805,0,9367552,9590296576,18525179904,2177458176,33929613312
315,28.542,2.576,0,0,9741737984,18372071424,2177458176,33929625600
316,43.852,3.525,0,4026368,9860206592,18258378752,2177462272,33929347072
317,30.017,4.45,16384,6283264,9256153088,18865483776,2177470464,33929146368
318,5.685,1.826,0,3321856,9279074304,18843308032,2177523712,33929281536
319,3.45,1.372,0,4673536,9279643648,18842230784,2177646592,33929535488
320,7.654,1.373,360448,1765376,9309466624,18811920384,2177699840,33929756672
321,11.665,2.698,0,5369856,9272352768,19281543168,2177744896,33505431552
322,34.18,18.17,0,1863680,9336066048,18985074688,2177761280,33734742016
323,25.365,4.839,4096,82468864,9526341632,18746097664,2177777664,33778905088
324,2.626,2.501,0,228638720,9532493824,18739908608,2177785856,33778917376
325,10.259,5.505,0,16576512,9552216064,18718560256,2177884160,33779781632
326,25.336,10.445,0,22089728,9718784000,18550177792,2177994752,33780563968
327,26.928,17.597,0,25526272,9878364160,18384990208,2178052096,33781927936
328,33.601,12.511,4096,135622656,10312695808,17762238464,2178088960,33959366656
329,32.522,11.12,0,158547968,10276786176,17682919424,2178166784,34065522688
330,62.259,18.271,2482176,178860032,10613821440,16891613184,2178236416,34504638464
331,54.45,8.984,9670656,130187264,10857979904,16789872640,2178244608,34362937344
332,64.683,14.195,14188544,23318528,11325620224,16206249984,2178355200,34473218048
333,68.174,14.201,8855552,140443648,11749302272,15562788864,2178383872,34681364480
334,83.99,7.2,81920,192950272,11727011840,15577899008,2178469888,34685370368
335,79.881,11.139,110592,183144448,12199501824,14753300480,2178764800,35022331904
336,86.379,9.137,90112,174858240,12592029696,14233493504,2178891776,35143794688
337,83.041,14.954,8294400,89964544,13130985472,13443072000,2178953216,35392532480
338,87.626,10.943,13275136,86339584,13549649920,13226897408,2179022848,35189231616
339,82.02,16.597,4812800,11378688,13680660480,13073522688,2179178496,35210072064
340,82.746,14.022,28672,79540224,14181076992,12424773632,2179522560,35346792448
341,74.79,12.563,2265088,166084608,14643499008,11811192832,2179571712,35485642752
342,86.588,9.954,8847360,133099520,14861979648,11400126464,2179727360,35670650880
343,85.816,11.7,4853760,175828992,15220830208,10917945344,2179903488,35786043392
344,89.908,8.757,10735616,127508480,15454044160,10547294208,2179952640,35919187968
345,91.772,7.557,4198400,168079360,15598272512,10201288704,2180104192,36114853888
346,85.251,10.282,4370432,198553600,15993741312,9690451968,2180153344,36222672896
347,78.827,12.147,12288,110383104,16230461440,9237729280,2180255744,36435300352
348,80.127,16.371,16384,60846080,16652541952,8998363136,2180329472,36250935296
349,87.869,10.22,0,5365760,16888909824,8744943616,2180337664,36262305792
350,90.468,8.309,0,1114112,17107337216,8459964416,2180341760,36318732288
351,90.313,8.601,0,1212416,17482293248,8017313792,2180345856,36375937024
352,92.51,6.736,0,2273280,17858093056,7577071616,2180448256,36430741504
353,92.346,7.11,1146880,1302528,18221498368,7189311488,2180526080,36446486528
354,92.86,6.054,540672,3530752,18468851712,6910976000,2180669440,36468891648
355,92.501,6.284,0,6905856,18701774848,6643277824,2180907008,36494831616
356,90.394,6.502,655360,2326528,19022909440,6312218624,2180935680,36497301504
357,88.828,6.492,0,1273856,18867093504,6462574592,2180976640,36497408000
358,89.553,6.992,851968,3555328,19174936576,6096191488,2181042176,36552544256
359,89.617,4.54,524288,6852608,19133775872,6107734016,2181222400,36580179968
360,77.413,5.394,118784,6815744,18996371456,6214455296,2181402624,36608471040
361,61.963,4.718,790528,7417856,18802974720,6376783872,2181603328,36637130752
362,25.711,3.595,53248,8089600,18671755264,6477721600,2181734400,36665638912
363,24.159,4.525,1146880,5885952,18232909824,6877208576,2181791744,36703797248
364,16.089,2.847,524288,4059136,17756745728,7305707520,2181869568,36749324288
365,10.963,1.786,0,1806336,17803415552,7230894080,2181885952,36776423424
366,8.669,3.069,0,720896,17516589056,7489814528,2181890048,36803440640
367,6.377,2.526,0,199045120,17508782080,7504191488,2181898240,36803543040
368,3.371,1.998,4096,258473984,17512022016,7501705216,2181902336,36802764800
369,11.102,5.447,0,100298752,16824545280,8202842112,2181926912,36801761280
370,10.564,7.594,49152,11288576,15536025600,9505406976,2181935104,36800499712
371,11.532,6.86,0,12984320,15227613184,9827704832,2182008832,36799111168
372,13.151,8.992,16384,34369536,14044434432,11459063808,2182053888,36374233088
373,16.017,8.176,16384,21069824,13269057536,12468563968,2182107136,36159021056
374,16.38,9.761,32768,41807872,12390952960,13604519936,2182189056,35917979648
375,18.212,9.444,0,48242688,11930492928,14308417536,2182250496,35697831936
376,22.83,13.168,16384,29528064,10496466944,16191574016,2182303744,35279065088
377,12.221,10.072,49152,68661248,9746542592,16851566592,2182348800,35373727744
378,19.966,7.833,0,60420096,9531637760,17079656448,2182381568,35374956544
379,26.933,9.118,16384,136269824,8932777984,17821224960,2182402048,35239485440
380,30.076,13.748,4096,56246272,9220304896,17930141696,2182479872,34858733568
381,32.683,8.744,8814592,40976384,9150615552,18013212672,2182537216,34843688960
382,30.204,6.44,0,163004416,9334366208,17599987712,2182557696,35065159680
383,45.497,12.15,8814592,96878592,9610117120,17693413376,2182602752,34707218432
384,63.753,15.65,4014080,100794368,9804541952,17791913984,2182656000,34418774016
385,72.411,14.007,4800512,85000192,10075009024,17466114048,2182684672,34467463168
386,63.976,12.277,0,157577216,10508398592,16860065792,2182729728,34630463488
387,61.043,11.864,0,63123456,10736238592,16625000448,2182803456,34636673024
388,69.471,14.902,2310144,57020416,11102400512,16249745408,2182905856,34640019456
389,66.383,17.106,6504448,54788096,11390357504,15774425088,2183077888,34815782912
390,69.903,12.802,0,159932416,11663372288,15437385728,2183184384,34872336384
391,72.889,16.047,4096,130052096,11962728448,14906814464,2183303168,35090444288
392,71.947,15.115,0,133414912,12427395072,14193201152,2183483392,35326021632
393,74.131,14.377,6356992,132055040,12828762112,13636665344,2183753728,35469025280
394,81.128,12.553,4472832,179625984,13037514752,13306245120,2183897088,35581288448
395,86.973,9.486,3112960,195338240,13387173888,12833411072,2184101888,35696922624
396,89.147,7.644,3473408,192323584,13850730496,12190023680,2184232960,35866218496
397,84.895,11.548,15269888,83853312,14275780608,11660980224,2184417280,35965550592
398,82.68,12.684,4644864,158109696,14780796928,10843480064,2184601600,36269895680
399,71.768,8.733,6406144,130953216,15000055808,10606567424,2184765440,36284010496
400,79.161,14.423,13664256,39755776,15563829248,10027782144,2184953856,36296835072
401,87.372,6.93,4370432,101122048,15784681472,9797279744,2185031680,36303065088
402,79.132,17.664,2461696,58163200,16167858176,9395503104,2185244672,36315701248
403,86.235,10.928,6356992,103690240,16499531776,8980017152,2185441280,36393152512
404,85.346,11.782,4096,67162112,16821088256,8677015552,2185613312,36369162240
405,87.312,10.553,4096,116310016,17021337600,8451805184,2185789440,36388646912
406,87.878,10.99,1179648,8613888,17231011840,8339472384,2186002432,36290756608
407,90.058,8.981,0,3452928,17655373824,7935614976,2186047488,36263448576
408,89.95,9.425,65536,995328,17551405056,7975542784,2186162176,36318502912
409,94.311,5.565,0,643072,17967378432,7553732608,2186178560,36318502912
410,93.766,6.109,0,1155072,18260951040,7252185088,2186260480,36318588928
411,93.786,5.838,0,1564672,18518454272,6987857920,2186342400,36318961664
412,93.447,6.01,0,1679360,18728673280,6770941952,2186493952,36319076352
413,94.059,5.272,0,1060864,19017789440,6473682944,2186551296,36319363072
414,93.369,5.088,327680,1204224,19324723200,6160801792,2186555392,36319457280
415,89.595,6.519,327680,1171456,19301789696,6172430336,2186579968,36329390080
416,90.778,5.457,327680,2613248,19284275200,6160834560,2186657792,36356554752
417,76.196,5.332,233472,7311360,19464945664,5960097792,2186833920,36374110208
418,37.563,3.798,110592,8183808,18938830848,6454751232,2187059200,36403576832
419,13.3,3.283,659456,7110656,18976002048,6389420032,2187255808,36430852096
420,17.755,4.99,655360,106725376,18734931968,6614069248,2187288576,36458557440
421,15.757,3.816,0,103022592,17908912128,7412322304,2187329536,36485640192
422,21.079,8.179,360448,91545600,16674766848,8595066880,2187358208,36540153856
423,10.467,3.503,0,4648960,16413511680,8834539520,2187362304,36567597056
424,4.277,2.616,0,31346688,16319225856,9150644224,2187374592,36353490944
425,6.617,3.763,0,1462272,16235659264,9234403328,2187374592,36352913408
426,9.004,5.461,0,41107456,16237334528,9453146112,2187419648,36139577344
427,19.345,11.582,0,10465280,16066752512,9629995008,2187452416,36139085824
428,27.143,8.487,20480,124403712,15782510592,9828990976,2187476992,36227850240
429,17.296,4.786,2326528,124416000,15471726592,10023038976,2187489280,36344733696
430,31.971,11.154,6504448,19709952,15179894784,10330120192,2187591680,36344459264
431,41.474,12.554,32768,25509888,14231961600,11498536960,2187644928,36137472000
432,46.417,9.992,0,10199040,14362116096,11381161984,2187694080,36136796160
433,56.134,13.087,32768,46731264,13609623552,12343226368,2187796480,35947757568
434,25.951,10.74,0,80568320,12381028352,13806358528,2187837440,35727511552
435,26.091,10.565,8847360,93716480,11285561344,14749081600,2187857920,35887812608
436,17.891,6.932,16384,93650944,11072360448,14966013952,2187882496,35888627712
437,22.134,6.36,0,17141760,10969174016,15098114048,2187923456,35866124288
438,30.737,9.474,0,36675584,10913509376,15567380480,2187960320,35467296768
439,50.991,14.256,0,28717056,11250159616,15950618624,2188001280,34772381696
440,52.906,18.201,0,20852736,11255308288,16263847936,2188070912,34460069888
441,63.131,15.997,0,92352512,11643113472,15590273024,2188111872,34734243840
442,44.145,9.899,2473984,152305664,11779584000,15313502208,2188128256,34868183040
443,37.896,7.972,4292608,191737856,12069974016,14881718272,2188148736,34999595008
444,32.179,4.967,6045696,175910912,12178538496,14759272448,2188152832,35010723840
445,46.776,7.922,9158656,55820288,12395966464,14253613056,2188185600,35291750400
446,63.503,10.29,4472832,112779264,12731580416,14050557952,2188201984,35159093248
447,72.474,14.64,0,40857600,13104259072,13686394880,2188296192,35146448896
448,78.596,15.106,327680,15413248,13483831296,13299384320,2188333056,35147800576
449,78.502,17.562,0,128745472,14171742208,12421992448,2188337152,35324784640
450,81.83,12.41,3850240,161062912,14518243328,11837022208,2188349440,35553153024
451,84.901,10.797,13058048,42651648,14558871552,11825770496,2188390400,35519201280
452,84.911,9.129,3391488,144969728,14766284800,11427065856,2188414976,35703508992
453,83.284,11.088,5079040,125796352,14949740544,11262316544,2188455936,35677986816
454,88.116,8.723,7733248,133988352,15294533632,10743267328,2188484608,35842023424
455,78.354,8.565,1032192,184066048,15718547456,10218835968,2188517376,35936333824
456,78.819,15.823,0,16039936,16147152896,9775910912,2188587008,35948421120
457,84.878,8.214,524288,4243456,16384811008,9586802688,2188595200,35894853632
458,88.805,6.583,0,4206592,16675069952,9319395328,2188599296,35867021312
459,89.692,6.717,0,339968,17011970048,8977174528,2188599296,35867070464
460,92.752,5.32,0,2818048,17304158208,8678305792,2188656640,35867475968
461,90.818,6.499,0,6258688,17640087552,8337125376,2188795904,35867959296
462,90.172,5.754,0,4116480,17901256704,8071905280,2188836864,35868438528
463,87.394,6.303,327680,12107776,18155335680,7818698752,2188910592,35868786688
464,78.847,7.842,163840,9879552,17764360192,8206524416,2189000704,35869003776
465,61.701,6.433,180224,12296192,17805516800,8167047168,2189168640,35869302784
466,30.525,6.047,0,13316096,17372389376,8817614848,2189328384,35657547776
467,21.651,2.198,0,10289152,17407246336,8781807616,2189463552,35657809920
468,30.067,3.545,851968,9084928,17201590272,8983494656,2189574144,35660812288
469,32.499,6.008,0,7958528,17075769344,9012420608,2189639680,35755036672
470,37.08,4.645,0,6983680,17231966208,8807931904,2189750272,35800477696
471,28.833,5.442,0,6918144,17340612608,8550653952,2189864960,35945684992
472,25.083,5.248,0,6443008,16921337856,8733474816,2189983744,36177981440
473,18.223,3.653,0,6774784,17045454848,8469794816,2190090240,36314218496
474,19.135,4.326,327680,6287360,17123586048,8343093248,2190258176,36360986624
475,14.589,2.876,0,7213056,17206218752,8242905088,2190348288,36377182208
476,15.496,2.727,0,5570560,17286619136,8160985088,2190438400,36378238976
477,8.886,2.837,0,120311808,17308684288,8145580032,2190462976,36377747456
478,0.958,1.208,0,225341440,17305886720,8149626880,2190467072,36376489984
479,2.672,1.921,0,204410880,17310494720,8144986112,2190471168,36376502272
480,24.256,7.289,16384,15380480,16298061824,9165389824,2190544896,36376391680
481,17.186,6.15,16384,12083200,16028323840,9444683776,2190602240,36375035904
482,16.479,4.245,0,11972608,16018964480,9703641088,2190700544,36134481920
483,16.984,4.018,0,11300864,16035700736,9691119616,2190786560,36138123264
484,14.542,4.43,32768,13541376,15407726592,10322624512,2190852096,36137046016
485,20.278,4.88,0,11399168,15310618624,10424307712,2190897152,36137005056
486,20.47,6.25,0,15515648,14743097344,11466608640,2190983168,35680493568
487,19.533,4.633,16384,13697024,14539411456,11703808000,2191069184,35653058560
488,14.493,3.892,0,9408512,14498619392,11747360768,2191183872,35651137536
489,21.71,6.932,0,10620928,14523523072,12096061440,2191290368,35283976192
490,22.153,4.058,16384,42336256,14587781120,12030808064,2191364096,35284627456
491,14.617,5.714,0,65003520,14606159872,12012290048,2191429632,35284307968
492,29.087,15.117,0,26107904,14827216896,11776950272,2191454208,35295997952
493,15.346,5.338,32768,31944704,14904717312,11674255360,2191458304,35316256768
494,13.894,4.742,4308992,78143488,14917853184,11584757760,2191462400,35388780544
495,34.832,9.916,4702208,158298112,15326855168,10963009536,2191486976,35593330688
496,29.841,7.125,7815168,164954112,15501910016,10567598080,2191519744,35807375360
497,62.013,12.677,9601024,55087104,15767969792,10367512576,2191568896,35739275264
498,63.104,10.008,442368,117833728,16009326592,9996898304,2191589376,35861823488
499,74.724,10.068,0,87736320,16363008000,9523781632,2191630336,35977457664
500,74.263,7.245,16384,5378048,16549810176,9465139200,2191683584,35846991872
501,67.424,5.471,32768,6221824,16300232704,9710026752,2191753216,35847856128
502,77.407,5.52,0,6332416,16511848448,9483886592,2191818752,35859533824
503,83.263,5.79,0,7200768,16688660480,9241620480,2191896576,35920384000
504,85.274,7.384,0,6717440,16389083136,9468878848,2191925248,35988865024
505,65.978,5.902,0,4759552,16532365312,9203421184,2191994880,36106301440
506,26.725,5.071,16384,3944448,16088776704,9393831936,2192048128,36354367488
507,21.524,4.02,0,20852736,16134696960,9153077248,2192101376,36544589824
508,16.446,4.143,2441216,6725632,15860047872,9359257600,2192179200,36610949120
509,9.463,2.479,0,3260416,15881015296,9310994432,2192224256,36637335552
510,8.929,1.744,0,2420736,15885287424,9306030080,2192228352,36637880320
511,8.368,1.36,0,3911680,15887552512,9303457792,2192281600,36638056448
512,8.344,3.511,0,4468736,15405412352,9761517568,2192314368,36661063680
513,6.921,3.44,0,4579328,15406223360,9702166528,2192416768,36717539328
514,10.066,3.48,0,4497408,15409258496,9601110016,2192457728,36812734464
515,10.121,3.748,4096,45305856,15400665088,9446322176,2192523264,36980805632
516,6.302,2.861,0,244916224,15396233216,9244663808,2192531456,37183868928
517,4.642,2.969,8192,173404160,15357153280,9229324288,2192539648,37238939648
518,4.847,2.734,0,254377984,15353520128,9243996160,2192543744,37239001088
519,3.336,2.627,0,233586688,15342624768,9256869888,2192543744,37238824960
520,21.858,7.627,2473984,43646976,12490801152,12086210560,2192601088,37272530944
521,10.276,8.145,32768,68792320,11947814912,12616916992,2192646144,37300506624
522,12.176,7.128,0,18251776,11748839424,12821385216,2192678912,37300854784
523,12.012,7.392,0,20357120,11546214400,13925486592,2192728064,36425428992
524,22.882,12.052,0,16695296,11532001280,14328770560,2192773120,36053172224
525,9.942,3.245,0,1544192,11581956096,14278504448,2192785408,36053737472
526,7.387,1.878,0,118575104,11585966080,14274351104,2192797696,36053852160
527,12.802,7.256,0,71618560,11655872512,14203179008,2192846848,36054593536
528,21.772,13.081,2310144,51150848,11783880704,14041174016,2192924672,36085051392
529,31.845,12.089,10616832,80912384,12116369408,13598457856,2192949248,36185636864
530,28.071,6.627,3948544,109035520,12286275584,13309501440,2192965632,36296249344
531,34.146,6.614,1146880,184623104,12550889472,12844077056,2192998400,36489228288
532,48.231,8.531,2310144,137474048,12782149632,12419665920,2193018880,36678778880
533,69.303,14.194,2031616,131702784,13238161408,11845517312,2193043456,36791758848
534,72.909,17.834,4669440,22556672,13561683968,11515490304,2193108992,36800040960
535,74.349,18.224,4046848,138010624,13580390400,11463327744,2193121280,36827828224
536,83.044,9.326,13893632,50196480,13449752576,11559694336,2193149952,36858515456
537,85.461,9.524,98304,162328576,13582598144,11287703552,2193170432,36992421888
538,63.744,12.918,0,154935296,14019268608,10700816384,2193174528,37134155776
539,75.747,10.863,6701056,147902464,14333833216,10584502272,2193195008,36933566464
540,73.7,13.003,2310144,45731840,14660325376,10329878528,2193219584,36860694528
541,81.98,12.225,0,14241792,14908952576,10145210368,2193248256,36792983552
542,88.052,7.488,0,4317184,14774644736,10227859456,2193256448,36837556224
543,87.294,8.147,0,123084800,15061037056,9931960320,2193301504,36840357888
544,83.523,12.548,0,26550272,15398944768,9587081216,2193575936,36840968192
545,78.656,15.765,0,49528832,15828869120,9112694784,2193805312,36879110144
546,80.076,16.141,0,68739072,16188010496,8639578112,2193940480,36981891072
547,82.751,12.663,0,93581312,16542175232,8197853184,2194149376,37057441792
548,87.17,10.482,2310144,200245248,16847511552,7707979776,2194362368,37229862912
549,87.516,8.857,1736704,184487936,17088876544,7283421184,2194534400,37404135424
550,84.345,9.418,8994816,117104640,17363984384,6736252928,2194677760,37669269504
551,78.323,8.848,2523136,197091328,17607598080,6246047744,2194800640,37909585920
552,71.435,12.23,6815744,122109952,17773899776,5876076544,2195021824,38109618176
553,68.609,9.655,4505600,169996288,17894596608,5513703424,2195058688,38342053888
554,77.806,10.03,4177920,112545792,18018918400,5297319936,2195124224,38431502336
555,77.806,10.022,8744960,17481728,18283122688,5134680064,2195369984,38328766464
556,86.911,7.281,0,13312000,18558619648,4886994944,2195484672,38296887296
557,88.136,7.712,0,5681152,18522955776,4856852480,2196041728,38357307392
558,90.574,7.75,0,3485696,17984667648,5313024000,2196328448,38432784384
559,90.194,5.303,0,909312,18283474944,4981448704,2196369408,38460518400
560,90.963,4.624,0,712704,18493186048,4768251904,2196373504,38460661760
561,80.008,4.63,8192,2625536,18625093632,4630282240,2196590592,38460989440
562,23.007,4.378,0,712704,18280394752,4915077120,2196594688,38515621888
563,15.522,3.435,0,1146880,17938354176,5200330752,2196602880,38570504192
564,6.755,2.031,0,128524288,17872089088,5273206784,2196602880,38570479616
565,5.712,2.276,0,208719872,17857773568,5288366080,2196606976,38570426368
566,11.895,4.883,32768,47271936,16599171072,6554247168,2196635648,38569631744
567,11.224,6.245,0,19222528,16379273216,6772817920,2196652032,38579757056
568,11.18,6.359,0,8507392,16354582528,7292764160,2196672512,38100414464
569,16.084,7.284,0,63209472,16391528448,7220776960,2196680704,38154903552
570,9.904,6.059,49152,7524352,14222057472,9401491456,2196697088,38153588736
571,14.931,10.498,16384,18722816,13407739904,10224738304,2196729856,38153240576
572,11.474,8.291,0,12558336,13356032000,10288832512,2196766720,38152650752
573,12.024,7.621,16384,17338368,12685185024,11682705408,2196836352,37457805312
574,21.713,12.553,32768,15822848,11971190784,12688613376,2196852736,37190107136
575,21.387,8.908,32768,98013184,10064236544,14561927168,2196905984,37243392000
576,27.768,13.842,0,12410880,10131808256,14725279744,2196926464,37027012608
577,34.792,9.653,0,23719936,10174881792,15124234240,2196987904,36601823232
578,32.071,7.449,0,93081600,10212126720,15142957056,2196996096,36545961984
579,58.59,7.978,8863744,97681408,10505461760,14860705792,2197008384,36533755904
580,67.928,12.61,98304,118636544,10654007296,14686564352,2197045248,36557291520
581,74.388,18.903,0,50114560,11053293568,14426513408,2197090304,36423626752
582,80.493,12.452,0,173621248,11206213632,14151856128,2197094400,36539138048
583,68.298,15.191,0,157265920,11407028224,13886144512,2197118976,36598317056
584,30.233,5.565,65536,153272320,11644489728,13482135552,2197118976,36755095552
585,37.427,8.605,6684672,186343424,11955609600,13042909184,2197139456,36875173888
586,34.204,8.846,11304960,125952000,12217491456,12570251264,2197147648,37081550848
587,55.278,9.241,8732672,115994624,12396044288,12416724992,2197151744,37056323584
588,57.106,13.025,9060352,52998144,12687859712,12223016960,2197180416,36959264768
589,71.665,14.656,0,39858176,13020565504,11869114368,2197245952,36975554560
590,78.101,15.738,0,18694144,13302669312,11573469184,2197278720,36983189504
591,76.761,14.466,2703360,105746432,13778333696,11047440384,2197282816,37023485952
592,81.324,12.394,6258688,114946048,14220804096,10487226368,2197299200,37129486336
593,76.14,13.933,0,159399936,14429585408,10119823360,2197323776,37277691904
594,76.152,19.281,0,56930304,14738206720,9777405952,2197356544,37306421248
595,79.924,17.088,8962048,78196736,15030259712,9392328704,2197360640,37387554816
596,81.689,14.256,0,135258112,15600537600,8601423872,2197372928,37592154112
597,79.238,9.589,49152,191889408,15598862336,8513667072,2197397504,37673951232
598,82.911,12.827,15515648,103477248,15941083136,7782633472,2197417984,38048137216
599,83.404,6.494,1589248,200552448,16318779392,7395811328,2197426176,38052188160
600,77.444,13.288,9732096,99008512,16292986880,7220178944,2197434368,38247010304
601,83.685,12.605,4341760,163147776,16689586176,6851031040,2197450752,38215712768
602,84.322,11.017,4620288,21397504,17033048064,6521344000,2197491712,38200393728
603,88.757,7.608,0,10182656,17359761408,6210203648,2197508096,38179471360
604,90.298,7.308,0,3489792,17333723136,6258548736,2197516288,38151798784
605,91.569,6.376,0,2613248,17625128960,5964169216,2197524480,38151278592
606,92.758,5.442,0,790528,17911156736,5673369600,2197524480,38151163904
607,93.278,5.678,0,720896,17895096320,5657645056,2197557248,38178795520
608,92.169,6.281,0,107311104,17925701632,5619720192,2197585920,38188601344
609,90.802,7.089,16384,3067904,17910677504,5614223360,2197630976,38205796352
610,90.44,7.589,16384,36458496,17512497152,6019010560,2197774336,38205472768
611,91.13,8.033,0,11964416,17013985280,6737514496,2197852160,37992464384
612,83.059,9.59,0,32456704,16852598784,6903619584,2197893120,37991694336
613,53.202,8.246,16384,41152512,16227057664,7731101696,2197942272,37806489600
614,25.602,10.139,16384,94871552,15242547200,8665300992,2197966848,37860032512
615,21.017,12.568,0,45424640,15240179712,8644612096,2198020096,37887729664
616,21.293,10.9,0,54009856,15101657088,8713969664,2198036480,37957103616
617,34.235,9.003,16384,105947136,14799912960,8939245568,2198048768,38030794752
618,38.578,8.414,17825792,69632000,14855716864,8713289728,2198073344,38196416512
619,36.122,8.703,98304,160854016,15083712512,8491118592,2198085632,38194135040
620,57.679,10.97,0,84774912,15175057408,8858681344,2198142976,37752721408
621,65.021,11.106,32768,8622080,14027378688,10140459008,2198163456,37628522496
622,79.29,10.609,0,37339136,14149279744,10088050688,2198192128,37563957248
623,83.347,8.895,0,32514048,14210895872,10215112704,2198241280,37381869568
624,35.206,11.153,16384,66220032,14347993088,10063769600,2198278144,37401034752
625,30.802,14.473,16384,32210944,13796327424,10616074240,2198327296,37405290496
626,22.598,10.537,16384,86425600,12737724416,11612794880,2198401024,37475770368
627,32.566,12.745,16384,96546816,12003598336,12467056640,2198478848,37367160832
628,29.847,13.18,0,70451200,11833372672,12829261824,2198519808,37182857216
629,50.297,14.292,4341760,93175808,11983601664,12574539776,2198540288,37283635200
630,35.423,10.602,4620288,88444928,12185247744,12350668800,2198556672,37304676352
631,56.728,14.652,8978432,59510784,12411478016,12491141120,2198589440,36945580032
632,53.147,9.041,8847360,126394368,12806631424,12014583808,2198601728,37021249536
633,81.71,5.189,98304,201748480,12928720896,11890360320,2198601728,37021437952
634,75.223,14.171,0,106983424,13107036160,11497156608,2198650880,37232254976
635,77.839,14.492,4177920,142598144,13404827648,11258499072,2198675456,37172137984
636,85.961,10.245,4784128,70701056,13751857152,10788216832,2198732800,37292056576
637,82.259,14.623,2310144,40267776,14289154048,10346975232,2198761472,37193326592
638,89.786,6.726,6651904,6713344,14413676544,10215481344,2198781952,37196333056
639,68.093,13.771,0,56123392,14477537280,10173075456,2198806528,37174980608
640,66.454,15.26,16384,117501952,14002253824,10390614016,2198843392,37421977600
641,74.743,16.31,0,120238080,14373466112,10016718848,2198917120,37421993984
642,79.619,15.847,2326528,149934080,14579736576,9645649920,2198937600,37578416128
643,81.679,10.857,10993664,75014144,14674542592,9486499840,2198958080,37640650752
644,78.206,13.161,7192576,53092352,14479097856,9538998272,2198982656,37779939328
645,57.66,6.524,1441792,164311040,14621790208,9346064384,2198986752,37824106496
646,76.501,8.642,4915200,145764352,15023898624,8858779648,2198990848,37903314944
647,80.983,12.918,32768,121339904,15034527744,8522784768,2199019520,38223626240
648,78.684,16.518,0,15376384,15743078400,8481521664,2199076864,37567356928
649,83.234,10.272,0,1462272,15269253120,8926724096,2199089152,37593853952
650,87.789,9.736,0,16220160,15384494080,8814055424,2199113728,37586542592
651,88.543,8.298,8863744,155590656,15776972800,8331689984,2199126016,37669347328
652,86.482,7.137,98304,167890944,16022745088,7972978688,2199162880,37774475264
653,81.395,14.292,0,27131904,16358789120,7626260480,2199232512,37781745664
654,69.27,16.688,0,4513792,16853131264,7150587904,2199269376,37755453440
655,81.899,8.903,0,3895296,17103151104,6798352384,2199277568,37846654976
656,80.051,7.904,0,178405376,17108381696,6626283520,2199285760,38004498432
657,82.113,9.68,0,109178880,17361420288,6347472896,2199302144,38031028224
658,76.747,11.859,8830976,105078784,17223454720,6341271552,2199330816,38167568384
659,75.754,10.446,5980160,90189824,16943910912,6520442880,2199363584,38267817984
660,76.825,10.654,3145728,61202432,17095970816,6411108352,2199404544,38231547904
661,71.344,9.439,0,23498752,16315031552,7167942656,2199425024,38261460992
662,72.326,11.078,36864,32522240,15608246272,8154247168,2199482368,37994684416
663,77.565,11.409,0,17186816,15305306112,8436846592,2199498752,38021533696
664,77.951,8.094,0,26447872,15181385728,8752627712,2199539712,37836832768
665,34.237,10.424,0,39608320,15322058752,8609193984,2199683072,37836496896
666,23.867,8.524,16384,67096576,15390072832,8505794560,2199990272,37866221568
667,17.384,8.65,8945664,110317568,15114129408,8596176896,2200018944,38047277056
668,36.898,12.426,0,111714304,15448342528,8449294336,2200166400,37859729408
669,40.295,9.6,8978432,78843904,15000031232,9058570240,2200305664,37706268672
670,38.76,9.068,0,180211712,15044427776,8830304256,2200326144,37886054400
671,53.49,10.921,0,73551872,15222824960,8683622400,2200412160,37864161280
672,70.828,12.57,32768,23244800,14105612288,9833885696,2200723456,37837103104
673,76.671,11.622,0,12718080,14247653376,9697177600,2200805376,37836398592
674,80.051,11.521,16384,11628544,14350082048,9603043328,2200834048,37835427840
675,74.28,12.966,0,83693568,13933064192,10193108992,2200907776,37666508800
676,49.83,14.043,0,68390912,14213836800,10060611584,2200981504,37523795968
677,49.809,10.115,8667136,92225536,14059044864,10131058688,2201096192,37602877440
678,47.242,6.779,2621440,150069248,14048563200,10021863424,2201116672,37718642688
679,53.546,12.994,6651904,65347584,13651435520,10445074432,2201354240,37697224704
680,63.579,10.533,0,148176896,13797933056,10325102592,2201542656,37678784512
681,68.726,16.148,16384,20684800,13440618496,10714984448,2201694208,37652877312
682,75.256,15.427,16384,33181696,13138665472,11211558912,2201735168,37463289856
683,79.329,11.29,8962048,48910336,13237346304,11095486464,2201878528,37481652224
684,29.992,8.968,4096,120283136,13102534656,11377741824,2201903104,37339783168
685,49.83,16.61,4096,74641408,13193744384,11177914368,2202071040,37444182016
686,41.137,7.734,20480,181465088,13389266944,11111124992,2202128384,37311381504
687,52.773,17.108,4096,146264064,13778780160,10822709248,2202165248,37211271168
688,71.768,14.201,6660096,96223232,14368927744,10134196224,2202230784,37300207616
689,70.879,9.594,11272192,87003136,14620262400,9794863104,2202284032,37380771840
690,72.467,12.783,4096,162631680,14717616128,9482121216,2202415104,37590417408
691,74.449,18.093,4354048,93310976,15067021312,9059680256,2202537984,37659779072
692,66.11,12.88,4632576,68198400,15181987840,9029455872,2202607616,37573246976
693,78.183,16.638,36864,42872832,15385223168,8756641792,2202730496,37643218944
694,77.877,11.21,0,85602304,14430146560,9701736448,2202869760,37652004864
695,81.578,12.111,8192,138993664,14498680832,9417736192,2202984448,37861117952
696,75.021,12.532,8192,92520448,14819663872,9094520832,2203160576,37862076416
697,72.611,13.609,8962048,87097344,15061442560,8870207488,2203439104,37838499840
698,79.568,12.081,9129984,115830784,15524282368,8407683072,2203451392,37834440704
699,83.947,11.139,9125888,43843584,15943700480,8192962560,2203480064,37629693952
700,86.205,9.126,0,10928128,16027570176,8059904000,2203545600,37674553344
701,88.847,8.165,4096,174669824,16182607872,7709175808,2203586560,37864927232
702,83.48,11.139,0,101756928,16148353024,7705448448,2203643904,37898223616
703,79.533,10.488,8192,97906688,16044810240,7802019840,2203750400,37900333056
704,78.05,15.492,0,8781824,16609173504,7234760704,2203770880,37900115968
705,79.923,13.399,49152,38010880,16508604416,7275458560,2203795456,37957394432
706,83.629,8.883,9097216,76464128,16130646016,7488749568,2203934720,38113603584
707,80.678,8.475,20480,132882432,16388149248,7119691776,2204098560,38219603968
708,70.933,9.661,4395008,137113600,16657977344,6706499584,2204291072,38362071040
709,67.033,10.664,4759552,79843328,16199417856,7124258816,2204348416,38400770048
710,61.901,11.37,180224,81186816,16421937152,7100813312,2204499968,38208000000
711,57.01,9.459,200704,27107328,16332767232,7424872448,2204594176,37979787264
712,66.596,8.882,0,6524928,16504901632,7223209984,2204663808,38006652928
713,78.13,9.01,364544,83406848,16102621184,7625228288,2204700672,38006693888
714,79.014,11.083,0,26587136,16175394816,7560417280,2204770304,38006689792
715,69.027,15.956,229376,29995008,14937985024,8780886016,2204819456,38034046976
716,60.051,14.527,16384,30081024,14632628224,9091084288,2204876800,38033170432
717,37.065,10.348,196608,9809920,14539759616,9321558016,2204930048,37901639680
718,45.726,9.895,229376,117121024,14194532352,9584238592,2204979200,37987041280
719,41.625,8.628,32768,195424256,14113964032,9394335744,2205016064,38252388352
720,48.881,10.637,4358144,146276352,14187790336,9178345472,2205036544,38393978880
721,53.15,7.78,8585216,75411456,14061654016,9337294848,2205044736,38363090944
722,65.088,6.873,5332992,37146624,14254972928,9780793344,2205110272,37736103936
723,73.771,10.085,0,16412672,14368452608,9760423936,2205126656,37656535040
724,64.247,10.722,4096,49143808,13853790208,10494500864,2205188096,37444841472
725,58.08,8.756,16384,88240128,13966028800,10356023296,2205237248,37472075776
726,33.843,14.565,0,25190400,13823152128,10496684032,2205294592,37473247232
727,32.74,17.535,4177920,43282432,13861355520,10415505408,2205335552,37514235904
728,25.447,10.426,4964352,150589440,13387112448,10773823488,2205339648,37623537664
729,59.881,15.767,8192,155238400,13681238016,10189611008,2205380608,37903831040
730,51.515,10.227,69632,191246336,13804511232,9869606912,2205409280,38092025856
731,66.568,9.51,2539520,188424192,14230196224,9268850688,2205429760,38261141504
732,70.355,9.206,1957888,187854848,14583476224,8672821248,2205458432,38505361408
733,69.27,8.316,4870144,114503680,14946992128,8054452224,2205466624,38753030144
734,82.513,8.998,3936256,190291968,14754930688,8256589824,2205495296,38752010240
735,79.672,11.574,9576448,103612416,14624882688,8643932160,2205536256,38506569728
736,85.268,10.511,4698112,66973696,13868105728,9453445120,2205618176,38454411264
737,81.979,13.811,0,85000192,14074654720,9170407424,2205663232,38532763648
738,84.739,9.411,786432,68157440,14085292032,9098014720,2205753344,38595739648
739,80.347,10.462,294912,9900032,13769256960,9776947200,2205794304,38238248960
740,51.041,11.092,16384,75141120,13529522176,10225848320,2205859840,38035230720
741,40.852,15.261,0,36413440,13850411008,9911259136,2205900800,38025187328
742,56.966,16.915,196608,20623360,14210342912,9647964160,2205970432,37921488896
743,43.583,11.436,0,177942528,14457843712,9282682880,2205990912,38025895936
744,58.021,8.884,0,193040384,14435426304,9014464512,2206015488,38305918976
745,56.963,8.599,163840,111984640,14797230080,8430866432,2206027776,38520115200
746,60.352,9.514,5062656,195788800,15132372992,7979991040,2206048256,38629425152
747,70.297,9.831,13123584,68378624,15588646912,7495753728,2206064640,38662930432
748,75.454,11.745,9830400,47267840,15002562560,8128045056,2206109696,38614331392
749,80.501,13.254,0,96092160,14849974272,8120991744,2206195712,38767165440
750,80.187,9.269,0,93753344,14913040384,8057716736,2206248960,38768082944
751,84.007,9.826,9125888,46514176,15144452096,7740706816,2206388224,38849183744
752,88.384,7.281,0,118071296,15358988288,7404486656,2206470144,38969159680
753,85.201,9.218,0,26210304,14827065344,8304115712,2206580736,38612422656
754,45.52,6.551,16384,34832384,14985035776,8120737792,2206605312,38639689728
755,50.566,8.847,0,10862592,15265734656,7835541504,2206642176,38639783936
756,51.985,10.03,0,61997056,15419047936,7604690944,2206674944,38709116928
757,72.785,8.944,4014080,51744768,15544451072,7372636160,2206773248,38813642752
758,46.883,8.635,5521408,127594496,15001505792,7814426624,2206859264,38914686976
759,38.87,10.167,196608,31993856,14857920512,8030457856,2206953472,38851293184
760,42.366,11.323,0,25587712,14699659264,8860364800,2206973952,38199828480
761,61.836,8.967,0,75096064,14496989184,9136193536,2207019008,38138376192
762,60.482,11.961,49152,74014720,12784504832,10822422528,2207055872,38164918272
763,58.544,8.081,16384,7426048,12207136768,11406331904,2207088640,38164398080
764,26.398,7.288,114688,13262848,12032110592,11592531968,2207150080,38163857408
765,31.255,13.18,81920,19185664,12300611584,11872579584,2207223808,37629349888
766,36.341,12.437,0,85073920,12202070016,11952992256,2207256576,37641568256
767,42.092,7.657,4358144,186724352,11889025024,12115701760,2207285248,37785419776
768,33.028,7.173,8994816,114814976,11879964672,11937230848,2207313920,37971914752
769,35.87,7.525,5111808,118362112,11998208000,12102078464,2207326208,37699043328
770,47.222,12.079,0,117534720,12015378432,11956797440,2207387648,37826666496
771,70.601,13.123,0,54747136,12287262720,11719057408,2207412224,37790404608
772,58.464,12.007,0,112881664,12528975872,11404087296,2207432704,37869797376
773,76.08,13.844,16384,36032512,11727122432,12245467136,2207510528,37833691136
774,80.61,12.151,3276800,122015744,11565690880,12383399936,2207555584,37863829504
775,41.877,8.333,10043392,39628800,11325370368,12614107136,2207584256,37869191168
776,46.255,10.03,4964352,103776256,11363823616,12531904512,2207621120,37912485888
777,51.586,9.556,2310144,182943744,11474493440,12417458176,2207641600,37918216192
778,50.736,8.708,6815744,91471872,11543871488,12285399040,2207674368,37980909568
779,67.191,9.945,0,109490176,11537788928,12578885632,2207748096,37703208960
780,75.964,12.929,212992,37785600,11151773696,13267992576,2207780864,37412851712
781,70.144,9.245,0,54484992,11305164800,13067825152,2207801344,37468516352
782,72.527,11.89,0,47935488,10676396032,13747732480,2207854592,37416431616
783,77.105,12.738,16384,35241984,10830934016,13592895488,2207916032,37416153088
784,74.552,14.365,0,12034048,11157655552,13263716352,2207936512,37416398848
785,62.554,13.325,9125888,79798272,11592839168,13175717888,2207961088,37072986112
786,65.51,10.622,0,94199808,11326595072,13419151360,2208010240,37091962880
787,50.524,9.51,16384,207818752,11416526848,13147865088,2208034816,37268418560
788,47.081,9.216,196608,109903872,11770621952,12508782592,2208043008,37543288832
789,67.538,7.125,245760,205307904,12108513280,11880783872,2208055296,37826711552
790,68.71,11.501,13451264,92733440,11689512960,12399378432,2208083968,37727686656
791,78.257,9.518,4947968,61788160,11860955136,12233883648,2208137216,37724131328
792,81.316,12.315,0,26935296,12351959040,11728465920,2208174080,37736001536
793,70.089,15.783,0,7274496,12392603648,11682299904,2208190464,37736443904
794,78.544,8.429,9142272,64163840,12355461120,11745665024,2208206848,37711912960
795,74.776,10.737,0,86446080,11932475392,12168581120,2208251904,37707304960
796,72.658,10.211,0,196038656,12257726464,11670040576,2208272384,37873885184
797,76.572,9.137,0,131985408,12674150400,11145687040,2208309248,37976969216
798,64.347,9.522,0,30302208,12875456512,11059793920,2208350208,37859258368
799,68.561,7.281,9322496,37183488,13245833216,10897920000,2208382976,37650116608
800,73.311,6.377,196608,9969664,13481185280,10671022080,2208403456,37636984832
801,83.787,5.957,393216,1826816,13454655488,10654171136,2208419840,37678874624
802,74.571,6.577,0,68706304,13392764928,10716581888,2208477184,37682409472
803,66.356,12.797,16384,36675584,12775526400,11320107008,2208505856,37693870080
804,43.766,8.509,65536,61730816,12563918848,11455148032,2208542720,37768507392
805,24.2,5.198,9256960,105304064,12669997056,11270057984,2208591872,37849743360
806,22.529,5.402,16384,134242304,12099293184,11723202560,2208632832,37967757312
807,33.023,6.512,0,48115712,11913785344,12116332544,2208698368,37766606848
808,40.099,5.22,0,1503232,11886632960,12170862592,2208702464,37738901504
809,50.396,7.122,0,37552128,11929559040,12132642816,2208714752,37738774528
810,31.331,10.626,0,10887168,12128698368,12176408576,2208739328,37499228160
811,25.47,6.931,9125888,105918464,12321157120,11905867776,2208755712,37573492736
812,36.966,7.67,0,41259008,12550033408,11672256512,2208788480,37573640192
813,42.574,9.662,196608,114597888,12911198208,11146694656,2208821248,37733814272
814,61.561,9.843,16384,97034240,12294193152,11700019200,2208849920,37798162432
815,48.913,7.86,0,150953984,12193931264,11662221312,2208890880,37938999296
816,68.091,12.526,9125888,71847936,11662786560,12221489152,2208923648,37918990336
817,66.213,9.447,229376,18907136,11193831424,12972011520,2208993280,37653553152
818,44.092,8.305,16384,21733376,10836189184,13349851136,2209034240,37640806400
819,48.39,8.39,0,30597120,9992318976,14483169280,2209046528,37365116928
820,60.459,11.565,16384,41340928,10154999808,14322413568,2209067008,37364817920
821,38.113,9.475,0,37179392,10050617344,14602227712,2209079296,37193609216
822,18.963,5.062,16384,111464448,9965621248,14891405312,2209095680,36990275584
823,26.898,5.693,9109504,139190272,10095370240,14757076992,2209136640,36992557056
824,33.222,10.684,0,40521728,10310377472,14661877760,2209214464,36877283328
825,40.143,8.012,0,79855616,10299101184,14594863104,2209234944,36950937600
826,55.546,6.891,16384,135188480,10606567424,14149193728,2209263616,37084119040
827,60.62,6.829,8962048,40247296,10238947328,14540226560,2209280000,37065150464
828,74.104,7.296,0,14979072,10320220160,14482481152,2209353728,37043494912
829,54.964,4.022,0,2965504,10515730432,14284042240,2209390592,37043466240
830,47.607,4.328,0,1101824,10610110464,14188232704,2209402880,37043224576
831,22.428,5.185,0,11161600,9999511552,15105904640,2209464320,36749692928
832,10.614,2.902,16384,31322112,9805107200,15274606592,2209468416,36776984576
833,7.424,3.443,376832,3923968,9612955648,15473098752,2209480704,36777291776
834,9.41,4.705,16384,61931520,8812879872,16231239680,2209484800,36822532096
835,6.951,4.606,0,59715584,8813547520,16411815936,2209505280,36649644032
836,6.08,2.6,0,131072,8785141760,16322023424,2209505280,36767592448
837,6.605,3.846,0,162836480,8691466240,16202375168,2209513472,36984786944
838,8.906,4.722,16384,110272512,8056406016,17009815552,2209538048,36816146432
839,5.678,4.008,0,66924544,7992426496,17071730688,2209558528,36823797760
840,1.626,1.084,0,106496,8007221248,17056985088,2209558528,36823814144
841,0.292,0.501,0,0,8005640192,17058562048,2209558528,36823818240
842,3.071,2.988,0,20471808,7911628800,17348403200,2209566720,36631298048
843,8.189,3.722,16384,6356992,7238889472,18134171648,2209583104,36529278976
844,4.361,3.438,0,6496256,7127359488,18251579392,2209603584,36528852992
845,1.251,1.626,0,1789952,7105994752,18544345088,2209607680,36261089280
846,0.333,0.792,0,0,7105585152,18545152000,2209607680,36261072896
847,0.375,1.251,0,16384,7105556480,18545180672,2209607680,36261072896
848,0.624,1.29,0,0,7106695168,18544041984,2209607680,36261072896
849,0.167,1.17,0,24576,7106007040,18544726016,2209607680,36261076992
850,3.716,1.67,0,3497984,7099506688,18557530112,2209607680,36261019648
851,4.161,2.913,16384,5079040,6480510976,19180716032,2209611776,36260356096
852,1.675,1.968,0,1482752,6381580288,19281846272,2209611776,36260147200
853,3.885,3.592,0,3067904,6357770240,19759456256,2209615872,35810635776
854,5.153,2.844,0,512000,6381166592,19708690432,2209619968,35838001152
855,6.307,3.634,0,36323328,6426923008,19662131200,2209640448,35838595072
856,13.516,5.638,16384,23334912,6591668224,19468972032,2209652736,35862896640
857,8.882,3.378,9011200,115523584,6627880960,19215781888,2209685504,36079206400
858,14.6,4.397,98304,77869056,6823170048,19051311104,2209726464,36046553088
859,22.602,2.836,0,7233536,6912626688,18983178240,2209730560,36023947264
860,36.367,1.655,0,1978368,7095185408,18797981696,2209738752,36023971840
861,45.575,2.825,0,4096,7237488640,18654801920,2209738752,36024020992
862,14.688,2.11,0,671744,7295913984,18593943552,2209751040,36024156160
863,6.18,1.742,376832,364544,7121440768,18767384576,2209751040,36024254464
864,6.953,2.165,0,1130496,7156162560,18680143872,2209759232,36076695552
865,7.027,2.328,0,905216,7143055360,18626433024,2209763328,36145356800
866,7.753,2.584,0,0,7132782592,18506887168,2209763328,36274978816
867,7.922,2.696,0,16384,7133536256,18323775488,2209763328,36456992768
868,7.053,2.546,0,561152,7104872448,18187018240,2209767424,36621418496
869,6.409,1.748,688128,2052096,7087783936,18166710272,2209779712,36657790976
870,4.043,1.251,0,0,7133712384,18092625920,2209779712,36685242368
871,0.376,1.419,0,0,7134281728,18092056576,2209779712,36685242368
872,0.167,1.127,0,0,7133630464,18092707840,2209779712,36685242368
873,0.417,1.292,0,937984,7134556160,18092396544,2209783808,36684619776
874,0.458,0.416,0,524288,7135805440,18091143168,2209783808,36684619776
875,0.25,1.084,0,0,7134576640,18092285952,2209783808,36684632064
876,0.292,1.293,0,0,7135834112,18091028480,2209783808,36684632064
877,0.25,1.126,0,16384,7134818304,18092044288,2209783808,36684632064
878,0.333,1.334,0,0,7135907840,18090954752,2209783808,36684632064
879,0.292,0.376,0,151552,7135465472,18091397120,2209783808,36684632064
880,1.379,2.298,0,131072,7130599424,18096812032,2209783808,36684578816
881,0.376,1.63,0,241459200,7129743360,18103136256,2209796096,36684603392
882,2.007,1.714,0,213225472,7129485312,18103250944,2209800192,36684754944
883,3.589,2.713,16384,5189632,6473666560,18762612736,2209816576,36684099584
884,3.051,2.298,0,2588672,6367277056,18871910400,2209820672,36683755520
885,4.053,3.557,0,1642496,6367477760,19324063744,2209837056,36234199040
886,5.095,2.32,0,434176,6371999744,19292164096,2209837056,36261580800
887,8.002,5.514,0,35733504,6437744640,19225686016,2209869824,36262006784
888,9.336,4.606,16384,96854016,6683316224,18874101760,2209886208,36363059200
889,21.775,3.235,9224192,10727424,6786506752,18767904768,2209906688,36364165120
890,17.567,3.794,0,115392512,6876041216,18487173120,2209947648,36551647232
891,31.17,3.183,0,1622016,7025602560,18441506816,2209972224,36447813632
892,34.181,2.418,0,0,7186604032,18279043072,2209972224,36447834112
893,35.977,2.045,0,868352,7289794560,18172973056,2209992704,36447973376
894,5.74,1.04,131072,147456,7327498240,18134261760,2209992704,36447981568
895,4.564,2.573,114688,1196032,7165440000,18271993856,2210017280,36472111104
896,4.724,2.777,0,872448,7165022208,18206076928,2210025472,36536786944
897,4.506,2.795,0,20480,7167361024,18088452096,2210025472,36649230336
898,4.69,1.801,0,0,7138492416,17961652224,2210025472,36802609152
899,4.798,2.42,0,483328,7138893824,17795497984,2210033664,36965863424
900,3.798,2.546,524288,753664,7139328000,17698742272,2210045952,37060579328
901,3.744,2.246,98304,1675264,7094575104,17694244864,2210062336,37108781056
902,1.751,1.459,0,0,7114588160,17673789440,2210062336,37108936704
903,0.417,0.375,0,0,7114047488,17674326016,2210062336,37108940800
904,0.334,1.126,0,974848,7114117120,17674244096,2210062336,37108944896
905,0.417,1.458,0,585728,7114735616,17674039296,2210062336,37108531200
906,0.582,1.331,0,0,7109251072,17680322560,2210062336,37108449280
907,0.375,1.376,0,20480,7109480448,17680048128,2210062336,37108461568
908,0.209,0.167,0,0,7109771264,17679757312,2210062336,37108461568
909,0.5,1.166,0,24576,7109648384,17679880192,2210062336,37108461568
910,0.5,1.291,0,98304,7109615616,17679912960,2210062336,37108461568
911,0.416,1.207,0,0,7110676480,17678852096,2210062336,37108461568
912,1.791,2.582,0,36634624,7103741952,17692139520,2210066432,37108416512
913,0.25,0.71,0,266612736,7101980672,17693876224,2210074624,37108432896
914,3.563,2.403,0,153939968,6887555072,17908592640,2210078720,37107949568
915,3.93,3.554,16384,3866624,6463688704,18337689600,2210086912,37107736576
916,1.841,2.301,0,2162688,6369325056,18667302912,2210095104,36874543104
917,4.709,3.181,0,671744,6372950016,18882600960,2210095104,36657750016
918,4.583,2.167,0,7880704,6375903232,18851856384,2210099200,36685271040
919,8.49,6.148,0,30875648,6579146752,18647613440,2210140160,36685570048
920,10.858,4.061,9093120,81297408,6619095040,18502557696,2210177024,36785381376
921,19.391,4.045,98304,27774976,6756384768,18360541184,2210205696,36788699136
922,18.773,2.962,0,113520640,6914564096,18010619904,2210230272,36976869376
923,30.792,3.667,0,3014656,7038922752,17990017024,2210254848,36872355840
924,39.281,2.437,0,24576,7199178752,17828306944,2210254848,36872384512
925,24.448,1.958,0,831488,7267176448,17757880320,2210258944,36872515584
926,5.814,1.329,311296,155648,7204704256,17819287552,2210258944,36872523776
927,4.243,2.163,0,1224704,7134744576,17851723776,2210267136,36909694976
928,4.279,2.576,0,905216,7136321536,17788043264,2210271232,36970258432
929,5.412,2.706,0,24576,7131070464,17695920128,2210271232,37065895936
930,4.637,2.882,0,0,7102164992,17555947520,2210271232,37232234496
931,4.547,2.044,0,0,7101865984,17402183680,2210271232,37384044544
932,3.75,2.625,442368,897024,7101538304,17296019456,2210275328,37488836608
933,3.694,2.325,49152,1662976,7070744576,17279848448,2210287616,37534511104
934,1.66,1.328,0,786432,7077908480,17272680448,2210287616,37534511104
935,0.375,1.333,0,0,7079706624,17270882304,2210287616,37534511104
936,0.375,0.375,0,0,7079600128,17270984704,2210287616,37534515200
937,0.292,1.209,0,397312,7079251968,17271586816,2210291712,37534253056
938,0.375,1.252,0,0,7079948288,17270886400,2210291712,37534257152
939,0.54,1.288,0,28672,7079813120,17270976512,2210291712,37534269440
940,0.209,1.085,0,0,7080620032,17270161408,2210291712,37534277632
941,0.292,0.333,0,0,7079612416,17271169024,2210291712,37534277632
942,0.167,1.169,0,94208,7079424000,17271357440,2210291712,37534277632
943,0.375,1.251,0,0,7079301120,17271480320,2210291712,37534277632
944,2.326,2.409,0,68214784,7072264192,17284759552,2210295808,37534228480
945,0.375,0.917,0,224845824,7072514048,17284485120,2210304000,37534244864
946,3.088,1.669,0,163454976,7026872320,17330470912,2210316288,37533741056
947,3.886,3.636,16384,5025792,6465826816,17895436288,2210328576,37533511680
948,0.709,1.376,0,1286144,6464167936,17898250240,2210328576,37533507584
949,0.334,1.21,0,28672,6463541248,17898876928,2210328576,37533507584
950,0.25,0.542,0,0,6463909888,17898508288,2210328576,37533507584
951,2.384,2.3,0,2789376,6371737600,18418229248,2210336768,37110075392
952,4.22,3.765,0,81920,6355763200,18455760896,2210336768,37089075200
953,4.508,2.755,0,32276480,6377205760,18413727744,2210361344,37109665792
954,9.376,6.362,0,11169792,6554378240,18215018496,2210381824,37129236480
955,14.689,2.324,9011200,45768704,6608752640,18038140928,2210398208,37246451712
956,8.754,4.168,114688,162844672,6772592640,17801547776,2210435072,37318320128
957,19.577,3.318,0,8245248,6834233344,17759670272,2210467840,37296934912
958,29.891,2.801,0,1880064,7036284928,17554964480,2210467840,37296951296
959,32.977,2.058,0,32768,7171055616,17418457088,2210467840,37296984064
960,43.061,2.055,0,884736,7278764032,17308266496,2210471936,37297135616
961,5.064,2.989,0,1220608,7147962368,17436766208,2210480128,37298434048
962,5.958,2.417,0,860160,7124697088,17387474944,2210484224,37369815040
963,7.49,2.51,0,0,7150018560,17260007424,2210484224,37469519872
964,8.413,2.031,0,901120,7151034368,17050144768,2210484224,37675020288
965,7.625,2,0,0,7127998464,16867966976,2210484224,37877190656
966,6.653,2.686,262144,1560576,7104397312,16836362240,2210500608,37931171840
967,5.586,1.959,0,864256,7102238720,16810299392,2210508800,37958643712
968,3.963,1.168,0,0,7127285760,16785252352,2210508800,37958643712
969,0.417,0.667,0,28672,7128707072,16783814656,2210508800,37958643712
970,0.292,0.918,0,0,7129772032,16782745600,2210508800,37958647808
971,0.25,1.126,0,0,7129530368,16782987264,2210508800,37958647808
972,0.541,1.583,0,356352,7123738624,16789499904,2210508800,37958643712
973,0.499,1.248,0,0,7125622784,16787439616,2210508800,37958787072
974,0.626,0.292,0,24576,7125368832,16787693568,2210508800,37958787072
975,0.292,1.084,0,0,7124910080,16788152320,2210508800,37958787072
976,0.499,1.165,0,0,7125315584,16787746816,2210508800,37958787072
977,1.246,1.662,0,114688,7124606976,16788418560,2210512896,37958787072
978,1.707,2.206,0,187531264,7118692352,16800600064,2210521088,37958742016
979,0.334,0.501,0,263172096,7117611008,16801439744,2210529280,37958959104
980,5.144,3.095,0,9572352,6477910016,17443250176,2210533376,37958230016
981,2.137,2.681,16384,2781184,6378373120,17546133504,2210533376,37957894144
982,5.711,3.501,0,2826240,6369538048,18001309696,2210541568,37516890112
983,5.685,2.78,0,34488320,6381248512,17971666944,2210566144,37534478336
984,11.088,6.935,0,4317184,6536687616,17813671936,2210586624,37534957568
985,12.76,2.993,9027584,103653376,6699839488,17542692864,2210603008,37637697536
986,21.689,4.263,0,55283712,6814752768,17312714752,2210652160,37748215808
987,28.418,4.432,0,64946176,6973632512,17180758016,2210684928,37721960448
988,32.477,2.113,0,4096,7129493504,17022103552,2210684928,37721972736
989,40.687,2.194,0,835584,7242448896,16907313152,2210684928,37722103808
990,5.821,1.83,0,0,7295700992,16851783680,2210684928,37722136576
991,5.738,1.746,491520,557056,7331397632,16815652864,2210684928,37722292224
992,5.616,2.08,0,159744,7114321920,17005355008,2210689024,37749501952
993,1.21,0.668,0,0,7125250048,16994230272,2210689024,37749657600
994,0.915,1.04,0,1093632,7100981248,17019375616,2210689024,37749440512
995,0.416,1.54,0,0,7099752448,17020661760,2210689024,37749440512
996,0.25,1.085,0,0,7099834368,17020579840,2210689024,37749440512
997,0.499,1.414,0,24576,7100645376,17019768832,2210689024,37749440512
998,0.375,0.417,0,0,7101124608,17019289600,2210689024,37749440512
999,0.208,1.042,0,135168,7100485632,17019916288,2210689024,37749452800
1000,0.417,1.292,0,0,7099977728,17020379136,2210689024,37749465088
1001,0.416,1.333,0,675840,7100866560,17020063744,2210689024,37748891648
1002,0.333,1.209,0,0,7101734912,17019195392,2210689024,37748891648
1003,3.289,1.374,0,30777344,7093870592,17033474048,2210701312,37748842496
1004,5.226,4.055,16384,5533696,6470500352,17661083648,2210725888,37748228096
1005,1.002,1.42,0,1179648,6392606720,17740722176,2210725888,37747953664
1006,2.76,2.593,0,3153920,6361378816,18016907264,2210734080,37507612672
