<?xml version="1.0" encoding="UTF-8"?>
<mets:METS xmlns:mets="http://www.loc.gov/METS/" xmlns:xlink="http://www.w3.org/TR/xlink/" xmlns:xsi="http://www.w3.org/2001/XMLSchema-instance" xmlns:dim="http://www.dspace.org/xmlns/dspace/dim" OBJEDIT="/admin/item?itemID=44309" OBJID="/handle/10255/dryad.39549" PROFILE="DSPACE METS SIP Profile 1.0" LABEL="DSpace Item" ID="hdl:10255/dryad.39549">
<mets:dmdSec GROUPID="group_dmd_0" ID="dmd_1">
<mets:mdWrap MDTYPE="OTHER" OTHERMDTYPE="DIM">
<mets:xmlData>
<dim:dim dspaceType="ITEM">
<dim:field element="contributor" qualifier="author" language="" mdschema="dc">Binks, Rachel Maria</dim:field>
<dim:field element="contributor" qualifier="author" language="" mdschema="dc">Prince, Jane</dim:field>
<dim:field element="contributor" qualifier="author" language="" mdschema="dc">Evans, Jonathan P.</dim:field>
<dim:field element="contributor" qualifier="author" language="" mdschema="dc">Kennington, W. Jason</dim:field>
<dim:field element="coverage" qualifier="spatial" language="" mdschema="dc">Western Australia</dim:field>
<dim:field element="coverage" qualifier="spatial" language="" mdschema="dc">Eastern Australia</dim:field>
<dim:field element="date" qualifier="accessioned" language="" mdschema="dc">2012-05-04T18:14:27Z</dim:field>
<dim:field element="date" qualifier="available" mdschema="dc">2012-05-23T17:55:34Z</dim:field>
<dim:field element="date" qualifier="issued" language="" mdschema="dc">2012-05-04</dim:field>
<dim:field element="identifier" language="" mdschema="dc">doi:10.5061/dryad.1b549/3</dim:field>
<dim:field element="identifier" language="" mdschema="dc">doi:10.5061/dryad.1b549/3</dim:field>
<dim:field element="identifier" qualifier="uri" language="" mdschema="dc">http://hdl.handle.net/10255/dryad.39549</dim:field>
<dim:field element="relation" qualifier="ispartof" language="" mdschema="dc">doi:10.5061/dryad.1b549</dim:field>
<dim:field element="rights" qualifier="uri" language="" mdschema="dc">http://creativecommons.org/publicdomain/zero/1.0/</dim:field>
<dim:field element="subject" language="" mdschema="dc">Reproductive Isolation</dim:field>
<dim:field element="subject" language="" mdschema="dc">Speciation</dim:field>
<dim:field element="title" language="" mdschema="dc">GSI Data</dim:field>
<dim:field element="type" language="*" mdschema="dc">Dataset</dim:field>
<dim:field element="ScientificName" language="" mdschema="dwc">Heliocidaris erythrogramma</dim:field>
<dim:field element="ScientificName" language="" mdschema="dwc">Heliocidaris erythrogramma armigera</dim:field>
<dim:field element="type" qualifier="embargo" language="" mdschema="dc">untilArticleAppears</dim:field>
<dim:field element="dryad" qualifier="pageviews">64</dim:field>
<dim:field element="dryad" qualifier="downloads">32</dim:field>
</dim:dim>
</mets:xmlData>
</mets:mdWrap>
</mets:dmdSec>
<mets:fileSec>
<mets:fileGrp USE="CONTENT">
<mets:file CHECKSUMTYPE="MD5" GROUPID="group_file_122224" ID="file_122224" MIMETYPE="text/plain" SIZE="1082" CHECKSUM="f2840cdee698d26721626267ce5880be">
<mets:FLocat LOCTYPE="URL" xlink:title="GSI Data.txt" xlink:label="dataset-file" xlink:type="locator" xlink:href="/bitstream/handle/10255/dryad.39549/GSI%20Data.txt?sequence=1"/>
</mets:file>
<mets:file CHECKSUMTYPE="MD5" GROUPID="group_file_122226" ID="file_122226" MIMETYPE="text/plain" SIZE="969" CHECKSUM="de036501b345fc5d50c9d08746c33628">
<mets:FLocat LOCTYPE="URL" xlink:title="README.txt" xlink:label="dc_readme" xlink:type="locator" xlink:href="/bitstream/handle/10255/dryad.39549/README.txt?sequence=2"/>
</mets:file>
</mets:fileGrp>
</mets:fileSec>
<mets:structMap LABEL="DSpace" TYPE="LOGICAL">
<mets:div DMDID="dmd_1" TYPE="DSpace Item">
<mets:div ID="div_2" TYPE="DSpace Content Bitstream">
<mets:fptr FILEID="file_122224"/>
</mets:div>
<mets:div ID="div_3" TYPE="DSpace Content Bitstream">
<mets:fptr FILEID="file_122226"/>
</mets:div>
</mets:div>
</mets:structMap>
</mets:METS>
