<?xml version="1.0" encoding="UTF-8"?>
<mets:METS xmlns:mets="http://www.loc.gov/METS/" xmlns:xlink="http://www.w3.org/TR/xlink/" xmlns:xsi="http://www.w3.org/2001/XMLSchema-instance" xmlns:dim="http://www.dspace.org/xmlns/dspace/dim" OBJEDIT="/admin/item?itemID=47516" OBJID="/handle/10255/dryad.41637" PROFILE="DSPACE METS SIP Profile 1.0" LABEL="DSpace Item" ID="hdl:10255/dryad.41637">
<mets:dmdSec GROUPID="group_dmd_0" ID="dmd_1">
<mets:mdWrap MDTYPE="OTHER" OTHERMDTYPE="DIM">
<mets:xmlData>
<dim:dim dspaceType="ITEM">
<dim:field element="contributor" qualifier="author" language="" mdschema="dc">Powles, Stephen B.</dim:field>
<dim:field element="contributor" qualifier="author" language="" mdschema="dc">Yu, Qin</dim:field>
<dim:field element="contributor" qualifier="author" language="" mdschema="dc">Ahmad-Hamdani, M. S.</dim:field>
<dim:field element="contributor" qualifier="author" language="" mdschema="dc">Han, Heping</dim:field>
<dim:field element="contributor" qualifier="author" language="" mdschema="dc">Christoffers, Michael J.</dim:field>
<dim:field element="coverage" qualifier="spatial" language="" mdschema="dc">Australia</dim:field>
<dim:field element="date" qualifier="accessioned" language="" mdschema="dc">2012-08-11T18:37:24Z</dim:field>
<dim:field element="date" qualifier="available" mdschema="dc">2013-02-19T14:42:10Z</dim:field>
<dim:field element="date" qualifier="issued" language="" mdschema="dc">2012-08-11</dim:field>
<dim:field element="identifier" language="" mdschema="dc">doi:10.5061/dryad.04562/2</dim:field>
<dim:field element="identifier" language="" mdschema="dc">doi:10.5061/dryad.04562/2</dim:field>
<dim:field element="identifier" qualifier="uri" language="" mdschema="dc">http://hdl.handle.net/10255/dryad.41637</dim:field>
<dim:field element="description" language="" mdschema="dc">Fig. S4 (d)CAPS marker analysis of ACCase mutations at (a) 1781, (b) 2078 or (c) 2088 in representative E. coli clones containing the 1122 kb ACCase cDNA insert. Each lane represents a single clone analysed by each of the three markers. Note that none of these clones contain more than one mutation (R).</dim:field>
<dim:field element="relation" qualifier="ispartof" language="" mdschema="dc">doi:10.5061/dryad.04562</dim:field>
<dim:field element="rights" qualifier="uri" language="" mdschema="dc">http://creativecommons.org/publicdomain/zero/1.0/</dim:field>
<dim:field element="subject" confidence="NOVALUE" language="" mdschema="dc">ACCase gene resistance mutations</dim:field>
<dim:field element="title" language="" mdschema="dc">Fig. S4( d)CAPS analysis of clones</dim:field>
<dim:field element="type" language="*" mdschema="dc">Dataset</dim:field>
<dim:field element="ScientificName" confidence="NOVALUE" language="" mdschema="dwc">Avena fatua</dim:field>
<dim:field element="type" qualifier="embargo" language="" mdschema="dc">untilArticleAppears</dim:field>
<dim:field element="dryad" qualifier="pageviews">75</dim:field>
<dim:field element="dryad" qualifier="downloads">11</dim:field>
</dim:dim>
</mets:xmlData>
</mets:mdWrap>
</mets:dmdSec>
<mets:fileSec>
<mets:fileGrp USE="CONTENT">
<mets:file CHECKSUMTYPE="MD5" GROUPID="group_file_124396" ID="file_124396" MIMETYPE="application/msword" SIZE="60416" CHECKSUM="866aa6a27cb2687084b2d19a10d1fae9">
<mets:FLocat LOCTYPE="URL" xlink:title="Fig. S4( d)CAPS analysis of clones.doc" xlink:label="dataset-file" xlink:type="locator" xlink:href="/bitstream/handle/10255/dryad.41637/Fig.%20S4%28%20d%29CAPS%20analysis%20of%20clones.doc?sequence=1"/>
</mets:file>
</mets:fileGrp>
</mets:fileSec>
<mets:structMap LABEL="DSpace" TYPE="LOGICAL">
<mets:div DMDID="dmd_1" TYPE="DSpace Item">
<mets:div ID="div_2" TYPE="DSpace Content Bitstream">
<mets:fptr FILEID="file_124396"/>
</mets:div>
</mets:div>
</mets:structMap>
</mets:METS>
