<?xml version="1.0" encoding="UTF-8"?>
<mets:METS xmlns:mets="http://www.loc.gov/METS/" xmlns:xlink="http://www.w3.org/TR/xlink/" xmlns:xsi="http://www.w3.org/2001/XMLSchema-instance" xmlns:dim="http://www.dspace.org/xmlns/dspace/dim" OBJEDIT="/admin/item?itemID=1413" OBJID="/handle/10255/dryad.1239" PROFILE="DSPACE METS SIP Profile 1.0" LABEL="DSpace Item" ID="hdl:10255/dryad.1239">
<mets:dmdSec GROUPID="group_dmd_0" ID="dmd_1">
<mets:mdWrap MDTYPE="OTHER" OTHERMDTYPE="DIM">
<mets:xmlData>
<dim:dim dspaceType="ITEM">
<dim:field element="contributor" qualifier="author" language="en" mdschema="dc">Henry, Philippe</dim:field>
<dim:field element="contributor" qualifier="author" language="en" mdschema="dc">Goudet, Jerome</dim:field>
<dim:field element="contributor" qualifier="author" language="en" mdschema="dc">Besnard, Guillaume</dim:field>
<dim:field element="coverage" qualifier="spatial" language="en" mdschema="dc">Western Swiss Alps and Caucasus Mountain of Southwest Russia</dim:field>
<dim:field element="date" qualifier="accessioned" mdschema="dc">2010-02-24T22:39:50Z</dim:field>
<dim:field element="date" qualifier="available" mdschema="dc">2010-02-24T22:39:50Z</dim:field>
<dim:field element="date" qualifier="issued" mdschema="dc">2010-02-24T22:39:50Z</dim:field>
<dim:field element="identifier" mdschema="dc">doi:10.5061/dryad.1237/2</dim:field>
<dim:field element="identifier" qualifier="uri" mdschema="dc">http://hdl.handle.net/10255/dryad.1239</dim:field>
<dim:field element="description" language="en" mdschema="dc">Genotype data (Genepop format) for 8 microsatellite loci for 11 native populations of Heracleum mantegazzianum from the Caucasus Mountains of Southwestern Russia.</dim:field>
<dim:field element="relation" qualifier="ispartof" language="en" mdschema="dc">doi:10.5061/dryad.1237</dim:field>
<dim:field element="rights" qualifier="uri" language="en" mdschema="dc">http://creativecommons.org/publicdomain/zero/1.0/</dim:field>
<dim:field element="subject" language="en" mdschema="dc">Heracleum</dim:field>
<dim:field element="subject" language="en" mdschema="dc">Microsatellites</dim:field>
<dim:field element="subject" language="en" mdschema="dc">Plastid DNA</dim:field>
<dim:field element="subject" language="en" mdschema="dc">Bayesian Clustering</dim:field>
<dim:field element="subject" language="en" mdschema="dc">Invasive Species</dim:field>
<dim:field element="subject" language="en" mdschema="dc">Population Genetics - Empirical</dim:field>
<dim:field element="title" language="en" mdschema="dc">HMNnative_gen.txt</dim:field>
<dim:field element="type" language="en" mdschema="dc">Dataset</dim:field>
<dim:field element="ScientificName" language="en" mdschema="dwc">Heracleum mantegazzianum</dim:field>
<dim:field element="status" language="" mdschema="dryad">scanned</dim:field>
<dim:field element="dryad" qualifier="pageviews">151</dim:field>
<dim:field element="dryad" qualifier="downloads">68</dim:field>
</dim:dim>
</mets:xmlData>
</mets:mdWrap>
</mets:dmdSec>
<mets:fileSec>
<mets:fileGrp USE="CONTENT">
<mets:file CHECKSUMTYPE="MD5" GROUPID="group_file_999" ID="file_999" MIMETYPE="text/plain" SIZE="7935" CHECKSUM="164b4eb5b87fe7076374b84c479081a7">
<mets:FLocat LOCTYPE="URL" xlink:title="HMNnative_gen.txt" xlink:type="locator" xlink:href="/bitstream/handle/10255/dryad.1239/HMNnative_gen.txt?sequence=1"/>
</mets:file>
</mets:fileGrp>
<mets:fileGrp USE="TEXT">
<mets:file CHECKSUMTYPE="MD5" GROUPID="group_file_999" ID="file_1325" MIMETYPE="text/plain" SIZE="7703" CHECKSUM="a01ebde7e53246262da9f5b55a2775a4">
<mets:FLocat LOCTYPE="URL" xlink:title="HMNnative_gen.txt.txt" xlink:label="Extracted text" xlink:type="locator" xlink:href="/bitstream/handle/10255/dryad.1239/HMNnative_gen.txt.txt?sequence=2"/>
</mets:file>
</mets:fileGrp>
</mets:fileSec>
<mets:structMap LABEL="DSpace" TYPE="LOGICAL">
<mets:div DMDID="dmd_1" TYPE="DSpace Item">
<mets:div ID="div_2" TYPE="DSpace Content Bitstream">
<mets:fptr FILEID="file_999"/>
</mets:div>
</mets:div>
</mets:structMap>
</mets:METS>
