<?xml version="1.0" encoding="UTF-8"?>
<mets:METS xmlns:mets="http://www.loc.gov/METS/" xmlns:xlink="http://www.w3.org/TR/xlink/" xmlns:xsi="http://www.w3.org/2001/XMLSchema-instance" xmlns:dim="http://www.dspace.org/xmlns/dspace/dim" OBJEDIT="/admin/item?itemID=41792" OBJID="/handle/10255/dryad.37900" PROFILE="DSPACE METS SIP Profile 1.0" LABEL="DSpace Item" ID="hdl:10255/dryad.37900">
<mets:dmdSec GROUPID="group_dmd_0" ID="dmd_1">
<mets:mdWrap MDTYPE="OTHER" OTHERMDTYPE="DIM">
<mets:xmlData>
<dim:dim dspaceType="ITEM">
<dim:field element="contributor" qualifier="author" mdschema="dc">Chung, Kyong-Sook</dim:field>
<dim:field element="contributor" qualifier="author" mdschema="dc">Hipp, Andrew L.</dim:field>
<dim:field element="contributor" qualifier="author" mdschema="dc">Roalson, Eric H.</dim:field>
<dim:field element="date" qualifier="accessioned" mdschema="dc">2012-02-23T21:02:49Z</dim:field>
<dim:field element="date" qualifier="available" mdschema="dc">2012-03-28T14:42:29Z</dim:field>
<dim:field element="date" qualifier="issued" mdschema="dc">2012-02-23</dim:field>
<dim:field element="identifier" mdschema="dc">doi:10.5061/dryad.1c1m4qc6/4</dim:field>
<dim:field element="identifier" qualifier="uri" mdschema="dc">http://hdl.handle.net/10255/dryad.37900</dim:field>
<dim:field element="description" language="" mdschema="dc">Flow cytometry data were analyzed in FlowJo software to estimate genome sizes, following protocols described in the publication associated with this dataset. This Excel spreadsheet contains the individual flow cytometry data points used to estimate genome size for all species in the publication.</dim:field>
<dim:field element="relation" qualifier="ispartof" mdschema="dc">doi:10.5061/dryad.1c1m4qc6</dim:field>
<dim:field element="rights" qualifier="uri" mdschema="dc">http://creativecommons.org/publicdomain/zero/1.0/</dim:field>
<dim:field element="subject" language="" mdschema="dc">Agmatoploidy</dim:field>
<dim:field element="subject" language="" mdschema="dc">karyotype</dim:field>
<dim:field element="subject" language="" mdschema="dc">holocentric chromosomes</dim:field>
<dim:field element="subject" language="" mdschema="dc">phylogenetic comparative methods</dim:field>
<dim:field element="title" language="" mdschema="dc">Individual flow cytometry data points, Carex subgenus Vignea</dim:field>
<dim:field element="type" language="*" mdschema="dc">Dataset</dim:field>
<dim:field element="ScientificName" language="" mdschema="dwc">Cyperaceae</dim:field>
<dim:field element="ScientificName" language="" mdschema="dwc">Carex</dim:field>
<dim:field element="type" qualifier="embargo" language="" mdschema="dc">untilArticleAppears</dim:field>
<dim:field element="dryad" qualifier="pageviews">86</dim:field>
<dim:field element="dryad" qualifier="downloads">29</dim:field>
</dim:dim>
</mets:xmlData>
</mets:mdWrap>
</mets:dmdSec>
<mets:fileSec>
<mets:fileGrp USE="CONTENT">
<mets:file CHECKSUMTYPE="MD5" GROUPID="group_file_120219" ID="file_120219" MIMETYPE="application/vnd.ms-excel" SIZE="149504" CHECKSUM="750c88ac5d68b954738217c5dcf69a4c">
<mets:FLocat LOCTYPE="URL" xlink:title="Raw-final-FCMVigneData102910toJaime.xls" xlink:label="dataset-file" xlink:type="locator" xlink:href="/bitstream/handle/10255/dryad.37900/Raw-final-FCMVigneData102910toJaime.xls?sequence=1"/>
</mets:file>
</mets:fileGrp>
</mets:fileSec>
<mets:structMap LABEL="DSpace" TYPE="LOGICAL">
<mets:div DMDID="dmd_1" TYPE="DSpace Item">
<mets:div ID="div_2" TYPE="DSpace Content Bitstream">
<mets:fptr FILEID="file_120219"/>
</mets:div>
</mets:div>
</mets:structMap>
</mets:METS>
