<?xml version="1.0" encoding="UTF-8"?>
<mets:METS xmlns:mets="http://www.loc.gov/METS/" xmlns:xlink="http://www.w3.org/TR/xlink/" xmlns:xsi="http://www.w3.org/2001/XMLSchema-instance" xmlns:dim="http://www.dspace.org/xmlns/dspace/dim" OBJEDIT="/admin/item?itemID=1698" OBJID="/handle/10255/dryad.1485" PROFILE="DSPACE METS SIP Profile 1.0" LABEL="DSpace Item" ID="hdl:10255/dryad.1485">
<mets:dmdSec GROUPID="group_dmd_0" ID="dmd_1">
<mets:mdWrap MDTYPE="OTHER" OTHERMDTYPE="DIM">
<mets:xmlData>
<dim:dim dspaceType="ITEM">
<dim:field element="contributor" qualifier="author" language="en" mdschema="dc">Beekman, Madeleine</dim:field>
<dim:field element="contributor" qualifier="author" language="en" mdschema="dc">Oldroyd, Ben</dim:field>
<dim:field element="contributor" qualifier="author" language="en" mdschema="dc">Allsopp, Michael</dim:field>
<dim:field element="contributor" qualifier="author" language="en" mdschema="dc">Wossler, Theresa</dim:field>
<dim:field element="contributor" qualifier="author" language="en" mdschema="dc">Holmes, Michael</dim:field>
<dim:field element="coverage" qualifier="spatial" language="en" mdschema="dc">Stellenbosch area (33°56’S, 18°51’E)</dim:field>
<dim:field element="coverage" qualifier="spatial" language="en" mdschema="dc">Western Cape</dim:field>
<dim:field element="coverage" qualifier="spatial" language="en" mdschema="dc">South Africa</dim:field>
<dim:field element="date" qualifier="accessioned" language="" mdschema="dc">2010-04-27T21:48:09Z</dim:field>
<dim:field element="date" qualifier="available" language="" mdschema="dc">2010-04-27T21:48:09Z</dim:field>
<dim:field element="date" qualifier="issued" language="" mdschema="dc">2010-04-27</dim:field>
<dim:field element="identifier" mdschema="dc">doi:10.5061/dryad.1484/1</dim:field>
<dim:field element="identifier" qualifier="uri" language="" mdschema="dc">http://hdl.handle.net/10255/dryad.1485</dim:field>
<dim:field element="relation" qualifier="ispartof" language="en" mdschema="dc">doi:10.5061/dryad.1484</dim:field>
<dim:field element="rights" qualifier="uri" language="en" mdschema="dc">http://creativecommons.org/publicdomain/zero/1.0/</dim:field>
<dim:field element="subject" language="en" mdschema="dc">Behavior/Social Evolution</dim:field>
<dim:field element="subject" language="en" mdschema="dc">Insects</dim:field>
<dim:field element="subject" language="en" mdschema="dc">Contemporary Evolution</dim:field>
<dim:field element="subject" language="en" mdschema="dc">Evolutionary Theory</dim:field>
<dim:field element="title" language="en" mdschema="dc">Genotypes of contents of queen cells</dim:field>
<dim:field element="type" language="en" mdschema="dc">Dataset</dim:field>
<dim:field element="ScientificName" language="en" mdschema="dwc">Apis mellifera capensis</dim:field>
<dim:field element="dryad" qualifier="pageviews">113</dim:field>
<dim:field element="dryad" qualifier="downloads">51</dim:field>
</dim:dim>
</mets:xmlData>
</mets:mdWrap>
</mets:dmdSec>
<mets:fileSec>
<mets:fileGrp USE="CONTENT">
<mets:file CHECKSUMTYPE="MD5" GROUPID="group_file_1111" ID="file_1111" MIMETYPE="application/pdf" SIZE="118603" CHECKSUM="536d1eb98b0956b67c273edf48213c17">
<mets:FLocat LOCTYPE="URL" xlink:title="Table S1 genotypesFinal.pdf" xlink:type="locator" xlink:href="/bitstream/handle/10255/dryad.1485/Table%20S1%20genotypesFinal.pdf?sequence=1"/>
</mets:file>
</mets:fileGrp>
<mets:fileGrp USE="TEXT">
<mets:file CHECKSUMTYPE="MD5" GROUPID="group_file_1111" ID="file_1348" MIMETYPE="text/plain" SIZE="14607" CHECKSUM="fd174eb132f882d00b5e71227f8371fd">
<mets:FLocat LOCTYPE="URL" xlink:title="Table S1 genotypesFinal.pdf.txt" xlink:label="Extracted text" xlink:type="locator" xlink:href="/bitstream/handle/10255/dryad.1485/Table%20S1%20genotypesFinal.pdf.txt?sequence=2"/>
</mets:file>
</mets:fileGrp>
</mets:fileSec>
<mets:structMap LABEL="DSpace" TYPE="LOGICAL">
<mets:div DMDID="dmd_1" TYPE="DSpace Item">
<mets:div ID="div_2" TYPE="DSpace Content Bitstream">
<mets:fptr FILEID="file_1111"/>
</mets:div>
</mets:div>
</mets:structMap>
</mets:METS>
