<?xml version="1.0" encoding="UTF-8"?>
<mets:METS xmlns:mets="http://www.loc.gov/METS/" xmlns:xlink="http://www.w3.org/TR/xlink/" xmlns:xsi="http://www.w3.org/2001/XMLSchema-instance" xmlns:dim="http://www.dspace.org/xmlns/dspace/dim" OBJEDIT="/admin/item?itemID=65876" OBJID="/handle/10255/dryad.53822" PROFILE="DSPACE METS SIP Profile 1.0" LABEL="DSpace Item" ID="hdl:10255/dryad.53822">
<mets:dmdSec GROUPID="group_dmd_0" ID="dmd_1">
<mets:mdWrap MDTYPE="OTHER" OTHERMDTYPE="DIM">
<mets:xmlData>
<dim:dim dspaceType="ITEM">
<dim:field element="contributor" qualifier="author" mdschema="dc">kkk, kkk</dim:field>
<dim:field element="identifier" mdschema="dc">doi:10.5061/dryad.12hr8/1</dim:field>
<dim:field element="relation" qualifier="ispartof" mdschema="dc">doi:10.5061/dryad.12hr8</dim:field>
<dim:field element="title" language="" mdschema="dc">aa</dim:field>
<dim:field element="type" language="*" mdschema="dc">Dataset</dim:field>
<dim:field element="type" qualifier="embargo" language="" mdschema="dc">untilArticleAppears</dim:field>
<dim:field element="externalIdentifier" mdschema="dryad">GenBank:aa</dim:field>
<dim:field element="workflow" qualifier="submitted" mdschema="internal">true</dim:field>
<dim:field element="dryad" qualifier="pageviews">0</dim:field>
<dim:field element="dryad" qualifier="downloads">0</dim:field>
</dim:dim>
</mets:xmlData>
</mets:mdWrap>
</mets:dmdSec>
<mets:fileSec>
<mets:fileGrp USE="CONTENT">
<mets:file ID="aa" SIZE="0">
<mets:FLocat LOCTYPE="URL" xlink:title="aa" xlink:type="locator" xlink:href="http://www.ncbi.nlm.nih.gov/nuccore/aa"/>
</mets:file>
</mets:fileGrp>
</mets:fileSec>
<mets:structMap LABEL="DSpace" TYPE="LOGICAL">
<mets:div DMDID="dmd_1" TYPE="DSpace Item"/>
</mets:structMap>
</mets:METS>
