<?xml version="1.0" encoding="UTF-8"?>
<mets:METS xmlns:mets="http://www.loc.gov/METS/" xmlns:xlink="http://www.w3.org/TR/xlink/" xmlns:xsi="http://www.w3.org/2001/XMLSchema-instance" xmlns:dim="http://www.dspace.org/xmlns/dspace/dim" OBJEDIT="/admin/item?itemID=54958" OBJID="/handle/10255/dryad.46534" PROFILE="DSPACE METS SIP Profile 1.0" LABEL="DSpace Item" ID="hdl:10255/dryad.46534">
<mets:dmdSec GROUPID="group_dmd_0" ID="dmd_1">
<mets:mdWrap MDTYPE="OTHER" OTHERMDTYPE="DIM">
<mets:xmlData>
<dim:dim dspaceType="ITEM">
<dim:field element="contributor" qualifier="author" language="" mdschema="dc">Lorioux, Sophie</dim:field>
<dim:field element="contributor" qualifier="author" language="" mdschema="dc">Vaugoyeau, Marie</dim:field>
<dim:field element="contributor" qualifier="author" language="" mdschema="dc">DeNardo, Dale F.</dim:field>
<dim:field element="contributor" qualifier="author" language="" mdschema="dc">Clobert, Jean</dim:field>
<dim:field element="contributor" qualifier="author" language="" mdschema="dc">Guillon, Michaël</dim:field>
<dim:field element="contributor" qualifier="author" language="" mdschema="dc">Lourdais, Olivier</dim:field>
<dim:field element="coverage" qualifier="spatial" language="" mdschema="dc">France</dim:field>
<dim:field element="date" qualifier="accessioned" language="" mdschema="dc">2013-02-12T17:23:02Z</dim:field>
<dim:field element="date" qualifier="issued" language="" mdschema="dc">2013-06-17</dim:field>
<dim:field element="identifier" language="" mdschema="dc">doi:10.5061/dryad.14hj1/5</dim:field>
<dim:field element="identifier" qualifier="uri" language="" mdschema="dc">http://hdl.handle.net/10255/dryad.46534</dim:field>
<dim:field element="description" language="" mdschema="dc">Traction force measured in aspic vipers one month after birth.</dim:field>
<dim:field element="relation" qualifier="ispartof" language="" mdschema="dc">doi:10.5061/dryad.14hj1</dim:field>
<dim:field element="rights" qualifier="uri" language="" mdschema="dc">http://creativecommons.org/publicdomain/zero/1.0/</dim:field>
<dim:field element="subject" confidence="NOVALUE" language="" mdschema="dc">embryonic thermal sensitivity</dim:field>
<dim:field element="subject" confidence="NOVALUE" language="" mdschema="dc">thermoregulation</dim:field>
<dim:field element="subject" confidence="NOVALUE" language="" mdschema="dc">offspring quality</dim:field>
<dim:field element="title" language="" mdschema="dc">DRYAD_Traction</dim:field>
<dim:field element="type" language="*" mdschema="dc">Dataset</dim:field>
<dim:field element="ScientificName" confidence="NOVALUE" language="" mdschema="dwc">Vipera aspis</dim:field>
<dim:field element="date" qualifier="embargoedUntil" language="" mdschema="dc">2014-06-17</dim:field>
<dim:field element="type" qualifier="embargo" language="" mdschema="dc">oneyear</dim:field>
<dim:field element="dryad" qualifier="pageviews">65</dim:field>
<dim:field element="dryad" qualifier="downloads">1</dim:field>
</dim:dim>
</mets:xmlData>
</mets:mdWrap>
</mets:dmdSec>
<mets:fileSec/>
<mets:structMap LABEL="DSpace" TYPE="LOGICAL">
<mets:div DMDID="dmd_1" TYPE="DSpace Item"/>
</mets:structMap>
</mets:METS>
