<?xml version="1.0" encoding="UTF-8"?>
<mets:METS xmlns:mets="http://www.loc.gov/METS/" xmlns:xlink="http://www.w3.org/TR/xlink/" xmlns:xsi="http://www.w3.org/2001/XMLSchema-instance" xmlns:dim="http://www.dspace.org/xmlns/dspace/dim" OBJEDIT="/admin/item?itemID=54174" OBJID="/handle/10255/dryad.46011" PROFILE="DSPACE METS SIP Profile 1.0" LABEL="DSpace Item" ID="hdl:10255/dryad.46011">
<mets:dmdSec GROUPID="group_dmd_0" ID="dmd_1">
<mets:mdWrap MDTYPE="OTHER" OTHERMDTYPE="DIM">
<mets:xmlData>
<dim:dim dspaceType="ITEM">
<dim:field element="contributor" qualifier="author" language="" mdschema="dc">Keller, Daniela</dim:field>
<dim:field element="contributor" qualifier="author" language="" mdschema="dc">Holderegger, Rolf</dim:field>
<dim:field element="contributor" qualifier="author" language="" mdschema="dc">Van Strien, Maarten J.</dim:field>
<dim:field element="coverage" qualifier="spatial" language="" mdschema="dc">Oberaargau Switzerland</dim:field>
<dim:field element="date" qualifier="accessioned" mdschema="dc">2013-01-25T16:09:21Z</dim:field>
<dim:field element="date" qualifier="issued" mdschema="dc">2013-01-25</dim:field>
<dim:field element="identifier" language="" mdschema="dc">doi:10.5061/dryad.17cm4/4</dim:field>
<dim:field element="identifier" mdschema="dc">doi:10.5061/dryad.17cm4/4</dim:field>
<dim:field element="identifier" qualifier="uri" mdschema="dc">http://hdl.handle.net/10255/dryad.46011</dim:field>
<dim:field element="relation" qualifier="ispartof" language="" mdschema="dc">doi:10.5061/dryad.17cm4</dim:field>
<dim:field element="rights" qualifier="uri" language="" mdschema="dc">http://creativecommons.org/publicdomain/zero/1.0/</dim:field>
<dim:field element="subject" confidence="NOVALUE" language="" mdschema="dc">Dispersal</dim:field>
<dim:field element="subject" confidence="NOVALUE" language="" mdschema="dc">gene flow</dim:field>
<dim:field element="subject" confidence="NOVALUE" language="" mdschema="dc">genetic clustering</dim:field>
<dim:field element="subject" confidence="NOVALUE" language="" mdschema="dc">isolation by distance</dim:field>
<dim:field element="subject" confidence="NOVALUE" language="" mdschema="dc">population network</dim:field>
<dim:field element="title" language="" mdschema="dc">predictor_variables</dim:field>
<dim:field element="type" language="*" mdschema="dc">Dataset</dim:field>
<dim:field element="ScientificName" confidence="NOVALUE" language="" mdschema="dwc">Stethophyma grossum</dim:field>
<dim:field element="ScientificName" confidence="FAILED" language="" mdschema="dwc">Orthoptera</dim:field>
<dim:field element="date" qualifier="embargoedUntil" mdschema="dc">9999-01-01</dim:field>
<dim:field element="type" qualifier="embargo" language="" mdschema="dc">oneyear</dim:field>
<dim:field element="dryad" qualifier="pageviews">38</dim:field>
<dim:field element="dryad" qualifier="downloads">5</dim:field>
</dim:dim>
</mets:xmlData>
</mets:mdWrap>
</mets:dmdSec>
<mets:fileSec/>
<mets:structMap LABEL="DSpace" TYPE="LOGICAL">
<mets:div DMDID="dmd_1" TYPE="DSpace Item"/>
</mets:structMap>
</mets:METS>
