<?xml version="1.0" encoding="UTF-8"?>
<mets:METS xmlns:mets="http://www.loc.gov/METS/" xmlns:xlink="http://www.w3.org/TR/xlink/" xmlns:xsi="http://www.w3.org/2001/XMLSchema-instance" xmlns:dim="http://www.dspace.org/xmlns/dspace/dim" OBJEDIT="/admin/item?itemID=1707" OBJID="/handle/10255/dryad.1493" PROFILE="DSPACE METS SIP Profile 1.0" LABEL="DSpace Item" ID="hdl:10255/dryad.1493">
<mets:dmdSec GROUPID="group_dmd_0" ID="dmd_1">
<mets:mdWrap MDTYPE="OTHER" OTHERMDTYPE="DIM">
<mets:xmlData>
<dim:dim dspaceType="ITEM">
<dim:field element="contributor" qualifier="author" language="en" mdschema="dc">Hereford, Joe</dim:field>
<dim:field element="coverage" qualifier="spatial" language="en" mdschema="dc">world wide</dim:field>
<dim:field element="coverage" qualifier="temporal" language="en" mdschema="dc">Holocene</dim:field>
<dim:field element="date" qualifier="accessioned" language="" mdschema="dc">2010-04-28T20:44:59Z</dim:field>
<dim:field element="date" qualifier="available" language="" mdschema="dc">2010-04-28T20:44:59Z</dim:field>
<dim:field element="date" qualifier="issued" language="" mdschema="dc">2010-01-15</dim:field>
<dim:field element="identifier" language="" mdschema="dc">doi:10.5061/dryad.1492/1</dim:field>
<dim:field element="identifier" qualifier="uri" language="" mdschema="dc">http://hdl.handle.net/10255/dryad.1493</dim:field>
<dim:field element="description" language="en" mdschema="dc">These data were collected from the original publications.</dim:field>
<dim:field element="relation" qualifier="ispartof" language="en" mdschema="dc">doi:10.5061/dryad.1492</dim:field>
<dim:field element="rights" qualifier="uri" language="en" mdschema="dc">http://creativecommons.org/publicdomain/zero/1.0/</dim:field>
<dim:field element="subject" language="en" mdschema="dc">fitness</dim:field>
<dim:field element="subject" language="en" mdschema="dc">genotype by environment interaction</dim:field>
<dim:field element="subject" language="en" mdschema="dc">meta-analysis</dim:field>
<dim:field element="subject" language="en" mdschema="dc">natural selection</dim:field>
<dim:field element="subject" language="en" mdschema="dc">reciprocal transplant</dim:field>
<dim:field element="subject" language="en" mdschema="dc">self-compatibility</dim:field>
<dim:field element="subject" language="en" mdschema="dc">adaptation</dim:field>
<dim:field element="title" language="en" mdschema="dc">File of individual observations from published studies</dim:field>
<dim:field element="type" language="en" mdschema="dc">Dataset</dim:field>
<dim:field element="ScientificName" language="en" mdschema="dwc">Plantae</dim:field>
<dim:field element="dryad" qualifier="pageviews">157</dim:field>
<dim:field element="dryad" qualifier="downloads">71</dim:field>
</dim:dim>
</mets:xmlData>
</mets:mdWrap>
</mets:dmdSec>
<mets:fileSec>
<mets:fileGrp USE="CONTENT">
<mets:file CHECKSUMTYPE="MD5" GROUPID="group_file_1113" ID="file_1113" MIMETYPE="application/vnd.ms-excel" SIZE="781312" CHECKSUM="e9d4c13c27f0c575f2887501abf53b53">
<mets:FLocat LOCTYPE="URL" xlink:title="Hereford_LA_dataset.xls" xlink:type="locator" xlink:href="/bitstream/handle/10255/dryad.1493/Hereford_LA_dataset.xls?sequence=1"/>
</mets:file>
</mets:fileGrp>
</mets:fileSec>
<mets:structMap LABEL="DSpace" TYPE="LOGICAL">
<mets:div DMDID="dmd_1" TYPE="DSpace Item">
<mets:div ID="div_2" TYPE="DSpace Content Bitstream">
<mets:fptr FILEID="file_1113"/>
</mets:div>
</mets:div>
</mets:structMap>
</mets:METS>
