<?xml version="1.0" encoding="UTF-8"?>
<mets:METS xmlns:mets="http://www.loc.gov/METS/" xmlns:xlink="http://www.w3.org/TR/xlink/" xmlns:xsi="http://www.w3.org/2001/XMLSchema-instance" xmlns:dim="http://www.dspace.org/xmlns/dspace/dim" OBJEDIT="/admin/item?itemID=1694" OBJID="/handle/10255/dryad.1481" PROFILE="DSPACE METS SIP Profile 1.0" LABEL="DSpace Item" ID="hdl:10255/dryad.1481">
<mets:dmdSec GROUPID="group_dmd_0" ID="dmd_1">
<mets:mdWrap MDTYPE="OTHER" OTHERMDTYPE="DIM">
<mets:xmlData>
<dim:dim dspaceType="ITEM">
<dim:field element="contributor" qualifier="author" language="en" mdschema="dc">Anthes, Nils</dim:field>
<dim:field element="contributor" qualifier="author" language="en" mdschema="dc">David, Patrice</dim:field>
<dim:field element="contributor" qualifier="author" language="en" mdschema="dc">Auld, Josh R</dim:field>
<dim:field element="contributor" qualifier="author" language="en" mdschema="dc">Hoffer, Jeroen N</dim:field>
<dim:field element="contributor" qualifier="author" language="en" mdschema="dc">Jarne, Philippe</dim:field>
<dim:field element="contributor" qualifier="author" language="en" mdschema="dc">Koene, Joris M</dim:field>
<dim:field element="contributor" qualifier="author" language="en" mdschema="dc">Kokko, Hanna</dim:field>
<dim:field element="contributor" qualifier="author" language="en" mdschema="dc">Lorenzi, Cristina M</dim:field>
<dim:field element="contributor" qualifier="author" language="en" mdschema="dc">Pélissié, Benjamin</dim:field>
<dim:field element="contributor" qualifier="author" language="en" mdschema="dc">Sprenger, Dennis</dim:field>
<dim:field element="contributor" qualifier="author" language="en" mdschema="dc">Staikou, Alexandra</dim:field>
<dim:field element="contributor" qualifier="author" language="en" mdschema="dc">Schärer, Lukas</dim:field>
<dim:field element="date" qualifier="accessioned" language="" mdschema="dc">2010-04-27T14:23:42Z</dim:field>
<dim:field element="date" qualifier="available" language="" mdschema="dc">2010-04-27T14:23:42Z</dim:field>
<dim:field element="date" qualifier="issued" language="" mdschema="dc">2010-04-27</dim:field>
<dim:field element="identifier" mdschema="dc">doi:10.5061/dryad.1480/1</dim:field>
<dim:field element="identifier" qualifier="uri" language="" mdschema="dc">http://hdl.handle.net/10255/dryad.1481</dim:field>
<dim:field element="description" language="en" mdschema="dc">Details of sampling procedures and calculations performed with this sample dataset are available in Online Appendix B of the corresponding publication</dim:field>
<dim:field element="relation" qualifier="ispartof" language="en" mdschema="dc">doi:10.5061/dryad.1480</dim:field>
<dim:field element="rights" qualifier="uri" language="en" mdschema="dc">http://creativecommons.org/publicdomain/zero/1.0/</dim:field>
<dim:field element="subject" language="en" mdschema="dc">Behavior: reproductive</dim:field>
<dim:field element="subject" language="en" mdschema="dc">Conflict: sexual</dim:field>
<dim:field element="subject" language="en" mdschema="dc">Ecology: behavioral</dim:field>
<dim:field element="subject" language="en" mdschema="dc">Ecology: evolutionary</dim:field>
<dim:field element="subject" language="en" mdschema="dc">Mating systems</dim:field>
<dim:field element="subject" language="en" mdschema="dc">Selection: sexual</dim:field>
<dim:field element="title" language="en" mdschema="dc">Biomphalaria glabrata sample data for Bateman gradient analysis</dim:field>
<dim:field element="type" language="en" mdschema="dc">Dataset</dim:field>
<dim:field element="ScientificName" language="en" mdschema="dwc">Biomphalaria glabrata</dim:field>
<dim:field element="dryad" qualifier="pageviews">221</dim:field>
<dim:field element="dryad" qualifier="downloads">67</dim:field>
</dim:dim>
</mets:xmlData>
</mets:mdWrap>
</mets:dmdSec>
<mets:fileSec>
<mets:fileGrp USE="CONTENT">
<mets:file CHECKSUMTYPE="MD5" GROUPID="group_file_1110" ID="file_1110" MIMETYPE="application/vnd.ms-excel" SIZE="18432" CHECKSUM="3fbd6b5ee5b28d6c2996bc5ea9de395b">
<mets:FLocat LOCTYPE="URL" xlink:title="SampleDataset.XLS" xlink:type="locator" xlink:href="/bitstream/handle/10255/dryad.1481/SampleDataset.XLS?sequence=1"/>
</mets:file>
</mets:fileGrp>
</mets:fileSec>
<mets:structMap LABEL="DSpace" TYPE="LOGICAL">
<mets:div DMDID="dmd_1" TYPE="DSpace Item">
<mets:div ID="div_2" TYPE="DSpace Content Bitstream">
<mets:fptr FILEID="file_1110"/>
</mets:div>
</mets:div>
</mets:structMap>
</mets:METS>
