<?xml version="1.0" encoding="UTF-8"?>
<mets:METS xmlns:mets="http://www.loc.gov/METS/" xmlns:xlink="http://www.w3.org/TR/xlink/" xmlns:xsi="http://www.w3.org/2001/XMLSchema-instance" xmlns:dim="http://www.dspace.org/xmlns/dspace/dim" OBJEDIT="/admin/item?itemID=1179" OBJID="/handle/10255/dryad.1027" PROFILE="DSPACE METS SIP Profile 1.0" LABEL="DSpace Item" ID="hdl:10255/dryad.1027">
<mets:dmdSec GROUPID="group_dmd_0" ID="dmd_1">
<mets:mdWrap MDTYPE="OTHER" OTHERMDTYPE="DIM">
<mets:xmlData>
<dim:dim dspaceType="ITEM">
<dim:field element="contributor" qualifier="author" language="en" mdschema="dc">Hsieh, Wen-Ping</dim:field>
<dim:field element="contributor" qualifier="author" language="en" mdschema="dc">Passador-Gurgel, Gisele</dim:field>
<dim:field element="contributor" qualifier="author" language="en" mdschema="dc">Stone, Eric A.</dim:field>
<dim:field element="contributor" qualifier="author" language="en" mdschema="dc">Gibson, Greg</dim:field>
<dim:field element="date" qualifier="accessioned" language="" mdschema="dc">2009-10-28T19:09:13Z</dim:field>
<dim:field element="date" qualifier="available" language="" mdschema="dc">2009-10-28T19:09:13Z</dim:field>
<dim:field element="date" qualifier="issued" language="" mdschema="dc">2009-10-28T19:09:13Z</dim:field>
<dim:field element="identifier" mdschema="dc">doi:10.5061/dryad.1019/8</dim:field>
<dim:field element="identifier" qualifier="uri" language="" mdschema="dc">http://hdl.handle.net/10255/dryad.1027</dim:field>
<dim:field element="relation" qualifier="ispartof" language="en" mdschema="dc">doi:10.5061/dryad.1019</dim:field>
<dim:field element="rights" qualifier="uri" language="en" mdschema="dc">http://creativecommons.org/publicdomain/zero/1.0/</dim:field>
<dim:field element="title" language="en" mdschema="dc">SAS Code</dim:field>
<dim:field element="type" language="en" mdschema="dc">Dataset</dim:field>
<dim:field element="status" language="" mdschema="dryad">scanned</dim:field>
<dim:field element="dryad" qualifier="pageviews">208</dim:field>
<dim:field element="dryad" qualifier="downloads">109</dim:field>
</dim:dim>
</mets:xmlData>
</mets:mdWrap>
</mets:dmdSec>
<mets:fileSec>
<mets:fileGrp USE="CONTENT">
<mets:file CHECKSUMTYPE="MD5" GROUPID="group_file_895" ID="file_895" MIMETYPE="application/msword" SIZE="25600" CHECKSUM="78fb7b97bd21d3ca2c376dec0a3bc82d">
<mets:FLocat LOCTYPE="URL" xlink:title="SAS scripts.doc" xlink:type="locator" xlink:href="/bitstream/handle/10255/dryad.1027/SAS%20scripts.doc?sequence=1"/>
</mets:file>
</mets:fileGrp>
<mets:fileGrp USE="TEXT">
<mets:file CHECKSUMTYPE="MD5" GROUPID="group_file_895" ID="file_1398" MIMETYPE="text/plain" SIZE="2340" CHECKSUM="b14a44489a3ff3c17e7e9a354f7d4114">
<mets:FLocat LOCTYPE="URL" xlink:title="SAS scripts.doc.txt" xlink:label="Extracted text" xlink:type="locator" xlink:href="/bitstream/handle/10255/dryad.1027/SAS%20scripts.doc.txt?sequence=2"/>
</mets:file>
</mets:fileGrp>
</mets:fileSec>
<mets:structMap LABEL="DSpace" TYPE="LOGICAL">
<mets:div DMDID="dmd_1" TYPE="DSpace Item">
<mets:div ID="div_2" TYPE="DSpace Content Bitstream">
<mets:fptr FILEID="file_895"/>
</mets:div>
</mets:div>
</mets:structMap>
</mets:METS>
