<?xml version="1.0" encoding="UTF-8"?>
<mets:METS xmlns:mets="http://www.loc.gov/METS/" xmlns:xlink="http://www.w3.org/TR/xlink/" xmlns:xsi="http://www.w3.org/2001/XMLSchema-instance" xmlns:dim="http://www.dspace.org/xmlns/dspace/dim" OBJEDIT="/admin/item?itemID=50005" OBJID="/handle/10255/dryad.43291" PROFILE="DSPACE METS SIP Profile 1.0" LABEL="DSpace Item" ID="hdl:10255/dryad.43291">
<mets:dmdSec GROUPID="group_dmd_0" ID="dmd_1">
<mets:mdWrap MDTYPE="OTHER" OTHERMDTYPE="DIM">
<mets:xmlData>
<dim:dim dspaceType="ITEM">
<dim:field element="contributor" qualifier="author" language="" mdschema="dc">Flechas, Sandra V.</dim:field>
<dim:field element="contributor" qualifier="author" language="" mdschema="dc">Crawford, Andrew J.</dim:field>
<dim:field element="contributor" qualifier="author" language="" mdschema="dc">Restrepo, Silvia</dim:field>
<dim:field element="contributor" qualifier="author" language="" mdschema="dc">Medina, Edgar M.</dim:field>
<dim:field element="contributor" qualifier="author" language="" mdschema="dc">Cardenas, Martha E.</dim:field>
<dim:field element="contributor" qualifier="author" language="" mdschema="dc">Sarmiento, Carolina</dim:field>
<dim:field element="contributor" qualifier="author" language="" mdschema="dc">Amezquita, Adolfo</dim:field>
<dim:field element="coverage" qualifier="spatial" language="" mdschema="dc">Colombia</dim:field>
<dim:field element="coverage" qualifier="spatial" language="" mdschema="dc">Departamento de Cundinamarca</dim:field>
<dim:field element="coverage" qualifier="spatial" language="" mdschema="dc">Ubaque</dim:field>
<dim:field element="date" qualifier="accessioned" mdschema="dc">2013-05-10T19:28:23Z</dim:field>
<dim:field element="date" qualifier="available" mdschema="dc">2013-05-10T19:28:23Z</dim:field>
<dim:field element="date" qualifier="issued" mdschema="dc">2013-05-10</dim:field>
<dim:field element="identifier" language="" mdschema="dc">doi:10.5061/dryad.1b68v/1</dim:field>
<dim:field element="identifier" mdschema="dc">doi:10.5061/dryad.1b68v/1</dim:field>
<dim:field element="identifier" qualifier="uri" mdschema="dc">http://hdl.handle.net/10255/dryad.43291</dim:field>
<dim:field element="description" language="" mdschema="dc">Multi-locus genotype data from strain EV001 of Batrachochytrium dendrobatidis isolated from Ubaque, Cundinamarca, Colombia. Genetic data were generated by direct Sanger sequencing using the 17 markers reported in: James TY, Litvintseva AP, Vilgalys R, Morgan JAT, Taylor JW, Fisher MC, et al. (2009). Rapid global expansion of the fungal disease chytridiomycosis into declining and healthy amphibian populations. PLoS Pathogens 5:e1000458. doi: 10.1371/journal.ppat.1000458</dim:field>
<dim:field element="relation" qualifier="ispartof" language="" mdschema="dc">doi:10.5061/dryad.1b68v</dim:field>
<dim:field element="rights" qualifier="uri" language="" mdschema="dc">http://creativecommons.org/publicdomain/zero/1.0/</dim:field>
<dim:field element="subject" confidence="NOVALUE" language="" mdschema="dc">epizootic</dim:field>
<dim:field element="subject" confidence="NOVALUE" language="" mdschema="dc">chytridiomycosis</dim:field>
<dim:field element="subject" confidence="NOVALUE" language="" mdschema="dc">pathogen</dim:field>
<dim:field element="subject" confidence="NOVALUE" language="" mdschema="dc">multi-locus genotyping</dim:field>
<dim:field element="subject" confidence="FAILED" language="" mdschema="dc">chytrid fungus</dim:field>
<dim:field element="title" language="" mdschema="dc">multi-locus genotyping at 17 markers of Batrachochytrium strain EV001</dim:field>
<dim:field element="type" language="*" mdschema="dc">Dataset</dim:field>
<dim:field element="ScientificName" confidence="NOVALUE" language="" mdschema="dwc">Batrachochytrium dendrobatidis</dim:field>
<dim:field element="type" qualifier="embargo" language="en" mdschema="dc">none</dim:field>
<dim:field element="dryad" qualifier="pageviews">55</dim:field>
<dim:field element="dryad" qualifier="downloads">104</dim:field>
</dim:dim>
</mets:xmlData>
</mets:mdWrap>
</mets:dmdSec>
<mets:fileSec>
<mets:fileGrp USE="CONTENT">
<mets:file CHECKSUMTYPE="MD5" GROUPID="group_file_126126" ID="file_126126" MIMETYPE="text/plain" SIZE="1702" CHECKSUM="78f4ca6c46b3fd2825f2103bf321d2b6">
<mets:FLocat LOCTYPE="URL" xlink:title="README.txt" xlink:label="dc_readme" xlink:type="locator" xlink:href="/bitstream/handle/10255/dryad.43291/README.txt?sequence=1"/>
</mets:file>
<mets:file CHECKSUMTYPE="MD5" GROUPID="group_file_126127" ID="file_126127" MIMETYPE="text/plain" SIZE="38430" CHECKSUM="204f43054157a424105fdbcdb6ca9ec6">
<mets:FLocat LOCTYPE="URL" xlink:title="James_n_Flechas_12_Bd_Global_genetic_var_FINAL.nex" xlink:label="dataset-file" xlink:type="locator" xlink:href="/bitstream/handle/10255/dryad.43291/James_n_Flechas_12_Bd_Global_genetic_var_FINAL.nex?sequence=2"/>
</mets:file>
</mets:fileGrp>
</mets:fileSec>
<mets:structMap LABEL="DSpace" TYPE="LOGICAL">
<mets:div DMDID="dmd_1" TYPE="DSpace Item">
<mets:div ID="div_2" TYPE="DSpace Content Bitstream">
<mets:fptr FILEID="file_126126"/>
</mets:div>
<mets:div ID="div_3" TYPE="DSpace Content Bitstream">
<mets:fptr FILEID="file_126127"/>
</mets:div>
</mets:div>
</mets:structMap>
</mets:METS>
