<?xml version="1.0" encoding="UTF-8"?>
<mets:METS xmlns:mets="http://www.loc.gov/METS/" xmlns:xlink="http://www.w3.org/TR/xlink/" xmlns:xsi="http://www.w3.org/2001/XMLSchema-instance" xmlns:dim="http://www.dspace.org/xmlns/dspace/dim" OBJEDIT="/admin/item?itemID=48444" OBJID="/handle/10255/dryad.42252" PROFILE="DSPACE METS SIP Profile 1.0" LABEL="DSpace Item" ID="hdl:10255/dryad.42252">
<mets:dmdSec GROUPID="group_dmd_0" ID="dmd_1">
<mets:mdWrap MDTYPE="OTHER" OTHERMDTYPE="DIM">
<mets:xmlData>
<dim:dim dspaceType="ITEM">
<dim:field element="contributor" qualifier="author" mdschema="dc">Bastardo, Asmine</dim:field>
<dim:field element="contributor" qualifier="author" mdschema="dc">Ravelo, Carmen</dim:field>
<dim:field element="contributor" qualifier="author" mdschema="dc">Romalde, Jesús</dim:field>
<dim:field element="identifier" mdschema="dc">doi:10.5061/dryad.160rj/1</dim:field>
<dim:field element="description" language="" mdschema="dc">supplementary Figure S1 to be published on-line</dim:field>
<dim:field element="relation" qualifier="ispartof" mdschema="dc">doi:10.5061/dryad.160rj</dim:field>
<dim:field element="rights" qualifier="uri" mdschema="dc">http://creativecommons.org/publicdomain/zero/1.0/</dim:field>
<dim:field element="subject" confidence="NOVALUE" language="" mdschema="dc">Phylogeography</dim:field>
<dim:field element="subject" confidence="NOVALUE" language="" mdschema="dc">biogeography</dim:field>
<dim:field element="subject" confidence="NOVALUE" language="" mdschema="dc">Yersinia ruckeri</dim:field>
<dim:field element="subject" confidence="NOVALUE" language="" mdschema="dc">ERM</dim:field>
<dim:field element="subject" confidence="NOVALUE" language="" mdschema="dc">genetic structure</dim:field>
<dim:field element="subject" confidence="NOVALUE" language="" mdschema="dc">population changes</dim:field>
<dim:field element="subject" confidence="NOVALUE" language="" mdschema="dc">aquaculture</dim:field>
<dim:field element="title" language="" mdschema="dc">Figure S1</dim:field>
<dim:field element="type" language="*" mdschema="dc">Dataset</dim:field>
<dim:field element="ScientificName" confidence="NOVALUE" language="" mdschema="dwc">Yersinia ruckeri</dim:field>
<dim:field element="dryad" qualifier="pageviews">0</dim:field>
<dim:field element="dryad" qualifier="downloads">0</dim:field>
</dim:dim>
</mets:xmlData>
</mets:mdWrap>
</mets:dmdSec>
<mets:fileSec/>
<mets:structMap LABEL="DSpace" TYPE="LOGICAL">
<mets:div DMDID="dmd_1" TYPE="DSpace Item"/>
</mets:structMap>
</mets:METS>
