<?xml version="1.0" encoding="UTF-8"?>
<mets:METS xmlns:mets="http://www.loc.gov/METS/" xmlns:xlink="http://www.w3.org/TR/xlink/" xmlns:xsi="http://www.w3.org/2001/XMLSchema-instance" xmlns:dim="http://www.dspace.org/xmlns/dspace/dim" OBJEDIT="/admin/item?itemID=1834" OBJID="/handle/10255/dryad.1605" PROFILE="DSPACE METS SIP Profile 1.0" LABEL="DSpace Item" ID="hdl:10255/dryad.1605">
<mets:dmdSec GROUPID="group_dmd_0" ID="dmd_1">
<mets:mdWrap MDTYPE="OTHER" OTHERMDTYPE="DIM">
<mets:xmlData>
<dim:dim dspaceType="ITEM">
<dim:field element="contributor" qualifier="author" language="en" mdschema="dc">Jaatinen, Kim</dim:field>
<dim:field element="contributor" qualifier="author" language="en" mdschema="dc">Jaari, Sonja</dim:field>
<dim:field element="contributor" qualifier="author" language="en" mdschema="dc">O'Hara, Robert</dim:field>
<dim:field element="contributor" qualifier="author" language="en" mdschema="dc">Öst, Markus</dim:field>
<dim:field element="contributor" qualifier="author" language="en" mdschema="dc">Merilä, Juha</dim:field>
<dim:field element="coverage" qualifier="spatial" language="en" mdschema="dc">Riske Creek</dim:field>
<dim:field element="coverage" qualifier="spatial" language="en" mdschema="dc">British Columbia</dim:field>
<dim:field element="coverage" qualifier="spatial" language="en" mdschema="dc">Canada</dim:field>
<dim:field element="coverage" qualifier="temporal" language="en" mdschema="dc">Cenozoic</dim:field>
<dim:field element="date" qualifier="accessioned" language="" mdschema="dc">2010-06-02T11:41:20Z</dim:field>
<dim:field element="date" qualifier="available" language="" mdschema="dc">2010-06-02T11:41:20Z</dim:field>
<dim:field element="date" qualifier="issued" language="" mdschema="dc">2010-06-02</dim:field>
<dim:field element="identifier" mdschema="dc">doi:10.5061/dryad.1600/5</dim:field>
<dim:field element="identifier" qualifier="uri" language="" mdschema="dc">http://hdl.handle.net/10255/dryad.1605</dim:field>
<dim:field element="description" language="en" mdschema="dc">File containing information on females in the study, including age (minimum age based on ringing data), condition (residuals from regression of weight on structural size; not used in the manuscript) and breeding pond number.</dim:field>
<dim:field element="relation" qualifier="ispartof" language="en" mdschema="dc">doi:10.5061/dryad.1600</dim:field>
<dim:field element="rights" qualifier="uri" language="en" mdschema="dc">http://creativecommons.org/publicdomain/zero/1.0/</dim:field>
<dim:field element="subject" language="en" mdschema="dc">Animal Mating/Breeding Systems</dim:field>
<dim:field element="subject" language="en" mdschema="dc">Behavior/Social Evolution</dim:field>
<dim:field element="subject" language="en" mdschema="dc">Birds</dim:field>
<dim:field element="subject" language="en" mdschema="dc">Ecological Genetics</dim:field>
<dim:field element="subject" language="en" mdschema="dc">Host Parasite Interactions</dim:field>
<dim:field element="title" language="en" mdschema="dc">FemaleData.csv</dim:field>
<dim:field element="type" language="en" mdschema="dc">Dataset</dim:field>
<dim:field element="ScientificName" language="en" mdschema="dwc">Bucephala islandica</dim:field>
<dim:field element="dryad" qualifier="pageviews">104</dim:field>
<dim:field element="dryad" qualifier="downloads">33</dim:field>
</dim:dim>
</mets:xmlData>
</mets:mdWrap>
</mets:dmdSec>
<mets:fileSec>
<mets:fileGrp USE="CONTENT">
<mets:file CHECKSUMTYPE="MD5" GROUPID="group_file_1167" ID="file_1167" MIMETYPE="text/csv" SIZE="10162" CHECKSUM="dc1908b7319757b67e3dce46965463dc">
<mets:FLocat LOCTYPE="URL" xlink:title="Relatedness.csv" xlink:type="locator" xlink:href="/bitstream/handle/10255/dryad.1605/Relatedness.csv?sequence=1"/>
</mets:file>
</mets:fileGrp>
</mets:fileSec>
<mets:structMap LABEL="DSpace" TYPE="LOGICAL">
<mets:div DMDID="dmd_1" TYPE="DSpace Item">
<mets:div ID="div_2" TYPE="DSpace Content Bitstream">
<mets:fptr FILEID="file_1167"/>
</mets:div>
</mets:div>
</mets:structMap>
</mets:METS>
