<?xml version="1.0" encoding="UTF-8"?>
<mets:METS xmlns:mets="http://www.loc.gov/METS/" xmlns:xlink="http://www.w3.org/TR/xlink/" xmlns:xsi="http://www.w3.org/2001/XMLSchema-instance" xmlns:dim="http://www.dspace.org/xmlns/dspace/dim" OBJEDIT="/admin/item?itemID=2275" OBJID="/handle/10255/dryad.1976" PROFILE="DSPACE METS SIP Profile 1.0" LABEL="DSpace Item" ID="hdl:10255/dryad.1976">
<mets:dmdSec GROUPID="group_dmd_0" ID="dmd_1">
<mets:mdWrap MDTYPE="OTHER" OTHERMDTYPE="DIM">
<mets:xmlData>
<dim:dim dspaceType="ITEM">
<dim:field element="contributor" language="" mdschema="dc">McPeek, Mark A.</dim:field>
<dim:field element="contributor" language="" mdschema="dc">Symes, Laurel B.</dim:field>
<dim:field element="contributor" language="" mdschema="dc">Zong, Denise M.</dim:field>
<dim:field element="contributor" language="" mdschema="dc">McPeek, Curtis L.</dim:field>
<dim:field element="coverage" qualifier="spatial" language="en" mdschema="dc">North America</dim:field>
<dim:field element="date" qualifier="accessioned" language="" mdschema="dc">2010-09-14T15:45:16Z</dim:field>
<dim:field element="date" qualifier="available" language="" mdschema="dc">2010-09-30T06:30:06Z</dim:field>
<dim:field element="date" qualifier="issued" language="" mdschema="dc">2010-09-14</dim:field>
<dim:field element="identifier" mdschema="dc">doi:10.5061/dryad.1975/1</dim:field>
<dim:field element="identifier" qualifier="uri" language="" mdschema="dc">http://hdl.handle.net/10255/dryad.1976</dim:field>
<dim:field element="description" language="en" mdschema="dc">This zip file contains the original triangualr mesh models of all specimens analyzed in this paper, and the registered spherical harmonic (SPHARM) models that were derived from these models.  The triangular mesh files are ASCII files, and each has a corresponding file (same file name but with an LandmarkAscii file extension) that contains seven landmarks used to spatially register them to one another.  The SPHARM models are in a directory, and are in Matlab .MAT format.</dim:field>
<dim:field element="relation" qualifier="ispartof" language="" mdschema="dc">doi:10.5061/dryad.1975</dim:field>
<dim:field element="rights" qualifier="uri" language="" mdschema="dc">http://creativecommons.org/publicdomain/zero/1.0/</dim:field>
<dim:field element="subject" language="en" mdschema="dc">Signaling/Courtship</dim:field>
<dim:field element="subject" language="en" mdschema="dc">Population Variation</dim:field>
<dim:field element="subject" language="en" mdschema="dc">Species Recognition</dim:field>
<dim:field element="subject" language="en" mdschema="dc">mate choice</dim:field>
<dim:field element="title" language="en" mdschema="dc">Enallagma Cerci Models</dim:field>
<dim:field element="ScientificName" language="en" mdschema="dwc">Enallagma</dim:field>
<dim:field element="ScientificName" language="en" mdschema="dwc">Odonata</dim:field>
<dim:field element="ScientificName" language="en" mdschema="dwc">Zygoptera</dim:field>
<dim:field element="type" qualifier="embargo" language="en" mdschema="dc">untilArticleAppears</dim:field>
<dim:field element="dryad" qualifier="pageviews">151</dim:field>
<dim:field element="dryad" qualifier="downloads">45</dim:field>
</dim:dim>
</mets:xmlData>
</mets:mdWrap>
</mets:dmdSec>
<mets:fileSec>
<mets:fileGrp USE="CONTENT">
<mets:file CHECKSUMTYPE="MD5" GROUPID="group_file_1742" ID="file_1742" MIMETYPE="application/zip" SIZE="147180065" CHECKSUM="7cc0cb557a7996ec925d7ab557b6ae32">
<mets:FLocat LOCTYPE="URL" xlink:title="Enallagma Cerci Models.ZIP" xlink:label="dataset-file" xlink:type="locator" xlink:href="/bitstream/handle/10255/dryad.1976/Enallagma%20Cerci%20Models.ZIP?sequence=1"/>
</mets:file>
</mets:fileGrp>
</mets:fileSec>
<mets:structMap LABEL="DSpace" TYPE="LOGICAL">
<mets:div DMDID="dmd_1" TYPE="DSpace Item">
<mets:div ID="div_2" TYPE="DSpace Content Bitstream">
<mets:fptr FILEID="file_1742"/>
</mets:div>
</mets:div>
</mets:structMap>
</mets:METS>
