<?xml version="1.0" encoding="UTF-8"?>
<mets:METS xmlns:mets="http://www.loc.gov/METS/" xmlns:xlink="http://www.w3.org/TR/xlink/" xmlns:xsi="http://www.w3.org/2001/XMLSchema-instance" xmlns:dim="http://www.dspace.org/xmlns/dspace/dim" OBJEDIT="/admin/item?itemID=48586" OBJID="/handle/10255/dryad.42334" PROFILE="DSPACE METS SIP Profile 1.0" LABEL="DSpace Item" ID="hdl:10255/dryad.42334">
<mets:dmdSec GROUPID="group_dmd_0" ID="dmd_1">
<mets:mdWrap MDTYPE="OTHER" OTHERMDTYPE="DIM">
<mets:xmlData>
<dim:dim dspaceType="ITEM">
<dim:field element="contributor" qualifier="author" mdschema="dc">Copeland, Emily K.</dim:field>
<dim:field element="contributor" qualifier="author" mdschema="dc">Fedorka, Kenneth M.</dim:field>
<dim:field element="identifier" mdschema="dc">doi:10.5061/dryad.14654/1</dim:field>
<dim:field element="description" language="" mdschema="dc">Data in text format (tab delimited)</dim:field>
<dim:field element="relation" qualifier="ispartof" mdschema="dc">doi:10.5061/dryad.14654</dim:field>
<dim:field element="rights" qualifier="uri" mdschema="dc">http://creativecommons.org/publicdomain/zero/1.0/</dim:field>
<dim:field element="subject" confidence="NOVALUE" language="" mdschema="dc">dishonest signal</dim:field>
<dim:field element="subject" confidence="NOVALUE" language="" mdschema="dc">residual reproductive value</dim:field>
<dim:field element="subject" confidence="NOVALUE" language="" mdschema="dc">sexual conflict</dim:field>
<dim:field element="subject" confidence="NOVALUE" language="" mdschema="dc">Trade-off</dim:field>
<dim:field element="subject" confidence="NOVALUE" language="" mdschema="dc">reproductive acceleration</dim:field>
<dim:field element="title" language="" mdschema="dc">dryad data</dim:field>
<dim:field element="type" language="*" mdschema="dc">Dataset</dim:field>
<dim:field element="ScientificName" confidence="NOVALUE" language="" mdschema="dwc">Allonemobius socius</dim:field>
<dim:field element="type" qualifier="embargo" language="" mdschema="dc">oneyear</dim:field>
<dim:field element="workflow" qualifier="submitted" mdschema="internal">true</dim:field>
<dim:field element="dryad" qualifier="pageviews">0</dim:field>
<dim:field element="dryad" qualifier="downloads">0</dim:field>
</dim:dim>
</mets:xmlData>
</mets:mdWrap>
</mets:dmdSec>
<mets:fileSec/>
<mets:structMap LABEL="DSpace" TYPE="LOGICAL">
<mets:div DMDID="dmd_1" TYPE="DSpace Item"/>
</mets:structMap>
</mets:METS>
