<?xml version="1.0" encoding="UTF-8"?>
<mets:METS xmlns:mets="http://www.loc.gov/METS/" xmlns:xlink="http://www.w3.org/TR/xlink/" xmlns:xsi="http://www.w3.org/2001/XMLSchema-instance" xmlns:dim="http://www.dspace.org/xmlns/dspace/dim" OBJEDIT="/admin/item?itemID=46980" OBJID="/handle/10255/dryad.41288" PROFILE="DSPACE METS SIP Profile 1.0" LABEL="DSpace Item" ID="hdl:10255/dryad.41288">
<mets:dmdSec GROUPID="group_dmd_0" ID="dmd_1">
<mets:mdWrap MDTYPE="OTHER" OTHERMDTYPE="DIM">
<mets:xmlData>
<dim:dim dspaceType="ITEM">
<dim:field element="contributor" qualifier="author" mdschema="dc">Szovenyi, Peter</dim:field>
<dim:field element="date" qualifier="accessioned" mdschema="dc">2012-10-25T18:08:29Z</dim:field>
<dim:field element="date" qualifier="available" mdschema="dc">2012-11-13T15:29:37Z</dim:field>
<dim:field element="date" qualifier="issued" mdschema="dc">2012-10-25</dim:field>
<dim:field element="identifier" mdschema="dc">doi:10.5061/dryad.13kr7/3</dim:field>
<dim:field element="identifier" qualifier="uri" mdschema="dc">http://hdl.handle.net/10255/dryad.41288</dim:field>
<dim:field element="description" language="" mdschema="dc">Microsatellite data for Sphagnum palustre.</dim:field>
<dim:field element="relation" qualifier="ispartof" mdschema="dc">doi:10.5061/dryad.13kr7</dim:field>
<dim:field element="rights" qualifier="uri" mdschema="dc">http://creativecommons.org/publicdomain/zero/1.0/</dim:field>
<dim:field element="subject" confidence="NOVALUE" language="" mdschema="dc">Conservation Biology</dim:field>
<dim:field element="subject" confidence="NOVALUE" language="" mdschema="dc">Ecological Genetics</dim:field>
<dim:field element="subject" confidence="NOVALUE" language="" mdschema="dc">Population Dynamics</dim:field>
<dim:field element="subject" confidence="NOVALUE" language="" mdschema="dc">Population Genetics - Empirical</dim:field>
<dim:field element="title" language="" mdschema="dc">Sphagnum palustre microsatellite data</dim:field>
<dim:field element="type" language="*" mdschema="dc">Dataset</dim:field>
<dim:field element="type" qualifier="embargo" language="" mdschema="dc">untilArticleAppears</dim:field>
<dim:field element="dryad" qualifier="pageviews">122</dim:field>
<dim:field element="dryad" qualifier="downloads">32</dim:field>
</dim:dim>
</mets:xmlData>
</mets:mdWrap>
</mets:dmdSec>
<mets:fileSec>
<mets:fileGrp USE="CONTENT">
<mets:file CHECKSUMTYPE="MD5" GROUPID="group_file_124003" ID="file_124003" MIMETYPE="application/vnd.openxmlformats-officedocument.spreadsheetml.sheet" SIZE="36759" CHECKSUM="5655356fbb937547e6dd799621db944c">
<mets:FLocat LOCTYPE="URL" xlink:title="Spaldry.xlsx" xlink:label="dataset-file" xlink:type="locator" xlink:href="/bitstream/handle/10255/dryad.41288/Spaldry.xlsx?sequence=1"/>
</mets:file>
</mets:fileGrp>
</mets:fileSec>
<mets:structMap LABEL="DSpace" TYPE="LOGICAL">
<mets:div DMDID="dmd_1" TYPE="DSpace Item">
<mets:div ID="div_2" TYPE="DSpace Content Bitstream">
<mets:fptr FILEID="file_124003"/>
</mets:div>
</mets:div>
</mets:structMap>
</mets:METS>
