<?xml version="1.0" encoding="UTF-8"?>
<mets:METS xmlns:mets="http://www.loc.gov/METS/" xmlns:xlink="http://www.w3.org/TR/xlink/" xmlns:xsi="http://www.w3.org/2001/XMLSchema-instance" xmlns:dim="http://www.dspace.org/xmlns/dspace/dim" OBJEDIT="/admin/item?itemID=43549" OBJID="/handle/10255/dryad.39085" PROFILE="DSPACE METS SIP Profile 1.0" LABEL="DSpace Item" ID="hdl:10255/dryad.39085">
<mets:dmdSec GROUPID="group_dmd_0" ID="dmd_1">
<mets:mdWrap MDTYPE="OTHER" OTHERMDTYPE="DIM">
<mets:xmlData>
<dim:dim dspaceType="ITEM">
<dim:field element="contributor" qualifier="author" mdschema="dc">Zhou, Xiaofan</dim:field>
<dim:field element="contributor" qualifier="author" mdschema="dc">Sun, Yazhou</dim:field>
<dim:field element="contributor" qualifier="author" mdschema="dc">Zhao, Yue</dim:field>
<dim:field element="contributor" qualifier="author" mdschema="dc">Geiser, David</dim:field>
<dim:field element="contributor" qualifier="author" mdschema="dc">Ma, Hong</dim:field>
<dim:field element="identifier" mdschema="dc">doi:10.5061/dryad.115742m4/3</dim:field>
<dim:field element="description" language="" mdschema="dc">Supplementary Figures 1 to 12</dim:field>
<dim:field element="relation" qualifier="ispartof" mdschema="dc">doi:10.5061/dryad.115742m4</dim:field>
<dim:field element="rights" qualifier="uri" mdschema="dc">http://creativecommons.org/publicdomain/zero/1.0/</dim:field>
<dim:field element="subject" language="" mdschema="dc">Fungal phylogeny</dim:field>
<dim:field element="subject" language="" mdschema="dc">Eukaryotic phylogeny</dim:field>
<dim:field element="subject" language="" mdschema="dc">Single-copy genes</dim:field>
<dim:field element="subject" language="" mdschema="dc">Phylogenomics</dim:field>
<dim:field element="title" language="" mdschema="dc">Supplementary Figures</dim:field>
<dim:field element="type" language="*" mdschema="dc">Dataset</dim:field>
<dim:field element="dryad" qualifier="pageviews">0</dim:field>
<dim:field element="dryad" qualifier="downloads">2</dim:field>
</dim:dim>
</mets:xmlData>
</mets:mdWrap>
</mets:dmdSec>
<mets:fileSec/>
<mets:structMap LABEL="DSpace" TYPE="LOGICAL">
<mets:div DMDID="dmd_1" TYPE="DSpace Item"/>
</mets:structMap>
</mets:METS>
