<?xml version="1.0" encoding="UTF-8"?>
<mets:METS xmlns:mets="http://www.loc.gov/METS/" xmlns:xlink="http://www.w3.org/TR/xlink/" xmlns:xsi="http://www.w3.org/2001/XMLSchema-instance" xmlns:dim="http://www.dspace.org/xmlns/dspace/dim" OBJEDIT="/admin/item?itemID=64423" OBJID="/handle/10255/dryad.52861" PROFILE="DSPACE METS SIP Profile 1.0" LABEL="DSpace Item" ID="hdl:10255/dryad.52861">
<mets:dmdSec GROUPID="group_dmd_0" ID="dmd_1">
<mets:mdWrap MDTYPE="OTHER" OTHERMDTYPE="DIM">
<mets:xmlData>
<dim:dim dspaceType="ITEM">
<dim:field element="contributor" qualifier="author" mdschema="dc">Maestre, Fernando T.</dim:field>
<dim:field element="contributor" qualifier="author" mdschema="dc">Bowker, Matthew A.</dim:field>
<dim:field element="contributor" qualifier="author" mdschema="dc">Puche, María D.</dim:field>
<dim:field element="contributor" qualifier="author" mdschema="dc">Belén Hinojosa, M.</dim:field>
<dim:field element="contributor" qualifier="author" mdschema="dc">Martínez, Isabel</dim:field>
<dim:field element="contributor" qualifier="author" mdschema="dc">García-Palacios, Pablo</dim:field>
<dim:field element="contributor" qualifier="author" mdschema="dc">Castillo, Andrea P.</dim:field>
<dim:field element="contributor" qualifier="author" mdschema="dc">Soliveres, Santiago</dim:field>
<dim:field element="contributor" qualifier="author" mdschema="dc">Luzuriaga, Arántzazu L.</dim:field>
<dim:field element="contributor" qualifier="author" mdschema="dc">Sánchez, Ana M.</dim:field>
<dim:field element="contributor" qualifier="author" mdschema="dc">Carreira, José A.</dim:field>
<dim:field element="contributor" qualifier="author" mdschema="dc">Gallardo, Antonio</dim:field>
<dim:field element="contributor" qualifier="author" mdschema="dc">Escudero, Adrián</dim:field>
<dim:field element="coverage" qualifier="spatial" language="" mdschema="dc">Barrax</dim:field>
<dim:field element="coverage" qualifier="spatial" language="" mdschema="dc">Sierra Espuña</dim:field>
<dim:field element="coverage" qualifier="spatial" language="" mdschema="dc">Campo Real</dim:field>
<dim:field element="coverage" qualifier="spatial" language="" mdschema="dc">Sierra de Carrascoy</dim:field>
<dim:field element="coverage" qualifier="spatial" language="" mdschema="dc">Chinchón</dim:field>
<dim:field element="coverage" qualifier="spatial" language="" mdschema="dc">Huelves</dim:field>
<dim:field element="coverage" qualifier="spatial" language="" mdschema="dc">Morata de Tajuña</dim:field>
<dim:field element="coverage" qualifier="spatial" language="" mdschema="dc">Ontígola</dim:field>
<dim:field element="coverage" qualifier="spatial" language="" mdschema="dc">Titulcia</dim:field>
<dim:field element="coverage" qualifier="spatial" language="" mdschema="dc">Villarobledo</dim:field>
<dim:field element="coverage" qualifier="spatial" language="" mdschema="dc">Yecla</dim:field>
<dim:field element="coverage" qualifier="spatial" language="" mdschema="dc">Zorita</dim:field>
<dim:field element="coverage" qualifier="spatial" language="" mdschema="dc">Spain</dim:field>
<dim:field element="coverage" qualifier="temporal" language="" mdschema="dc">Holocene</dim:field>
<dim:field element="date" qualifier="accessioned" mdschema="dc">2013-08-13T14:06:46Z</dim:field>
<dim:field element="date" qualifier="available" mdschema="dc">2013-08-13T14:06:46Z</dim:field>
<dim:field element="date" qualifier="issued" mdschema="dc">2013-08-13</dim:field>
<dim:field element="identifier" mdschema="dc">doi:10.5061/dryad.11m00/1</dim:field>
<dim:field element="identifier" qualifier="uri" mdschema="dc">http://hdl.handle.net/10255/dryad.52861</dim:field>
<dim:field element="description" language="" mdschema="dc">Environmental (coordinates, elevation, slope, aspect, mean annual rainfall and temperature) and soil (pH, organic carbon, total nitrogen, total phosphorus, soil respiration, potassium and nitrogen mineralization) variables at the microsite and site scales for Stipa tenacissima grasslands with and without sprouting shrubs in a gradient from central to southern Spain.</dim:field>
<dim:field element="relation" qualifier="ispartof" mdschema="dc">doi:10.5061/dryad.11m00</dim:field>
<dim:field element="rights" qualifier="uri" mdschema="dc">http://creativecommons.org/publicdomain/zero/1.0/</dim:field>
<dim:field element="subject" confidence="NOVALUE" language="" mdschema="dc">Shrub encroachment</dim:field>
<dim:field element="subject" confidence="NOVALUE" language="" mdschema="dc">Desertification</dim:field>
<dim:field element="subject" confidence="NOVALUE" language="" mdschema="dc">Global Change</dim:field>
<dim:field element="subject" confidence="NOVALUE" language="" mdschema="dc">Mediterranean</dim:field>
<dim:field element="subject" confidence="NOVALUE" language="" mdschema="dc">semi-arid</dim:field>
<dim:field element="subject" confidence="NOVALUE" language="" mdschema="dc">Plant successional dynamics</dim:field>
<dim:field element="subject" confidence="NOVALUE" language="" mdschema="dc">Ecosystem functioning</dim:field>
<dim:field element="title" language="" mdschema="dc">Environmental and soil data from encroached/unencroached Stipa tenacissima steppes from Spain</dim:field>
<dim:field element="type" language="*" mdschema="dc">Dataset</dim:field>
<dim:field element="ScientificName" confidence="NOVALUE" language="" mdschema="dwc">Stipa tenacissima</dim:field>
<dim:field element="type" qualifier="embargo" language="en" mdschema="dc">none</dim:field>
<dim:field element="dryad" qualifier="pageviews">36</dim:field>
<dim:field element="dryad" qualifier="downloads">19</dim:field>
</dim:dim>
</mets:xmlData>
</mets:mdWrap>
</mets:dmdSec>
<mets:fileSec>
<mets:fileGrp USE="CONTENT">
<mets:file CHECKSUMTYPE="MD5" GROUPID="group_file_135835" ID="file_135835" MIMETYPE="text/plain" SIZE="2071" CHECKSUM="57b992ce9cc7f3a9a9bbf18043dd3038">
<mets:FLocat LOCTYPE="URL" xlink:title="README.txt" xlink:label="dc_readme" xlink:type="locator" xlink:href="/bitstream/handle/10255/dryad.52861/README.txt?sequence=1"/>
</mets:file>
<mets:file CHECKSUMTYPE="MD5" GROUPID="group_file_135836" ID="file_135836" MIMETYPE="application/zip" SIZE="7563" CHECKSUM="6c916dc1ba4027151a49633a5fe52259">
<mets:FLocat LOCTYPE="URL" xlink:title="Ecol_Lett_2009.zip" xlink:label="dataset-file" xlink:type="locator" xlink:href="/bitstream/handle/10255/dryad.52861/Ecol_Lett_2009.zip?sequence=2"/>
</mets:file>
</mets:fileGrp>
</mets:fileSec>
<mets:structMap LABEL="DSpace" TYPE="LOGICAL">
<mets:div DMDID="dmd_1" TYPE="DSpace Item">
<mets:div ID="div_2" TYPE="DSpace Content Bitstream">
<mets:fptr FILEID="file_135835"/>
</mets:div>
<mets:div ID="div_3" TYPE="DSpace Content Bitstream">
<mets:fptr FILEID="file_135836"/>
</mets:div>
</mets:div>
</mets:structMap>
</mets:METS>
