<?xml version="1.0" encoding="UTF-8"?>
<mets:METS xmlns:mets="http://www.loc.gov/METS/" xmlns:xlink="http://www.w3.org/TR/xlink/" xmlns:xsi="http://www.w3.org/2001/XMLSchema-instance" xmlns:dim="http://www.dspace.org/xmlns/dspace/dim" OBJEDIT="/admin/item?itemID=1200" OBJID="/handle/10255/dryad.1047" PROFILE="DSPACE METS SIP Profile 1.0" LABEL="DSpace Item" ID="hdl:10255/dryad.1047">
<mets:dmdSec GROUPID="group_dmd_0" ID="dmd_1">
<mets:mdWrap MDTYPE="OTHER" OTHERMDTYPE="DIM">
<mets:xmlData>
<dim:dim dspaceType="ITEM">
<dim:field element="contributor" qualifier="author" language="en" mdschema="dc">Barton, Kasey E.</dim:field>
<dim:field element="contributor" qualifier="author" language="en" mdschema="dc">Koricheva, Julia</dim:field>
<dim:field element="date" qualifier="accessioned" language="" mdschema="dc">2009-11-02T20:04:22Z</dim:field>
<dim:field element="date" qualifier="available" language="" mdschema="dc">2009-11-02T20:04:22Z</dim:field>
<dim:field element="date" qualifier="issued" language="" mdschema="dc">2009-11-02T20:04:22Z</dim:field>
<dim:field element="identifier" mdschema="dc">doi:10.5061/dryad.1045/2</dim:field>
<dim:field element="identifier" qualifier="uri" language="" mdschema="dc">http://hdl.handle.net/10255/dryad.1047</dim:field>
<dim:field element="description" language="" mdschema="dc">Complete datasets analyzed by meta-analysis (Tables 1-8)</dim:field>
<dim:field element="relation" qualifier="ispartof" language="en" mdschema="dc">doi:10.5061/dryad.1045</dim:field>
<dim:field element="rights" qualifier="uri" language="en" mdschema="dc">http://creativecommons.org/publicdomain/zero/1.0/</dim:field>
<dim:field element="subject" language="en" mdschema="dc">Ecology: evolutionary</dim:field>
<dim:field element="title" language="en" mdschema="dc">Complete Meta Database</dim:field>
<dim:field element="type" language="en" mdschema="dc">Dataset</dim:field>
<dim:field element="status" language="" mdschema="dryad">scanned</dim:field>
<dim:field element="dryad" qualifier="pageviews">155</dim:field>
<dim:field element="dryad" qualifier="downloads">88</dim:field>
</dim:dim>
</mets:xmlData>
</mets:mdWrap>
</mets:dmdSec>
<mets:fileSec>
<mets:fileGrp USE="CONTENT">
<mets:file CHECKSUMTYPE="MD5" GROUPID="group_file_907" ID="file_907" MIMETYPE="application/msword" SIZE="598016" CHECKSUM="c9bc82949de0595a53838491e97f02d0">
<mets:FLocat LOCTYPE="URL" xlink:title="Complete_Meta_Database.doc" xlink:type="locator" xlink:href="/bitstream/handle/10255/dryad.1047/Complete_Meta_Database.doc?sequence=1"/>
</mets:file>
</mets:fileGrp>
<mets:fileGrp USE="TEXT">
<mets:file CHECKSUMTYPE="MD5" GROUPID="group_file_907" ID="file_1270" MIMETYPE="text/plain" SIZE="36762" CHECKSUM="09ef528b12e418468262a6cfb2183aaa">
<mets:FLocat LOCTYPE="URL" xlink:title="Complete_Meta_Database.doc.txt" xlink:label="Extracted text" xlink:type="locator" xlink:href="/bitstream/handle/10255/dryad.1047/Complete_Meta_Database.doc.txt?sequence=2"/>
</mets:file>
</mets:fileGrp>
</mets:fileSec>
<mets:structMap LABEL="DSpace" TYPE="LOGICAL">
<mets:div DMDID="dmd_1" TYPE="DSpace Item">
<mets:div ID="div_2" TYPE="DSpace Content Bitstream">
<mets:fptr FILEID="file_907"/>
</mets:div>
</mets:div>
</mets:structMap>
</mets:METS>
