<?xml version="1.0" encoding="UTF-8"?>
<mets:METS xmlns:mets="http://www.loc.gov/METS/" xmlns:xlink="http://www.w3.org/TR/xlink/" xmlns:xsi="http://www.w3.org/2001/XMLSchema-instance" xmlns:dim="http://www.dspace.org/xmlns/dspace/dim" OBJEDIT="/admin/item?itemID=1553" OBJID="/handle/10255/dryad.1360" PROFILE="DSPACE METS SIP Profile 1.0" LABEL="DSpace Item" ID="hdl:10255/dryad.1360">
<mets:dmdSec GROUPID="group_dmd_0" ID="dmd_1">
<mets:mdWrap MDTYPE="OTHER" OTHERMDTYPE="DIM">
<mets:xmlData>
<dim:dim dspaceType="ITEM">
<dim:field element="contributor" qualifier="author" language="en" mdschema="dc">Dyer, Naomi</dim:field>
<dim:field element="contributor" qualifier="author" language="en" mdschema="dc">Furtado, Andreia</dim:field>
<dim:field element="contributor" qualifier="author" language="en" mdschema="dc">Cano, Jorge</dim:field>
<dim:field element="contributor" qualifier="author" language="en" mdschema="dc">Ferreira, Filipa</dim:field>
<dim:field element="contributor" qualifier="author" language="en" mdschema="dc">Afonso, M. Odete</dim:field>
<dim:field element="contributor" qualifier="author" language="en" mdschema="dc">Ndong-Mabale, Nicolas</dim:field>
<dim:field element="contributor" qualifier="author" language="en" mdschema="dc">Ndong-Asumu, Pedro</dim:field>
<dim:field element="contributor" qualifier="author" language="en" mdschema="dc">Centeno-Lima, Sonia</dim:field>
<dim:field element="contributor" qualifier="author" language="en" mdschema="dc">Benito, Agustín</dim:field>
<dim:field element="contributor" qualifier="author" language="en" mdschema="dc">Weetman, David</dim:field>
<dim:field element="contributor" qualifier="author" language="en" mdschema="dc">Donnelly, Martin</dim:field>
<dim:field element="contributor" qualifier="author" language="en" mdschema="dc">Pinto, Joao</dim:field>
<dim:field element="date" qualifier="accessioned" language="" mdschema="dc">2010-03-12T17:10:40Z</dim:field>
<dim:field element="date" qualifier="available" language="" mdschema="dc">2010-03-12T17:10:40Z</dim:field>
<dim:field element="date" qualifier="issued" language="" mdschema="dc">2010-03-12T17:10:40Z</dim:field>
<dim:field element="identifier" mdschema="dc">doi:10.5061/dryad.1358/2</dim:field>
<dim:field element="identifier" qualifier="uri" language="" mdschema="dc">http://hdl.handle.net/10255/dryad.1360</dim:field>
<dim:field element="relation" qualifier="ispartof" language="en" mdschema="dc">doi:10.5061/dryad.1358</dim:field>
<dim:field element="rights" qualifier="uri" language="en" mdschema="dc">http://creativecommons.org/publicdomain/zero/1.0/</dim:field>
<dim:field element="subject" language="en" mdschema="dc">Hybridization</dim:field>
<dim:field element="subject" language="en" mdschema="dc">Insects</dim:field>
<dim:field element="subject" language="en" mdschema="dc">Population Genetics - Empirical</dim:field>
<dim:field element="subject" language="en" mdschema="dc">Speciation</dim:field>
<dim:field element="subject" language="en" mdschema="dc">Systematics</dim:field>
<dim:field element="title" language="en" mdschema="dc">GlossinaGUEQ_Gpp_GENEPOP.txt</dim:field>
<dim:field element="type" language="en" mdschema="dc">Dataset</dim:field>
<dim:field element="ScientificName" language="" mdschema="dwc">Glossina palpalis palpalis</dim:field>
<dim:field element="status" language="" mdschema="dryad">scanned</dim:field>
<dim:field element="dryad" qualifier="pageviews">141</dim:field>
<dim:field element="dryad" qualifier="downloads">93</dim:field>
</dim:dim>
</mets:xmlData>
</mets:mdWrap>
</mets:dmdSec>
<mets:fileSec>
<mets:fileGrp USE="CONTENT">
<mets:file CHECKSUMTYPE="MD5" GROUPID="group_file_1049" ID="file_1049" MIMETYPE="text/plain" SIZE="13063" CHECKSUM="180298f33bad7ca77e52efad7b66a00f">
<mets:FLocat LOCTYPE="URL" xlink:title="GlossinaGUEQ_Gpp_GENEPOP.txt" xlink:type="locator" xlink:href="/bitstream/handle/10255/dryad.1360/GlossinaGUEQ_Gpp_GENEPOP.txt?sequence=1"/>
</mets:file>
<mets:file CHECKSUMTYPE="MD5" GROUPID="group_file_1050" ID="file_1050" MIMETYPE="text/plain" SIZE="619" CHECKSUM="87ff02881a604326dc87db02bf30cdcb">
<mets:FLocat LOCTYPE="URL" xlink:title="README.txt" xlink:type="locator" xlink:href="/bitstream/handle/10255/dryad.1360/README.txt?sequence=2"/>
</mets:file>
</mets:fileGrp>
<mets:fileGrp USE="TEXT">
<mets:file CHECKSUMTYPE="MD5" GROUPID="group_file_1049" ID="file_1483" MIMETYPE="text/plain" SIZE="11567" CHECKSUM="4f4ddcdb9781e2381acc5ee03284b2a8">
<mets:FLocat LOCTYPE="URL" xlink:title="GlossinaGUEQ_Gpp_GENEPOP.txt.txt" xlink:label="Extracted text" xlink:type="locator" xlink:href="/bitstream/handle/10255/dryad.1360/GlossinaGUEQ_Gpp_GENEPOP.txt.txt?sequence=3"/>
</mets:file>
<mets:file CHECKSUMTYPE="MD5" GROUPID="group_file_1050" ID="file_1484" MIMETYPE="text/plain" SIZE="596" CHECKSUM="7c41e0819aaa9bfd65a9db909f77c061">
<mets:FLocat LOCTYPE="URL" xlink:title="README.txt.txt" xlink:label="Extracted text" xlink:type="locator" xlink:href="/bitstream/handle/10255/dryad.1360/README.txt.txt?sequence=4"/>
</mets:file>
</mets:fileGrp>
</mets:fileSec>
<mets:structMap LABEL="DSpace" TYPE="LOGICAL">
<mets:div DMDID="dmd_1" TYPE="DSpace Item">
<mets:div ID="div_2" TYPE="DSpace Content Bitstream">
<mets:fptr FILEID="file_1049"/>
</mets:div>
<mets:div ID="div_3" TYPE="DSpace Content Bitstream">
<mets:fptr FILEID="file_1050"/>
</mets:div>
</mets:div>
</mets:structMap>
</mets:METS>
