<?xml version="1.0" encoding="UTF-8"?>
<mets:METS xmlns:mets="http://www.loc.gov/METS/" xmlns:xlink="http://www.w3.org/TR/xlink/" xmlns:xsi="http://www.w3.org/2001/XMLSchema-instance" xmlns:dim="http://www.dspace.org/xmlns/dspace/dim" OBJEDIT="/admin/item?itemID=41770" OBJID="/handle/10255/dryad.37888" PROFILE="DSPACE METS SIP Profile 1.0" LABEL="DSpace Item" ID="hdl:10255/dryad.37888">
<mets:dmdSec GROUPID="group_dmd_0" ID="dmd_1">
<mets:mdWrap MDTYPE="OTHER" OTHERMDTYPE="DIM">
<mets:xmlData>
<dim:dim dspaceType="ITEM">
<dim:field element="contributor" qualifier="author" language="" mdschema="dc">Levitan, Don R.</dim:field>
<dim:field element="coverage" qualifier="spatial" language="" mdschema="dc">West Coast of North America</dim:field>
<dim:field element="coverage" qualifier="temporal" language="" mdschema="dc">200 years</dim:field>
<dim:field element="date" qualifier="accessioned" language="" mdschema="dc">2012-02-14T18:52:51Z</dim:field>
<dim:field element="date" qualifier="available" mdschema="dc">2012-02-24T17:06:44Z</dim:field>
<dim:field element="date" qualifier="issued" language="" mdschema="dc">2012-02-14</dim:field>
<dim:field element="identifier" mdschema="dc">doi:10.5061/dryad.0k2469h8/1</dim:field>
<dim:field element="identifier" qualifier="uri" language="" mdschema="dc">http://hdl.handle.net/10255/dryad.37888</dim:field>
<dim:field element="description" language="" mdschema="dc">Data generated from lab and field studies. Each spreadsheet represents the data for each analysis presented in the paper.</dim:field>
<dim:field element="relation" qualifier="ispartof" language="" mdschema="dc">doi:10.5061/dryad.0k2469h8</dim:field>
<dim:field element="rights" qualifier="uri" language="" mdschema="dc">http://creativecommons.org/publicdomain/zero/1.0/</dim:field>
<dim:field element="subject" language="" mdschema="dc">Adaptation</dim:field>
<dim:field element="subject" language="" mdschema="dc">Fitness</dim:field>
<dim:field element="subject" language="" mdschema="dc">Genetic Variation</dim:field>
<dim:field element="subject" language="" mdschema="dc">Sexual Conflict</dim:field>
<dim:field element="subject" language="" mdschema="dc">Reproductive Strategies</dim:field>
<dim:field element="subject" language="" mdschema="dc">Molecular Evolution</dim:field>
<dim:field element="title" language="" mdschema="dc">Red urchin rapid evolution dryad file</dim:field>
<dim:field element="type" language="*" mdschema="dc">Dataset</dim:field>
<dim:field element="ScientificName" language="" mdschema="dwc">Strongylocentrotus franciscanus</dim:field>
<dim:field element="type" qualifier="embargo" language="" mdschema="dc">untilArticleAppears</dim:field>
<dim:field element="dryad" qualifier="pageviews">101</dim:field>
<dim:field element="dryad" qualifier="downloads">36</dim:field>
</dim:dim>
</mets:xmlData>
</mets:mdWrap>
</mets:dmdSec>
<mets:fileSec>
<mets:fileGrp USE="CONTENT">
<mets:file CHECKSUMTYPE="MD5" GROUPID="group_file_120202" ID="file_120202" MIMETYPE="application/vnd.openxmlformats-officedocument.spreadsheetml.sheet" SIZE="49118" CHECKSUM="90e119e6d42418c97cf929c3a5b854ed">
<mets:FLocat LOCTYPE="URL" xlink:title="Red urchin rapid evolution dryad file.xlsx" xlink:label="dataset-file" xlink:type="locator" xlink:href="/bitstream/handle/10255/dryad.37888/Red%20urchin%20rapid%20evolution%20dryad%20file.xlsx?sequence=1"/>
</mets:file>
</mets:fileGrp>
</mets:fileSec>
<mets:structMap LABEL="DSpace" TYPE="LOGICAL">
<mets:div DMDID="dmd_1" TYPE="DSpace Item">
<mets:div ID="div_2" TYPE="DSpace Content Bitstream">
<mets:fptr FILEID="file_120202"/>
</mets:div>
</mets:div>
</mets:structMap>
</mets:METS>
