<?xml version="1.0" encoding="UTF-8"?>
<mets:METS xmlns:mets="http://www.loc.gov/METS/" xmlns:xlink="http://www.w3.org/TR/xlink/" xmlns:xsi="http://www.w3.org/2001/XMLSchema-instance" xmlns:dim="http://www.dspace.org/xmlns/dspace/dim" OBJEDIT="/admin/item?itemID=1607" OBJID="/handle/10255/dryad.1406" PROFILE="DSPACE METS SIP Profile 1.0" LABEL="DSpace Item" ID="hdl:10255/dryad.1406">
<mets:dmdSec GROUPID="group_dmd_0" ID="dmd_1">
<mets:mdWrap MDTYPE="OTHER" OTHERMDTYPE="DIM">
<mets:xmlData>
<dim:dim dspaceType="ITEM">
<dim:field element="contributor" qualifier="author" language="en" mdschema="dc">Kearney, Michael</dim:field>
<dim:field element="contributor" qualifier="author" language="en" mdschema="dc">Blacket, Mark</dim:field>
<dim:field element="date" qualifier="accessioned" mdschema="dc">2010-03-24T00:38:17Z</dim:field>
<dim:field element="date" qualifier="available" mdschema="dc">2010-03-24T00:38:17Z</dim:field>
<dim:field element="date" qualifier="issued" mdschema="dc">2010-03-24T00:38:17Z</dim:field>
<dim:field element="identifier" mdschema="dc">doi:10.5061/dryad.1405/1</dim:field>
<dim:field element="identifier" qualifier="uri" mdschema="dc">http://hdl.handle.net/10255/dryad.1406</dim:field>
<dim:field element="description" language="en" mdschema="dc">COI sequences in MEGA format, grouped according to species/lineage</dim:field>
<dim:field element="relation" qualifier="ispartof" language="en" mdschema="dc">doi:10.5061/dryad.1405</dim:field>
<dim:field element="rights" qualifier="uri" language="en" mdschema="dc">http://creativecommons.org/publicdomain/zero/1.0/</dim:field>
<dim:field element="subject" language="en" mdschema="dc">Evolution of Sex</dim:field>
<dim:field element="subject" language="en" mdschema="dc">Hybridization</dim:field>
<dim:field element="subject" language="en" mdschema="dc">Insects</dim:field>
<dim:field element="subject" language="en" mdschema="dc">Phylogeography</dim:field>
<dim:field element="subject" language="en" mdschema="dc">Speciation</dim:field>
<dim:field element="title" language="en" mdschema="dc">Warramaba sp. COI sequences</dim:field>
<dim:field element="type" language="en" mdschema="dc">Dataset</dim:field>
<dim:field element="ScientificName" language="" mdschema="dwc">Warramaba</dim:field>
<dim:field element="status" language="" mdschema="dryad">scanned</dim:field>
<dim:field element="dryad" qualifier="pageviews">203</dim:field>
<dim:field element="dryad" qualifier="downloads">41</dim:field>
</dim:dim>
</mets:xmlData>
</mets:mdWrap>
</mets:dmdSec>
<mets:fileSec>
<mets:fileGrp USE="CONTENT">
<mets:file CHECKSUMTYPE="MD5" GROUPID="group_file_1078" ID="file_1078" MIMETYPE="application/octet-stream" SIZE="361665" CHECKSUM="46c685c09147e6221f07ca08bdc2df0c">
<mets:FLocat LOCTYPE="URL" xlink:title="COI_Sequences_All_Grouped_Final.meg" xlink:type="locator" xlink:href="/bitstream/handle/10255/dryad.1406/COI_Sequences_All_Grouped_Final.meg?sequence=1"/>
</mets:file>
</mets:fileGrp>
</mets:fileSec>
<mets:structMap LABEL="DSpace" TYPE="LOGICAL">
<mets:div DMDID="dmd_1" TYPE="DSpace Item">
<mets:div ID="div_2" TYPE="DSpace Content Bitstream">
<mets:fptr FILEID="file_1078"/>
</mets:div>
</mets:div>
</mets:structMap>
</mets:METS>
