<?xml version="1.0" encoding="UTF-8"?>
<mets:METS xmlns:mets="http://www.loc.gov/METS/" xmlns:xlink="http://www.w3.org/TR/xlink/" xmlns:xsi="http://www.w3.org/2001/XMLSchema-instance" xmlns:dim="http://www.dspace.org/xmlns/dspace/dim" OBJEDIT="/admin/item?itemID=41532" OBJID="/handle/10255/dryad.37720" PROFILE="DSPACE METS SIP Profile 1.0" LABEL="DSpace Item" ID="hdl:10255/dryad.37720">
<mets:dmdSec GROUPID="group_dmd_0" ID="dmd_1">
<mets:mdWrap MDTYPE="OTHER" OTHERMDTYPE="DIM">
<mets:xmlData>
<dim:dim dspaceType="ITEM">
<dim:field element="contributor" qualifier="author" mdschema="dc">Drury, Douglas</dim:field>
<dim:field element="contributor" qualifier="author" mdschema="dc">Jideonwo, Victoria</dim:field>
<dim:field element="contributor" qualifier="author" mdschema="dc">Ehmke, Ross</dim:field>
<dim:field element="contributor" qualifier="author" mdschema="dc">Wade, Michael</dim:field>
<dim:field element="identifier" mdschema="dc">doi:10.5061/dryad.15nd6047</dim:field>
<dim:field element="description" language="" mdschema="dc">Intrinsic genetic barriers to gene flow, such as hybrid infertility and inviability, can arise in allopatry as a result of the fixation of genes, whose incompatibility in combination is revealed via hybridization. We describe and genetically characterize an unusual hybrid incompatibility phenotype manifest in F1 offspring of crosses between two populations of &lt;i&gt;Tribolium castaneum&lt;/i&gt;. Hybrid larvae, upon reaching the 3rd larval instar, cease development and persist as “perpetually immature larvae” thereafter. Hybrid larvae continue to live and feed without growth for as long as the average adult life span and thus are not technically inviable. Rather, they are infertile owing to the fact that they do not mature beyond mid-instar larvae to adult beetles. Although unable to produce viable adult hybrid offspring with one another, each population produces abundant, fertile hybrids with other populations, indicating a recent origin of this incompatibility and facilitating our genetic studies. Hence, we characterize a region contributing to the initiation of speciation and not confounded by the accumulation of genetic incompatibilities post-speciation. Our genetic mapping utilizes one of two incompatible populations inter-crossed with a compatible population and the resulting sires subsequently crossed to the other incompatible population; a type of free crossing not possible with most genetic incompatibilities. We find that the paternal component of the hybrid phenotype maps to a single locus, which exhibits two characteristics common to hybrid incompatibility loci: marker transmission ratio distortion within crosses and elevated genetic divergence between populations. The incompatible variation in mapping population as well as the inter-population genetic divergence is associated with the &lt;i&gt;T. castaneum&lt;/i&gt; ecdysone receptor (EcR) homologue. EcR is a major regulatory switch, controlling larval molts as well as the timing of pupation and metamorphosis. This contributes to understanding the genetics of speciation in the Coleoptera, one of the most speciose of all arthropod taxa.</dim:field>
<dim:field element="subject" language="" mdschema="dc">Speciation</dim:field>
<dim:field element="subject" language="" mdschema="dc">Insects</dim:field>
<dim:field element="subject" language="" mdschema="dc">Molecular evolution</dim:field>
<dim:field element="subject" language="" mdschema="dc">Quantitative genetics</dim:field>
<dim:field element="title" language="" mdschema="dc">Data from: An unusual barrier to gene flow: perpetually immature larvae from inter-population crosses in the flour beetle, &lt;i&gt;Tribolium castaneum&lt;/i&gt;.</dim:field>
<dim:field element="type" language="*" mdschema="dc">Article</dim:field>
<dim:field element="contributor" qualifier="correspondingAuthor" language="" mdschema="dc">Drury, Douglas</dim:field>
<dim:field element="identifier" qualifier="manuscriptNumber" mdschema="dc">EvolBiol-19913953JEB-2011-00565</dim:field>
<dim:field element="publicationName" language="" mdschema="prism">Journal of Evolutionary Biology</dim:field>
<dim:field element="archive" qualifier="mailUsers" mdschema="workflow">S.Bennett@exeter.ac.uk</dim:field>
<dim:field element="archive" qualifier="mailUsers" mdschema="workflow">admin@datadryad.org</dim:field>
<dim:field element="archive" qualifier="mailUsers" mdschema="workflow">curator@datadryad.org</dim:field>
<dim:field element="submit" qualifier="skipReviewStage" mdschema="workflow">true</dim:field>
<dim:field element="workflow" qualifier="submitted" mdschema="internal">true</dim:field>
<dim:field element="review" qualifier="mailUsers" mdschema="workflow"/>
</dim:dim>
</mets:xmlData>
</mets:mdWrap>
</mets:dmdSec>
<mets:fileSec/>
<mets:structMap LABEL="DSpace" TYPE="LOGICAL">
<mets:div DMDID="dmd_1" TYPE="DSpace Item"/>
</mets:structMap>
</mets:METS>
