<?xml version="1.0" encoding="UTF-8"?>
<mets:METS xmlns:mets="http://www.loc.gov/METS/" xmlns:xlink="http://www.w3.org/TR/xlink/" xmlns:xsi="http://www.w3.org/2001/XMLSchema-instance" xmlns:dim="http://www.dspace.org/xmlns/dspace/dim" OBJEDIT="/admin/item?itemID=2087" OBJID="/handle/10255/dryad.1851" PROFILE="DSPACE METS SIP Profile 1.0" LABEL="DSpace Item" ID="hdl:10255/dryad.1851">
<mets:dmdSec GROUPID="group_dmd_0" ID="dmd_1">
<mets:mdWrap MDTYPE="OTHER" OTHERMDTYPE="DIM">
<mets:xmlData>
<dim:dim dspaceType="ITEM">
<dim:field element="contributor" qualifier="author" language="en" mdschema="dc">Delsuc, Frédéric</dim:field>
<dim:field element="contributor" qualifier="author" language="en" mdschema="dc">Tsagkogeorga, Georgia</dim:field>
<dim:field element="contributor" qualifier="author" language="en" mdschema="dc">Lartillot, Nicolas</dim:field>
<dim:field element="contributor" qualifier="author" language="en" mdschema="dc">Philippe, Hervé</dim:field>
<dim:field element="coverage" qualifier="temporal" language="en" mdschema="dc">Phanerozoic</dim:field>
<dim:field element="date" qualifier="accessioned" language="" mdschema="dc">2010-08-10T13:17:40Z</dim:field>
<dim:field element="date" qualifier="available" language="" mdschema="dc">2010-08-10T13:17:40Z</dim:field>
<dim:field element="date" qualifier="issued" language="" mdschema="dc">2010-08-10</dim:field>
<dim:field element="identifier" mdschema="dc">doi:10.5061/dryad.1850/1</dim:field>
<dim:field element="identifier" qualifier="uri" language="" mdschema="dc">http://hdl.handle.net/10255/dryad.1851</dim:field>
<dim:field element="relation" qualifier="ispartof" language="en" mdschema="dc">doi:10.5061/dryad.1850</dim:field>
<dim:field element="rights" qualifier="uri" language="en" mdschema="dc">http://creativecommons.org/publicdomain/zero/1.0/</dim:field>
<dim:field element="subject" language="en" mdschema="dc">phylogenomics</dim:field>
<dim:field element="subject" language="en" mdschema="dc">deuterostomes</dim:field>
<dim:field element="subject" language="en" mdschema="dc">chordates</dim:field>
<dim:field element="subject" language="en" mdschema="dc">tunicates</dim:field>
<dim:field element="subject" language="en" mdschema="dc">cephalochordates</dim:field>
<dim:field element="subject" language="en" mdschema="dc">olfactores</dim:field>
<dim:field element="subject" language="en" mdschema="dc">ribosomal RNA</dim:field>
<dim:field element="subject" language="en" mdschema="dc">jackknife</dim:field>
<dim:field element="subject" language="en" mdschema="dc">evolution</dim:field>
<dim:field element="title" language="en" mdschema="dc">Delsuc2008-Genesis.nex</dim:field>
<dim:field element="type" language="en" mdschema="dc">Dataset</dim:field>
<dim:field element="ScientificName" language="en" mdschema="dwc">Metazoa</dim:field>
<dim:field element="ScientificName" language="en" mdschema="dwc">Deuterostomia</dim:field>
<dim:field element="ScientificName" language="en" mdschema="dwc">Chordata</dim:field>
<dim:field element="ScientificName" language="en" mdschema="dwc">Tunicata</dim:field>
<dim:field element="ScientificName" language="en" mdschema="dwc">Urochordata</dim:field>
<dim:field element="ScientificName" language="en" mdschema="dwc">Cephalochordata</dim:field>
<dim:field element="ScientificName" language="en" mdschema="dwc">Hemichordata</dim:field>
<dim:field element="ScientificName" language="en" mdschema="dwc">Xenoturbella</dim:field>
<dim:field element="ScientificName" language="en" mdschema="dwc">Oikopleura</dim:field>
<dim:field element="ScientificName" language="en" mdschema="dwc">Ciona</dim:field>
<dim:field element="ScientificName" language="en" mdschema="dwc">Vertebrata</dim:field>
<dim:field element="ScientificName" language="en" mdschema="dwc">Craniata</dim:field>
<dim:field element="ScientificName" language="en" mdschema="dwc">Cyclostomata</dim:field>
<dim:field element="dryad" qualifier="pageviews">209</dim:field>
<dim:field element="dryad" qualifier="downloads">109</dim:field>
</dim:dim>
</mets:xmlData>
</mets:mdWrap>
</mets:dmdSec>
<mets:fileSec>
<mets:fileGrp USE="CONTENT">
<mets:file CHECKSUMTYPE="MD5" GROUPID="group_file_1627" ID="file_1627" MIMETYPE="text/plain" SIZE="2874855" CHECKSUM="1ccd4f33cf0e67cdc859a2b969fd99bf">
<mets:FLocat LOCTYPE="URL" xlink:title="Delsuc2008-Genesis.nex" xlink:type="locator" xlink:href="/bitstream/handle/10255/dryad.1851/Delsuc2008-Genesis.nex?sequence=1"/>
</mets:file>
</mets:fileGrp>
</mets:fileSec>
<mets:structMap LABEL="DSpace" TYPE="LOGICAL">
<mets:div DMDID="dmd_1" TYPE="DSpace Item">
<mets:div ID="div_2" TYPE="DSpace Content Bitstream">
<mets:fptr FILEID="file_1627"/>
</mets:div>
</mets:div>
</mets:structMap>
</mets:METS>
