<?xml version="1.0" encoding="UTF-8"?>
<mets:METS xmlns:mets="http://www.loc.gov/METS/" xmlns:xlink="http://www.w3.org/TR/xlink/" xmlns:xsi="http://www.w3.org/2001/XMLSchema-instance" xmlns:dim="http://www.dspace.org/xmlns/dspace/dim" OBJEDIT="/admin/item?itemID=41625" OBJID="/handle/10255/dryad.37783" PROFILE="DSPACE METS SIP Profile 1.0" LABEL="DSpace Item" ID="hdl:10255/dryad.37783">
<mets:dmdSec GROUPID="group_dmd_0" ID="dmd_1">
<mets:mdWrap MDTYPE="OTHER" OTHERMDTYPE="DIM">
<mets:xmlData>
<dim:dim dspaceType="ITEM">
<dim:field element="contributor" qualifier="author" language="" mdschema="dc">Wagner, Stefanie</dim:field>
<dim:field element="contributor" qualifier="author" language="" mdschema="dc">Gerber, Sophie</dim:field>
<dim:field element="contributor" qualifier="author" language="" mdschema="dc">Petit, Rémy J.</dim:field>
<dim:field element="coverage" qualifier="spatial" language="" mdschema="dc">Europe</dim:field>
<dim:field element="coverage" qualifier="temporal" language="" mdschema="dc">Quaternary</dim:field>
<dim:field element="date" qualifier="accessioned" language="" mdschema="dc">2012-02-29T17:23:34Z</dim:field>
<dim:field element="date" qualifier="available" mdschema="dc">2012-04-06T19:02:02Z</dim:field>
<dim:field element="date" qualifier="issued" language="" mdschema="dc">2012-02-29</dim:field>
<dim:field element="identifier" language="" mdschema="dc">doi:10.5061/dryad.08507r35/1</dim:field>
<dim:field element="identifier" language="" mdschema="dc">doi:10.5061/dryad.08507r35/1</dim:field>
<dim:field element="identifier" qualifier="uri" language="" mdschema="dc">http://hdl.handle.net/10255/dryad.37783</dim:field>
<dim:field element="description" language="" mdschema="dc">This data file contains information about sampling location individual genotype information for 18 Larix decidua populations from across the natural distribution range. Columns 1-3: Population ID and corresponding geographical coordinates. Columns 4-30: 413 Individual genotypes of 18 populations, each composed of 13 loci. Missing data value: 0</dim:field>
<dim:field element="relation" qualifier="ispartof" language="" mdschema="dc">doi:10.5061/dryad.08507r35</dim:field>
<dim:field element="rights" qualifier="uri" language="" mdschema="dc">http://creativecommons.org/publicdomain/zero/1.0/</dim:field>
<dim:field element="subject" language="" mdschema="dc">Conservation Genetics</dim:field>
<dim:field element="subject" language="" mdschema="dc">Ecological Genetics</dim:field>
<dim:field element="subject" language="" mdschema="dc">Gymnosperms</dim:field>
<dim:field element="subject" language="" mdschema="dc">microsatellites</dim:field>
<dim:field element="subject" language="" mdschema="dc">population genetics</dim:field>
<dim:field element="title" language="" mdschema="dc">Larix_decidua_sample_info</dim:field>
<dim:field element="type" language="*" mdschema="dc">Dataset</dim:field>
<dim:field element="ScientificName" language="" mdschema="dwc">Larix decidua</dim:field>
<dim:field element="type" qualifier="embargo" language="" mdschema="dc">untilArticleAppears</dim:field>
<dim:field element="dryad" qualifier="pageviews">118</dim:field>
<dim:field element="dryad" qualifier="downloads">72</dim:field>
</dim:dim>
</mets:xmlData>
</mets:mdWrap>
</mets:dmdSec>
<mets:fileSec>
<mets:fileGrp USE="CONTENT">
<mets:file CHECKSUMTYPE="MD5" GROUPID="group_file_120051" ID="file_120051" MIMETYPE="text/plain" SIZE="50964" CHECKSUM="8b8adf208d7b9a42552ebfb0611931e7">
<mets:FLocat LOCTYPE="URL" xlink:title="Larix_decidua_sample_info.txt" xlink:label="dataset-file" xlink:type="locator" xlink:href="/bitstream/handle/10255/dryad.37783/Larix_decidua_sample_info.txt?sequence=1"/>
</mets:file>
<mets:file CHECKSUMTYPE="MD5" GROUPID="group_file_120052" ID="file_120052" MIMETYPE="text/plain" SIZE="604" CHECKSUM="562842ec28941f9713ae611e13e49c9c">
<mets:FLocat LOCTYPE="URL" xlink:title="README.txt" xlink:label="dc_readme" xlink:type="locator" xlink:href="/bitstream/handle/10255/dryad.37783/README.txt?sequence=2"/>
</mets:file>
</mets:fileGrp>
</mets:fileSec>
<mets:structMap LABEL="DSpace" TYPE="LOGICAL">
<mets:div DMDID="dmd_1" TYPE="DSpace Item">
<mets:div ID="div_2" TYPE="DSpace Content Bitstream">
<mets:fptr FILEID="file_120051"/>
</mets:div>
<mets:div ID="div_3" TYPE="DSpace Content Bitstream">
<mets:fptr FILEID="file_120052"/>
</mets:div>
</mets:div>
</mets:structMap>
</mets:METS>
