<?xml version="1.0" encoding="UTF-8"?>
<mets:METS xmlns:mets="http://www.loc.gov/METS/" xmlns:xlink="http://www.w3.org/TR/xlink/" xmlns:xsi="http://www.w3.org/2001/XMLSchema-instance" xmlns:dim="http://www.dspace.org/xmlns/dspace/dim" OBJEDIT="/admin/item?itemID=1562" OBJID="/handle/10255/dryad.1367" PROFILE="DSPACE METS SIP Profile 1.0" LABEL="DSpace Item" ID="hdl:10255/dryad.1367">
<mets:dmdSec GROUPID="group_dmd_0" ID="dmd_1">
<mets:mdWrap MDTYPE="OTHER" OTHERMDTYPE="DIM">
<mets:xmlData>
<dim:dim dspaceType="ITEM">
<dim:field element="contributor" qualifier="author" language="en" mdschema="dc">Zhang, Yuan-Ye</dim:field>
<dim:field element="contributor" qualifier="author" language="en" mdschema="dc">Zhang, Da-Yong</dim:field>
<dim:field element="contributor" qualifier="author" language="en" mdschema="dc">Barrett, Spencer C.H.</dim:field>
<dim:field element="coverage" qualifier="spatial" language="en" mdschema="dc">global scale</dim:field>
<dim:field element="date" qualifier="accessioned" language="" mdschema="dc">2010-03-16T20:07:03Z</dim:field>
<dim:field element="date" qualifier="available" language="" mdschema="dc">2010-03-16T20:07:03Z</dim:field>
<dim:field element="date" qualifier="issued" language="" mdschema="dc">2010-03-16T20:07:03Z</dim:field>
<dim:field element="identifier" mdschema="dc">doi:10.5061/dryad.1365/1</dim:field>
<dim:field element="identifier" qualifier="uri" language="" mdschema="dc">http://hdl.handle.net/10255/dryad.1367</dim:field>
<dim:field element="description" language="en" mdschema="dc">AFLP data matrix of 49 water hyacinth (Eichhornia crassipes) populations from its native and introduced ranges. If you have any problem with the data, please contact zhang@ips.unibe.ch.</dim:field>
<dim:field element="relation" qualifier="ispartof" language="en" mdschema="dc">doi:10.5061/dryad.1365</dim:field>
<dim:field element="rights" qualifier="uri" language="en" mdschema="dc">http://creativecommons.org/publicdomain/zero/1.0/</dim:field>
<dim:field element="subject" language="en" mdschema="dc">Population Genetics - Empirical</dim:field>
<dim:field element="subject" language="en" mdschema="dc">Plant Mating Systems</dim:field>
<dim:field element="subject" language="en" mdschema="dc">Natural Selection and Contemporary Evolution</dim:field>
<dim:field element="subject" language="en" mdschema="dc">Invasive Species</dim:field>
<dim:field element="title" language="en" mdschema="dc">AFLP data matrix of Eichhornia crassipes</dim:field>
<dim:field element="type" language="en" mdschema="dc">Dataset</dim:field>
<dim:field element="ScientificName" language="en" mdschema="dwc">Eichhornia crassipes</dim:field>
<dim:field element="status" language="" mdschema="dryad">scanned</dim:field>
<dim:field element="dryad" qualifier="pageviews">208</dim:field>
<dim:field element="dryad" qualifier="downloads">34</dim:field>
</dim:dim>
</mets:xmlData>
</mets:mdWrap>
</mets:dmdSec>
<mets:fileSec>
<mets:fileGrp USE="CONTENT">
<mets:file CHECKSUMTYPE="MD5" GROUPID="group_file_1054" ID="file_1054" MIMETYPE="application/vnd.ms-excel" SIZE="2217472" CHECKSUM="cc399354678a2bb60339de23fcb3ff6d">
<mets:FLocat LOCTYPE="URL" xlink:title="water hyacinth AFLP data.xls" xlink:type="locator" xlink:href="/bitstream/handle/10255/dryad.1367/water%20hyacinth%20AFLP%20data.xls?sequence=1"/>
</mets:file>
</mets:fileGrp>
</mets:fileSec>
<mets:structMap LABEL="DSpace" TYPE="LOGICAL">
<mets:div DMDID="dmd_1" TYPE="DSpace Item">
<mets:div ID="div_2" TYPE="DSpace Content Bitstream">
<mets:fptr FILEID="file_1054"/>
</mets:div>
</mets:div>
</mets:structMap>
</mets:METS>
