<?xml version="1.0" encoding="UTF-8"?>
<mets:METS xmlns:mets="http://www.loc.gov/METS/" xmlns:xlink="http://www.w3.org/TR/xlink/" xmlns:xsi="http://www.w3.org/2001/XMLSchema-instance" xmlns:dim="http://www.dspace.org/xmlns/dspace/dim" OBJEDIT="/admin/item?itemID=56898" OBJID="/handle/10255/dryad.47898" PROFILE="DSPACE METS SIP Profile 1.0" LABEL="DSpace Item" ID="hdl:10255/dryad.47898">
<mets:dmdSec GROUPID="group_dmd_0" ID="dmd_1">
<mets:mdWrap MDTYPE="OTHER" OTHERMDTYPE="DIM">
<mets:xmlData>
<dim:dim dspaceType="ITEM">
<dim:field element="contributor" qualifier="author" mdschema="dc">Mohun, Samantha</dim:field>
<dim:field element="contributor" qualifier="author" mdschema="dc">Mackenzie-Dodds, Jacqueline</dim:field>
<dim:field element="contributor" qualifier="author" mdschema="dc">James, Karen</dim:field>
<dim:field element="contributor" qualifier="author" mdschema="dc">Emery, Aidan</dim:field>
<dim:field element="identifier" mdschema="dc">doi:10.5061/dryad.16qb7</dim:field>
<dim:field element="description" language="" mdschema="dc">To unlock the potential for DNA analysis of museum specimens for biodiversity study, we must overcome the problem of DNA damage caused by some of the methods of specimen preservation used in museums. Unfortunately, formalin fixation is both the most common and among the most DNA-unfriendly methods of wet preservation of zoological specimens. Recovery of DNA from tissues subjected to different fixation and storage conditions which cause DNA degradation was investigated using DNA storage cards and assessed experimentally using multiplex, quantitative and basic PCR. Other variables tested were size of amplicon, hydration of tissues and gene origin (nuclear ribosomal or mitochondrial). From these results, it was possible to optimise procedures for the transfer of tissues onto DNA storage cards and recovery and analysis of DNA from formalin fixed museum specimens.</dim:field>
<dim:field element="subject" confidence="NOVALUE" language="" mdschema="dc">DNA Barcoding</dim:field>
<dim:field element="subject" confidence="NOVALUE" language="" mdschema="dc">Biotechnology</dim:field>
<dim:field element="subject" confidence="NOVALUE" language="" mdschema="dc">Conservation Genetics</dim:field>
<dim:field element="subject" confidence="NOVALUE" language="" mdschema="dc">DNA Extraction</dim:field>
<dim:field element="subject" confidence="NOVALUE" language="" mdschema="dc">Damaged DNA</dim:field>
<dim:field element="title" language="" mdschema="dc">Data from: Optimisation of preservation and extraction methods from formalin-fixed specimens using FTA technology.</dim:field>
<dim:field element="type" language="*" mdschema="dc">Article</dim:field>
<dim:field element="contributor" qualifier="correspondingAuthor" language="" mdschema="dc">Mohun, Samantha</dim:field>
<dim:field element="identifier" qualifier="manuscriptNumber" mdschema="dc">MolEcolRes-MER-13-0096</dim:field>
<dim:field authority="ba707c53c47ca95038c3e101c63d90f8" element="publicationName" confidence="UNCERTAIN" language="" mdschema="prism">Molecular Ecology Resources</dim:field>
<dim:field element="archive" qualifier="mailUsers" mdschema="workflow">editorial.office@molecol.com</dim:field>
<dim:field element="archive" qualifier="mailUsers" mdschema="workflow">admin@datadryad.org</dim:field>
<dim:field element="archive" qualifier="mailUsers" mdschema="workflow">curator@datadryad.org</dim:field>
<dim:field element="submit" qualifier="skipReviewStage" mdschema="workflow">false</dim:field>
<dim:field element="workflow" qualifier="submitted" mdschema="internal">true</dim:field>
<dim:field element="review" qualifier="mailUsers" mdschema="workflow">editorial.office@molecol.com</dim:field>
<dim:field element="review" qualifier="mailUsers" mdschema="workflow">managing.editor@molecol.com</dim:field>
<dim:field element="review" qualifier="mailUsers" mdschema="workflow">admin@datadryad.org</dim:field>
<dim:field element="review" qualifier="mailUsers" mdschema="workflow">curator@datadryad.org</dim:field>
</dim:dim>
</mets:xmlData>
</mets:mdWrap>
</mets:dmdSec>
<mets:fileSec/>
<mets:structMap LABEL="DSpace" TYPE="LOGICAL">
<mets:div DMDID="dmd_1" TYPE="DSpace Item"/>
</mets:structMap>
</mets:METS>
