<?xml version="1.0" encoding="UTF-8"?>
<mets:METS xmlns:mets="http://www.loc.gov/METS/" xmlns:xlink="http://www.w3.org/TR/xlink/" xmlns:xsi="http://www.w3.org/2001/XMLSchema-instance" xmlns:dim="http://www.dspace.org/xmlns/dspace/dim" OBJEDIT="/admin/item?itemID=66032" OBJID="/handle/10255/dryad.53904" PROFILE="DSPACE METS SIP Profile 1.0" LABEL="DSpace Item" ID="hdl:10255/dryad.53904">
<mets:dmdSec GROUPID="group_dmd_0" ID="dmd_1">
<mets:mdWrap MDTYPE="OTHER" OTHERMDTYPE="DIM">
<mets:xmlData>
<dim:dim dspaceType="ITEM">
<dim:field element="contributor" qualifier="author" mdschema="dc">Pereira, Carla</dim:field>
<dim:field element="contributor" qualifier="author" mdschema="dc">Aboim, Maria</dim:field>
<dim:field element="contributor" qualifier="author" mdschema="dc">Rab, Petr</dim:field>
<dim:field element="contributor" qualifier="author" mdschema="dc">Collares-Pereira, Maria João</dim:field>
<dim:field element="coverage" qualifier="spatial" language="" mdschema="dc">Portugal</dim:field>
<dim:field element="coverage" qualifier="spatial" language="" mdschema="dc">Iberian Peninsula</dim:field>
<dim:field element="coverage" qualifier="spatial" language="" mdschema="dc">Douro basin</dim:field>
<dim:field element="coverage" qualifier="spatial" language="" mdschema="dc">Vouga basin</dim:field>
<dim:field element="coverage" qualifier="spatial" language="" mdschema="dc">Mondego basin</dim:field>
<dim:field element="coverage" qualifier="temporal" language="" mdschema="dc">present day</dim:field>
<dim:field element="identifier" mdschema="dc">doi:10.5061/dryad.01j4b/1</dim:field>
<dim:field element="relation" qualifier="ispartof" mdschema="dc">doi:10.5061/dryad.01j4b</dim:field>
<dim:field element="rights" qualifier="uri" mdschema="dc">http://creativecommons.org/publicdomain/zero/1.0/</dim:field>
<dim:field element="subject" confidence="NOVALUE" language="" mdschema="dc">CGH (Comparative Genome Hybridization)</dim:field>
<dim:field element="subject" confidence="NOVALUE" language="" mdschema="dc">Hybrid Zones</dim:field>
<dim:field element="subject" confidence="NOVALUE" language="" mdschema="dc">Introgression</dim:field>
<dim:field element="subject" confidence="NOVALUE" language="" mdschema="dc">rDNA polymorphism</dim:field>
<dim:field element="title" language="" mdschema="dc">table_dryad_sampling</dim:field>
<dim:field element="type" language="*" mdschema="dc">Dataset</dim:field>
<dim:field element="ScientificName" confidence="NOVALUE" language="" mdschema="dwc">Achondrostoma oligolepis</dim:field>
<dim:field element="ScientificName" confidence="NOVALUE" language="" mdschema="dwc">Pseudochondrostoma duriense</dim:field>
<dim:field element="ScientificName" confidence="NOVALUE" language="" mdschema="dwc">Pseudochondrostoma polylepis</dim:field>
<dim:field element="type" qualifier="embargo" language="" mdschema="dc">untilArticleAppears</dim:field>
<dim:field element="workflow" qualifier="submitted" mdschema="internal">true</dim:field>
<dim:field element="dryad" qualifier="pageviews">0</dim:field>
<dim:field element="dryad" qualifier="downloads">0</dim:field>
</dim:dim>
</mets:xmlData>
</mets:mdWrap>
</mets:dmdSec>
<mets:fileSec/>
<mets:structMap LABEL="DSpace" TYPE="LOGICAL">
<mets:div DMDID="dmd_1" TYPE="DSpace Item"/>
</mets:structMap>
</mets:METS>
