<?xml version="1.0" encoding="UTF-8"?>
<mets:METS xmlns:mets="http://www.loc.gov/METS/" xmlns:xlink="http://www.w3.org/TR/xlink/" xmlns:xsi="http://www.w3.org/2001/XMLSchema-instance" xmlns:dim="http://www.dspace.org/xmlns/dspace/dim" OBJEDIT="/admin/item?itemID=40375" OBJID="/handle/10255/dryad.36900" PROFILE="DSPACE METS SIP Profile 1.0" LABEL="DSpace Item" ID="hdl:10255/dryad.36900">
<mets:dmdSec GROUPID="group_dmd_0" ID="dmd_1">
<mets:mdWrap MDTYPE="OTHER" OTHERMDTYPE="DIM">
<mets:xmlData>
<dim:dim dspaceType="ITEM">
<dim:field element="contributor" qualifier="author" language="" mdschema="dc">Cooper, Brandon S.</dim:field>
<dim:field element="contributor" qualifier="author" language="" mdschema="dc">Hammad, Loubna A.</dim:field>
<dim:field element="contributor" qualifier="author" language="" mdschema="dc">Fisher, Nicholas P.</dim:field>
<dim:field element="contributor" qualifier="author" language="" mdschema="dc">Karty, Jonathan A.</dim:field>
<dim:field element="contributor" qualifier="author" language="" mdschema="dc">Montooth, Kristi L.</dim:field>
<dim:field element="date" qualifier="accessioned" language="" mdschema="dc">2011-12-21T17:38:47Z</dim:field>
<dim:field element="date" qualifier="available" mdschema="dc">2012-01-18T17:55:55Z</dim:field>
<dim:field element="date" qualifier="issued" language="" mdschema="dc">2011-12-21</dim:field>
<dim:field element="identifier" mdschema="dc">doi:10.5061/dryad.143h7b99/1</dim:field>
<dim:field element="identifier" mdschema="dc">doi:10.5061/dryad.143h7b99/1</dim:field>
<dim:field element="identifier" qualifier="uri" language="" mdschema="dc">http://hdl.handle.net/10255/dryad.36900</dim:field>
<dim:field element="description" language="" mdschema="dc">Proportions of each of the phospholipids in lipid extracts from each isofemale line after development at 16 and 25C. See the read me file for explicit details.</dim:field>
<dim:field element="relation" qualifier="ispartof" language="" mdschema="dc">doi:10.5061/dryad.143h7b99</dim:field>
<dim:field element="rights" qualifier="uri" language="" mdschema="dc">http://creativecommons.org/publicdomain/zero/1.0/</dim:field>
<dim:field element="subject" language="" mdschema="dc">acclimation</dim:field>
<dim:field element="subject" language="" mdschema="dc">cellular membranes</dim:field>
<dim:field element="subject" language="" mdschema="dc">developmental plasticity</dim:field>
<dim:field element="subject" language="" mdschema="dc">experimental evolution</dim:field>
<dim:field element="subject" language="" mdschema="dc">thermal adaptation</dim:field>
<dim:field element="title" language="" mdschema="dc">Cooper_et_al_2012_data</dim:field>
<dim:field element="type" language="*" mdschema="dc">Dataset</dim:field>
<dim:field element="ScientificName" language="" mdschema="dwc">Drosophila melanogaster</dim:field>
<dim:field element="type" qualifier="embargo" language="" mdschema="dc">untilArticleAppears</dim:field>
<dim:field element="dryad" qualifier="pageviews">112</dim:field>
<dim:field element="dryad" qualifier="downloads">92</dim:field>
</dim:dim>
</mets:xmlData>
</mets:mdWrap>
</mets:dmdSec>
<mets:fileSec>
<mets:fileGrp USE="CONTENT">
<mets:file CHECKSUMTYPE="MD5" GROUPID="group_file_118849" ID="file_118849" MIMETYPE="text/plain" SIZE="70508" CHECKSUM="bc7741326319abcb29cab9faa742ef04">
<mets:FLocat LOCTYPE="URL" xlink:title="All_data_submitted_dryad.txt" xlink:label="dataset-file" xlink:type="locator" xlink:href="/bitstream/handle/10255/dryad.36900/All_data_submitted_dryad.txt?sequence=1"/>
</mets:file>
<mets:file CHECKSUMTYPE="MD5" GROUPID="group_file_118850" ID="file_118850" MIMETYPE="text/plain" SIZE="1303" CHECKSUM="9a0ae813875aaf5851408a10d2ab9a1d">
<mets:FLocat LOCTYPE="URL" xlink:title="README.txt" xlink:label="dc_readme" xlink:type="locator" xlink:href="/bitstream/handle/10255/dryad.36900/README.txt?sequence=2"/>
</mets:file>
</mets:fileGrp>
<mets:fileGrp USE="TEXT">
<mets:file CHECKSUMTYPE="MD5" GROUPID="group_file_118850" ID="file_118888" MIMETYPE="text/plain" SIZE="1288" CHECKSUM="26fd96d6e49dc1927788772d819bc6f5">
<mets:FLocat LOCTYPE="URL" xlink:title="README.txt.txt" xlink:label="Extracted text" xlink:type="locator" xlink:href="/bitstream/handle/10255/dryad.36900/README.txt.txt?sequence=3"/>
</mets:file>
<mets:file CHECKSUMTYPE="MD5" GROUPID="group_file_118849" ID="file_118889" MIMETYPE="text/plain" SIZE="70509" CHECKSUM="a0b4513c034fdd3388b354f2fa65958f">
<mets:FLocat LOCTYPE="URL" xlink:title="All_data_submitted_dryad.txt.txt" xlink:label="Extracted text" xlink:type="locator" xlink:href="/bitstream/handle/10255/dryad.36900/All_data_submitted_dryad.txt.txt?sequence=4"/>
</mets:file>
</mets:fileGrp>
</mets:fileSec>
<mets:structMap LABEL="DSpace" TYPE="LOGICAL">
<mets:div DMDID="dmd_1" TYPE="DSpace Item">
<mets:div ID="div_2" TYPE="DSpace Content Bitstream">
<mets:fptr FILEID="file_118849"/>
</mets:div>
<mets:div ID="div_3" TYPE="DSpace Content Bitstream">
<mets:fptr FILEID="file_118850"/>
</mets:div>
</mets:div>
</mets:structMap>
</mets:METS>
