<?xml version="1.0" encoding="UTF-8"?>
<mets:METS xmlns:mets="http://www.loc.gov/METS/" xmlns:xlink="http://www.w3.org/TR/xlink/" xmlns:xsi="http://www.w3.org/2001/XMLSchema-instance" xmlns:dim="http://www.dspace.org/xmlns/dspace/dim" OBJEDIT="/admin/item?itemID=49797" OBJID="/handle/10255/dryad.43138" PROFILE="DSPACE METS SIP Profile 1.0" LABEL="DSpace Item" ID="hdl:10255/dryad.43138">
<mets:dmdSec GROUPID="group_dmd_0" ID="dmd_1">
<mets:mdWrap MDTYPE="OTHER" OTHERMDTYPE="DIM">
<mets:xmlData>
<dim:dim dspaceType="ITEM">
<dim:field element="contributor" qualifier="author" language="" mdschema="dc">Roumet, Marie</dim:field>
<dim:field element="contributor" qualifier="author" language="" mdschema="dc">Noilhan, Camille</dim:field>
<dim:field element="contributor" qualifier="author" language="" mdschema="dc">Latreille, Muriel</dim:field>
<dim:field element="contributor" qualifier="author" language="" mdschema="dc">David, Jacques</dim:field>
<dim:field element="contributor" qualifier="author" language="" mdschema="dc">Muller, Marie-Hélène</dim:field>
<dim:field element="date" qualifier="accessioned" mdschema="dc">2012-11-27T15:02:33Z</dim:field>
<dim:field element="date" qualifier="available" mdschema="dc">2012-11-27T15:02:33Z</dim:field>
<dim:field element="date" qualifier="issued" mdschema="dc">2012-11-27</dim:field>
<dim:field element="identifier" language="" mdschema="dc">doi:10.5061/dryad.17qs8/2</dim:field>
<dim:field element="identifier" mdschema="dc">doi:10.5061/dryad.17qs8/2</dim:field>
<dim:field element="identifier" qualifier="uri" mdschema="dc">http://hdl.handle.net/10255/dryad.43138</dim:field>
<dim:field element="description" language="" mdschema="dc">The Excel file has both the data (one worksheet per weedy population, one worksheet for phenological data of cultivated fields), and a worksheet explaining each of the columns/fields.</dim:field>
<dim:field element="relation" qualifier="ispartof" language="" mdschema="dc">doi:10.5061/dryad.17qs8</dim:field>
<dim:field element="rights" qualifier="uri" language="" mdschema="dc">http://creativecommons.org/publicdomain/zero/1.0/</dim:field>
<dim:field element="subject" confidence="NOVALUE" language="" mdschema="dc">crop-wild-weed complex</dim:field>
<dim:field element="subject" confidence="NOVALUE" language="" mdschema="dc">gene flow</dim:field>
<dim:field element="subject" confidence="NOVALUE" language="" mdschema="dc">isolation-by-time</dim:field>
<dim:field element="subject" confidence="NOVALUE" language="" mdschema="dc">phenology</dim:field>
<dim:field element="subject" confidence="NOVALUE" language="" mdschema="dc">sunflower</dim:field>
<dim:field element="subject" confidence="NOVALUE" language="" mdschema="dc">weed evolution</dim:field>
<dim:field element="title" language="" mdschema="dc">Phenotypic_data</dim:field>
<dim:field element="type" language="*" mdschema="dc">Dataset</dim:field>
<dim:field element="ScientificName" confidence="NOVALUE" language="" mdschema="dwc">Helianthus annuus L.</dim:field>
<dim:field element="type" qualifier="embargo" language="" mdschema="dc">none</dim:field>
<dim:field element="dryad" qualifier="pageviews">91</dim:field>
<dim:field element="dryad" qualifier="downloads">51</dim:field>
</dim:dim>
</mets:xmlData>
</mets:mdWrap>
</mets:dmdSec>
<mets:fileSec>
<mets:fileGrp USE="CONTENT">
<mets:file CHECKSUMTYPE="MD5" GROUPID="group_file_125975" ID="file_125975" MIMETYPE="application/vnd.ms-excel" SIZE="620544" CHECKSUM="ff4ef200b2c660e53195e79c5244f86e">
<mets:FLocat LOCTYPE="URL" xlink:title="Phenotypic_data.xls" xlink:label="dataset-file" xlink:type="locator" xlink:href="/bitstream/handle/10255/dryad.43138/Phenotypic_data.xls?sequence=1"/>
</mets:file>
</mets:fileGrp>
</mets:fileSec>
<mets:structMap LABEL="DSpace" TYPE="LOGICAL">
<mets:div DMDID="dmd_1" TYPE="DSpace Item">
<mets:div ID="div_2" TYPE="DSpace Content Bitstream">
<mets:fptr FILEID="file_125975"/>
</mets:div>
</mets:div>
</mets:structMap>
</mets:METS>
