<?xml version="1.0" encoding="UTF-8"?>
<mets:METS xmlns:mets="http://www.loc.gov/METS/" xmlns:xlink="http://www.w3.org/TR/xlink/" xmlns:xsi="http://www.w3.org/2001/XMLSchema-instance" xmlns:dim="http://www.dspace.org/xmlns/dspace/dim" OBJEDIT="/admin/item?itemID=1838" OBJID="/handle/10255/dryad.1609" PROFILE="DSPACE METS SIP Profile 1.0" LABEL="DSpace Item" ID="hdl:10255/dryad.1609">
<mets:dmdSec GROUPID="group_dmd_0" ID="dmd_1">
<mets:mdWrap MDTYPE="OTHER" OTHERMDTYPE="DIM">
<mets:xmlData>
<dim:dim dspaceType="ITEM">
<dim:field element="contributor" qualifier="author" language="en" mdschema="dc">Souza, Rogério</dim:field>
<dim:field element="contributor" qualifier="author" language="en" mdschema="dc">Del Lama, Marco</dim:field>
<dim:field element="contributor" qualifier="author" language="en" mdschema="dc">Cervini, Marcelo</dim:field>
<dim:field element="contributor" qualifier="author" language="en" mdschema="dc">Mortari, Norma</dim:field>
<dim:field element="contributor" qualifier="author" language="en" mdschema="dc">Eltz, Thomas</dim:field>
<dim:field element="contributor" qualifier="author" language="en" mdschema="dc">Zimmermann, Yvonne</dim:field>
<dim:field element="contributor" qualifier="author" language="en" mdschema="dc">Bach, Carola</dim:field>
<dim:field element="contributor" qualifier="author" language="en" mdschema="dc">Brosi, Berry</dim:field>
<dim:field element="contributor" qualifier="author" language="en" mdschema="dc">Suni, Sevan</dim:field>
<dim:field element="contributor" qualifier="author" language="en" mdschema="dc">Quezada, Javier</dim:field>
<dim:field element="contributor" qualifier="author" language="en" mdschema="dc">Paxton, Robert</dim:field>
<dim:field element="coverage" qualifier="spatial" language="en" mdschema="dc">Neotropics</dim:field>
<dim:field element="coverage" qualifier="temporal" language="en" mdschema="dc">1990's to 2009</dim:field>
<dim:field element="date" qualifier="accessioned" language="" mdschema="dc">2010-06-03T01:45:31Z</dim:field>
<dim:field element="date" qualifier="available" language="" mdschema="dc">2010-06-03T01:45:31Z</dim:field>
<dim:field element="date" qualifier="issued" language="" mdschema="dc">2010-06-02</dim:field>
<dim:field element="identifier" mdschema="dc">doi:10.5061/dryad.1607/2</dim:field>
<dim:field element="identifier" qualifier="uri" language="" mdschema="dc">http://hdl.handle.net/10255/dryad.1609</dim:field>
<dim:field element="description" language="en" mdschema="dc">Genotypes at numerous microsatellite loci of all female euglossine bees presented in the original Evolution paper.</dim:field>
<dim:field element="relation" qualifier="ispartof" language="en" mdschema="dc">doi:10.5061/dryad.1607</dim:field>
<dim:field element="rights" qualifier="uri" language="en" mdschema="dc">http://creativecommons.org/publicdomain/zero/1.0/</dim:field>
<dim:field element="subject" language="en" mdschema="dc">complementary sex determination</dim:field>
<dim:field element="subject" language="en" mdschema="dc">csd</dim:field>
<dim:field element="title" language="en" mdschema="dc">Genotypes of females at numerous microsatellite loci</dim:field>
<dim:field element="type" language="en" mdschema="dc">Dataset</dim:field>
<dim:field element="ScientificName" language="en" mdschema="dwc">Euglossini</dim:field>
<dim:field element="ScientificName" language="" mdschema="dwc">Hymenoptera</dim:field>
<dim:field element="dryad" qualifier="pageviews">109</dim:field>
<dim:field element="dryad" qualifier="downloads">42</dim:field>
</dim:dim>
</mets:xmlData>
</mets:mdWrap>
</mets:dmdSec>
<mets:fileSec>
<mets:fileGrp USE="CONTENT">
<mets:file CHECKSUMTYPE="MD5" GROUPID="group_file_1169" ID="file_1169" MIMETYPE="application/msword" SIZE="475136" CHECKSUM="3a2a5c78381cc983cd77731bbf1ff76c">
<mets:FLocat LOCTYPE="URL" xlink:title="PaxTableS2fem.doc" xlink:type="locator" xlink:href="/bitstream/handle/10255/dryad.1609/PaxTableS2fem.doc?sequence=1"/>
</mets:file>
</mets:fileGrp>
<mets:fileGrp USE="TEXT">
<mets:file CHECKSUMTYPE="MD5" GROUPID="group_file_1169" ID="file_1495" MIMETYPE="text/plain" SIZE="15776" CHECKSUM="89d9cc4a0a130d35a4a4437fea95cd44">
<mets:FLocat LOCTYPE="URL" xlink:title="PaxTableS2fem.doc.txt" xlink:label="Extracted text" xlink:type="locator" xlink:href="/bitstream/handle/10255/dryad.1609/PaxTableS2fem.doc.txt?sequence=2"/>
</mets:file>
</mets:fileGrp>
</mets:fileSec>
<mets:structMap LABEL="DSpace" TYPE="LOGICAL">
<mets:div DMDID="dmd_1" TYPE="DSpace Item">
<mets:div ID="div_2" TYPE="DSpace Content Bitstream">
<mets:fptr FILEID="file_1169"/>
</mets:div>
</mets:div>
</mets:structMap>
</mets:METS>
