<?xml version="1.0" encoding="UTF-8"?>
<mets:METS xmlns:mets="http://www.loc.gov/METS/" xmlns:xlink="http://www.w3.org/TR/xlink/" xmlns:xsi="http://www.w3.org/2001/XMLSchema-instance" xmlns:dim="http://www.dspace.org/xmlns/dspace/dim" OBJEDIT="/admin/item?itemID=167" OBJID="/handle/10255/dryad.155" PROFILE="DSPACE METS SIP Profile 1.0" LABEL="DSpace Item" ID="hdl:10255/dryad.155">
<mets:dmdSec GROUPID="group_dmd_0" ID="dmd_1">
<mets:mdWrap MDTYPE="OTHER" OTHERMDTYPE="DIM">
<mets:xmlData>
<dim:dim dspaceType="ITEM">
<dim:field element="contributor" qualifier="author" language="" mdschema="dc">Swarth, H. S.</dim:field>
<dim:field element="date" qualifier="accessioned" language="" mdschema="dc">2008-05-30T13:18:19Z</dim:field>
<dim:field element="date" qualifier="available" language="" mdschema="dc">2008-05-30T13:18:19Z</dim:field>
<dim:field element="date" qualifier="issued" language="" mdschema="dc">1999</dim:field>
<dim:field element="identifier" mdschema="dc">doi:10.5061/dryad.156/1</dim:field>
<dim:field element="identifier" qualifier="uri" language="" mdschema="dc">http://hdl.handle.net/10255/dryad.155</dim:field>
<dim:field element="relation" qualifier="ispartof" language="" mdschema="dc">http://hdl.handle.net/10255/dryad.156</dim:field>
<dim:field element="rights" qualifier="uri" language="" mdschema="dc">http://datadryad.org/bitstream/handle/10255/dryad.155/license.txt?sequence=2</dim:field>
<dim:field element="subject" language="en_US" mdschema="dc">beak</dim:field>
<dim:field element="subject" language="en_US" mdschema="dc">Darwin's finches</dim:field>
<dim:field element="title" language="en_US" mdschema="dc">Morphological Measurements of Galapagos Finches</dim:field>
<dim:field element="type" language="en_US" mdschema="dc">Dataset</dim:field>
<dim:field element="ScientificName" language="" mdschema="dwc">Geospizinae</dim:field>
<dim:field element="dryad" qualifier="pageviews">215</dim:field>
<dim:field element="dryad" qualifier="downloads">190</dim:field>
</dim:dim>
</mets:xmlData>
</mets:mdWrap>
</mets:dmdSec>
<mets:fileSec>
<mets:fileGrp USE="CONTENT">
<mets:file CHECKSUMTYPE="MD5" GROUPID="group_file_306" ID="file_306" MIMETYPE="application/octet-stream" SIZE="9137" CHECKSUM="2d6086ffc63b93449adb325a1cb22e44">
<mets:FLocat LOCTYPE="URL" xlink:title="morphSwarth.TAB" xlink:type="locator" xlink:href="/bitstream/handle/10255/dryad.155/morphSwarth.TAB?sequence=1"/>
</mets:file>
<mets:file CHECKSUMTYPE="MD5" GROUPID="group_file_1582" ID="file_1582" MIMETYPE="application/vnd.ms-excel" SIZE="37888" CHECKSUM="6a44ac63d56e318af3aa81e0da7a8587">
<mets:FLocat LOCTYPE="URL" xlink:title="morphSwarth.xls" xlink:label="" xlink:type="locator" xlink:href="/bitstream/handle/10255/dryad.155/morphSwarth.xls?sequence=3"/>
</mets:file>
</mets:fileGrp>
<mets:fileGrp USE="LICENSE">
<mets:file CHECKSUMTYPE="MD5" GROUPID="group_file_307" ID="file_307" MIMETYPE="text/plain" SIZE="790" CHECKSUM="0e5ba0ebd3b0741e8e4c7be96cdc343d">
<mets:FLocat LOCTYPE="URL" xlink:title="license.txt" xlink:type="locator" xlink:href="/bitstream/handle/10255/dryad.155/license.txt?sequence=2"/>
</mets:file>
</mets:fileGrp>
</mets:fileSec>
<mets:structMap LABEL="DSpace" TYPE="LOGICAL">
<mets:div DMDID="dmd_1" TYPE="DSpace Item">
<mets:div ID="div_2" TYPE="DSpace Content Bitstream">
<mets:fptr FILEID="file_306"/>
</mets:div>
<mets:div ID="div_3" TYPE="DSpace Content Bitstream">
<mets:fptr FILEID="file_1582"/>
</mets:div>
</mets:div>
</mets:structMap>
</mets:METS>
