<?xml version="1.0" encoding="UTF-8"?>
<mets:METS xmlns:mets="http://www.loc.gov/METS/" xmlns:xlink="http://www.w3.org/TR/xlink/" xmlns:xsi="http://www.w3.org/2001/XMLSchema-instance" xmlns:dim="http://www.dspace.org/xmlns/dspace/dim" OBJEDIT="/admin/item?itemID=64507" OBJID="/handle/10255/dryad.52900" PROFILE="DSPACE METS SIP Profile 1.0" LABEL="DSpace Item" ID="hdl:10255/dryad.52900">
<mets:dmdSec GROUPID="group_dmd_0" ID="dmd_1">
<mets:mdWrap MDTYPE="OTHER" OTHERMDTYPE="DIM">
<mets:xmlData>
<dim:dim dspaceType="ITEM">
<dim:field element="contributor" qualifier="author" mdschema="dc">Czechowski, Paul</dim:field>
<dim:field element="contributor" qualifier="author" mdschema="dc">Soubrier, Julien</dim:field>
<dim:field element="contributor" qualifier="author" mdschema="dc">Stevens, Mark</dim:field>
<dim:field element="contributor" qualifier="author" mdschema="dc">Cooper, Alan</dim:field>
<dim:field element="contributor" qualifier="author" mdschema="dc">Clarke, Laurence J</dim:field>
<dim:field element="coverage" qualifier="spatial" language="" mdschema="dc">Adelaide</dim:field>
<dim:field element="coverage" qualifier="spatial" language="" mdschema="dc">South Australia</dim:field>
<dim:field element="identifier" mdschema="dc">doi:10.5061/dryad.0f9n0/4</dim:field>
<dim:field element="description" language="" mdschema="dc">The pipeline has been built to process (assess quality, deconvolute and trim adapters) different types of NGS reads on UNIX based operating systems. It has only been tested on a limited number of Mac and Linux OS versions so far, and is not yet distributed on any public repository. Therefore, there will be no updated version, maintenance or support for the present scripts.</dim:field>
<dim:field element="relation" qualifier="ispartof" mdschema="dc">doi:10.5061/dryad.0f9n0</dim:field>
<dim:field element="rights" qualifier="uri" mdschema="dc">http://creativecommons.org/publicdomain/zero/1.0/</dim:field>
<dim:field element="subject" confidence="NOVALUE" language="" mdschema="dc">DNA Barcoding</dim:field>
<dim:field element="subject" confidence="NOVALUE" language="" mdschema="dc">Insects</dim:field>
<dim:field element="subject" confidence="NOVALUE" language="" mdschema="dc">Phylogenetic Theory and Methods</dim:field>
<dim:field element="subject" confidence="NOVALUE" language="" mdschema="dc">Systematics</dim:field>
<dim:field element="title" language="" mdschema="dc">MoTASP_Pipeline</dim:field>
<dim:field element="type" language="*" mdschema="dc">Dataset</dim:field>
<dim:field element="type" qualifier="embargo" language="" mdschema="dc">untilArticleAppears</dim:field>
<dim:field element="dryad" qualifier="pageviews">0</dim:field>
<dim:field element="dryad" qualifier="downloads">1</dim:field>
</dim:dim>
</mets:xmlData>
</mets:mdWrap>
</mets:dmdSec>
<mets:fileSec/>
<mets:structMap LABEL="DSpace" TYPE="LOGICAL">
<mets:div DMDID="dmd_1" TYPE="DSpace Item"/>
</mets:structMap>
</mets:METS>
