<?xml version="1.0" encoding="UTF-8"?>
<mets:METS xmlns:mets="http://www.loc.gov/METS/" xmlns:xlink="http://www.w3.org/TR/xlink/" xmlns:xsi="http://www.w3.org/2001/XMLSchema-instance" xmlns:dim="http://www.dspace.org/xmlns/dspace/dim" OBJEDIT="/admin/item?itemID=54329" OBJID="/handle/10255/dryad.46114" PROFILE="DSPACE METS SIP Profile 1.0" LABEL="DSpace Item" ID="hdl:10255/dryad.46114">
<mets:dmdSec GROUPID="group_dmd_0" ID="dmd_1">
<mets:mdWrap MDTYPE="OTHER" OTHERMDTYPE="DIM">
<mets:xmlData>
<dim:dim dspaceType="ITEM">
<dim:field element="contributor" qualifier="author" mdschema="dc">Eckalbar, Walter L</dim:field>
<dim:field element="contributor" qualifier="author" mdschema="dc">Hutchins, Elizabeth D</dim:field>
<dim:field element="contributor" qualifier="author" mdschema="dc">Markov, Glenn J</dim:field>
<dim:field element="contributor" qualifier="author" mdschema="dc">Allen, April N</dim:field>
<dim:field element="contributor" qualifier="author" mdschema="dc">Corneveaux, Jason J</dim:field>
<dim:field element="contributor" qualifier="author" mdschema="dc">Lindblad-Toh, Kerstin</dim:field>
<dim:field element="contributor" qualifier="author" mdschema="dc">Di Palma, Federica</dim:field>
<dim:field element="contributor" qualifier="author" mdschema="dc">Alföldi, Jessica</dim:field>
<dim:field element="contributor" qualifier="author" mdschema="dc">Huentelman, Matthew J</dim:field>
<dim:field element="contributor" qualifier="author" mdschema="dc">Kusumi, Kenro</dim:field>
<dim:field element="date" qualifier="accessioned" mdschema="dc">2013-03-19T14:09:14Z</dim:field>
<dim:field element="date" qualifier="available" mdschema="dc">2013-03-19T14:09:14Z</dim:field>
<dim:field element="date" qualifier="issued" mdschema="dc">2013-03-19</dim:field>
<dim:field element="identifier" mdschema="dc">doi:10.5061/dryad.17bn1/5</dim:field>
<dim:field element="identifier" qualifier="uri" mdschema="dc">http://hdl.handle.net/10255/dryad.46114</dim:field>
<dim:field element="relation" qualifier="ispartof" mdschema="dc">doi:10.5061/dryad.17bn1</dim:field>
<dim:field element="rights" qualifier="uri" mdschema="dc">http://creativecommons.org/publicdomain/zero/1.0/</dim:field>
<dim:field element="subject" confidence="NOVALUE" language="" mdschema="dc">Annotation</dim:field>
<dim:field element="subject" confidence="NOVALUE" language="" mdschema="dc">Lizard</dim:field>
<dim:field element="subject" confidence="NOVALUE" language="" mdschema="dc">Anolis carolinensis</dim:field>
<dim:field element="subject" confidence="NOVALUE" language="" mdschema="dc">Transcriptome</dim:field>
<dim:field element="subject" confidence="NOVALUE" language="" mdschema="dc">Genome</dim:field>
<dim:field element="subject" confidence="NOVALUE" language="" mdschema="dc">RNA-Seq</dim:field>
<dim:field element="subject" confidence="NOVALUE" language="" mdschema="dc">Gene</dim:field>
<dim:field element="subject" confidence="NOVALUE" language="" mdschema="dc">Vertebrate</dim:field>
<dim:field element="subject" confidence="NOVALUE" language="" mdschema="dc">Embryo</dim:field>
<dim:field element="subject" confidence="NOVALUE" language="" mdschema="dc">Tissue-specific</dim:field>
<dim:field element="title" language="" mdschema="dc">ASU_Acar_v2.1.cDNA.fa.gz -- A fasta file of the cDNA sequences for each gene transcript in ASU_Acar_v2.1</dim:field>
<dim:field element="type" language="*" mdschema="dc">Dataset</dim:field>
<dim:field element="ScientificName" confidence="NOVALUE" language="" mdschema="dwc">Anolis carolinensis</dim:field>
<dim:field element="type" qualifier="embargo" language="en" mdschema="dc">none</dim:field>
<dim:field element="dryad" qualifier="pageviews">95</dim:field>
<dim:field element="dryad" qualifier="downloads">28</dim:field>
</dim:dim>
</mets:xmlData>
</mets:mdWrap>
</mets:dmdSec>
<mets:fileSec>
<mets:fileGrp USE="CONTENT">
<mets:file CHECKSUMTYPE="MD5" GROUPID="group_file_129117" ID="file_129117" MIMETYPE="application/x-gzip" SIZE="43864264" CHECKSUM="755628d04b73469df09fb57ec8a9c504">
<mets:FLocat LOCTYPE="URL" xlink:title="ASU_Acar_v2.1.cDNA.fa.gz" xlink:label="dataset-file" xlink:type="locator" xlink:href="/bitstream/handle/10255/dryad.46114/ASU_Acar_v2.1.cDNA.fa.gz?sequence=1"/>
</mets:file>
<mets:file CHECKSUMTYPE="MD5" GROUPID="group_file_130835" ID="file_130835" MIMETYPE="text/plain" SIZE="8331" CHECKSUM="21538b783a1e5649e6d1c4cce9cef6bc">
<mets:FLocat LOCTYPE="URL" xlink:title="README.txt" xlink:label="dc_readme" xlink:type="locator" xlink:href="/bitstream/handle/10255/dryad.46114/README.txt?sequence=2"/>
</mets:file>
</mets:fileGrp>
</mets:fileSec>
<mets:structMap LABEL="DSpace" TYPE="LOGICAL">
<mets:div DMDID="dmd_1" TYPE="DSpace Item">
<mets:div ID="div_2" TYPE="DSpace Content Bitstream">
<mets:fptr FILEID="file_129117"/>
</mets:div>
<mets:div ID="div_3" TYPE="DSpace Content Bitstream">
<mets:fptr FILEID="file_130835"/>
</mets:div>
</mets:div>
</mets:structMap>
</mets:METS>
