<?xml version="1.0" encoding="UTF-8"?>
<mets:METS xmlns:mets="http://www.loc.gov/METS/" xmlns:xlink="http://www.w3.org/TR/xlink/" xmlns:xsi="http://www.w3.org/2001/XMLSchema-instance" xmlns:dim="http://www.dspace.org/xmlns/dspace/dim" OBJEDIT="/admin/item?itemID=60660" OBJID="/handle/10255/dryad.50382" PROFILE="DSPACE METS SIP Profile 1.0" LABEL="DSpace Item" ID="hdl:10255/dryad.50382">
<mets:dmdSec GROUPID="group_dmd_0" ID="dmd_1">
<mets:mdWrap MDTYPE="OTHER" OTHERMDTYPE="DIM">
<mets:xmlData>
<dim:dim dspaceType="ITEM">
<dim:field element="contributor" qualifier="author" mdschema="dc">Claverie, Thomas</dim:field>
<dim:field element="contributor" qualifier="author" mdschema="dc">Patek, S.</dim:field>
<dim:field element="identifier" mdschema="dc">doi:10.5061/dryad.16g2b</dim:field>
<dim:field element="description" language="" mdschema="dc">The dynamic interplay among structure, function and phylogeny form a classic triad of influences on the patterns and processes of biological diversification. While these dynamics are widely recognized as important, quantitative analyses of their interactions have infrequently been applied to biomechanical systems. Here we analyze these factors using a fundamental biomechanical mechanism: power amplification. Power-amplified systems use springs and latches to generate extremely fast and powerful movements. This study focuses specifically on the power amplification mechanism in the fast raptorial appendages of mantis shrimp (Crustacea: Stomatopoda). Using geometric morphometric and phylogenetic comparative analyses, we measured evolutionary modularity and rates of morphological evolution of the raptorial appendage’s biomechanical components. We found that “smashers” (hammer-shaped raptorial appendages) exhibit lower modularity and 10-fold slower rates of morphological change when compared to non-smashers (spear-shaped or undifferentiated appendages). The morphological and biomechanical integration of this system at a macro-evolutionary scale and the presence of variable rates of evolution reveal a balance between structural constraints, functional variation, and the developmental and genetic roles in evolutionary diversification.</dim:field>
<dim:field element="subject" confidence="NOVALUE" language="" mdschema="dc">integration</dim:field>
<dim:field element="subject" confidence="NOVALUE" language="" mdschema="dc">phylogenetic comparative methods</dim:field>
<dim:field element="subject" confidence="NOVALUE" language="" mdschema="dc">mantis shrimp</dim:field>
<dim:field element="subject" confidence="NOVALUE" language="" mdschema="dc">phylogenetic morphospace</dim:field>
<dim:field element="subject" confidence="NOVALUE" language="" mdschema="dc">biomechanics</dim:field>
<dim:field element="subject" confidence="NOVALUE" language="" mdschema="dc">chronogram</dim:field>
<dim:field element="title" language="" mdschema="dc">Data from: Modularity and rates of evolutionary change in a power-amplified prey capture system</dim:field>
<dim:field element="type" language="*" mdschema="dc">Article</dim:field>
<dim:field element="identifier" qualifier="manuscriptNumber" mdschema="dc">evolution-12-0606.R2</dim:field>
<dim:field authority="93e8cc2f2c239b286acfcf5d20ffc830" element="publicationName" confidence="UNCERTAIN" language="" mdschema="prism">Evolution</dim:field>
<dim:field element="archive" qualifier="mailUsers" mdschema="workflow">pcress@wiley.com</dim:field>
<dim:field element="archive" qualifier="mailUsers" mdschema="workflow">admin@datadryad.org</dim:field>
<dim:field element="archive" qualifier="mailUsers" mdschema="workflow">curator@datadryad.org</dim:field>
<dim:field element="submit" qualifier="skipReviewStage" mdschema="workflow">true</dim:field>
<dim:field element="workflow" qualifier="submitted" mdschema="internal">true</dim:field>
<dim:field element="review" qualifier="mailUsers" mdschema="workflow"/>
</dim:dim>
</mets:xmlData>
</mets:mdWrap>
</mets:dmdSec>
<mets:fileSec/>
<mets:structMap LABEL="DSpace" TYPE="LOGICAL">
<mets:div DMDID="dmd_1" TYPE="DSpace Item"/>
</mets:structMap>
</mets:METS>
