<?xml version="1.0" encoding="UTF-8"?>
<mets:METS xmlns:mets="http://www.loc.gov/METS/" xmlns:xlink="http://www.w3.org/TR/xlink/" xmlns:xsi="http://www.w3.org/2001/XMLSchema-instance" xmlns:dim="http://www.dspace.org/xmlns/dspace/dim" OBJEDIT="/admin/item?itemID=1914" OBJID="/handle/10255/dryad.1683" PROFILE="DSPACE METS SIP Profile 1.0" LABEL="DSpace Item" ID="hdl:10255/dryad.1683">
<mets:dmdSec GROUPID="group_dmd_0" ID="dmd_1">
<mets:mdWrap MDTYPE="OTHER" OTHERMDTYPE="DIM">
<mets:xmlData>
<dim:dim dspaceType="ITEM">
<dim:field element="contributor" qualifier="author" language="en" mdschema="dc">Gonçalves da Silva, Anders</dim:field>
<dim:field element="contributor" qualifier="author" language="en" mdschema="dc">Eberhard, Jessica</dim:field>
<dim:field element="contributor" qualifier="author" language="" mdschema="dc">Wright, Timothy</dim:field>
<dim:field element="contributor" qualifier="author" language="" mdschema="dc">Avery, Michael</dim:field>
<dim:field element="contributor" qualifier="author" language="" mdschema="dc">Russello, Michael</dim:field>
<dim:field element="coverage" qualifier="spatial" language="" mdschema="dc">Argentina</dim:field>
<dim:field element="coverage" qualifier="spatial" language="" mdschema="dc">USA</dim:field>
<dim:field element="date" qualifier="accessioned" language="" mdschema="dc">2010-06-23T22:27:18Z</dim:field>
<dim:field element="date" qualifier="available" language="" mdschema="dc">2010-06-23T22:54:28Z</dim:field>
<dim:field element="date" qualifier="issued" language="" mdschema="dc">2010-06-23</dim:field>
<dim:field element="identifier" mdschema="dc">doi:10.5061/dryad.1682/1</dim:field>
<dim:field element="identifier" qualifier="uri" language="" mdschema="dc">http://hdl.handle.net/10255/dryad.1683</dim:field>
<dim:field element="description" language="" mdschema="dc">Microsatellite data, and other information on monk parakeets in three sites.</dim:field>
<dim:field element="relation" qualifier="ispartof" language="en" mdschema="dc">doi:10.5061/dryad.1682</dim:field>
<dim:field element="rights" qualifier="uri" language="en" mdschema="dc">http://creativecommons.org/publicdomain/zero/1.0/</dim:field>
<dim:field element="subject" language="" mdschema="dc">Invasive Species</dim:field>
<dim:field element="subject" language="" mdschema="dc">Ecological Genetics</dim:field>
<dim:field element="subject" language="" mdschema="dc">Population Genetics - Empirical</dim:field>
<dim:field element="subject" language="" mdschema="dc">Birds</dim:field>
<dim:field element="title" language="en" mdschema="dc">Monk parakeet genotype, nest membership, age class and sex data</dim:field>
<dim:field element="type" language="en" mdschema="dc">Dataset</dim:field>
<dim:field element="ScientificName" language="" mdschema="dwc">Myiopsitta monachus</dim:field>
<dim:field element="publicationName" language="" mdschema="prism">Molecular Ecology</dim:field>
<dim:field element="dryad" qualifier="pageviews">194</dim:field>
<dim:field element="dryad" qualifier="downloads">76</dim:field>
</dim:dim>
</mets:xmlData>
</mets:mdWrap>
</mets:dmdSec>
<mets:fileSec>
<mets:fileGrp USE="CONTENT">
<mets:file CHECKSUMTYPE="MD5" GROUPID="group_file_1521" ID="file_1521" MIMETYPE="application/vnd.ms-excel" SIZE="95232" CHECKSUM="3a25fd426180cfaaeea8c5ff6f7cff3e">
<mets:FLocat LOCTYPE="URL" xlink:title="myiopalldatabase.xls" xlink:type="locator" xlink:href="/bitstream/handle/10255/dryad.1683/myiopalldatabase.xls?sequence=1"/>
</mets:file>
</mets:fileGrp>
</mets:fileSec>
<mets:structMap LABEL="DSpace" TYPE="LOGICAL">
<mets:div DMDID="dmd_1" TYPE="DSpace Item">
<mets:div ID="div_2" TYPE="DSpace Content Bitstream">
<mets:fptr FILEID="file_1521"/>
</mets:div>
</mets:div>
</mets:structMap>
</mets:METS>
