<?xml version="1.0" encoding="UTF-8"?>
<mets:METS xmlns:mets="http://www.loc.gov/METS/" xmlns:xlink="http://www.w3.org/TR/xlink/" xmlns:xsi="http://www.w3.org/2001/XMLSchema-instance" xmlns:dim="http://www.dspace.org/xmlns/dspace/dim" OBJEDIT="/admin/item?itemID=2171" OBJID="/handle/10255/dryad.1919" PROFILE="DSPACE METS SIP Profile 1.0" LABEL="DSpace Item" ID="hdl:10255/dryad.1919">
<mets:dmdSec GROUPID="group_dmd_0" ID="dmd_1">
<mets:mdWrap MDTYPE="OTHER" OTHERMDTYPE="DIM">
<mets:xmlData>
<dim:dim withdrawn="y" dspaceType="ITEM">
<dim:field element="contributor" mdschema="dc">Blackburn, David C</dim:field>
<dim:field element="coverage" qualifier="spatial" language="en" mdschema="dc">Tanzania</dim:field>
<dim:field element="coverage" qualifier="spatial" language="en" mdschema="dc">Africa</dim:field>
<dim:field element="coverage" qualifier="spatial" language="en" mdschema="dc">Eastern Arc Mountains</dim:field>
<dim:field element="coverage" qualifier="spatial" language="en" mdschema="dc">Usambara Mountains</dim:field>
<dim:field element="coverage" qualifier="spatial" language="en" mdschema="dc">Nguru Mountains</dim:field>
<dim:field element="date" qualifier="accessioned" mdschema="dc">2010-08-27T19:07:31Z</dim:field>
<dim:field element="date" qualifier="available" mdschema="dc">2010-08-27T19:07:31Z</dim:field>
<dim:field element="date" qualifier="issued" mdschema="dc">2010-08-27</dim:field>
<dim:field element="identifier" mdschema="dc">doi:10.5061/dryad.1918/1</dim:field>
<dim:field element="identifier" qualifier="uri" mdschema="dc">http://hdl.handle.net/10255/dryad.1919</dim:field>
<dim:field element="description" language="en" mdschema="dc">Nexus file containing aligned DNA sequences of mitochondrial 12S and 16S ribosomal RNA genes, and intervening transfer RNA for Valine</dim:field>
<dim:field element="relation" qualifier="ispartof" mdschema="dc">http://datadryad.org/handle/10255/dryad.1918</dim:field>
<dim:field element="subject" language="en" mdschema="dc">Africa</dim:field>
<dim:field element="subject" language="en" mdschema="dc">biodiversity hotspot</dim:field>
<dim:field element="subject" language="en" mdschema="dc">body size</dim:field>
<dim:field element="subject" language="en" mdschema="dc">cryptic species</dim:field>
<dim:field element="subject" language="en" mdschema="dc">new species</dim:field>
<dim:field element="subject" language="en" mdschema="dc">evolution</dim:field>
<dim:field element="subject" language="en" mdschema="dc">phylogenetics</dim:field>
<dim:field element="subject" language="en" mdschema="dc">biogeography</dim:field>
<dim:field element="title" language="en" mdschema="dc">Alignment of mitochondrial DNA sequences</dim:field>
<dim:field element="ScientificName" language="en" mdschema="dwc">Arthroleptis kidogo</dim:field>
<dim:field element="ScientificName" language="en" mdschema="dwc">Arthroleptis palava</dim:field>
<dim:field element="ScientificName" language="en" mdschema="dwc">Arthroleptidae</dim:field>
<dim:field element="ScientificName" language="en" mdschema="dwc">Anura</dim:field>
<dim:field element="ScientificName" language="en" mdschema="dwc">Amphibia</dim:field>
<dim:field element="type" qualifier="embargo" language="en" mdschema="dc">none</dim:field>
<dim:field element="dryad" qualifier="pageviews">0</dim:field>
<dim:field element="dryad" qualifier="downloads">0</dim:field>
</dim:dim>
</mets:xmlData>
</mets:mdWrap>
</mets:dmdSec>
<mets:fileSec>
<mets:fileGrp USE="CONTENT">
<mets:file CHECKSUMTYPE="MD5" GROUPID="group_file_1661" ID="file_1661" MIMETYPE="text/plain" SIZE="25270" CHECKSUM="38d69da2f2bf3ee87db575b01bf9fac0">
<mets:FLocat LOCTYPE="URL" xlink:title="fichika&amp;kidogo.nex" xlink:label="dataset-file" xlink:type="locator" xlink:href="/bitstream/handle/10255/dryad.1919/fichika%26kidogo.nex?sequence=1"/>
</mets:file>
</mets:fileGrp>
</mets:fileSec>
<mets:structMap LABEL="DSpace" TYPE="LOGICAL">
<mets:div DMDID="dmd_1" TYPE="DSpace Item">
<mets:div ID="div_2" TYPE="DSpace Content Bitstream">
<mets:fptr FILEID="file_1661"/>
</mets:div>
</mets:div>
</mets:structMap>
</mets:METS>
