<?xml version="1.0" encoding="UTF-8"?>
<mets:METS xmlns:mets="http://www.loc.gov/METS/" xmlns:xlink="http://www.w3.org/TR/xlink/" xmlns:xsi="http://www.w3.org/2001/XMLSchema-instance" xmlns:dim="http://www.dspace.org/xmlns/dspace/dim" OBJEDIT="/admin/item?itemID=45222" OBJID="/handle/10255/dryad.40113" PROFILE="DSPACE METS SIP Profile 1.0" LABEL="DSpace Item" ID="hdl:10255/dryad.40113">
<mets:dmdSec GROUPID="group_dmd_0" ID="dmd_1">
<mets:mdWrap MDTYPE="OTHER" OTHERMDTYPE="DIM">
<mets:xmlData>
<dim:dim dspaceType="ITEM">
<dim:field element="contributor" qualifier="author" mdschema="dc">Berenos, Camillo</dim:field>
<dim:field element="contributor" qualifier="author" mdschema="dc">Schmid-Hempel, Paul</dim:field>
<dim:field element="contributor" qualifier="author" mdschema="dc">Wegner, K. Mathias</dim:field>
<dim:field element="date" qualifier="accessioned" mdschema="dc">2012-06-05T19:18:43Z</dim:field>
<dim:field element="date" qualifier="available" mdschema="dc">2012-09-25T19:17:27Z</dim:field>
<dim:field element="date" qualifier="issued" mdschema="dc">2012-06-05</dim:field>
<dim:field element="identifier" mdschema="dc">doi:10.5061/dryad.10rk4/2</dim:field>
<dim:field element="identifier" qualifier="uri" mdschema="dc">http://hdl.handle.net/10255/dryad.40113</dim:field>
<dim:field element="relation" qualifier="ispartof" mdschema="dc">doi:10.5061/dryad.10rk4</dim:field>
<dim:field element="rights" qualifier="uri" mdschema="dc">http://creativecommons.org/publicdomain/zero/1.0/</dim:field>
<dim:field element="subject" language="" mdschema="dc">Adaptation</dim:field>
<dim:field element="subject" language="" mdschema="dc">Ecology: evolutionary</dim:field>
<dim:field element="subject" language="" mdschema="dc">Evolution: experimental</dim:field>
<dim:field element="subject" language="" mdschema="dc">Evolution: host/parasite</dim:field>
<dim:field element="subject" language="" mdschema="dc">Speciation: ecological</dim:field>
<dim:field element="title" language="" mdschema="dc">data crossinfection experiment Antagonistic coevolution accelerates the evolution of reproductive isolation in Tribolium castaneum</dim:field>
<dim:field element="type" language="*" mdschema="dc">Dataset</dim:field>
<dim:field element="ScientificName" language="" mdschema="dwc">Tribolium castaneum</dim:field>
<dim:field element="ScientificName" language="" mdschema="dwc">Nosema whitei</dim:field>
<dim:field element="type" qualifier="embargo" language="" mdschema="dc">untilArticleAppears</dim:field>
<dim:field element="dryad" qualifier="pageviews">54</dim:field>
<dim:field element="dryad" qualifier="downloads">26</dim:field>
</dim:dim>
</mets:xmlData>
</mets:mdWrap>
</mets:dmdSec>
<mets:fileSec>
<mets:fileGrp USE="CONTENT">
<mets:file CHECKSUMTYPE="MD5" GROUPID="group_file_122799" ID="file_122799" MIMETYPE="text/plain" SIZE="14518" CHECKSUM="e00dccb72ad1301adc397ccfbac2dab4">
<mets:FLocat LOCTYPE="URL" xlink:title="data amnat crossinfection exp.txt" xlink:label="dataset-file" xlink:type="locator" xlink:href="/bitstream/handle/10255/dryad.40113/data%20amnat%20crossinfection%20exp.txt?sequence=1"/>
</mets:file>
<mets:file CHECKSUMTYPE="MD5" GROUPID="group_file_122800" ID="file_122800" MIMETYPE="text/plain" SIZE="643" CHECKSUM="f853212d6370e0361718c37f482cb626">
<mets:FLocat LOCTYPE="URL" xlink:title="README.txt" xlink:label="dc_readme" xlink:type="locator" xlink:href="/bitstream/handle/10255/dryad.40113/README.txt?sequence=2"/>
</mets:file>
</mets:fileGrp>
</mets:fileSec>
<mets:structMap LABEL="DSpace" TYPE="LOGICAL">
<mets:div DMDID="dmd_1" TYPE="DSpace Item">
<mets:div ID="div_2" TYPE="DSpace Content Bitstream">
<mets:fptr FILEID="file_122799"/>
</mets:div>
<mets:div ID="div_3" TYPE="DSpace Content Bitstream">
<mets:fptr FILEID="file_122800"/>
</mets:div>
</mets:div>
</mets:structMap>
</mets:METS>
