<?xml version="1.0" encoding="UTF-8"?>
<mets:METS xmlns:mets="http://www.loc.gov/METS/" xmlns:xlink="http://www.w3.org/TR/xlink/" xmlns:xsi="http://www.w3.org/2001/XMLSchema-instance" xmlns:dim="http://www.dspace.org/xmlns/dspace/dim" OBJEDIT="/admin/item?itemID=61371" OBJID="/handle/10255/dryad.50861" PROFILE="DSPACE METS SIP Profile 1.0" LABEL="DSpace Item" ID="hdl:10255/dryad.50861">
<mets:dmdSec GROUPID="group_dmd_0" ID="dmd_1">
<mets:mdWrap MDTYPE="OTHER" OTHERMDTYPE="DIM">
<mets:xmlData>
<dim:dim dspaceType="ITEM">
<dim:field element="contributor" qualifier="author" language="" mdschema="dc">Galaverni, Marco</dim:field>
<dim:field element="contributor" qualifier="author" language="" mdschema="dc">Caniglia, Romolo</dim:field>
<dim:field element="contributor" qualifier="author" language="" mdschema="dc">Fabbri, Elena</dim:field>
<dim:field element="contributor" qualifier="author" language="" mdschema="dc">Lapalombella, Silvana</dim:field>
<dim:field element="contributor" qualifier="author" language="" mdschema="dc">Randi, Ettore</dim:field>
<dim:field element="coverage" qualifier="spatial" language="" mdschema="dc">Italy</dim:field>
<dim:field element="coverage" qualifier="spatial" language="" mdschema="dc">Southern Europe</dim:field>
<dim:field element="coverage" qualifier="spatial" language="" mdschema="dc">Apennines</dim:field>
<dim:field element="coverage" qualifier="spatial" language="" mdschema="dc">Alps</dim:field>
<dim:field element="date" qualifier="accessioned" language="" mdschema="dc">2013-06-17T17:26:43Z</dim:field>
<dim:field element="date" qualifier="issued" language="" mdschema="dc">2013-07-24</dim:field>
<dim:field element="identifier" language="" mdschema="dc">doi:10.5061/dryad.15r7f/1</dim:field>
<dim:field element="identifier" qualifier="uri" language="" mdschema="dc">http://hdl.handle.net/10255/dryad.50861</dim:field>
<dim:field element="relation" qualifier="ispartof" language="" mdschema="dc">doi:10.5061/dryad.15r7f</dim:field>
<dim:field element="rights" qualifier="uri" language="" mdschema="dc">http://creativecommons.org/publicdomain/zero/1.0/</dim:field>
<dim:field element="subject" confidence="NOVALUE" language="" mdschema="dc">Major Histocompatibility Complex</dim:field>
<dim:field element="subject" confidence="NOVALUE" language="" mdschema="dc">Natural selection</dim:field>
<dim:field element="subject" confidence="NOVALUE" language="" mdschema="dc">Hybridization</dim:field>
<dim:field element="subject" confidence="NOVALUE" language="" mdschema="dc">Bottleneck</dim:field>
<dim:field element="subject" confidence="NOVALUE" language="" mdschema="dc">MHC phylogenetics Subject area: Conservation genetics and biodiversity</dim:field>
<dim:field element="subject" confidence="NOVALUE" language="" mdschema="dc">Molecular adaptation and selection</dim:field>
<dim:field element="title" language="" mdschema="dc">MHC alleles and STR genotypes of wolves in Italy</dim:field>
<dim:field element="type" language="*" mdschema="dc">Dataset</dim:field>
<dim:field element="ScientificName" confidence="NOVALUE" language="" mdschema="dwc">Canis lupus</dim:field>
<dim:field element="date" qualifier="embargoedUntil" language="" mdschema="dc">2014-07-24</dim:field>
<dim:field element="type" qualifier="embargo" language="" mdschema="dc">oneyear</dim:field>
<dim:field element="dryad" qualifier="pageviews">16</dim:field>
<dim:field element="dryad" qualifier="downloads">1</dim:field>
</dim:dim>
</mets:xmlData>
</mets:mdWrap>
</mets:dmdSec>
<mets:fileSec/>
<mets:structMap LABEL="DSpace" TYPE="LOGICAL">
<mets:div DMDID="dmd_1" TYPE="DSpace Item"/>
</mets:structMap>
</mets:METS>
