<?xml version="1.0" encoding="UTF-8"?>
<mets:METS xmlns:mets="http://www.loc.gov/METS/" xmlns:xlink="http://www.w3.org/TR/xlink/" xmlns:xsi="http://www.w3.org/2001/XMLSchema-instance" xmlns:dim="http://www.dspace.org/xmlns/dspace/dim" OBJEDIT="/admin/item?itemID=1408" OBJID="/handle/10255/dryad.1235" PROFILE="DSPACE METS SIP Profile 1.0" LABEL="DSpace Item" ID="hdl:10255/dryad.1235">
<mets:dmdSec GROUPID="group_dmd_0" ID="dmd_1">
<mets:mdWrap MDTYPE="OTHER" OTHERMDTYPE="DIM">
<mets:xmlData>
<dim:dim dspaceType="ITEM">
<dim:field element="contributor" qualifier="author" language="en" mdschema="dc">Duputié, Anne</dim:field>
<dim:field element="contributor" qualifier="author" language="en" mdschema="dc">Delêtre, Marc</dim:field>
<dim:field element="contributor" qualifier="author" language="en" mdschema="dc">de Granville, Jean-Jacques</dim:field>
<dim:field element="contributor" qualifier="author" language="en" mdschema="dc">McKey, Doyle</dim:field>
<dim:field element="coverage" qualifier="spatial" language="en" mdschema="dc">French Guiana</dim:field>
<dim:field element="date" qualifier="accessioned" language="" mdschema="dc">2010-02-24T21:31:50Z</dim:field>
<dim:field element="date" qualifier="available" language="" mdschema="dc">2010-02-24T21:31:50Z</dim:field>
<dim:field element="date" qualifier="issued" language="" mdschema="dc">2010-02-24T21:31:50Z</dim:field>
<dim:field element="identifier" mdschema="dc">doi:10.5061/dryad.1234/1</dim:field>
<dim:field element="identifier" qualifier="uri" language="" mdschema="dc">http://hdl.handle.net/10255/dryad.1235</dim:field>
<dim:field element="description" language="en" mdschema="dc">Microsatellite genotypes for Manihot esculenta ssp flabellifolia populations of French Guiana. All useful information is included in the file.</dim:field>
<dim:field element="relation" qualifier="ispartof" language="en" mdschema="dc">doi:10.5061/dryad.1234</dim:field>
<dim:field element="rights" qualifier="uri" language="en" mdschema="dc">http://creativecommons.org/publicdomain/zero/1.0/</dim:field>
<dim:field element="subject" language="en" mdschema="dc">Manihot</dim:field>
<dim:field element="subject" language="en" mdschema="dc">French Guiana</dim:field>
<dim:field element="subject" language="en" mdschema="dc">Refugia</dim:field>
<dim:field element="subject" language="en" mdschema="dc">Population Genetics</dim:field>
<dim:field element="subject" language="en" mdschema="dc">Hybridization</dim:field>
<dim:field element="subject" language="en" mdschema="dc">Phylogeography</dim:field>
<dim:field element="title" language="en" mdschema="dc">Genotypes.xls</dim:field>
<dim:field element="type" language="en" mdschema="dc">Dataset</dim:field>
<dim:field element="ScientificName" language="en" mdschema="dwc">Manihot esculenta ssp. flabellifolia</dim:field>
<dim:field element="status" language="" mdschema="dryad">scanned</dim:field>
<dim:field element="dryad" qualifier="pageviews">179</dim:field>
<dim:field element="dryad" qualifier="downloads">80</dim:field>
</dim:dim>
</mets:xmlData>
</mets:mdWrap>
</mets:dmdSec>
<mets:fileSec>
<mets:fileGrp USE="CONTENT">
<mets:file CHECKSUMTYPE="MD5" GROUPID="group_file_997" ID="file_997" MIMETYPE="application/vnd.ms-excel" SIZE="203264" CHECKSUM="8f5374a51d3bd90609e6e16e3d239cf4">
<mets:FLocat LOCTYPE="URL" xlink:title="Duputie.etal.MolEcol2009.DryadData.xls" xlink:type="locator" xlink:href="/bitstream/handle/10255/dryad.1235/Duputie.etal.MolEcol2009.DryadData.xls?sequence=1"/>
</mets:file>
</mets:fileGrp>
</mets:fileSec>
<mets:structMap LABEL="DSpace" TYPE="LOGICAL">
<mets:div DMDID="dmd_1" TYPE="DSpace Item">
<mets:div ID="div_2" TYPE="DSpace Content Bitstream">
<mets:fptr FILEID="file_997"/>
</mets:div>
</mets:div>
</mets:structMap>
</mets:METS>
