<?xml version="1.0" encoding="UTF-8"?>
<mets:METS xmlns:mets="http://www.loc.gov/METS/" xmlns:xlink="http://www.w3.org/TR/xlink/" xmlns:xsi="http://www.w3.org/2001/XMLSchema-instance" xmlns:dim="http://www.dspace.org/xmlns/dspace/dim" OBJEDIT="/admin/item?itemID=161" OBJID="/handle/10255/dryad.149" PROFILE="DSPACE METS SIP Profile 1.0" LABEL="DSpace Item" ID="hdl:10255/dryad.149">
<mets:dmdSec GROUPID="group_dmd_0" ID="dmd_1">
<mets:mdWrap MDTYPE="OTHER" OTHERMDTYPE="DIM">
<mets:xmlData>
<dim:dim dspaceType="ITEM">
<dim:field element="contributor" qualifier="author" language="" mdschema="dc">Lack, David L.</dim:field>
<dim:field element="date" qualifier="accessioned" language="" mdschema="dc">2008-05-30T02:38:06Z</dim:field>
<dim:field element="date" qualifier="available" language="" mdschema="dc">2008-05-30T02:38:06Z</dim:field>
<dim:field element="date" qualifier="issued" language="" mdschema="dc">1999</dim:field>
<dim:field element="identifier" mdschema="dc">doi:10.5061/dryad.150/1</dim:field>
<dim:field element="identifier" qualifier="uri" language="" mdschema="dc">http://hdl.handle.net/10255/dryad.149</dim:field>
<dim:field element="description" language="en_US" mdschema="dc">Over 6500 specimens that were measured by David Lack. These data were transcribed from records deposited at the California Academy of Sciences.</dim:field>
<dim:field element="relation" qualifier="ispartof" language="" mdschema="dc">http://hdl.handle.net/10255/dryad.150</dim:field>
<dim:field element="rights" qualifier="uri" language="" mdschema="dc">http://datadryad.org/bitstream/handle/10255/dryad.149/license.txt?sequence=2</dim:field>
<dim:field element="subject" language="en_US" mdschema="dc">Darwin's finches</dim:field>
<dim:field element="subject" language="en_US" mdschema="dc">beak</dim:field>
<dim:field element="title" language="en_US" mdschema="dc">Morphological Measurements of Galapagos Finches</dim:field>
<dim:field element="type" language="en_US" mdschema="dc">Dataset</dim:field>
<dim:field element="ScientificName" language="" mdschema="dwc">Geospizinae</dim:field>
<dim:field element="dryad" qualifier="pageviews">184</dim:field>
<dim:field element="dryad" qualifier="downloads">178</dim:field>
</dim:dim>
</mets:xmlData>
</mets:mdWrap>
</mets:dmdSec>
<mets:fileSec>
<mets:fileGrp USE="CONTENT">
<mets:file CHECKSUMTYPE="MD5" GROUPID="group_file_294" ID="file_294" MIMETYPE="application/octet-stream" SIZE="726154" CHECKSUM="6bcd12261b283ec8852a340ed42d31d8">
<mets:FLocat LOCTYPE="URL" xlink:title="morphLack.TAB" xlink:type="locator" xlink:href="/bitstream/handle/10255/dryad.149/morphLack.TAB?sequence=1"/>
</mets:file>
<mets:file CHECKSUMTYPE="MD5" GROUPID="group_file_1583" ID="file_1583" MIMETYPE="application/vnd.ms-excel" SIZE="1743360" CHECKSUM="947b100622f3c052d2ff15d9d06cc12b">
<mets:FLocat LOCTYPE="URL" xlink:title="morphLack.xls" xlink:label="" xlink:type="locator" xlink:href="/bitstream/handle/10255/dryad.149/morphLack.xls?sequence=3"/>
</mets:file>
</mets:fileGrp>
<mets:fileGrp USE="LICENSE">
<mets:file CHECKSUMTYPE="MD5" GROUPID="group_file_295" ID="file_295" MIMETYPE="text/plain" SIZE="790" CHECKSUM="b1403ee7972052431065c9594f96f65b">
<mets:FLocat LOCTYPE="URL" xlink:title="license.txt" xlink:type="locator" xlink:href="/bitstream/handle/10255/dryad.149/license.txt?sequence=2"/>
</mets:file>
</mets:fileGrp>
</mets:fileSec>
<mets:structMap LABEL="DSpace" TYPE="LOGICAL">
<mets:div DMDID="dmd_1" TYPE="DSpace Item">
<mets:div ID="div_2" TYPE="DSpace Content Bitstream">
<mets:fptr FILEID="file_294"/>
</mets:div>
<mets:div ID="div_3" TYPE="DSpace Content Bitstream">
<mets:fptr FILEID="file_1583"/>
</mets:div>
</mets:div>
</mets:structMap>
</mets:METS>
