<?xml version="1.0" encoding="UTF-8"?>
<mets:METS xmlns:mets="http://www.loc.gov/METS/" xmlns:xlink="http://www.w3.org/TR/xlink/" xmlns:xsi="http://www.w3.org/2001/XMLSchema-instance" xmlns:dim="http://www.dspace.org/xmlns/dspace/dim" OBJEDIT="/admin/item?itemID=1246" OBJID="/handle/10255/dryad.1088" PROFILE="DSPACE METS SIP Profile 1.0" LABEL="DSpace Item" ID="hdl:10255/dryad.1088">
<mets:dmdSec GROUPID="group_dmd_0" ID="dmd_1">
<mets:mdWrap MDTYPE="OTHER" OTHERMDTYPE="DIM">
<mets:xmlData>
<dim:dim dspaceType="ITEM">
<dim:field element="contributor" qualifier="author" language="en" mdschema="dc">Kendall, Bruce E.</dim:field>
<dim:field element="contributor" qualifier="author" language="en" mdschema="dc">Wittmann, Marion E.</dim:field>
<dim:field element="date" qualifier="accessioned" language="" mdschema="dc">2009-11-18T16:40:47Z</dim:field>
<dim:field element="date" qualifier="available" language="" mdschema="dc">2009-11-18T16:40:47Z</dim:field>
<dim:field element="date" qualifier="issued" language="" mdschema="dc">2009-11-18T16:40:47Z</dim:field>
<dim:field element="identifier" mdschema="dc">doi:10.5061/dryad.1087/1</dim:field>
<dim:field element="identifier" qualifier="uri" language="" mdschema="dc">http://hdl.handle.net/10255/dryad.1088</dim:field>
<dim:field element="relation" qualifier="ispartof" language="en" mdschema="dc">doi:10.5061/dryad.1087</dim:field>
<dim:field element="rights" qualifier="uri" language="en" mdschema="dc">http://creativecommons.org/publicdomain/zero/1.0/</dim:field>
<dim:field element="subject" language="en" mdschema="dc">demography</dim:field>
<dim:field element="subject" language="en" mdschema="dc">ecology: population</dim:field>
<dim:field element="subject" language="en" mdschema="dc">modeling: applied population</dim:field>
<dim:field element="subject" language="en" mdschema="dc">Modeling: population ecology</dim:field>
<dim:field element="subject" language="en" mdschema="dc">theory</dim:field>
<dim:field element="subject" language="en" mdschema="dc">bird</dim:field>
<dim:field element="subject" language="en" mdschema="dc">mammal</dim:field>
<dim:field element="subject" language="en" mdschema="dc">reptile</dim:field>
<dim:field element="title" language="en" mdschema="dc">MLE LL Estimates</dim:field>
<dim:field element="type" language="en" mdschema="dc">Dataset</dim:field>
<dim:field element="status" language="" mdschema="dryad">scanned</dim:field>
<dim:field element="dryad" qualifier="pageviews">147</dim:field>
<dim:field element="dryad" qualifier="downloads">137</dim:field>
</dim:dim>
</mets:xmlData>
</mets:mdWrap>
</mets:dmdSec>
<mets:fileSec>
<mets:fileGrp USE="CONTENT">
<mets:file CHECKSUMTYPE="MD5" GROUPID="group_file_933" ID="file_933" MIMETYPE="text/plain" SIZE="128545" CHECKSUM="cbcb11826625eab27b1e75b10bfeed86">
<mets:FLocat LOCTYPE="URL" xlink:title="MLE_LL_estimates.txt" xlink:type="locator" xlink:href="/bitstream/handle/10255/dryad.1088/MLE_LL_estimates.txt?sequence=1"/>
</mets:file>
<mets:file CHECKSUMTYPE="MD5" GROUPID="group_file_934" ID="file_934" MIMETYPE="text/plain" SIZE="1597" CHECKSUM="b8b66e996db32e9d49afddad3f5395bf">
<mets:FLocat LOCTYPE="URL" xlink:title="README.txt" xlink:type="locator" xlink:href="/bitstream/handle/10255/dryad.1088/README.txt?sequence=2"/>
</mets:file>
</mets:fileGrp>
<mets:fileGrp USE="TEXT">
<mets:file CHECKSUMTYPE="MD5" GROUPID="group_file_933" ID="file_1239" MIMETYPE="text/plain" SIZE="123994" CHECKSUM="88d21fc82d8b716078e9346dbf3b89ee">
<mets:FLocat LOCTYPE="URL" xlink:title="MLE_LL_estimates.txt.txt" xlink:label="Extracted text" xlink:type="locator" xlink:href="/bitstream/handle/10255/dryad.1088/MLE_LL_estimates.txt.txt?sequence=3"/>
</mets:file>
<mets:file CHECKSUMTYPE="MD5" GROUPID="group_file_934" ID="file_1240" MIMETYPE="text/plain" SIZE="1536" CHECKSUM="4201e6e48d99f561091e4850a54d5fb3">
<mets:FLocat LOCTYPE="URL" xlink:title="README.txt.txt" xlink:label="Extracted text" xlink:type="locator" xlink:href="/bitstream/handle/10255/dryad.1088/README.txt.txt?sequence=4"/>
</mets:file>
</mets:fileGrp>
</mets:fileSec>
<mets:structMap LABEL="DSpace" TYPE="LOGICAL">
<mets:div DMDID="dmd_1" TYPE="DSpace Item">
<mets:div ID="div_2" TYPE="DSpace Content Bitstream">
<mets:fptr FILEID="file_933"/>
</mets:div>
<mets:div ID="div_3" TYPE="DSpace Content Bitstream">
<mets:fptr FILEID="file_934"/>
</mets:div>
</mets:div>
</mets:structMap>
</mets:METS>
