<?xml version="1.0" encoding="UTF-8"?>
<mets:METS xmlns:mets="http://www.loc.gov/METS/" xmlns:xlink="http://www.w3.org/TR/xlink/" xmlns:xsi="http://www.w3.org/2001/XMLSchema-instance" xmlns:dim="http://www.dspace.org/xmlns/dspace/dim" OBJEDIT="/admin/item?itemID=60434" OBJID="/handle/10255/dryad.50224" PROFILE="DSPACE METS SIP Profile 1.0" LABEL="DSpace Item" ID="hdl:10255/dryad.50224">
<mets:dmdSec GROUPID="group_dmd_0" ID="dmd_1">
<mets:mdWrap MDTYPE="OTHER" OTHERMDTYPE="DIM">
<mets:xmlData>
<dim:dim dspaceType="ITEM">
<dim:field element="contributor" qualifier="author" mdschema="dc">Drew, Bryan</dim:field>
<dim:field element="contributor" qualifier="author" mdschema="dc">Ruhfel, Brad</dim:field>
<dim:field element="contributor" qualifier="author" mdschema="dc">Smith, Stephen</dim:field>
<dim:field element="contributor" qualifier="author" mdschema="dc">Moore, Michael</dim:field>
<dim:field element="contributor" qualifier="author" mdschema="dc">Briggs, Barbara</dim:field>
<dim:field element="contributor" qualifier="author" mdschema="dc">Soltis, Pamela</dim:field>
<dim:field element="contributor" qualifier="author" mdschema="dc">Soltis, Douglas</dim:field>
<dim:field element="identifier" mdschema="dc">doi:10.5061/dryad.0nn45/1</dim:field>
<dim:field element="relation" qualifier="ispartof" mdschema="dc">doi:10.5061/dryad.0nn45</dim:field>
<dim:field element="rights" qualifier="uri" mdschema="dc">http://creativecommons.org/publicdomain/zero/1.0/</dim:field>
<dim:field element="subject" confidence="NOVALUE" language="" mdschema="dc">Amborella</dim:field>
<dim:field element="subject" confidence="NOVALUE" language="" mdschema="dc">Nymphaeales</dim:field>
<dim:field element="subject" confidence="NOVALUE" language="" mdschema="dc">water lilies</dim:field>
<dim:field element="subject" confidence="NOVALUE" language="" mdschema="dc">plastid genome</dim:field>
<dim:field element="subject" confidence="NOVALUE" language="" mdschema="dc">angiosperms</dim:field>
<dim:field element="title" language="" mdschema="dc">Supplemental data; alignments &amp; trees</dim:field>
<dim:field element="type" language="*" mdschema="dc">Dataset</dim:field>
<dim:field element="dryad" qualifier="pageviews">0</dim:field>
<dim:field element="dryad" qualifier="downloads">8</dim:field>
</dim:dim>
</mets:xmlData>
</mets:mdWrap>
</mets:dmdSec>
<mets:fileSec/>
<mets:structMap LABEL="DSpace" TYPE="LOGICAL">
<mets:div DMDID="dmd_1" TYPE="DSpace Item"/>
</mets:structMap>
</mets:METS>
