<?xml version="1.0" encoding="UTF-8"?>
<mets:METS xmlns:mets="http://www.loc.gov/METS/" xmlns:xlink="http://www.w3.org/TR/xlink/" xmlns:xsi="http://www.w3.org/2001/XMLSchema-instance" xmlns:dim="http://www.dspace.org/xmlns/dspace/dim" OBJEDIT="/admin/item?itemID=58091" OBJID="/handle/10255/dryad.48687" PROFILE="DSPACE METS SIP Profile 1.0" LABEL="DSpace Item" ID="hdl:10255/dryad.48687">
<mets:dmdSec GROUPID="group_dmd_0" ID="dmd_1">
<mets:mdWrap MDTYPE="OTHER" OTHERMDTYPE="DIM">
<mets:xmlData>
<dim:dim dspaceType="ITEM">
<dim:field element="contributor" qualifier="author" mdschema="dc">Yang, Jun-Bo</dim:field>
<dim:field element="contributor" qualifier="author" mdschema="dc">Tang, Min</dim:field>
<dim:field element="contributor" qualifier="author" mdschema="dc">Li, Hong-Tao</dim:field>
<dim:field element="contributor" qualifier="author" mdschema="dc">Zhang, Zhi-Rong</dim:field>
<dim:field element="contributor" qualifier="author" mdschema="dc">Li, De-Zhu</dim:field>
<dim:field element="date" qualifier="accessioned" mdschema="dc">2013-05-28T18:07:55Z</dim:field>
<dim:field element="date" qualifier="available" mdschema="dc">2013-05-28T18:07:55Z</dim:field>
<dim:field element="date" qualifier="issued" mdschema="dc">2013-05-28</dim:field>
<dim:field element="identifier" mdschema="dc">doi:10.5061/dryad.14214/7</dim:field>
<dim:field element="identifier" qualifier="uri" mdschema="dc">http://hdl.handle.net/10255/dryad.48687</dim:field>
<dim:field element="relation" qualifier="ispartof" mdschema="dc">doi:10.5061/dryad.14214</dim:field>
<dim:field element="rights" qualifier="uri" mdschema="dc">http://creativecommons.org/publicdomain/zero/1.0/</dim:field>
<dim:field element="title" language="" mdschema="dc">Cymbidium_SSC</dim:field>
<dim:field element="type" language="*" mdschema="dc">Dataset</dim:field>
<dim:field element="type" qualifier="embargo" language="en" mdschema="dc">none</dim:field>
<dim:field element="dryad" qualifier="pageviews">60</dim:field>
<dim:field element="dryad" qualifier="downloads">14</dim:field>
</dim:dim>
</mets:xmlData>
</mets:mdWrap>
</mets:dmdSec>
<mets:fileSec>
<mets:fileGrp USE="CONTENT">
<mets:file CHECKSUMTYPE="MD5" GROUPID="group_file_131763" ID="file_131763" MIMETYPE="text/plain" SIZE="192146" CHECKSUM="1f2ba5a677f11b2afba614e9c97647ea">
<mets:FLocat LOCTYPE="URL" xlink:title="Cymbidium_SSC.nex" xlink:label="dataset-file" xlink:type="locator" xlink:href="/bitstream/handle/10255/dryad.48687/Cymbidium_SSC.nex?sequence=1"/>
</mets:file>
</mets:fileGrp>
</mets:fileSec>
<mets:structMap LABEL="DSpace" TYPE="LOGICAL">
<mets:div DMDID="dmd_1" TYPE="DSpace Item">
<mets:div ID="div_2" TYPE="DSpace Content Bitstream">
<mets:fptr FILEID="file_131763"/>
</mets:div>
</mets:div>
</mets:structMap>
</mets:METS>
