<?xml version="1.0" encoding="UTF-8"?>
<mets:METS xmlns:mets="http://www.loc.gov/METS/" xmlns:xlink="http://www.w3.org/TR/xlink/" xmlns:xsi="http://www.w3.org/2001/XMLSchema-instance" xmlns:dim="http://www.dspace.org/xmlns/dspace/dim" OBJEDIT="/admin/item?itemID=40118" OBJID="/handle/10255/dryad.36722" PROFILE="DSPACE METS SIP Profile 1.0" LABEL="DSpace Item" ID="hdl:10255/dryad.36722">
<mets:dmdSec GROUPID="group_dmd_0" ID="dmd_1">
<mets:mdWrap MDTYPE="OTHER" OTHERMDTYPE="DIM">
<mets:xmlData>
<dim:dim dspaceType="ITEM">
<dim:field element="contributor" qualifier="author" language="" mdschema="dc">Andrew, Rose L.</dim:field>
<dim:field element="contributor" qualifier="author" language="" mdschema="dc">Ostevik, Katherine L.</dim:field>
<dim:field element="contributor" qualifier="author" language="" mdschema="dc">Ebert, Daniel P.</dim:field>
<dim:field element="contributor" qualifier="author" language="" mdschema="dc">Rieseberg, Loren H.</dim:field>
<dim:field element="coverage" qualifier="spatial" language="" mdschema="dc">Great Sand Dunes</dim:field>
<dim:field element="coverage" qualifier="spatial" language="" mdschema="dc">Colorado</dim:field>
<dim:field element="coverage" qualifier="spatial" language="" mdschema="dc">USA</dim:field>
<dim:field element="date" qualifier="accessioned" language="" mdschema="dc">2011-12-14T20:48:41Z</dim:field>
<dim:field element="date" qualifier="available" mdschema="dc">2012-03-21T14:58:58Z</dim:field>
<dim:field element="date" qualifier="issued" language="" mdschema="dc">2011-12-14</dim:field>
<dim:field element="identifier" mdschema="dc">doi:10.5061/dryad.158pb518/3</dim:field>
<dim:field element="identifier" qualifier="uri" language="" mdschema="dc">http://hdl.handle.net/10255/dryad.36722</dim:field>
<dim:field element="relation" qualifier="ispartof" language="" mdschema="dc">doi:10.5061/dryad.158pb518</dim:field>
<dim:field element="rights" qualifier="uri" language="" mdschema="dc">http://creativecommons.org/publicdomain/zero/1.0/</dim:field>
<dim:field element="subject" language="" mdschema="dc">Adaptation</dim:field>
<dim:field element="subject" language="" mdschema="dc">Ecological Genetics</dim:field>
<dim:field element="subject" language="" mdschema="dc">Speciation</dim:field>
<dim:field element="subject" language="" mdschema="dc">Population Genetics - Empirical</dim:field>
<dim:field element="subject" language="" mdschema="dc">Landscape Genetics</dim:field>
<dim:field element="title" language="" mdschema="dc">gsd_migrate_12l</dim:field>
<dim:field element="type" language="*" mdschema="dc">Dataset</dim:field>
<dim:field element="ScientificName" language="" mdschema="dwc">Helianthus petiolaris</dim:field>
<dim:field element="type" qualifier="embargo" language="" mdschema="dc">untilArticleAppears</dim:field>
<dim:field element="dryad" qualifier="pageviews">84</dim:field>
<dim:field element="dryad" qualifier="downloads">84</dim:field>
</dim:dim>
</mets:xmlData>
</mets:mdWrap>
</mets:dmdSec>
<mets:fileSec>
<mets:fileGrp USE="TEXT">
<mets:file CHECKSUMTYPE="MD5" GROUPID="group_file_118582" ID="file_118668" MIMETYPE="text/plain" SIZE="522" CHECKSUM="ca2abb87ca66f57841b54bae6801f98b">
<mets:FLocat LOCTYPE="URL" xlink:title="README.txt.txt" xlink:label="Extracted text" xlink:type="locator" xlink:href="/bitstream/handle/10255/dryad.36722/README.txt.txt?sequence=3"/>
</mets:file>
</mets:fileGrp>
<mets:fileGrp USE="CONTENT">
<mets:file CHECKSUMTYPE="MD5" GROUPID="group_file_118581" ID="file_118581" MIMETYPE="application/octet-stream" SIZE="13194" CHECKSUM="03ea8f389edc98be2f64e8f2eeb15eda">
<mets:FLocat LOCTYPE="URL" xlink:title="gsd_migrate_12l.msat" xlink:label="dataset-file" xlink:type="locator" xlink:href="/bitstream/handle/10255/dryad.36722/gsd_migrate_12l.msat?sequence=1"/>
</mets:file>
<mets:file CHECKSUMTYPE="MD5" GROUPID="group_file_118582" ID="file_118582" MIMETYPE="text/plain" SIZE="524" CHECKSUM="ff53136d236e6dc5f3b4e5200ab26dd7">
<mets:FLocat LOCTYPE="URL" xlink:title="README.txt" xlink:label="dc_readme" xlink:type="locator" xlink:href="/bitstream/handle/10255/dryad.36722/README.txt?sequence=2"/>
</mets:file>
</mets:fileGrp>
</mets:fileSec>
<mets:structMap LABEL="DSpace" TYPE="LOGICAL">
<mets:div DMDID="dmd_1" TYPE="DSpace Item">
<mets:div ID="div_2" TYPE="DSpace Content Bitstream">
<mets:fptr FILEID="file_118581"/>
</mets:div>
<mets:div ID="div_3" TYPE="DSpace Content Bitstream">
<mets:fptr FILEID="file_118582"/>
</mets:div>
</mets:div>
</mets:structMap>
</mets:METS>
