<?xml version="1.0" encoding="UTF-8"?>
<mets:METS xmlns:mets="http://www.loc.gov/METS/" xmlns:xlink="http://www.w3.org/TR/xlink/" xmlns:xsi="http://www.w3.org/2001/XMLSchema-instance" xmlns:dim="http://www.dspace.org/xmlns/dspace/dim" OBJEDIT="/admin/item?itemID=1540" OBJID="/handle/10255/dryad.1348" PROFILE="DSPACE METS SIP Profile 1.0" LABEL="DSpace Item" ID="hdl:10255/dryad.1348">
<mets:dmdSec GROUPID="group_dmd_0" ID="dmd_1">
<mets:mdWrap MDTYPE="OTHER" OTHERMDTYPE="DIM">
<mets:xmlData>
<dim:dim dspaceType="ITEM">
<dim:field element="contributor" qualifier="author" language="en" mdschema="dc">Tollenaere, Charlotte</dim:field>
<dim:field element="contributor" qualifier="author" language="en" mdschema="dc">Duplantier, Jean-Marc</dim:field>
<dim:field element="contributor" qualifier="author" language="en" mdschema="dc">Rahalison, Lila</dim:field>
<dim:field element="contributor" qualifier="author" language="en" mdschema="dc">Ranjalahy, Michel</dim:field>
<dim:field element="contributor" qualifier="author" language="en" mdschema="dc">Brouat, Carine</dim:field>
<dim:field element="coverage" qualifier="spatial" language="en" mdschema="dc">Madagascar</dim:field>
<dim:field element="coverage" qualifier="temporal" language="en" mdschema="dc">100-1000 years BP</dim:field>
<dim:field element="date" qualifier="accessioned" mdschema="dc">2010-03-12T07:36:58Z</dim:field>
<dim:field element="date" qualifier="available" mdschema="dc">2010-03-12T07:36:58Z</dim:field>
<dim:field element="date" qualifier="issued" mdschema="dc">2010-03-12T07:36:58Z</dim:field>
<dim:field element="identifier" mdschema="dc">doi:10.5061/dryad.1346/2</dim:field>
<dim:field element="identifier" qualifier="uri" mdschema="dc">http://hdl.handle.net/10255/dryad.1348</dim:field>
<dim:field element="description" language="en" mdschema="dc">AFLP data matrix for the 249 AFLP markers in 103 Malagasy R. rattus plague-challenged individuals.The first columns identifies the individual (individual name), the second column refers to the experiment (low dose challenge or high dose challenge), the third column refers to the challenge issue (D: dying or S: surviving) and the 249 following columns are AFLP data (marker names are indicated in the first line, 1: presence of the peak, 0: absence).</dim:field>
<dim:field element="relation" qualifier="ispartof" language="en" mdschema="dc">doi:10.5061/dryad.1346</dim:field>
<dim:field element="rights" qualifier="uri" language="en" mdschema="dc">http://creativecommons.org/publicdomain/zero/1.0/</dim:field>
<dim:field element="subject" language="en" mdschema="dc">Adaptation genetics</dim:field>
<dim:field element="subject" language="en" mdschema="dc">Association study</dim:field>
<dim:field element="subject" language="en" mdschema="dc">Disease resistance</dim:field>
<dim:field element="subject" language="en" mdschema="dc">Pathogen-mediated selection</dim:field>
<dim:field element="subject" language="en" mdschema="dc">Population genomics</dim:field>
<dim:field element="subject" language="en" mdschema="dc">Yersinia pestis</dim:field>
<dim:field element="title" language="en" mdschema="dc">AFLP dataset for experimental plague challenge analyses</dim:field>
<dim:field element="type" language="en" mdschema="dc">Dataset</dim:field>
<dim:field element="ScientificName" language="en" mdschema="dwc">Rattus rattus</dim:field>
<dim:field element="status" language="" mdschema="dryad">scanned</dim:field>
<dim:field element="dryad" qualifier="pageviews">216</dim:field>
<dim:field element="dryad" qualifier="downloads">42</dim:field>
</dim:dim>
</mets:xmlData>
</mets:mdWrap>
</mets:dmdSec>
<mets:fileSec>
<mets:fileGrp USE="CONTENT">
<mets:file CHECKSUMTYPE="MD5" GROUPID="group_file_1044" ID="file_1044" MIMETYPE="text/plain" SIZE="54573" CHECKSUM="6d2a10bc02b3d25b173b8cb672d0ba81">
<mets:FLocat LOCTYPE="URL" xlink:title="dataset_infect.txt" xlink:type="locator" xlink:href="/bitstream/handle/10255/dryad.1348/dataset_infect.txt?sequence=1"/>
</mets:file>
</mets:fileGrp>
<mets:fileGrp USE="TEXT">
<mets:file CHECKSUMTYPE="MD5" GROUPID="group_file_1044" ID="file_1479" MIMETYPE="text/plain" SIZE="54469" CHECKSUM="3f3788c1629bda8c3999f3e5f06391c0">
<mets:FLocat LOCTYPE="URL" xlink:title="dataset_infect.txt.txt" xlink:label="Extracted text" xlink:type="locator" xlink:href="/bitstream/handle/10255/dryad.1348/dataset_infect.txt.txt?sequence=2"/>
</mets:file>
</mets:fileGrp>
</mets:fileSec>
<mets:structMap LABEL="DSpace" TYPE="LOGICAL">
<mets:div DMDID="dmd_1" TYPE="DSpace Item">
<mets:div ID="div_2" TYPE="DSpace Content Bitstream">
<mets:fptr FILEID="file_1044"/>
</mets:div>
</mets:div>
</mets:structMap>
</mets:METS>
