<?xml version="1.0" encoding="UTF-8"?>
<mets:METS xmlns:mets="http://www.loc.gov/METS/" xmlns:xlink="http://www.w3.org/TR/xlink/" xmlns:xsi="http://www.w3.org/2001/XMLSchema-instance" xmlns:dim="http://www.dspace.org/xmlns/dspace/dim" OBJEDIT="/admin/item?itemID=1161" OBJID="/handle/10255/dryad.1010" PROFILE="DSPACE METS SIP Profile 1.0" LABEL="DSpace Item" ID="hdl:10255/dryad.1010">
<mets:dmdSec GROUPID="group_dmd_0" ID="dmd_1">
<mets:mdWrap MDTYPE="OTHER" OTHERMDTYPE="DIM">
<mets:xmlData>
<dim:dim dspaceType="ITEM">
<dim:field element="contributor" qualifier="author" language="en" mdschema="dc">Schneider, Harald</dim:field>
<dim:field element="contributor" qualifier="author" language="en" mdschema="dc">Smith, Alan R.</dim:field>
<dim:field element="contributor" qualifier="author" language="en" mdschema="dc">Pryer, Kathleen M.</dim:field>
<dim:field element="date" qualifier="accessioned" language="" mdschema="dc">2009-10-28T15:44:25Z</dim:field>
<dim:field element="date" qualifier="available" language="" mdschema="dc">2009-10-28T15:44:25Z</dim:field>
<dim:field element="date" qualifier="issued" language="" mdschema="dc">2009-10-28T15:44:25Z</dim:field>
<dim:field element="identifier" mdschema="dc">doi:10.5061/dryad.1009/1</dim:field>
<dim:field element="identifier" qualifier="uri" language="" mdschema="dc">http://hdl.handle.net/10255/dryad.1010</dim:field>
<dim:field element="relation" qualifier="ispartof" language="en" mdschema="dc">doi:10.5061/dryad.1009</dim:field>
<dim:field element="rights" qualifier="uri" language="en" mdschema="dc">http://creativecommons.org/publicdomain/zero/1.0/</dim:field>
<dim:field element="subject" language="en" mdschema="dc">equisetaceae</dim:field>
<dim:field element="subject" language="en" mdschema="dc">horsetails</dim:field>
<dim:field element="subject" language="en" mdschema="dc">leptosporangiate ferns</dim:field>
<dim:field element="subject" language="en" mdschema="dc">lycophytes</dim:field>
<dim:field element="subject" language="en" mdschema="dc">monilophytes</dim:field>
<dim:field element="subject" language="en" mdschema="dc">plants</dim:field>
<dim:field element="title" language="en" mdschema="dc">Supplementary Appendix 1</dim:field>
<dim:field element="type" language="en" mdschema="dc">Dataset</dim:field>
<dim:field element="ScientificName" language="" mdschema="dwc">Ophioglossaceae</dim:field>
<dim:field element="ScientificName" language="" mdschema="dwc">Psilotaceae</dim:field>
<dim:field element="status" language="" mdschema="dryad">scanned</dim:field>
<dim:field element="dryad" qualifier="pageviews">247</dim:field>
<dim:field element="dryad" qualifier="downloads">66</dim:field>
</dim:dim>
</mets:xmlData>
</mets:mdWrap>
</mets:dmdSec>
<mets:fileSec>
<mets:fileGrp USE="CONTENT">
<mets:file CHECKSUMTYPE="MD5" GROUPID="group_file_885" ID="file_885" MIMETYPE="application/pdf" SIZE="327715" CHECKSUM="79bdf4b49df20b42132a4618f2e9bcc1">
<mets:FLocat LOCTYPE="URL" xlink:title="Schneideretal Suppl appendix1.pdf" xlink:type="locator" xlink:href="/bitstream/handle/10255/dryad.1010/Schneideretal%20Suppl%20appendix1.pdf?sequence=1"/>
</mets:file>
</mets:fileGrp>
<mets:fileGrp USE="TEXT">
<mets:file CHECKSUMTYPE="MD5" GROUPID="group_file_885" ID="file_1353" MIMETYPE="text/plain" SIZE="52264" CHECKSUM="3c4c4116aaa9ef3d9b7985aad0ada385">
<mets:FLocat LOCTYPE="URL" xlink:title="Schneideretal Suppl appendix1.pdf.txt" xlink:label="Extracted text" xlink:type="locator" xlink:href="/bitstream/handle/10255/dryad.1010/Schneideretal%20Suppl%20appendix1.pdf.txt?sequence=2"/>
</mets:file>
</mets:fileGrp>
</mets:fileSec>
<mets:structMap LABEL="DSpace" TYPE="LOGICAL">
<mets:div DMDID="dmd_1" TYPE="DSpace Item">
<mets:div ID="div_2" TYPE="DSpace Content Bitstream">
<mets:fptr FILEID="file_885"/>
</mets:div>
</mets:div>
</mets:structMap>
</mets:METS>
