<?xml version="1.0" encoding="UTF-8"?>
<mets:METS xmlns:mets="http://www.loc.gov/METS/" xmlns:xlink="http://www.w3.org/TR/xlink/" xmlns:xsi="http://www.w3.org/2001/XMLSchema-instance" xmlns:dim="http://www.dspace.org/xmlns/dspace/dim" OBJEDIT="/admin/item?itemID=1646" OBJID="/handle/10255/dryad.1438" PROFILE="DSPACE METS SIP Profile 1.0" LABEL="DSpace Item" ID="hdl:10255/dryad.1438">
<mets:dmdSec GROUPID="group_dmd_0" ID="dmd_1">
<mets:mdWrap MDTYPE="OTHER" OTHERMDTYPE="DIM">
<mets:xmlData>
<dim:dim dspaceType="ITEM">
<dim:field element="contributor" qualifier="author" language="en" mdschema="dc">Hipp, Andrew</dim:field>
<dim:field element="contributor" qualifier="author" language="en" mdschema="dc">Rothrock, Paul</dim:field>
<dim:field element="contributor" qualifier="author" language="en" mdschema="dc">Whitkus, Richard</dim:field>
<dim:field element="contributor" qualifier="author" language="en" mdschema="dc">Weber, Jaime</dim:field>
<dim:field element="coverage" qualifier="spatial" language="en" mdschema="dc">North America</dim:field>
<dim:field element="date" qualifier="accessioned" mdschema="dc">2010-04-05T20:12:22Z</dim:field>
<dim:field element="date" qualifier="available" mdschema="dc">2010-04-05T20:12:22Z</dim:field>
<dim:field element="date" qualifier="issued" mdschema="dc">2010-04-05T20:12:22Z</dim:field>
<dim:field element="identifier" mdschema="dc">doi:10.5061/dryad.1435/3</dim:field>
<dim:field element="identifier" qualifier="uri" mdschema="dc">http://hdl.handle.net/10255/dryad.1438</dim:field>
<dim:field element="description" language="en" mdschema="dc">A nexus file for Carex scoparia and outgroups. Original binned data are in a separate file.</dim:field>
<dim:field element="relation" qualifier="ispartof" language="en" mdschema="dc">doi:10.5061/dryad.1435</dim:field>
<dim:field element="rights" qualifier="uri" language="en" mdschema="dc">http://creativecommons.org/publicdomain/zero/1.0/</dim:field>
<dim:field element="subject" language="en" mdschema="dc">Angiosperms</dim:field>
<dim:field element="subject" language="en" mdschema="dc">Population Genetics - Empirical</dim:field>
<dim:field element="subject" language="en" mdschema="dc">Systematics</dim:field>
<dim:field element="subject" language="en" mdschema="dc">Chromosome rearrangements</dim:field>
<dim:field element="title" language="en" mdschema="dc">NEXUS file for Carex scoparia and outgroups</dim:field>
<dim:field element="type" language="en" mdschema="dc">Dataset</dim:field>
<dim:field element="ScientificName" language="en" mdschema="dwc">Carex scoparia</dim:field>
<dim:field element="ScientificName" language="en" mdschema="dwc">Carex scoparia var. scoparia</dim:field>
<dim:field element="ScientificName" language="en" mdschema="dwc">Carex scoparia var. tessellata</dim:field>
<dim:field element="ScientificName" language="en" mdschema="dwc">Carex longii</dim:field>
<dim:field element="ScientificName" language="en" mdschema="dwc">Carex vexans</dim:field>
<dim:field element="ScientificName" language="en" mdschema="dwc">Carex pachystachya</dim:field>
<dim:field element="status" language="" mdschema="dryad">scanned</dim:field>
<dim:field element="dryad" qualifier="pageviews">349</dim:field>
<dim:field element="dryad" qualifier="downloads">48</dim:field>
</dim:dim>
</mets:xmlData>
</mets:mdWrap>
</mets:dmdSec>
<mets:fileSec>
<mets:fileGrp USE="CONTENT">
<mets:file CHECKSUMTYPE="MD5" GROUPID="group_file_1094" ID="file_1094" MIMETYPE="text/plain" SIZE="69719" CHECKSUM="528e02d2871b3c728f8a0b27413a88e8">
<mets:FLocat LOCTYPE="URL" xlink:title="aflp_30march08_corrected-withPaupEnd.nex" xlink:type="locator" xlink:href="/bitstream/handle/10255/dryad.1438/aflp_30march08_corrected-withPaupEnd.nex?sequence=1"/>
</mets:file>
</mets:fileGrp>
</mets:fileSec>
<mets:structMap LABEL="DSpace" TYPE="LOGICAL">
<mets:div DMDID="dmd_1" TYPE="DSpace Item">
<mets:div ID="div_2" TYPE="DSpace Content Bitstream">
<mets:fptr FILEID="file_1094"/>
</mets:div>
</mets:div>
</mets:structMap>
</mets:METS>
