<?xml version="1.0" encoding="UTF-8"?>
<mets:METS xmlns:mets="http://www.loc.gov/METS/" xmlns:xlink="http://www.w3.org/TR/xlink/" xmlns:xsi="http://www.w3.org/2001/XMLSchema-instance" xmlns:dim="http://www.dspace.org/xmlns/dspace/dim" OBJEDIT="/admin/item?itemID=1716" OBJID="/handle/10255/dryad.1502" PROFILE="DSPACE METS SIP Profile 1.0" LABEL="DSpace Item" ID="hdl:10255/dryad.1502">
<mets:dmdSec GROUPID="group_dmd_0" ID="dmd_1">
<mets:mdWrap MDTYPE="OTHER" OTHERMDTYPE="DIM">
<mets:xmlData>
<dim:dim dspaceType="ITEM">
<dim:field element="contributor" qualifier="author" language="en" mdschema="dc">Hall, Megan</dim:field>
<dim:field element="contributor" qualifier="author" language="en" mdschema="dc">Lowry, David</dim:field>
<dim:field element="contributor" qualifier="author" language="en" mdschema="dc">Willis, John</dim:field>
<dim:field element="coverage" qualifier="spatial" language="en" mdschema="dc">Oregon Dunes National Recreation Area</dim:field>
<dim:field element="coverage" qualifier="spatial" language="en" mdschema="dc">Browder Ridge</dim:field>
<dim:field element="coverage" qualifier="spatial" language="en" mdschema="dc">Oregon's Western Cascade Mountains</dim:field>
<dim:field element="coverage" qualifier="spatial" language="en" mdschema="dc">Oregon</dim:field>
<dim:field element="coverage" qualifier="temporal" language="en" mdschema="dc">Holocene</dim:field>
<dim:field element="date" qualifier="accessioned" language="" mdschema="dc">2010-04-29T17:31:10Z</dim:field>
<dim:field element="date" qualifier="available" language="" mdschema="dc">2010-04-29T17:31:10Z</dim:field>
<dim:field element="date" qualifier="issued" language="" mdschema="dc">2010-04-29</dim:field>
<dim:field element="identifier" mdschema="dc">doi:10.5061/dryad.1500/2</dim:field>
<dim:field element="identifier" qualifier="uri" language="" mdschema="dc">http://hdl.handle.net/10255/dryad.1502</dim:field>
<dim:field element="description" language="en" mdschema="dc">This excel file includes field measurements for 1-3 replicates (means) of 191 Recombinant Inbred lines (RILs) created from parents of two distinct ecological races of Mimulus guttatus:IM &amp; DUN. These RILs were backcrossed to unrelated individuals of IM &amp; DUN to generate BC-IM &amp; BC-DUN lines, which were phenotyped in the natural field environment near where the original parents were collected, at the Oregon Dunes National Recreation Area &amp; in the Western Cascades Mountains, Oregon. Detailed description of the lines &amp; populations are in Hall &amp; Willis (2006) Evolution 60:2466-2477. Sites are "IM" for Cascades, OR &amp; "DUN" for Oregon Dunes. Traits are: ww=corolla wide width, ctl=corolla tube width, lw=leaf width, st=stem thickness, date1=date of first flower production, lvs=maximum number of leaves, diam=maximum rosette diameter, ht=maximum plant height, stol=stolon number, flrs=total flower number, F1=total 1st year seed production, P1=year 1 survival, F2=year 2 seed production, P2=year 2 survival, lambda=lifetime fitness</dim:field>
<dim:field element="relation" qualifier="ispartof" language="en" mdschema="dc">doi:10.5061/dryad.1500</dim:field>
<dim:field element="rights" qualifier="uri" language="en" mdschema="dc">http://creativecommons.org/publicdomain/zero/1.0/</dim:field>
<dim:field element="subject" language="en" mdschema="dc">Adaptation</dim:field>
<dim:field element="subject" language="en" mdschema="dc">Ecological Genetics</dim:field>
<dim:field element="subject" language="en" mdschema="dc">Experimental Evolution</dim:field>
<dim:field element="subject" language="en" mdschema="dc">Quantitative Genetics</dim:field>
<dim:field element="subject" language="en" mdschema="dc">Life History Evolution</dim:field>
<dim:field element="subject" language="en" mdschema="dc">Angiosperms</dim:field>
<dim:field element="subject" language="en" mdschema="dc">reciprocal transplant</dim:field>
<dim:field element="subject" language="en" mdschema="dc">trade-off</dim:field>
<dim:field element="title" language="en" mdschema="dc">Mimulus guttatus DUN x IM RIL reciprocal transplant field measurements.xls</dim:field>
<dim:field element="type" language="en" mdschema="dc">Dataset</dim:field>
<dim:field element="ScientificName" language="en" mdschema="dwc">Mimulus guttatus</dim:field>
<dim:field element="dryad" qualifier="pageviews">242</dim:field>
<dim:field element="dryad" qualifier="downloads">76</dim:field>
</dim:dim>
</mets:xmlData>
</mets:mdWrap>
</mets:dmdSec>
<mets:fileSec>
<mets:fileGrp USE="CONTENT">
<mets:file CHECKSUMTYPE="MD5" GROUPID="group_file_1117" ID="file_1117" MIMETYPE="application/vnd.ms-excel" SIZE="183808" CHECKSUM="cfc11e1558eea5a02aca0e79d892c0a1">
<mets:FLocat LOCTYPE="URL" xlink:title="fieldpheno_ALL.xls" xlink:type="locator" xlink:href="/bitstream/handle/10255/dryad.1502/fieldpheno_ALL.xls?sequence=1"/>
</mets:file>
</mets:fileGrp>
</mets:fileSec>
<mets:structMap LABEL="DSpace" TYPE="LOGICAL">
<mets:div DMDID="dmd_1" TYPE="DSpace Item">
<mets:div ID="div_2" TYPE="DSpace Content Bitstream">
<mets:fptr FILEID="file_1117"/>
</mets:div>
</mets:div>
</mets:structMap>
</mets:METS>
