<?xml version="1.0" encoding="UTF-8"?>
<mets:METS xmlns:mets="http://www.loc.gov/METS/" xmlns:xlink="http://www.w3.org/TR/xlink/" xmlns:xsi="http://www.w3.org/2001/XMLSchema-instance" xmlns:dim="http://www.dspace.org/xmlns/dspace/dim" OBJEDIT="/admin/item?itemID=1949" OBJID="/handle/10255/dryad.1716" PROFILE="DSPACE METS SIP Profile 1.0" LABEL="DSpace Item" ID="hdl:10255/dryad.1716">
<mets:dmdSec GROUPID="group_dmd_0" ID="dmd_1">
<mets:mdWrap MDTYPE="OTHER" OTHERMDTYPE="DIM">
<mets:xmlData>
<dim:dim dspaceType="ITEM">
<dim:field element="contributor" qualifier="author" language="en" mdschema="dc">Hernández-Vera, Gerardo</dim:field>
<dim:field element="contributor" qualifier="author" language="en" mdschema="dc">Mitrović, Milana</dim:field>
<dim:field element="contributor" qualifier="author" language="en" mdschema="dc">Jović, Jelena</dim:field>
<dim:field element="contributor" qualifier="author" language="en" mdschema="dc">Toševski, Ivo</dim:field>
<dim:field element="contributor" qualifier="author" language="en" mdschema="dc">Caldara, Roberto</dim:field>
<dim:field element="contributor" qualifier="author" language="en" mdschema="dc">Gassmann, Andre</dim:field>
<dim:field element="contributor" qualifier="author" language="en" mdschema="dc">Emerson, Brent</dim:field>
<dim:field element="coverage" qualifier="spatial" language="en" mdschema="dc">Western Europe</dim:field>
<dim:field element="date" qualifier="accessioned" language="" mdschema="dc">2010-06-29T10:33:40Z</dim:field>
<dim:field element="date" qualifier="available" mdschema="dc">2011-06-29T06:30:05Z</dim:field>
<dim:field element="date" qualifier="issued" language="" mdschema="dc">2010-06-29</dim:field>
<dim:field element="identifier" mdschema="dc">doi:10.5061/dryad.1713/3</dim:field>
<dim:field element="identifier" qualifier="uri" language="" mdschema="dc">http://hdl.handle.net/10255/dryad.1716</dim:field>
<dim:field element="description" language="en" mdschema="dc">the list of samples analyses in the paper with relevant accession codes</dim:field>
<dim:field element="relation" qualifier="ispartof" language="en" mdschema="dc">doi:10.5061/dryad.1713</dim:field>
<dim:field element="rights" qualifier="uri" language="en" mdschema="dc">http://creativecommons.org/publicdomain/zero/1.0/</dim:field>
<dim:field element="subject" language="en" mdschema="dc">Speciation</dim:field>
<dim:field element="subject" language="en" mdschema="dc">Insects</dim:field>
<dim:field element="subject" language="en" mdschema="dc">Species Interactions</dim:field>
<dim:field element="subject" language="en" mdschema="dc">Population Genetics - Empirical</dim:field>
<dim:field element="title" language="en" mdschema="dc">AccessionsList-R.antirrhini.xlsx</dim:field>
<dim:field element="type" language="en" mdschema="dc">Dataset</dim:field>
<dim:field element="ScientificName" language="en" mdschema="dwc">Rhinusa antirrhini</dim:field>
<dim:field element="dryad" qualifier="pageviews">172</dim:field>
<dim:field element="dryad" qualifier="downloads">58</dim:field>
</dim:dim>
</mets:xmlData>
</mets:mdWrap>
</mets:dmdSec>
<mets:fileSec>
<mets:fileGrp USE="CONTENT">
<mets:file CHECKSUMTYPE="MD5" GROUPID="group_file_1540" ID="file_1540" MIMETYPE="application/vnd.openxmlformats-officedocument.spreadsheetml.sheet" SIZE="14188" CHECKSUM="1ccf275139005073b8b3ac2c3e0b322d">
<mets:FLocat LOCTYPE="URL" xlink:title="AccessionsList-R.antirrhini.xlsx" xlink:type="locator" xlink:href="/bitstream/handle/10255/dryad.1716/AccessionsList-R.antirrhini.xlsx?sequence=1"/>
</mets:file>
</mets:fileGrp>
</mets:fileSec>
<mets:structMap LABEL="DSpace" TYPE="LOGICAL">
<mets:div DMDID="dmd_1" TYPE="DSpace Item">
<mets:div ID="div_2" TYPE="DSpace Content Bitstream">
<mets:fptr FILEID="file_1540"/>
</mets:div>
</mets:div>
</mets:structMap>
</mets:METS>
