<?xml version="1.0" encoding="UTF-8"?>
<mets:METS xmlns:mets="http://www.loc.gov/METS/" xmlns:xlink="http://www.w3.org/TR/xlink/" xmlns:xsi="http://www.w3.org/2001/XMLSchema-instance" xmlns:dim="http://www.dspace.org/xmlns/dspace/dim" OBJEDIT="/admin/item?itemID=49618" OBJID="/handle/10255/dryad.43038" PROFILE="DSPACE METS SIP Profile 1.0" LABEL="DSpace Item" ID="hdl:10255/dryad.43038">
<mets:dmdSec GROUPID="group_dmd_0" ID="dmd_1">
<mets:mdWrap MDTYPE="OTHER" OTHERMDTYPE="DIM">
<mets:xmlData>
<dim:dim dspaceType="ITEM">
<dim:field element="contributor" qualifier="author" mdschema="dc">Hedin, Marshal</dim:field>
<dim:field element="contributor" qualifier="author" mdschema="dc">Starrett, James</dim:field>
<dim:field element="contributor" qualifier="author" mdschema="dc">Hayashi, Cheryl</dim:field>
<dim:field element="coverage" qualifier="spatial" language="" mdschema="dc">California</dim:field>
<dim:field element="date" qualifier="accessioned" mdschema="dc">2012-10-22T18:23:35Z</dim:field>
<dim:field element="date" qualifier="available" mdschema="dc">2013-01-15T21:53:54Z</dim:field>
<dim:field element="date" qualifier="issued" mdschema="dc">2012-10-22</dim:field>
<dim:field element="identifier" mdschema="dc">doi:10.5061/dryad.121tq/5</dim:field>
<dim:field element="identifier" qualifier="uri" mdschema="dc">http://hdl.handle.net/10255/dryad.43038</dim:field>
<dim:field element="description" language="" mdschema="dc">BEAST XML file, coalescent constant tree prior</dim:field>
<dim:field element="relation" qualifier="ispartof" mdschema="dc">doi:10.5061/dryad.121tq</dim:field>
<dim:field element="rights" qualifier="uri" mdschema="dc">http://creativecommons.org/publicdomain/zero/1.0/</dim:field>
<dim:field element="subject" confidence="NOVALUE" language="" mdschema="dc">Invertebrates</dim:field>
<dim:field element="subject" confidence="NOVALUE" language="" mdschema="dc">Phylogeography</dim:field>
<dim:field element="subject" confidence="NOVALUE" language="" mdschema="dc">Speciation</dim:field>
<dim:field element="subject" confidence="NOVALUE" language="" mdschema="dc">Landscape Genetics</dim:field>
<dim:field element="title" language="" mdschema="dc">AtypoidesCoalConstantTP</dim:field>
<dim:field element="type" language="*" mdschema="dc">Dataset</dim:field>
<dim:field element="ScientificName" confidence="NOVALUE" language="" mdschema="dwc">Antrodiaetus</dim:field>
<dim:field element="type" qualifier="embargo" language="" mdschema="dc">untilArticleAppears</dim:field>
<dim:field element="dryad" qualifier="pageviews">76</dim:field>
<dim:field element="dryad" qualifier="downloads">12</dim:field>
</dim:dim>
</mets:xmlData>
</mets:mdWrap>
</mets:dmdSec>
<mets:fileSec>
<mets:fileGrp USE="CONTENT">
<mets:file CHECKSUMTYPE="MD5" GROUPID="group_file_125888" ID="file_125888" MIMETYPE="text/xml" SIZE="262752" CHECKSUM="e0422ad9e5fac193bbc83460c42bd34d">
<mets:FLocat LOCTYPE="URL" xlink:title="AtypoidesCoalConstantTP.xml" xlink:label="dataset-file" xlink:type="locator" xlink:href="/bitstream/handle/10255/dryad.43038/AtypoidesCoalConstantTP.xml?sequence=1"/>
</mets:file>
</mets:fileGrp>
</mets:fileSec>
<mets:structMap LABEL="DSpace" TYPE="LOGICAL">
<mets:div DMDID="dmd_1" TYPE="DSpace Item">
<mets:div ID="div_2" TYPE="DSpace Content Bitstream">
<mets:fptr FILEID="file_125888"/>
</mets:div>
</mets:div>
</mets:structMap>
</mets:METS>
