<?xml version="1.0" encoding="UTF-8"?>
<mets:METS xmlns:mets="http://www.loc.gov/METS/" xmlns:xlink="http://www.w3.org/TR/xlink/" xmlns:xsi="http://www.w3.org/2001/XMLSchema-instance" xmlns:dim="http://www.dspace.org/xmlns/dspace/dim" OBJEDIT="/admin/item?itemID=44034" OBJID="/handle/10255/dryad.39388" PROFILE="DSPACE METS SIP Profile 1.0" LABEL="DSpace Item" ID="hdl:10255/dryad.39388">
<mets:dmdSec GROUPID="group_dmd_0" ID="dmd_1">
<mets:mdWrap MDTYPE="OTHER" OTHERMDTYPE="DIM">
<mets:xmlData>
<dim:dim dspaceType="ITEM">
<dim:field element="contributor" qualifier="author" language="" mdschema="dc">Gallet, Romain</dim:field>
<dim:field element="contributor" qualifier="author" language="" mdschema="dc">Lenormand, Thomas</dim:field>
<dim:field element="contributor" qualifier="author" language="" mdschema="dc">Wang, Ing Nang</dim:field>
<dim:field element="date" qualifier="accessioned" mdschema="dc">2012-04-27T15:53:57Z</dim:field>
<dim:field element="date" qualifier="available" mdschema="dc">2012-05-17T21:38:42Z</dim:field>
<dim:field element="date" qualifier="issued" mdschema="dc">2012-04-27</dim:field>
<dim:field element="identifier" language="" mdschema="dc">doi:10.5061/dryad.0t5v4/1</dim:field>
<dim:field element="identifier" mdschema="dc">doi:10.5061/dryad.0t5v4/1</dim:field>
<dim:field element="identifier" qualifier="uri" mdschema="dc">http://hdl.handle.net/10255/dryad.39388</dim:field>
<dim:field element="description" language="" mdschema="dc">This data file includes all the data that were used in the article: Phenotypic stochasticity prevents lytic bacteriophage population from extinction during bacterial stationary phase, authored by Romain Gallet, Thomas Lenormand, and Ing Nang Wang. The Excel file comprises 4 sheets, one per figure in the article. We always show the raw data, as well as the proportions calculated from these raw data. A graph, similar to the figure included in the manuscript, is also present on each data sheet, to illustrate the data presented.</dim:field>
<dim:field element="relation" qualifier="ispartof" language="" mdschema="dc">doi:10.5061/dryad.0t5v4</dim:field>
<dim:field element="rights" qualifier="uri" language="" mdschema="dc">http://creativecommons.org/publicdomain/zero/1.0/</dim:field>
<dim:field element="subject" language="" mdschema="dc">phenotypic stochasticity</dim:field>
<dim:field element="subject" language="" mdschema="dc">heterogeneous phage population</dim:field>
<dim:field element="subject" language="" mdschema="dc">stationary phase</dim:field>
<dim:field element="subject" language="" mdschema="dc">adsorption rate</dim:field>
<dim:field element="subject" language="" mdschema="dc">tail fiber</dim:field>
<dim:field element="title" language="" mdschema="dc">Gallet et al - Evolution - DATASET - 2012</dim:field>
<dim:field element="type" language="*" mdschema="dc">Dataset</dim:field>
<dim:field element="ScientificName" language="" mdschema="dwc">Escherichia coli</dim:field>
<dim:field element="ScientificName" language="" mdschema="dwc">Bacteriophage Lambda</dim:field>
<dim:field element="type" qualifier="embargo" language="" mdschema="dc">untilArticleAppears</dim:field>
<dim:field element="dryad" qualifier="pageviews">71</dim:field>
<dim:field element="dryad" qualifier="downloads">23</dim:field>
</dim:dim>
</mets:xmlData>
</mets:mdWrap>
</mets:dmdSec>
<mets:fileSec>
<mets:fileGrp USE="CONTENT">
<mets:file CHECKSUMTYPE="MD5" GROUPID="group_file_122031" ID="file_122031" MIMETYPE="application/vnd.openxmlformats-officedocument.spreadsheetml.sheet" SIZE="77625" CHECKSUM="111d309d33948e0589443d3771391ba1">
<mets:FLocat LOCTYPE="URL" xlink:title="Gallet et al - Evolution - DATASET - 2012.xlsx" xlink:label="dataset-file" xlink:type="locator" xlink:href="/bitstream/handle/10255/dryad.39388/Gallet%20et%20al%20-%20Evolution%20-%20DATASET%20-%202012.xlsx?sequence=1"/>
</mets:file>
</mets:fileGrp>
</mets:fileSec>
<mets:structMap LABEL="DSpace" TYPE="LOGICAL">
<mets:div DMDID="dmd_1" TYPE="DSpace Item">
<mets:div ID="div_2" TYPE="DSpace Content Bitstream">
<mets:fptr FILEID="file_122031"/>
</mets:div>
</mets:div>
</mets:structMap>
</mets:METS>
