<?xml version="1.0" encoding="UTF-8"?>
<mets:METS xmlns:mets="http://www.loc.gov/METS/" xmlns:xlink="http://www.w3.org/TR/xlink/" xmlns:xsi="http://www.w3.org/2001/XMLSchema-instance" xmlns:dim="http://www.dspace.org/xmlns/dspace/dim" OBJEDIT="/admin/item?itemID=35274" OBJID="/handle/10255/dryad.33717" PROFILE="DSPACE METS SIP Profile 1.0" LABEL="DSpace Item" ID="hdl:10255/dryad.33717">
<mets:dmdSec GROUPID="group_dmd_0" ID="dmd_1">
<mets:mdWrap MDTYPE="OTHER" OTHERMDTYPE="DIM">
<mets:xmlData>
<dim:dim dspaceType="ITEM">
<dim:field element="contributor" qualifier="author" language="" mdschema="dc">Sharanowski, Barbara J.</dim:field>
<dim:field element="contributor" qualifier="author" language="" mdschema="dc">Dowling, Ashley P.G.</dim:field>
<dim:field element="contributor" qualifier="author" language="" mdschema="dc">Sharkey, Michael J.</dim:field>
<dim:field element="date" qualifier="accessioned" mdschema="dc">2011-05-16T16:40:18Z</dim:field>
<dim:field element="date" qualifier="available" mdschema="dc">2012-02-15T20:22:39Z</dim:field>
<dim:field element="date" qualifier="issued" mdschema="dc">2011-05-16</dim:field>
<dim:field element="identifier" mdschema="dc">doi:10.5061/dryad.1688p/3</dim:field>
<dim:field element="identifier" qualifier="uri" mdschema="dc">http://hdl.handle.net/10255/dryad.33717</dim:field>
<dim:field element="description" language="en" mdschema="dc">Statistics file from Bayes run for all genes.  See also "allgenes_8_partitions_strategy_E" nexus file with associated commands for MrBayes.</dim:field>
<dim:field element="relation" qualifier="ispartof" language="" mdschema="dc">doi:10.5061/dryad.1688p</dim:field>
<dim:field element="rights" qualifier="uri" language="" mdschema="dc">http://creativecommons.org/publicdomain/zero/1.0/</dim:field>
<dim:field element="subject" language="en" mdschema="dc">Phylogeny</dim:field>
<dim:field element="subject" language="en" mdschema="dc">Classification</dim:field>
<dim:field element="title" language="en" mdschema="dc">Statistics file from Bayes-strategyE</dim:field>
<dim:field element="type" language="*" mdschema="dc">Dataset</dim:field>
<dim:field element="ScientificName" language="en" mdschema="dwc">Braconidae</dim:field>
<dim:field element="type" qualifier="embargo" language="en" mdschema="dc">untilArticleAppears</dim:field>
<dim:field element="dryad" qualifier="pageviews">134</dim:field>
<dim:field element="dryad" qualifier="downloads">46</dim:field>
</dim:dim>
</mets:xmlData>
</mets:mdWrap>
</mets:dmdSec>
<mets:fileSec>
<mets:fileGrp USE="CONTENT">
<mets:file CHECKSUMTYPE="MD5" GROUPID="group_file_114326" ID="file_114326" MIMETYPE="application/octet-stream" SIZE="13758" CHECKSUM="c4b5a8f3b82ac5bdd6fd142a10726ac5">
<mets:FLocat LOCTYPE="URL" xlink:title="allgenes_eee_8part.nex.stat" xlink:label="dataset-file" xlink:type="locator" xlink:href="/bitstream/handle/10255/dryad.33717/allgenes_eee_8part.nex.stat?sequence=1"/>
</mets:file>
</mets:fileGrp>
</mets:fileSec>
<mets:structMap LABEL="DSpace" TYPE="LOGICAL">
<mets:div DMDID="dmd_1" TYPE="DSpace Item">
<mets:div ID="div_2" TYPE="DSpace Content Bitstream">
<mets:fptr FILEID="file_114326"/>
</mets:div>
</mets:div>
</mets:structMap>
</mets:METS>
