<?xml version="1.0" encoding="UTF-8"?>
<mets:METS xmlns:mets="http://www.loc.gov/METS/" xmlns:xlink="http://www.w3.org/TR/xlink/" xmlns:xsi="http://www.w3.org/2001/XMLSchema-instance" xmlns:dim="http://www.dspace.org/xmlns/dspace/dim" OBJEDIT="/admin/item?itemID=54401" OBJID="/handle/10255/dryad.46158" PROFILE="DSPACE METS SIP Profile 1.0" LABEL="DSpace Item" ID="hdl:10255/dryad.46158">
<mets:dmdSec GROUPID="group_dmd_0" ID="dmd_1">
<mets:mdWrap MDTYPE="OTHER" OTHERMDTYPE="DIM">
<mets:xmlData>
<dim:dim dspaceType="ITEM">
<dim:field element="contributor" qualifier="author" language="" mdschema="dc">Maestre, Fernando T.</dim:field>
<dim:field element="coverage" qualifier="spatial" language="" mdschema="dc">Duke University Phytotron</dim:field>
<dim:field element="coverage" qualifier="spatial" language="" mdschema="dc">Durham</dim:field>
<dim:field element="coverage" qualifier="spatial" language="" mdschema="dc">North Carolina</dim:field>
<dim:field element="coverage" qualifier="spatial" language="" mdschema="dc">USA</dim:field>
<dim:field element="coverage" qualifier="temporal" language="" mdschema="dc">Holocene</dim:field>
<dim:field element="date" qualifier="accessioned" mdschema="dc">2013-01-29T18:45:10Z</dim:field>
<dim:field element="date" qualifier="available" mdschema="dc">2013-01-29T18:46:35Z</dim:field>
<dim:field element="date" qualifier="issued" mdschema="dc">2013-01-29</dim:field>
<dim:field element="identifier" language="" mdschema="dc">doi:10.5061/dryad.12477/1</dim:field>
<dim:field element="identifier" mdschema="dc">doi:10.5061/dryad.12477/1</dim:field>
<dim:field element="identifier" qualifier="uri" mdschema="dc">http://hdl.handle.net/10255/dryad.46158</dim:field>
<dim:field element="description" language="" mdschema="dc">Aboveground biomass per individual and root proliferation into nutrient pathces at the moment of harvest.</dim:field>
<dim:field element="relation" qualifier="ispartof" language="" mdschema="dc">doi:10.5061/dryad.12477</dim:field>
<dim:field element="rights" qualifier="uri" language="" mdschema="dc">http://creativecommons.org/publicdomain/zero/1.0/</dim:field>
<dim:field element="subject" confidence="NOVALUE" language="" mdschema="dc">elevated CO2</dim:field>
<dim:field element="subject" confidence="NOVALUE" language="" mdschema="dc">nutrient heterogeneity</dim:field>
<dim:field element="subject" confidence="NOVALUE" language="" mdschema="dc">soil heterogeneity</dim:field>
<dim:field element="subject" confidence="NOVALUE" language="" mdschema="dc">nutrient availability</dim:field>
<dim:field element="subject" confidence="NOVALUE" language="" mdschema="dc">below-ground competition</dim:field>
<dim:field element="subject" confidence="NOVALUE" language="" mdschema="dc">size inequality. global change</dim:field>
<dim:field element="subject" confidence="NOVALUE" language="" mdschema="dc">population</dim:field>
<dim:field element="title" language="" mdschema="dc">Data on individual biomass and root proliferation into nutrient patches</dim:field>
<dim:field element="type" language="*" mdschema="dc">Dataset</dim:field>
<dim:field element="ScientificName" confidence="NOVALUE" language="" mdschema="dwc">Lolium perenne</dim:field>
<dim:field element="ScientificName" confidence="NOVALUE" language="" mdschema="dwc">Plantago lanceolata</dim:field>
<dim:field element="ScientificName" confidence="NOVALUE" language="" mdschema="dwc">Holcus lanatus</dim:field>
<dim:field element="type" qualifier="embargo" language="en" mdschema="dc">none</dim:field>
<dim:field element="dryad" qualifier="pageviews">61</dim:field>
<dim:field element="dryad" qualifier="downloads">56</dim:field>
</dim:dim>
</mets:xmlData>
</mets:mdWrap>
</mets:dmdSec>
<mets:fileSec>
<mets:fileGrp USE="CONTENT">
<mets:file CHECKSUMTYPE="MD5" GROUPID="group_file_129163" ID="file_129163" MIMETYPE="application/zip" SIZE="4281" CHECKSUM="c2c37864ff288119bac79b39bafba4f2">
<mets:FLocat LOCTYPE="URL" xlink:title="Ann_Bot_2006.zip" xlink:label="dataset-file" xlink:type="locator" xlink:href="/bitstream/handle/10255/dryad.46158/Ann_Bot_2006.zip?sequence=1"/>
</mets:file>
<mets:file CHECKSUMTYPE="MD5" GROUPID="group_file_129164" ID="file_129164" MIMETYPE="text/plain" SIZE="1876" CHECKSUM="990d06bee1e59e6d3d788e20fc80b73c">
<mets:FLocat LOCTYPE="URL" xlink:title="README.txt" xlink:label="dc_readme" xlink:type="locator" xlink:href="/bitstream/handle/10255/dryad.46158/README.txt?sequence=2"/>
</mets:file>
</mets:fileGrp>
</mets:fileSec>
<mets:structMap LABEL="DSpace" TYPE="LOGICAL">
<mets:div DMDID="dmd_1" TYPE="DSpace Item">
<mets:div ID="div_2" TYPE="DSpace Content Bitstream">
<mets:fptr FILEID="file_129163"/>
</mets:div>
<mets:div ID="div_3" TYPE="DSpace Content Bitstream">
<mets:fptr FILEID="file_129164"/>
</mets:div>
</mets:div>
</mets:structMap>
</mets:METS>
