<?xml version="1.0" encoding="UTF-8"?>
<mets:METS xmlns:mets="http://www.loc.gov/METS/" xmlns:xlink="http://www.w3.org/TR/xlink/" xmlns:xsi="http://www.w3.org/2001/XMLSchema-instance" xmlns:dim="http://www.dspace.org/xmlns/dspace/dim" OBJEDIT="/admin/item?itemID=2130" OBJID="/handle/10255/dryad.1894" PROFILE="DSPACE METS SIP Profile 1.0" LABEL="DSpace Item" ID="hdl:10255/dryad.1894">
<mets:dmdSec GROUPID="group_dmd_0" ID="dmd_1">
<mets:mdWrap MDTYPE="OTHER" OTHERMDTYPE="DIM">
<mets:xmlData>
<dim:dim dspaceType="ITEM">
<dim:field element="contributor" qualifier="author" language="en" mdschema="dc">Munshi-South, Jason</dim:field>
<dim:field element="contributor" qualifier="author" language="en" mdschema="dc">Kharchenko, Katerina</dim:field>
<dim:field element="coverage" qualifier="spatial" language="en" mdschema="dc">New York City</dim:field>
<dim:field element="date" qualifier="accessioned" language="" mdschema="dc">2010-08-23T15:50:13Z</dim:field>
<dim:field element="date" qualifier="available" mdschema="dc">2010-12-08T07:30:11Z</dim:field>
<dim:field element="date" qualifier="issued" language="" mdschema="dc">2010-08-23</dim:field>
<dim:field element="identifier" mdschema="dc">doi:10.5061/dryad.1893/1</dim:field>
<dim:field element="identifier" qualifier="uri" language="" mdschema="dc">http://hdl.handle.net/10255/dryad.1894</dim:field>
<dim:field element="description" language="en" mdschema="dc">Genepop file of 18-locus microsatellite genotypes (2-digit format) for 15 populations of white-footed mice (Peromyscus leucopus) in New York City.</dim:field>
<dim:field element="relation" qualifier="ispartof" language="en" mdschema="dc">doi:10.5061/dryad.1893</dim:field>
<dim:field element="rights" qualifier="uri" language="en" mdschema="dc">http://creativecommons.org/publicdomain/zero/1.0/</dim:field>
<dim:field element="subject" language="en" mdschema="dc">Conservation Genetics</dim:field>
<dim:field element="subject" language="en" mdschema="dc">Contemporary Evolution</dim:field>
<dim:field element="subject" language="en" mdschema="dc">Habitat Degradation</dim:field>
<dim:field element="subject" language="en" mdschema="dc">Mammals</dim:field>
<dim:field element="subject" language="en" mdschema="dc">Population Genetics - Empirical</dim:field>
<dim:field element="title" language="en" mdschema="dc">MunshiSouth.Pleucopus.NYC.genepop.txt</dim:field>
<dim:field element="type" language="en" mdschema="dc">Dataset</dim:field>
<dim:field element="ScientificName" language="en" mdschema="dwc">Peromyscus leucopus</dim:field>
<dim:field element="dryad" qualifier="pageviews">194</dim:field>
<dim:field element="dryad" qualifier="downloads">129</dim:field>
</dim:dim>
</mets:xmlData>
</mets:mdWrap>
</mets:dmdSec>
<mets:fileSec>
<mets:fileGrp USE="CONTENT">
<mets:file CHECKSUMTYPE="MD5" GROUPID="group_file_1648" ID="file_1648" MIMETYPE="text/plain" SIZE="31145" CHECKSUM="49f69eae26e189a1b5f133da34374f78">
<mets:FLocat LOCTYPE="URL" xlink:title="MunshiSouth.Pleucopus.NYC.genepop.txt" xlink:type="locator" xlink:href="/bitstream/handle/10255/dryad.1894/MunshiSouth.Pleucopus.NYC.genepop.txt?sequence=1"/>
</mets:file>
</mets:fileGrp>
<mets:fileGrp USE="TEXT">
<mets:file CHECKSUMTYPE="MD5" GROUPID="group_file_1648" ID="file_1649" MIMETYPE="text/plain" SIZE="29691" CHECKSUM="54fb253822cd49ad141a1556daea4394">
<mets:FLocat LOCTYPE="URL" xlink:title="MunshiSouth.Pleucopus.NYC.genepop.txt.txt" xlink:label="Extracted text" xlink:type="locator" xlink:href="/bitstream/handle/10255/dryad.1894/MunshiSouth.Pleucopus.NYC.genepop.txt.txt?sequence=2"/>
</mets:file>
</mets:fileGrp>
</mets:fileSec>
<mets:structMap LABEL="DSpace" TYPE="LOGICAL">
<mets:div DMDID="dmd_1" TYPE="DSpace Item">
<mets:div ID="div_2" TYPE="DSpace Content Bitstream">
<mets:fptr FILEID="file_1648"/>
</mets:div>
</mets:div>
</mets:structMap>
</mets:METS>
