<?xml version="1.0" encoding="UTF-8"?>
<mets:METS xmlns:mets="http://www.loc.gov/METS/" xmlns:xlink="http://www.w3.org/TR/xlink/" xmlns:xsi="http://www.w3.org/2001/XMLSchema-instance" xmlns:dim="http://www.dspace.org/xmlns/dspace/dim" OBJEDIT="/admin/item?itemID=49490" OBJID="/handle/10255/dryad.42954" PROFILE="DSPACE METS SIP Profile 1.0" LABEL="DSpace Item" ID="hdl:10255/dryad.42954">
<mets:dmdSec GROUPID="group_dmd_0" ID="dmd_1">
<mets:mdWrap MDTYPE="OTHER" OTHERMDTYPE="DIM">
<mets:xmlData>
<dim:dim dspaceType="ITEM">
<dim:field element="contributor" qualifier="author" language="" mdschema="dc">Essenberg, Carla J.</dim:field>
<dim:field element="coverage" qualifier="spatial" language="" mdschema="dc">California</dim:field>
<dim:field element="coverage" qualifier="spatial" language="" mdschema="dc">38.86N</dim:field>
<dim:field element="coverage" qualifier="spatial" language="" mdschema="dc">122.41W</dim:field>
<dim:field element="date" qualifier="accessioned" mdschema="dc">2013-03-05T21:35:35Z</dim:field>
<dim:field element="date" qualifier="available" mdschema="dc">2013-03-05T21:35:35Z</dim:field>
<dim:field element="date" qualifier="issued" mdschema="dc">2013-03-05</dim:field>
<dim:field element="identifier" language="" mdschema="dc">doi:10.5061/dryad.16v7n/9</dim:field>
<dim:field element="identifier" mdschema="dc">doi:10.5061/dryad.16v7n/9</dim:field>
<dim:field element="identifier" qualifier="uri" mdschema="dc">http://hdl.handle.net/10255/dryad.42954</dim:field>
<dim:field element="description" language="" mdschema="dc">Intertegular spans of each of the four most common flower visitors to H. virgata. See ReadMe file associated with Visitation.csv for further information.</dim:field>
<dim:field element="relation" qualifier="ispartof" language="" mdschema="dc">doi:10.5061/dryad.16v7n</dim:field>
<dim:field element="rights" qualifier="uri" language="" mdschema="dc">http://creativecommons.org/publicdomain/zero/1.0/</dim:field>
<dim:field element="subject" confidence="NOVALUE" language="" mdschema="dc">Foraging behavior</dim:field>
<dim:field element="subject" confidence="NOVALUE" language="" mdschema="dc">Flower visitation</dim:field>
<dim:field element="subject" confidence="NOVALUE" language="" mdschema="dc">Pollination</dim:field>
<dim:field element="subject" confidence="NOVALUE" language="" mdschema="dc">Seasonal variation</dim:field>
<dim:field element="subject" confidence="NOVALUE" language="" mdschema="dc">Density dependence</dim:field>
<dim:field element="subject" confidence="NOVALUE" language="" mdschema="dc">Floral rewards</dim:field>
<dim:field element="subject" confidence="NOVALUE" language="" mdschema="dc">Nectar</dim:field>
<dim:field element="subject" confidence="NOVALUE" language="" mdschema="dc">Pollen</dim:field>
<dim:field element="subject" confidence="NOVALUE" language="" mdschema="dc">Flower handling time</dim:field>
<dim:field element="subject" confidence="NOVALUE" language="" mdschema="dc">Search speed</dim:field>
<dim:field element="title" language="" mdschema="dc">BodySize</dim:field>
<dim:field element="type" language="*" mdschema="dc">Dataset</dim:field>
<dim:field element="ScientificName" confidence="NOVALUE" language="" mdschema="dwc">Asteraceae</dim:field>
<dim:field element="ScientificName" confidence="NOVALUE" language="" mdschema="dwc">Holocarpha virgata</dim:field>
<dim:field element="ScientificName" confidence="NOVALUE" language="" mdschema="dwc">Halictidae</dim:field>
<dim:field element="ScientificName" confidence="NOVALUE" language="" mdschema="dwc">Halictus ligatus</dim:field>
<dim:field element="ScientificName" confidence="NOVALUE" language="" mdschema="dwc">Lasioglossum titusi</dim:field>
<dim:field element="ScientificName" confidence="NOVALUE" language="" mdschema="dwc">Anthophoridae</dim:field>
<dim:field element="ScientificName" confidence="NOVALUE" language="" mdschema="dwc">Melissodes lupina</dim:field>
<dim:field element="ScientificName" confidence="NOVALUE" language="" mdschema="dwc">Apidae</dim:field>
<dim:field element="ScientificName" confidence="NOVALUE" language="" mdschema="dwc">Apis mellifera</dim:field>
<dim:field element="type" qualifier="embargo" language="en" mdschema="dc">none</dim:field>
<dim:field element="dryad" qualifier="pageviews">104</dim:field>
<dim:field element="dryad" qualifier="downloads">38</dim:field>
</dim:dim>
</mets:xmlData>
</mets:mdWrap>
</mets:dmdSec>
<mets:fileSec>
<mets:fileGrp USE="CONTENT">
<mets:file CHECKSUMTYPE="MD5" GROUPID="group_file_125785" ID="file_125785" MIMETYPE="text/csv" SIZE="1352" CHECKSUM="b98ec847741d47631cf0a8f5bb25d03f">
<mets:FLocat LOCTYPE="URL" xlink:title="BodySize.csv" xlink:label="dataset-file" xlink:type="locator" xlink:href="/bitstream/handle/10255/dryad.42954/BodySize.csv?sequence=1"/>
</mets:file>
<mets:file CHECKSUMTYPE="MD5" GROUPID="group_file_125854" ID="file_125854" MIMETYPE="text/plain" SIZE="8749" CHECKSUM="b2086fb049f53f51f4dd47ba2ce78ace">
<mets:FLocat LOCTYPE="URL" xlink:title="README.txt" xlink:label="dc_readme" xlink:type="locator" xlink:href="/bitstream/handle/10255/dryad.42954/README.txt?sequence=2"/>
</mets:file>
</mets:fileGrp>
</mets:fileSec>
<mets:structMap LABEL="DSpace" TYPE="LOGICAL">
<mets:div DMDID="dmd_1" TYPE="DSpace Item">
<mets:div ID="div_2" TYPE="DSpace Content Bitstream">
<mets:fptr FILEID="file_125785"/>
</mets:div>
<mets:div ID="div_3" TYPE="DSpace Content Bitstream">
<mets:fptr FILEID="file_125854"/>
</mets:div>
</mets:div>
</mets:structMap>
</mets:METS>
