<?xml version="1.0" encoding="UTF-8"?>
<mets:METS xmlns:mets="http://www.loc.gov/METS/" xmlns:xlink="http://www.w3.org/TR/xlink/" xmlns:xsi="http://www.w3.org/2001/XMLSchema-instance" xmlns:dim="http://www.dspace.org/xmlns/dspace/dim" OBJEDIT="/admin/item?itemID=56739" OBJID="/handle/10255/dryad.47782" PROFILE="DSPACE METS SIP Profile 1.0" LABEL="DSpace Item" ID="hdl:10255/dryad.47782">
<mets:dmdSec GROUPID="group_dmd_0" ID="dmd_1">
<mets:mdWrap MDTYPE="OTHER" OTHERMDTYPE="DIM">
<mets:xmlData>
<dim:dim dspaceType="ITEM">
<dim:field element="contributor" qualifier="author" mdschema="dc">Delhey, Kaspar</dim:field>
<dim:field element="contributor" qualifier="author" mdschema="dc">Smith, Jesse</dim:field>
<dim:field element="contributor" qualifier="author" mdschema="dc">Peters, Anne</dim:field>
<dim:field element="coverage" qualifier="spatial" language="" mdschema="dc">Australia</dim:field>
<dim:field element="coverage" qualifier="temporal" language="" mdschema="dc">present</dim:field>
<dim:field element="date" qualifier="accessioned" mdschema="dc">2013-03-19T17:36:07Z</dim:field>
<dim:field element="date" qualifier="available" mdschema="dc">2013-05-13T14:33:48Z</dim:field>
<dim:field element="date" qualifier="issued" mdschema="dc">2013-03-19</dim:field>
<dim:field element="identifier" mdschema="dc">doi:10.5061/dryad.0sd30/2</dim:field>
<dim:field element="identifier" qualifier="uri" mdschema="dc">http://hdl.handle.net/10255/dryad.47782</dim:field>
<dim:field element="description" language="" mdschema="dc">Variable names (see Methods for more details)&#13;
Data collated from the Handbook of Australian, New Zealand and Antarctic Birds&#13;
animal: species code used in the phylogeny&#13;
av.col.var: average colour variability (sexes pooled)&#13;
m.col.var: average colour variability (males)&#13;
f.col.var: average colour variability (females)&#13;
polymorphic: considered polymorphic in Galeotti et al. (2003)&#13;
sex.dich: sexual dichromatism score&#13;
move.score: mobility score&#13;
range: number of occupied 1’ cells in The New Atlas of Australian Birds&#13;
habitats: habitat heterogeneity score&#13;
threat: threat status, 1=endangered, 0=not endangered&#13;
diet.het: dietary heterogeneity</dim:field>
<dim:field element="relation" qualifier="ispartof" mdschema="dc">doi:10.5061/dryad.0sd30</dim:field>
<dim:field element="rights" qualifier="uri" mdschema="dc">http://creativecommons.org/publicdomain/zero/1.0/</dim:field>
<dim:field element="subject" confidence="NOVALUE" language="" mdschema="dc">Adaptation</dim:field>
<dim:field element="subject" confidence="NOVALUE" language="" mdschema="dc">Birds</dim:field>
<dim:field element="subject" confidence="NOVALUE" language="" mdschema="dc">Comparative studies</dim:field>
<dim:field element="subject" confidence="NOVALUE" language="" mdschema="dc">Morphometrics</dim:field>
<dim:field element="title" language="" mdschema="dc">Parrots and Cockatoos: Colour variability and associated variables</dim:field>
<dim:field element="type" language="*" mdschema="dc">Dataset</dim:field>
<dim:field element="ScientificName" confidence="NOVALUE" language="" mdschema="dwc">Psitaciformes</dim:field>
<dim:field element="type" qualifier="embargo" language="" mdschema="dc">untilArticleAppears</dim:field>
<dim:field element="dryad" qualifier="pageviews">25</dim:field>
<dim:field element="dryad" qualifier="downloads">13</dim:field>
</dim:dim>
</mets:xmlData>
</mets:mdWrap>
</mets:dmdSec>
<mets:fileSec>
<mets:fileGrp USE="CONTENT">
<mets:file CHECKSUMTYPE="MD5" GROUPID="group_file_130888" ID="file_130888" MIMETYPE="text/csv" SIZE="4700" CHECKSUM="accaae88d2c4dd411a88837b3d339229">
<mets:FLocat LOCTYPE="URL" xlink:title="AppendixS2.csv" xlink:label="dataset-file" xlink:type="locator" xlink:href="/bitstream/handle/10255/dryad.47782/AppendixS2.csv?sequence=1"/>
</mets:file>
</mets:fileGrp>
</mets:fileSec>
<mets:structMap LABEL="DSpace" TYPE="LOGICAL">
<mets:div DMDID="dmd_1" TYPE="DSpace Item">
<mets:div ID="div_2" TYPE="DSpace Content Bitstream">
<mets:fptr FILEID="file_130888"/>
</mets:div>
</mets:div>
</mets:structMap>
</mets:METS>
