<?xml version="1.0" encoding="UTF-8"?>
<mets:METS xmlns:mets="http://www.loc.gov/METS/" xmlns:xlink="http://www.w3.org/TR/xlink/" xmlns:xsi="http://www.w3.org/2001/XMLSchema-instance" xmlns:dim="http://www.dspace.org/xmlns/dspace/dim" OBJEDIT="/admin/item?itemID=60666" OBJID="/handle/10255/dryad.50385" PROFILE="DSPACE METS SIP Profile 1.0" LABEL="DSpace Item" ID="hdl:10255/dryad.50385">
<mets:dmdSec GROUPID="group_dmd_0" ID="dmd_1">
<mets:mdWrap MDTYPE="OTHER" OTHERMDTYPE="DIM">
<mets:xmlData>
<dim:dim dspaceType="ITEM">
<dim:field element="contributor" qualifier="author" language="" mdschema="dc">Wenger, Jacob A.</dim:field>
<dim:field element="contributor" qualifier="author" language="" mdschema="dc">Michel, Andy P.</dim:field>
<dim:field element="coverage" qualifier="spatial" language="" mdschema="dc">Northern Ohio</dim:field>
<dim:field element="date" qualifier="accessioned" language="" mdschema="dc">2013-06-03T19:49:34Z</dim:field>
<dim:field element="date" qualifier="available" mdschema="dc">2013-07-24T14:43:43Z</dim:field>
<dim:field element="date" qualifier="issued" language="" mdschema="dc">2013-06-03</dim:field>
<dim:field element="identifier" language="" mdschema="dc">doi:10.5061/dryad.092fc/2</dim:field>
<dim:field element="identifier" qualifier="uri" language="" mdschema="dc">http://hdl.handle.net/10255/dryad.50385</dim:field>
<dim:field element="description" language="" mdschema="dc">The unabridged data in GenAlEx format. For information regarding identification codes of individual aphids or reducing the data to a working set as was referenced in the published manuscript please consult the read me file: "ReadMe_AGlycines.txt"</dim:field>
<dim:field element="relation" qualifier="ispartof" language="" mdschema="dc">doi:10.5061/dryad.092fc</dim:field>
<dim:field element="rights" qualifier="uri" language="" mdschema="dc">http://creativecommons.org/publicdomain/zero/1.0/</dim:field>
<dim:field element="subject" confidence="NOVALUE" language="" mdschema="dc">Adaptation</dim:field>
<dim:field element="subject" confidence="NOVALUE" language="" mdschema="dc">insect biotypes</dim:field>
<dim:field element="subject" confidence="NOVALUE" language="" mdschema="dc">Population Genetics - Empirical</dim:field>
<dim:field element="subject" confidence="NOVALUE" language="" mdschema="dc">soybean aphid</dim:field>
<dim:field element="subject" confidence="NOVALUE" language="" mdschema="dc">plant resistance</dim:field>
<dim:field element="title" language="" mdschema="dc">Master_GenAlEx</dim:field>
<dim:field element="type" language="*" mdschema="dc">Dataset</dim:field>
<dim:field element="ScientificName" confidence="NOVALUE" language="" mdschema="dwc">Aphis glycines</dim:field>
<dim:field element="ScientificName" confidence="NOVALUE" language="" mdschema="dwc">Glycine max</dim:field>
<dim:field element="type" qualifier="embargo" language="" mdschema="dc">untilArticleAppears</dim:field>
<dim:field element="dryad" qualifier="pageviews">15</dim:field>
<dim:field element="dryad" qualifier="downloads">5</dim:field>
</dim:dim>
</mets:xmlData>
</mets:mdWrap>
</mets:dmdSec>
<mets:fileSec>
<mets:fileGrp USE="CONTENT">
<mets:file CHECKSUMTYPE="MD5" GROUPID="group_file_133407" ID="file_133407" MIMETYPE="text/plain" SIZE="58062" CHECKSUM="bd5516a57b6b863a61a425a25522d786">
<mets:FLocat LOCTYPE="URL" xlink:title="Master_GenAlEx.txt" xlink:label="dataset-file" xlink:type="locator" xlink:href="/bitstream/handle/10255/dryad.50385/Master_GenAlEx.txt?sequence=1"/>
</mets:file>
<mets:file CHECKSUMTYPE="MD5" GROUPID="group_file_133408" ID="file_133408" MIMETYPE="text/plain" SIZE="1868" CHECKSUM="5756b1aa6a9d329a57ad9b7ab57d3c72">
<mets:FLocat LOCTYPE="URL" xlink:title="README.txt" xlink:label="dc_readme" xlink:type="locator" xlink:href="/bitstream/handle/10255/dryad.50385/README.txt?sequence=2"/>
</mets:file>
</mets:fileGrp>
</mets:fileSec>
<mets:structMap LABEL="DSpace" TYPE="LOGICAL">
<mets:div DMDID="dmd_1" TYPE="DSpace Item">
<mets:div ID="div_2" TYPE="DSpace Content Bitstream">
<mets:fptr FILEID="file_133407"/>
</mets:div>
<mets:div ID="div_3" TYPE="DSpace Content Bitstream">
<mets:fptr FILEID="file_133408"/>
</mets:div>
</mets:div>
</mets:structMap>
</mets:METS>
