<?xml version="1.0" encoding="UTF-8"?>
<mets:METS xmlns:mets="http://www.loc.gov/METS/" xmlns:xlink="http://www.w3.org/TR/xlink/" xmlns:xsi="http://www.w3.org/2001/XMLSchema-instance" xmlns:dim="http://www.dspace.org/xmlns/dspace/dim" OBJEDIT="/admin/item?itemID=2248" OBJID="/handle/10255/dryad.1964" PROFILE="DSPACE METS SIP Profile 1.0" LABEL="DSpace Item" ID="hdl:10255/dryad.1964">
<mets:dmdSec GROUPID="group_dmd_0" ID="dmd_1">
<mets:mdWrap MDTYPE="OTHER" OTHERMDTYPE="DIM">
<mets:xmlData>
<dim:dim dspaceType="ITEM">
<dim:field element="contributor" mdschema="dc">Blackburn, David C</dim:field>
<dim:field element="coverage" qualifier="spatial" language="en" mdschema="dc">Africa</dim:field>
<dim:field element="coverage" qualifier="spatial" language="en" mdschema="dc">Cameroon</dim:field>
<dim:field element="coverage" qualifier="spatial" language="en" mdschema="dc">Central Africa</dim:field>
<dim:field element="coverage" qualifier="spatial" language="en" mdschema="dc">West Africa</dim:field>
<dim:field element="coverage" qualifier="spatial" language="en" mdschema="dc">Cameroon highlands</dim:field>
<dim:field element="date" language="en" mdschema="dc">Present</dim:field>
<dim:field element="date" qualifier="accessioned" mdschema="dc">2010-09-07T16:39:28Z</dim:field>
<dim:field element="date" qualifier="available" mdschema="dc">2010-09-07T16:39:28Z</dim:field>
<dim:field element="date" qualifier="issued" mdschema="dc">2010-09-07</dim:field>
<dim:field element="identifier" mdschema="dc">doi:10.5061/dryad.1963/1</dim:field>
<dim:field element="identifier" qualifier="uri" mdschema="dc">http://hdl.handle.net/10255/dryad.1964</dim:field>
<dim:field element="description" language="en" mdschema="dc">Measurements (in millimeters) for 18 morphological features of two frog species (Arthroleptis variabilis and A. perreti, the latter of which is described in this publication).</dim:field>
<dim:field element="relation" qualifier="ispartof" mdschema="dc">doi:10.5061/dryad.1963</dim:field>
<dim:field element="subject" language="en" mdschema="dc">new species</dim:field>
<dim:field element="subject" language="en" mdschema="dc">biodiversity hotspot</dim:field>
<dim:field element="title" language="en" mdschema="dc">Measurements used for Principal Components Analysis</dim:field>
<dim:field element="ScientificName" language="en" mdschema="dwc">Amphibia</dim:field>
<dim:field element="ScientificName" language="en" mdschema="dwc">Anura</dim:field>
<dim:field element="ScientificName" language="en" mdschema="dwc">Arthroleptidae</dim:field>
<dim:field element="ScientificName" language="en" mdschema="dwc">Arthroleptis</dim:field>
<dim:field element="ScientificName" language="en" mdschema="dwc">Arthroleptis perreti</dim:field>
<dim:field element="ScientificName" language="en" mdschema="dwc">Arthroleptis adolfifriederici</dim:field>
<dim:field element="ScientificName" language="en" mdschema="dwc">Arthroleptis variabilis</dim:field>
<dim:field element="type" qualifier="embargo" language="en" mdschema="dc">none</dim:field>
<dim:field element="dryad" qualifier="pageviews">139</dim:field>
<dim:field element="dryad" qualifier="downloads">52</dim:field>
</dim:dim>
</mets:xmlData>
</mets:mdWrap>
</mets:dmdSec>
<mets:fileSec>
<mets:fileGrp USE="TEXT">
<mets:file CHECKSUMTYPE="MD5" GROUPID="group_file_1719" ID="file_1724" MIMETYPE="text/plain" SIZE="4410" CHECKSUM="3e2391d921e4b2a1f48ac8d2ff65c5a2">
<mets:FLocat LOCTYPE="URL" xlink:title="Blackburn_et_al_Breviora_2008.txt.txt" xlink:label="Extracted text" xlink:type="locator" xlink:href="/bitstream/handle/10255/dryad.1964/Blackburn_et_al_Breviora_2008.txt.txt?sequence=2"/>
</mets:file>
</mets:fileGrp>
<mets:fileGrp USE="CONTENT">
<mets:file CHECKSUMTYPE="MD5" GROUPID="group_file_1719" ID="file_1719" MIMETYPE="text/plain" SIZE="4409" CHECKSUM="50b4b6fc62d8c49a82e6643da76b3688">
<mets:FLocat LOCTYPE="URL" xlink:title="Blackburn_et_al_Breviora_2008.txt" xlink:label="dataset-file" xlink:type="locator" xlink:href="/bitstream/handle/10255/dryad.1964/Blackburn_et_al_Breviora_2008.txt?sequence=1"/>
</mets:file>
</mets:fileGrp>
</mets:fileSec>
<mets:structMap LABEL="DSpace" TYPE="LOGICAL">
<mets:div DMDID="dmd_1" TYPE="DSpace Item">
<mets:div ID="div_2" TYPE="DSpace Content Bitstream">
<mets:fptr FILEID="file_1719"/>
</mets:div>
</mets:div>
</mets:structMap>
</mets:METS>
