<?xml version="1.0" encoding="UTF-8"?>
<mets:METS xmlns:mets="http://www.loc.gov/METS/" xmlns:xlink="http://www.w3.org/TR/xlink/" xmlns:xsi="http://www.w3.org/2001/XMLSchema-instance" xmlns:dim="http://www.dspace.org/xmlns/dspace/dim" OBJEDIT="/admin/item?itemID=208" OBJID="/handle/10255/dryad.188" PROFILE="DSPACE METS SIP Profile 1.0" LABEL="DSpace Item" ID="hdl:10255/dryad.188">
<mets:dmdSec GROUPID="group_dmd_0" ID="dmd_1">
<mets:mdWrap MDTYPE="OTHER" OTHERMDTYPE="DIM">
<mets:xmlData>
<dim:dim dspaceType="ITEM">
<dim:field element="contributor" qualifier="author" language="" mdschema="dc">Newton, Alicia</dim:field>
<dim:field element="contributor" qualifier="author" language="" mdschema="dc">Pistiner, Janna</dim:field>
<dim:field element="coverage" qualifier="spatial" language="" mdschema="dc">Santa Cruz, CDRS</dim:field>
<dim:field element="date" qualifier="accessioned" language="" mdschema="dc">2008-09-26T15:52:57Z</dim:field>
<dim:field element="date" qualifier="available" language="" mdschema="dc">2008-09-26T15:52:57Z</dim:field>
<dim:field element="date" qualifier="issued" language="" mdschema="dc">1999-08</dim:field>
<dim:field element="identifier" mdschema="dc">doi:10.5061/dryad.159/24</dim:field>
<dim:field element="identifier" qualifier="uri" language="" mdschema="dc">http://hdl.handle.net/10255/dryad.188</dim:field>
<dim:field element="relation" qualifier="ispartof" language="" mdschema="dc">http://hdl.handle.net/10255/dryad.159</dim:field>
<dim:field element="rights" qualifier="uri" language="" mdschema="dc">http://datadryad.org/bitstream/handle/10255/dryad.188/license.txt?sequence=2</dim:field>
<dim:field element="subject" language="en_US" mdschema="dc">CDRS</dim:field>
<dim:field element="title" language="en_US" mdschema="dc">Entrance To Charles Darwin Research Station, Guard Station</dim:field>
<dim:field element="type" language="en_US" mdschema="dc">Image</dim:field>
<dim:field element="dryad" qualifier="pageviews">179</dim:field>
<dim:field element="dryad" qualifier="downloads">132</dim:field>
</dim:dim>
</mets:xmlData>
</mets:mdWrap>
</mets:dmdSec>
<mets:fileSec>
<mets:fileGrp USE="CONTENT">
<mets:file CHECKSUMTYPE="MD5" GROUPID="group_file_381" ID="file_381" MIMETYPE="image/jpeg" SIZE="147809" CHECKSUM="ce24e861615b5b6707497513c038c5f9">
<mets:FLocat LOCTYPE="URL" xlink:title="CDRSEntr_L.jpg" xlink:type="locator" xlink:href="/bitstream/handle/10255/dryad.188/CDRSEntr_L.jpg?sequence=1"/>
</mets:file>
</mets:fileGrp>
<mets:fileGrp USE="LICENSE">
<mets:file CHECKSUMTYPE="MD5" GROUPID="group_file_382" ID="file_382" MIMETYPE="text/plain" SIZE="784" CHECKSUM="0c3f3b139457816fdfedee4d1cc8f68f">
<mets:FLocat LOCTYPE="URL" xlink:title="license.txt" xlink:type="locator" xlink:href="/bitstream/handle/10255/dryad.188/license.txt?sequence=2"/>
</mets:file>
</mets:fileGrp>
<mets:fileGrp USE="THUMBNAIL">
<mets:file CHECKSUMTYPE="MD5" GROUPID="group_file_381" ID="file_1450" MIMETYPE="image/jpeg" SIZE="2053" CHECKSUM="e35b563c5b46392b3ccdcc911f172012">
<mets:FLocat LOCTYPE="URL" xlink:title="CDRSEntr_L.jpg.jpg" xlink:label="Generated Thumbnail" xlink:type="locator" xlink:href="/bitstream/handle/10255/dryad.188/CDRSEntr_L.jpg.jpg?sequence=3"/>
</mets:file>
</mets:fileGrp>
</mets:fileSec>
<mets:structMap LABEL="DSpace" TYPE="LOGICAL">
<mets:div DMDID="dmd_1" TYPE="DSpace Item">
<mets:div ID="div_2" TYPE="DSpace Content Bitstream">
<mets:fptr FILEID="file_381"/>
</mets:div>
</mets:div>
</mets:structMap>
</mets:METS>
