<?xml version="1.0" encoding="UTF-8"?>
<mets:METS xmlns:mets="http://www.loc.gov/METS/" xmlns:xlink="http://www.w3.org/TR/xlink/" xmlns:xsi="http://www.w3.org/2001/XMLSchema-instance" xmlns:dim="http://www.dspace.org/xmlns/dspace/dim" OBJEDIT="/admin/item?itemID=36899" OBJID="/handle/10255/dryad.34740" PROFILE="DSPACE METS SIP Profile 1.0" LABEL="DSpace Item" ID="hdl:10255/dryad.34740">
<mets:dmdSec GROUPID="group_dmd_0" ID="dmd_1">
<mets:mdWrap MDTYPE="OTHER" OTHERMDTYPE="DIM">
<mets:xmlData>
<dim:dim dspaceType="ITEM">
<dim:field element="contributor" qualifier="author" language="" mdschema="dc">Burbrink, Frank T.</dim:field>
<dim:field element="contributor" qualifier="author" language="" mdschema="dc">Ruane, Sara</dim:field>
<dim:field element="contributor" qualifier="author" language="" mdschema="dc">Pyron, Robert Alexander</dim:field>
<dim:field element="coverage" qualifier="spatial" language="en" mdschema="dc">West Indies</dim:field>
<dim:field element="coverage" qualifier="temporal" language="en" mdschema="dc">Miocene</dim:field>
<dim:field element="coverage" qualifier="temporal" language="" mdschema="dc">Pliocene</dim:field>
<dim:field element="date" qualifier="accessioned" mdschema="dc">2012-03-28T19:05:45Z</dim:field>
<dim:field element="date" qualifier="available" mdschema="dc">2012-03-28T19:05:45Z</dim:field>
<dim:field element="date" qualifier="issued" mdschema="dc">2012-03-28</dim:field>
<dim:field element="identifier" mdschema="dc">doi:10.5061/dryad.03kb7/2</dim:field>
<dim:field element="identifier" mdschema="dc">doi:10.5061/dryad.03kb7/2</dim:field>
<dim:field element="identifier" qualifier="uri" mdschema="dc">http://hdl.handle.net/10255/dryad.34740</dim:field>
<dim:field element="relation" qualifier="ispartof" language="" mdschema="dc">doi:10.5061/dryad.03kb7</dim:field>
<dim:field element="rights" qualifier="uri" language="" mdschema="dc">http://creativecommons.org/publicdomain/zero/1.0/</dim:field>
<dim:field element="subject" language="en" mdschema="dc">adaptive radiation</dim:field>
<dim:field element="subject" language="en" mdschema="dc">ecological opportunity</dim:field>
<dim:field element="subject" language="en" mdschema="dc">island biogeography</dim:field>
<dim:field element="subject" language="en" mdschema="dc">snakes</dim:field>
<dim:field element="title" language="en" mdschema="dc">Alsophiini_DNA_2</dim:field>
<dim:field element="type" language="*" mdschema="dc">Dataset</dim:field>
<dim:field element="ScientificName" language="en" mdschema="dwc">Alsophiinae</dim:field>
<dim:field element="ScientificName" language="" mdschema="dwc">Alsophiini</dim:field>
<dim:field element="ScientificName" language="" mdschema="dwc">Colubridae</dim:field>
<dim:field element="type" qualifier="embargo" language="en" mdschema="dc">none</dim:field>
<dim:field element="dryad" qualifier="pageviews">77</dim:field>
<dim:field element="dryad" qualifier="downloads">21</dim:field>
</dim:dim>
</mets:xmlData>
</mets:mdWrap>
</mets:dmdSec>
<mets:fileSec>
<mets:fileGrp USE="CONTENT">
<mets:file CHECKSUMTYPE="MD5" GROUPID="group_file_115748" ID="file_115748" MIMETYPE="text/xml" SIZE="168310" CHECKSUM="cf4f70507a0afcd982e535eff477180c">
<mets:FLocat LOCTYPE="URL" xlink:title="Alsophiini_DNA_2.xml" xlink:label="dataset-file" xlink:type="locator" xlink:href="/bitstream/handle/10255/dryad.34740/Alsophiini_DNA_2.xml?sequence=1"/>
</mets:file>
</mets:fileGrp>
</mets:fileSec>
<mets:structMap LABEL="DSpace" TYPE="LOGICAL">
<mets:div DMDID="dmd_1" TYPE="DSpace Item">
<mets:div ID="div_2" TYPE="DSpace Content Bitstream">
<mets:fptr FILEID="file_115748"/>
</mets:div>
</mets:div>
</mets:structMap>
</mets:METS>
