<?xml version="1.0" encoding="UTF-8"?>
<mets:METS xmlns:mets="http://www.loc.gov/METS/" xmlns:xlink="http://www.w3.org/TR/xlink/" xmlns:xsi="http://www.w3.org/2001/XMLSchema-instance" xmlns:dim="http://www.dspace.org/xmlns/dspace/dim" OBJEDIT="/admin/item?itemID=51902" OBJID="/handle/10255/dryad.44534" PROFILE="DSPACE METS SIP Profile 1.0" LABEL="DSpace Item" ID="hdl:10255/dryad.44534">
<mets:dmdSec GROUPID="group_dmd_0" ID="dmd_1">
<mets:mdWrap MDTYPE="OTHER" OTHERMDTYPE="DIM">
<mets:xmlData>
<dim:dim dspaceType="ITEM">
<dim:field element="contributor" qualifier="author" language="" mdschema="dc">Pierce, Stephanie E.</dim:field>
<dim:field element="contributor" qualifier="author" language="" mdschema="dc">Ahlberg, Per E.</dim:field>
<dim:field element="contributor" qualifier="author" language="" mdschema="dc">Hutchinson, John R.</dim:field>
<dim:field element="contributor" qualifier="author" language="" mdschema="dc">Molnar, Julia L.</dim:field>
<dim:field element="contributor" qualifier="author" language="" mdschema="dc">Sanchez, Sophie</dim:field>
<dim:field element="contributor" qualifier="author" language="" mdschema="dc">Tafforeau, Paul</dim:field>
<dim:field element="contributor" qualifier="author" language="" mdschema="dc">Clack, Jennifer A.</dim:field>
<dim:field element="coverage" qualifier="temporal" language="" mdschema="dc">Devonian</dim:field>
<dim:field element="coverage" qualifier="temporal" language="" mdschema="dc">Carboniferous</dim:field>
<dim:field element="date" qualifier="accessioned" mdschema="dc">2013-01-14T19:31:41Z</dim:field>
<dim:field element="date" qualifier="available" mdschema="dc">2013-01-14T19:31:41Z</dim:field>
<dim:field element="date" qualifier="issued" mdschema="dc">2013-01-14</dim:field>
<dim:field element="identifier" language="" mdschema="dc">doi:10.5061/dryad.0003s/1</dim:field>
<dim:field element="identifier" mdschema="dc">doi:10.5061/dryad.0003s/1</dim:field>
<dim:field element="identifier" qualifier="uri" mdschema="dc">http://hdl.handle.net/10255/dryad.44534</dim:field>
<dim:field element="relation" qualifier="ispartof" language="" mdschema="dc">doi:10.5061/dryad.0003s</dim:field>
<dim:field element="rights" qualifier="uri" language="" mdschema="dc">http://creativecommons.org/publicdomain/zero/1.0/</dim:field>
<dim:field element="subject" confidence="NOVALUE" language="" mdschema="dc">Tetrapod</dim:field>
<dim:field element="subject" confidence="NOVALUE" language="" mdschema="dc">vertebrae</dim:field>
<dim:field element="subject" confidence="NOVALUE" language="" mdschema="dc">evolution</dim:field>
<dim:field element="title" language="" mdschema="dc">Image Stack Movies_Pierce et al</dim:field>
<dim:field element="type" language="*" mdschema="dc">Dataset</dim:field>
<dim:field element="ScientificName" confidence="NOVALUE" language="" mdschema="dwc">Ichthyostega</dim:field>
<dim:field element="ScientificName" confidence="NOVALUE" language="" mdschema="dwc">Acanthostega</dim:field>
<dim:field element="ScientificName" confidence="NOVALUE" language="" mdschema="dwc">Pederpes</dim:field>
<dim:field element="type" qualifier="embargo" language="" mdschema="dc">none</dim:field>
<dim:field element="dryad" qualifier="pageviews">108</dim:field>
<dim:field element="dryad" qualifier="downloads">103</dim:field>
</dim:dim>
</mets:xmlData>
</mets:mdWrap>
</mets:dmdSec>
<mets:fileSec>
<mets:fileGrp USE="CONTENT">
<mets:file CHECKSUMTYPE="MD5" GROUPID="group_file_127405" ID="file_127405" MIMETYPE="application/msword" SIZE="23552" CHECKSUM="3269261c80c5bcd70a31c825f9ee34a2">
<mets:FLocat LOCTYPE="URL" xlink:title="README.doc" xlink:label="dc_readme" xlink:type="locator" xlink:href="/bitstream/handle/10255/dryad.44534/README.doc?sequence=1"/>
</mets:file>
<mets:file CHECKSUMTYPE="MD5" GROUPID="group_file_127406" ID="file_127406" MIMETYPE="application/zip" SIZE="214426584" CHECKSUM="01658fe55836f8cc6b8112f0c8716ccd">
<mets:FLocat LOCTYPE="URL" xlink:title="Image Stack Movies_Pierce et al.zip" xlink:label="dataset-file" xlink:type="locator" xlink:href="/bitstream/handle/10255/dryad.44534/Image%20Stack%20Movies_Pierce%20et%20al.zip?sequence=2"/>
</mets:file>
</mets:fileGrp>
</mets:fileSec>
<mets:structMap LABEL="DSpace" TYPE="LOGICAL">
<mets:div DMDID="dmd_1" TYPE="DSpace Item">
<mets:div ID="div_2" TYPE="DSpace Content Bitstream">
<mets:fptr FILEID="file_127405"/>
</mets:div>
<mets:div ID="div_3" TYPE="DSpace Content Bitstream">
<mets:fptr FILEID="file_127406"/>
</mets:div>
</mets:div>
</mets:structMap>
</mets:METS>
