<?xml version="1.0" encoding="UTF-8"?>
<mets:METS xmlns:mets="http://www.loc.gov/METS/" xmlns:xlink="http://www.w3.org/TR/xlink/" xmlns:xsi="http://www.w3.org/2001/XMLSchema-instance" xmlns:dim="http://www.dspace.org/xmlns/dspace/dim" OBJEDIT="/admin/item?itemID=52762" OBJID="/handle/10255/dryad.45072" PROFILE="DSPACE METS SIP Profile 1.0" LABEL="DSpace Item" ID="hdl:10255/dryad.45072">
<mets:dmdSec GROUPID="group_dmd_0" ID="dmd_1">
<mets:mdWrap MDTYPE="OTHER" OTHERMDTYPE="DIM">
<mets:xmlData>
<dim:dim dspaceType="ITEM">
<dim:field element="contributor" qualifier="author" mdschema="dc">Marcussen, Thomas</dim:field>
<dim:field element="contributor" qualifier="author" mdschema="dc">Heier, Lise</dim:field>
<dim:field element="contributor" qualifier="author" mdschema="dc">Brysting, Anne</dim:field>
<dim:field element="contributor" qualifier="author" mdschema="dc">Oxelman, Bengt</dim:field>
<dim:field element="contributor" qualifier="author" mdschema="dc">Jakobsen, Kjetill</dim:field>
<dim:field element="coverage" qualifier="spatial" language="" mdschema="dc">South America</dim:field>
<dim:field element="coverage" qualifier="spatial" language="" mdschema="dc">North America</dim:field>
<dim:field element="coverage" qualifier="spatial" language="" mdschema="dc">Hawaii</dim:field>
<dim:field element="coverage" qualifier="spatial" language="" mdschema="dc">Eurasia</dim:field>
<dim:field element="coverage" qualifier="spatial" language="" mdschema="dc">Africa</dim:field>
<dim:field element="coverage" qualifier="spatial" language="" mdschema="dc">Australia</dim:field>
<dim:field element="coverage" qualifier="temporal" language="" mdschema="dc">Oligocene</dim:field>
<dim:field element="coverage" qualifier="temporal" language="" mdschema="dc">Miocene</dim:field>
<dim:field element="coverage" qualifier="temporal" language="" mdschema="dc">Pliocene</dim:field>
<dim:field element="coverage" qualifier="temporal" language="" mdschema="dc">Pleistocene</dim:field>
<dim:field element="identifier" mdschema="dc">doi:10.5061/dryad.0gg6r/18</dim:field>
<dim:field element="description" language="" mdschema="dc">Tree file (phylogram) obtained with MrBayes from DNA sequences of the chloroplast locus trnL-trnF, partitioned in nucleotides and coded indels, for Viola.</dim:field>
<dim:field element="relation" qualifier="ispartof" mdschema="dc">doi:10.5061/dryad.0gg6r</dim:field>
<dim:field element="rights" qualifier="uri" mdschema="dc">http://creativecommons.org/publicdomain/zero/1.0/</dim:field>
<dim:field element="subject" confidence="NOVALUE" language="" mdschema="dc">Dating</dim:field>
<dim:field element="subject" confidence="NOVALUE" language="" mdschema="dc">Low-copy nuclear gene</dim:field>
<dim:field element="subject" confidence="NOVALUE" language="" mdschema="dc">Polyploidy</dim:field>
<dim:field element="subject" confidence="NOVALUE" language="" mdschema="dc">Species network</dim:field>
<dim:field element="subject" confidence="NOVALUE" language="" mdschema="dc">Viola</dim:field>
<dim:field element="subject" confidence="NOVALUE" language="" mdschema="dc">Violaceae</dim:field>
<dim:field element="title" language="" mdschema="dc">Supplementary MrB_trnLF</dim:field>
<dim:field element="type" language="*" mdschema="dc">Dataset</dim:field>
<dim:field element="ScientificName" confidence="NOVALUE" language="" mdschema="dwc">Violaceae</dim:field>
<dim:field element="ScientificName" confidence="NOVALUE" language="" mdschema="dwc">Viola</dim:field>
<dim:field element="ScientificName" confidence="NOVALUE" language="" mdschema="dwc">Viola sect. Andinium</dim:field>
<dim:field element="ScientificName" confidence="NOVALUE" language="" mdschema="dwc">Viola sect. Leptidium</dim:field>
<dim:field element="ScientificName" confidence="NOVALUE" language="" mdschema="dwc">Viola sect. Tridens</dim:field>
<dim:field element="ScientificName" confidence="NOVALUE" language="" mdschema="dwc">Viola sect. Rubellium</dim:field>
<dim:field element="ScientificName" confidence="NOVALUE" language="" mdschema="dwc">Viola sect. Chilenium</dim:field>
<dim:field element="ScientificName" confidence="NOVALUE" language="" mdschema="dwc">Viola sect. Erpetion</dim:field>
<dim:field element="ScientificName" confidence="NOVALUE" language="" mdschema="dwc">Viola sect. Chamaemelanium</dim:field>
<dim:field element="ScientificName" confidence="NOVALUE" language="" mdschema="dwc">Viola sect. Xylinosium</dim:field>
<dim:field element="ScientificName" confidence="NOVALUE" language="" mdschema="dwc">Viola sect. Nosphinium</dim:field>
<dim:field element="ScientificName" confidence="NOVALUE" language="" mdschema="dwc">Viola sect. Plagiostigma</dim:field>
<dim:field element="ScientificName" confidence="NOVALUE" language="" mdschema="dwc">Viola sect. Sclerosium</dim:field>
<dim:field element="ScientificName" confidence="NOVALUE" language="" mdschema="dwc">Viola sect. Delphiniopsis</dim:field>
<dim:field element="ScientificName" confidence="NOVALUE" language="" mdschema="dwc">Viola sect. Melanium</dim:field>
<dim:field element="ScientificName" confidence="NOVALUE" language="" mdschema="dwc">Viola sect. Viola</dim:field>
<dim:field element="ScientificName" confidence="NOVALUE" language="" mdschema="dwc">Viola abyssinica</dim:field>
<dim:field element="ScientificName" confidence="NOVALUE" language="" mdschema="dwc">Viola spathulata</dim:field>
<dim:field element="dryad" qualifier="pageviews">0</dim:field>
<dim:field element="dryad" qualifier="downloads">1</dim:field>
</dim:dim>
</mets:xmlData>
</mets:mdWrap>
</mets:dmdSec>
<mets:fileSec/>
<mets:structMap LABEL="DSpace" TYPE="LOGICAL">
<mets:div DMDID="dmd_1" TYPE="DSpace Item"/>
</mets:structMap>
</mets:METS>
