<?xml version="1.0" encoding="UTF-8"?>
<mets:METS xmlns:mets="http://www.loc.gov/METS/" xmlns:xlink="http://www.w3.org/TR/xlink/" xmlns:xsi="http://www.w3.org/2001/XMLSchema-instance" xmlns:dim="http://www.dspace.org/xmlns/dspace/dim" OBJEDIT="/admin/item?itemID=2167" OBJID="/handle/10255/dryad.1915" PROFILE="DSPACE METS SIP Profile 1.0" LABEL="DSpace Item" ID="hdl:10255/dryad.1915">
<mets:dmdSec GROUPID="group_dmd_0" ID="dmd_1">
<mets:mdWrap MDTYPE="OTHER" OTHERMDTYPE="DIM">
<mets:xmlData>
<dim:dim dspaceType="ITEM">
<dim:field element="contributor" language="" mdschema="dc">Blackburn, David C</dim:field>
<dim:field element="coverage" qualifier="spatial" language="en" mdschema="dc">Philippines</dim:field>
<dim:field element="coverage" qualifier="spatial" language="en" mdschema="dc">Palawan</dim:field>
<dim:field element="coverage" qualifier="spatial" language="en" mdschema="dc">Borneo</dim:field>
<dim:field element="coverage" qualifier="spatial" language="" mdschema="dc">Southeast Asia</dim:field>
<dim:field element="date" language="en" mdschema="dc">Cenozoic</dim:field>
<dim:field element="date" qualifier="accessioned" language="" mdschema="dc">2010-08-27T18:59:03Z</dim:field>
<dim:field element="date" qualifier="available" language="" mdschema="dc">2010-08-27T18:59:03Z</dim:field>
<dim:field element="date" qualifier="issued" language="" mdschema="dc">2010-08-27</dim:field>
<dim:field element="identifier" mdschema="dc">doi:10.5061/dryad.1914/1</dim:field>
<dim:field element="identifier" qualifier="uri" language="" mdschema="dc">http://hdl.handle.net/10255/dryad.1915</dim:field>
<dim:field element="description" language="en" mdschema="dc">Nexus file of aligned DNA sequence data containing partitions by codon position (by gene) and taxon sets.</dim:field>
<dim:field element="relation" qualifier="ispartof" language="" mdschema="dc">doi:10.5061/dryad.1914</dim:field>
<dim:field element="subject" language="en" mdschema="dc">Phylogenetics</dim:field>
<dim:field element="subject" language="en" mdschema="dc">Divergence Time Estimation</dim:field>
<dim:field element="subject" language="en" mdschema="dc">Biogeography</dim:field>
<dim:field element="title" language="en" mdschema="dc">Blackburn_et_al_2010_PLoSONE_Barbourula</dim:field>
<dim:field element="ScientificName" language="en" mdschema="dwc">Barbourula</dim:field>
<dim:field element="ScientificName" language="en" mdschema="dwc">Bombinatoridae</dim:field>
<dim:field element="ScientificName" language="en" mdschema="dwc">Anura</dim:field>
<dim:field element="ScientificName" language="en" mdschema="dwc">Amphibia</dim:field>
<dim:field element="type" qualifier="embargo" language="en" mdschema="dc">none</dim:field>
<dim:field element="dryad" qualifier="pageviews">161</dim:field>
<dim:field element="dryad" qualifier="downloads">77</dim:field>
</dim:dim>
</mets:xmlData>
</mets:mdWrap>
</mets:dmdSec>
<mets:fileSec>
<mets:fileGrp USE="CONTENT">
<mets:file CHECKSUMTYPE="MD5" GROUPID="group_file_1659" ID="file_1659" MIMETYPE="text/plain" SIZE="138576" CHECKSUM="429422b519a802a3cb3f7728bb97184f">
<mets:FLocat LOCTYPE="URL" xlink:title="Blackburn_et_al_2010_PLoSONE_Barbourula.nex" xlink:label="dataset-file" xlink:type="locator" xlink:href="/bitstream/handle/10255/dryad.1915/Blackburn_et_al_2010_PLoSONE_Barbourula.nex?sequence=1"/>
</mets:file>
</mets:fileGrp>
</mets:fileSec>
<mets:structMap LABEL="DSpace" TYPE="LOGICAL">
<mets:div DMDID="dmd_1" TYPE="DSpace Item">
<mets:div ID="div_2" TYPE="DSpace Content Bitstream">
<mets:fptr FILEID="file_1659"/>
</mets:div>
</mets:div>
</mets:structMap>
</mets:METS>
