<?xml version="1.0" encoding="UTF-8"?>
<mets:METS xmlns:mets="http://www.loc.gov/METS/" xmlns:xlink="http://www.w3.org/TR/xlink/" xmlns:xsi="http://www.w3.org/2001/XMLSchema-instance" xmlns:dim="http://www.dspace.org/xmlns/dspace/dim" OBJEDIT="/admin/item?itemID=1922" OBJID="/handle/10255/dryad.1691" PROFILE="DSPACE METS SIP Profile 1.0" LABEL="DSpace Item" ID="hdl:10255/dryad.1691">
<mets:dmdSec GROUPID="group_dmd_0" ID="dmd_1">
<mets:mdWrap MDTYPE="OTHER" OTHERMDTYPE="DIM">
<mets:xmlData>
<dim:dim dspaceType="ITEM">
<dim:field element="contributor" qualifier="author" language="en" mdschema="dc">Auld, Josh R</dim:field>
<dim:field element="date" qualifier="accessioned" language="" mdschema="dc">2010-06-24T19:52:08Z</dim:field>
<dim:field element="date" qualifier="available" mdschema="dc">2011-07-06T06:30:06Z</dim:field>
<dim:field element="date" qualifier="issued" language="" mdschema="dc">2010-06-24</dim:field>
<dim:field element="identifier" mdschema="dc">doi:10.5061/dryad.1690/1</dim:field>
<dim:field element="identifier" qualifier="uri" language="" mdschema="dc">http://hdl.handle.net/10255/dryad.1691</dim:field>
<dim:field element="description" language="en" mdschema="dc">Raw data from lab experiment.  Abbreviations for variables are provided as a separate worksheet.</dim:field>
<dim:field element="relation" qualifier="ispartof" language="en" mdschema="dc">doi:10.5061/dryad.1690</dim:field>
<dim:field element="rights" qualifier="uri" language="en" mdschema="dc">http://creativecommons.org/publicdomain/zero/1.0/</dim:field>
<dim:field element="subject" language="en" mdschema="dc">Mating Systems</dim:field>
<dim:field element="subject" language="en" mdschema="dc">Life-History Evolution</dim:field>
<dim:field element="subject" language="en" mdschema="dc">Phenotypic Plasticity</dim:field>
<dim:field element="subject" language="en" mdschema="dc">Inbreeding</dim:field>
<dim:field element="subject" language="en" mdschema="dc">Predation</dim:field>
<dim:field element="subject" language="en" mdschema="dc">Quantitative Genetics</dim:field>
<dim:field element="subject" language="en" mdschema="dc">freshwater snail</dim:field>
<dim:field element="title" language="en" mdschema="dc">Aulddata.xls</dim:field>
<dim:field element="type" language="en" mdschema="dc">Dataset</dim:field>
<dim:field element="ScientificName" language="en" mdschema="dwc">Physa acuta</dim:field>
<dim:field element="dryad" qualifier="pageviews">157</dim:field>
<dim:field element="dryad" qualifier="downloads">50</dim:field>
</dim:dim>
</mets:xmlData>
</mets:mdWrap>
</mets:dmdSec>
<mets:fileSec>
<mets:fileGrp USE="CONTENT">
<mets:file CHECKSUMTYPE="MD5" GROUPID="group_file_1523" ID="file_1523" MIMETYPE="application/vnd.ms-excel" SIZE="135168" CHECKSUM="25b1206eb4a3a32e33c365e21b37fac0">
<mets:FLocat LOCTYPE="URL" xlink:title="Aulddata.xls" xlink:type="locator" xlink:href="/bitstream/handle/10255/dryad.1691/Aulddata.xls?sequence=1"/>
</mets:file>
</mets:fileGrp>
</mets:fileSec>
<mets:structMap LABEL="DSpace" TYPE="LOGICAL">
<mets:div DMDID="dmd_1" TYPE="DSpace Item">
<mets:div ID="div_2" TYPE="DSpace Content Bitstream">
<mets:fptr FILEID="file_1523"/>
</mets:div>
</mets:div>
</mets:structMap>
</mets:METS>
