<?xml version="1.0" encoding="UTF-8"?>
<mets:METS xmlns:mets="http://www.loc.gov/METS/" xmlns:xlink="http://www.w3.org/TR/xlink/" xmlns:xsi="http://www.w3.org/2001/XMLSchema-instance" xmlns:dim="http://www.dspace.org/xmlns/dspace/dim" OBJEDIT="/admin/item?itemID=39406" OBJID="/handle/10255/dryad.36284" PROFILE="DSPACE METS SIP Profile 1.0" LABEL="DSpace Item" ID="hdl:10255/dryad.36284">
<mets:dmdSec GROUPID="group_dmd_0" ID="dmd_1">
<mets:mdWrap MDTYPE="OTHER" OTHERMDTYPE="DIM">
<mets:xmlData>
<dim:dim dspaceType="ITEM">
<dim:field element="contributor" qualifier="author" mdschema="dc">Choo, Juanita</dim:field>
<dim:field element="contributor" qualifier="author" mdschema="dc">Juenger, Thomas</dim:field>
<dim:field element="contributor" qualifier="author" mdschema="dc">Simpson, Beryl</dim:field>
<dim:field element="coverage" qualifier="spatial" language="" mdschema="dc">Cocha Cashu</dim:field>
<dim:field element="coverage" qualifier="spatial" language="" mdschema="dc">Manu National Park</dim:field>
<dim:field element="coverage" qualifier="spatial" language="" mdschema="dc">Peru</dim:field>
<dim:field element="identifier" mdschema="dc">doi:10.5061/dryad.058544q6/1</dim:field>
<dim:field element="relation" qualifier="ispartof" mdschema="dc">doi:10.5061/dryad.058544q6</dim:field>
<dim:field element="rights" qualifier="uri" mdschema="dc">http://creativecommons.org/publicdomain/zero/1.0/</dim:field>
<dim:field element="subject" language="" mdschema="dc">Angiosperms</dim:field>
<dim:field element="subject" language="" mdschema="dc">Conservation Biology</dim:field>
<dim:field element="subject" language="" mdschema="dc">Conservation Genetics</dim:field>
<dim:field element="subject" language="" mdschema="dc">Ecological Genetics</dim:field>
<dim:field element="subject" language="" mdschema="dc">Population Ecology</dim:field>
<dim:field element="subject" language="" mdschema="dc">Population Genetics - Empirical</dim:field>
<dim:field element="title" language="" mdschema="dc">Choo_et_al_2011_Attalea</dim:field>
<dim:field element="type" language="*" mdschema="dc">Dataset</dim:field>
<dim:field element="ScientificName" language="" mdschema="dwc">Attalea phalerata</dim:field>
<dim:field element="type" qualifier="embargo" language="" mdschema="dc">untilArticleAppears</dim:field>
<dim:field element="dryad" qualifier="pageviews">0</dim:field>
<dim:field element="dryad" qualifier="downloads">0</dim:field>
</dim:dim>
</mets:xmlData>
</mets:mdWrap>
</mets:dmdSec>
<mets:fileSec/>
<mets:structMap LABEL="DSpace" TYPE="LOGICAL">
<mets:div DMDID="dmd_1" TYPE="DSpace Item"/>
</mets:structMap>
</mets:METS>
