<?xml version="1.0" encoding="UTF-8"?>
<mets:METS xmlns:mets="http://www.loc.gov/METS/" xmlns:xlink="http://www.w3.org/TR/xlink/" xmlns:xsi="http://www.w3.org/2001/XMLSchema-instance" xmlns:dim="http://www.dspace.org/xmlns/dspace/dim" OBJEDIT="/admin/item?itemID=39535" OBJID="/handle/10255/dryad.36376" PROFILE="DSPACE METS SIP Profile 1.0" LABEL="DSpace Item" ID="hdl:10255/dryad.36376">
<mets:dmdSec GROUPID="group_dmd_0" ID="dmd_1">
<mets:mdWrap MDTYPE="OTHER" OTHERMDTYPE="DIM">
<mets:xmlData>
<dim:dim dspaceType="ITEM">
<dim:field element="contributor" qualifier="author" language="" mdschema="dc">Bates, Karl T.</dim:field>
<dim:field element="contributor" qualifier="author" language="" mdschema="dc">Benson, Roger B. J.</dim:field>
<dim:field element="contributor" qualifier="author" language="" mdschema="dc">Falkingham, Peter L.</dim:field>
<dim:field element="coverage" qualifier="temporal" language="" mdschema="dc">Mesozoic</dim:field>
<dim:field element="date" qualifier="accessioned" language="" mdschema="dc">2011-12-05T19:40:19Z</dim:field>
<dim:field element="date" qualifier="available" mdschema="dc">2012-07-06T15:24:20Z</dim:field>
<dim:field element="date" qualifier="issued" language="" mdschema="dc">2011-12-05</dim:field>
<dim:field element="identifier" language="" mdschema="dc">doi:10.5061/dryad.09kf4g02/1</dim:field>
<dim:field element="identifier" qualifier="uri" language="" mdschema="dc">http://hdl.handle.net/10255/dryad.36376</dim:field>
<dim:field element="description" language="" mdschema="dc">Supporting information. Additional background on hypotheses, methods and results.</dim:field>
<dim:field element="relation" qualifier="ispartof" language="" mdschema="dc">doi:10.5061/dryad.09kf4g02</dim:field>
<dim:field element="rights" qualifier="uri" language="" mdschema="dc">http://creativecommons.org/publicdomain/zero/1.0/</dim:field>
<dim:field element="subject" language="" mdschema="dc">locomotion</dim:field>
<dim:field element="subject" language="" mdschema="dc">body size</dim:field>
<dim:field element="subject" language="" mdschema="dc">scaling</dim:field>
<dim:field element="subject" language="" mdschema="dc">dinosaur</dim:field>
<dim:field element="subject" language="" mdschema="dc">modelling</dim:field>
<dim:field element="subject" language="" mdschema="dc">moment arms</dim:field>
<dim:field element="title" language="" mdschema="dc">SupportingInformation</dim:field>
<dim:field element="type" language="*" mdschema="dc">Dataset</dim:field>
<dim:field element="ScientificName" language="" mdschema="dwc">Allosauroidea</dim:field>
<dim:field element="ScientificName" language="" mdschema="dwc">Allosaurus</dim:field>
<dim:field element="ScientificName" language="" mdschema="dwc">Acrocanthosaurus</dim:field>
<dim:field element="type" qualifier="embargo" language="" mdschema="dc">untilArticleAppears</dim:field>
<dim:field element="dryad" qualifier="pageviews">81</dim:field>
<dim:field element="dryad" qualifier="downloads">54</dim:field>
</dim:dim>
</mets:xmlData>
</mets:mdWrap>
</mets:dmdSec>
<mets:fileSec>
<mets:fileGrp USE="CONTENT">
<mets:file CHECKSUMTYPE="MD5" GROUPID="group_file_118003" ID="file_118003" MIMETYPE="application/pdf" SIZE="606793" CHECKSUM="8510c8c27751e13c93aa65515da20a8a">
<mets:FLocat LOCTYPE="URL" xlink:title="SupportingInformation.pdf" xlink:label="dataset-file" xlink:type="locator" xlink:href="/bitstream/handle/10255/dryad.36376/SupportingInformation.pdf?sequence=1"/>
</mets:file>
</mets:fileGrp>
<mets:fileGrp USE="TEXT">
<mets:file CHECKSUMTYPE="MD5" GROUPID="group_file_118003" ID="file_118044" MIMETYPE="text/plain" SIZE="24410" CHECKSUM="e319991971e62cf538f44ccfbcca24bb">
<mets:FLocat LOCTYPE="URL" xlink:title="SupportingInformation.pdf.txt" xlink:label="Extracted text" xlink:type="locator" xlink:href="/bitstream/handle/10255/dryad.36376/SupportingInformation.pdf.txt?sequence=2"/>
</mets:file>
</mets:fileGrp>
</mets:fileSec>
<mets:structMap LABEL="DSpace" TYPE="LOGICAL">
<mets:div DMDID="dmd_1" TYPE="DSpace Item">
<mets:div ID="div_2" TYPE="DSpace Content Bitstream">
<mets:fptr FILEID="file_118003"/>
</mets:div>
</mets:div>
</mets:structMap>
</mets:METS>
