<?xml version="1.0" encoding="UTF-8"?>
<mets:METS xmlns:mets="http://www.loc.gov/METS/" xmlns:xlink="http://www.w3.org/TR/xlink/" xmlns:xsi="http://www.w3.org/2001/XMLSchema-instance" xmlns:dim="http://www.dspace.org/xmlns/dspace/dim" OBJEDIT="/admin/item?itemID=2012" OBJID="/handle/10255/dryad.1776" PROFILE="DSPACE METS SIP Profile 1.0" LABEL="DSpace Item" ID="hdl:10255/dryad.1776">
<mets:dmdSec GROUPID="group_dmd_0" ID="dmd_1">
<mets:mdWrap MDTYPE="OTHER" OTHERMDTYPE="DIM">
<mets:xmlData>
<dim:dim dspaceType="ITEM">
<dim:field element="contributor" qualifier="author" language="en" mdschema="dc">Etges, William J.</dim:field>
<dim:field element="contributor" qualifier="author" language="en" mdschema="dc">de Oliveira, Cássia Cardoso</dim:field>
<dim:field element="contributor" qualifier="author" language="en" mdschema="dc">Noor, Mohamed A. F.</dim:field>
<dim:field element="contributor" qualifier="author" language="en" mdschema="dc">Ritchie, Michael G.</dim:field>
<dim:field element="coverage" qualifier="spatial" language="en" mdschema="dc">Sonoran Desert</dim:field>
<dim:field element="coverage" qualifier="spatial" language="en" mdschema="dc">Baja California</dim:field>
<dim:field element="date" qualifier="accessioned" language="" mdschema="dc">2010-07-16T15:30:37Z</dim:field>
<dim:field element="date" qualifier="available" language="" mdschema="dc">2010-08-20T06:30:07Z</dim:field>
<dim:field element="date" qualifier="issued" language="" mdschema="dc">2010-07-16</dim:field>
<dim:field element="identifier" language="" mdschema="dc">doi:10.5061/dryad.1775/1</dim:field>
<dim:field element="identifier" qualifier="uri" language="" mdschema="dc">http://hdl.handle.net/10255/dryad.1776</dim:field>
<dim:field element="description" language="en" mdschema="dc">D. mojavensis QTL data, with cuticular hydrocarbons, courtship songs, and development times</dim:field>
<dim:field element="relation" qualifier="ispartof" language="en" mdschema="dc">doi:10.5061/dryad.1775</dim:field>
<dim:field element="rights" qualifier="uri" language="en" mdschema="dc">http://creativecommons.org/publicdomain/zero/1.0/</dim:field>
<dim:field element="subject" language="en" mdschema="dc">Speciation</dim:field>
<dim:field element="subject" language="en" mdschema="dc">Adaptation</dim:field>
<dim:field element="subject" language="en" mdschema="dc">Life-History Evolution</dim:field>
<dim:field element="subject" language="en" mdschema="dc">Quantitative Genetics</dim:field>
<dim:field element="title" language="en" mdschema="dc">DmojFinalVersion02072007.xls</dim:field>
<dim:field element="type" language="en" mdschema="dc">Dataset</dim:field>
<dim:field element="ScientificName" language="en" mdschema="dwc">Drosophila mojavensis</dim:field>
<dim:field element="ScientificName" language="en" mdschema="dwc">Stenocereus gummosus</dim:field>
<dim:field element="ScientificName" language="en" mdschema="dwc">Stenocereus thurberi</dim:field>
<dim:field element="ScientificName" language="en" mdschema="dwc">Ferocactus cylincdraceous</dim:field>
<dim:field element="dryad" qualifier="pageviews">169</dim:field>
<dim:field element="dryad" qualifier="downloads">63</dim:field>
</dim:dim>
</mets:xmlData>
</mets:mdWrap>
</mets:dmdSec>
<mets:fileSec>
<mets:fileGrp USE="CONTENT">
<mets:file CHECKSUMTYPE="MD5" GROUPID="group_file_1585" ID="file_1585" MIMETYPE="application/vnd.ms-excel" SIZE="6704640" CHECKSUM="b9bef8237900afc1d66bf6e2b5a749ea">
<mets:FLocat LOCTYPE="URL" xlink:title="DmojFinalVersion02072007.xls" xlink:type="locator" xlink:href="/bitstream/handle/10255/dryad.1776/DmojFinalVersion02072007.xls?sequence=1"/>
</mets:file>
</mets:fileGrp>
</mets:fileSec>
<mets:structMap LABEL="DSpace" TYPE="LOGICAL">
<mets:div DMDID="dmd_1" TYPE="DSpace Item">
<mets:div ID="div_2" TYPE="DSpace Content Bitstream">
<mets:fptr FILEID="file_1585"/>
</mets:div>
</mets:div>
</mets:structMap>
</mets:METS>
