<?xml version="1.0" encoding="UTF-8"?>
<mets:METS xmlns:mets="http://www.loc.gov/METS/" xmlns:xlink="http://www.w3.org/TR/xlink/" xmlns:xsi="http://www.w3.org/2001/XMLSchema-instance" xmlns:dim="http://www.dspace.org/xmlns/dspace/dim" OBJEDIT="/admin/item?itemID=2262" OBJID="/handle/10255/dryad.1971" PROFILE="DSPACE METS SIP Profile 1.0" LABEL="DSpace Item" ID="hdl:10255/dryad.1971">
<mets:dmdSec GROUPID="group_dmd_0" ID="dmd_1">
<mets:mdWrap MDTYPE="OTHER" OTHERMDTYPE="DIM">
<mets:xmlData>
<dim:dim dspaceType="ITEM">
<dim:field element="contributor" mdschema="dc">Clement, Wendy L</dim:field>
<dim:field element="contributor" mdschema="dc">Weiblen, George D</dim:field>
<dim:field element="date" qualifier="accessioned" mdschema="dc">2010-09-09T15:42:16Z</dim:field>
<dim:field element="date" qualifier="available" mdschema="dc">2010-09-09T15:42:16Z</dim:field>
<dim:field element="date" qualifier="issued" mdschema="dc">2010-09-09</dim:field>
<dim:field element="identifier" mdschema="dc">doi:10.5061/dryad.1970/1</dim:field>
<dim:field element="identifier" qualifier="uri" mdschema="dc">http://hdl.handle.net/10255/dryad.1971</dim:field>
<dim:field element="relation" qualifier="ispartof" mdschema="dc">doi:10.5061/dryad.1970</dim:field>
<dim:field element="subject" language="en" mdschema="dc">Bayesian inference</dim:field>
<dim:field element="subject" language="en" mdschema="dc">parsimony ratchet</dim:field>
<dim:field element="title" language="en" mdschema="dc">Clement &amp; Weiblen Suppl. appendix1</dim:field>
<dim:field element="ScientificName" language="en" mdschema="dwc">Antiaropsineae</dim:field>
<dim:field element="ScientificName" language="en" mdschema="dwc">Maclureae</dim:field>
<dim:field element="ScientificName" language="en" mdschema="dwc">Malaisia</dim:field>
<dim:field element="ScientificName" language="en" mdschema="dwc">Sloetia</dim:field>
<dim:field element="type" qualifier="embargo" language="en" mdschema="dc">none</dim:field>
<dim:field element="dryad" qualifier="pageviews">158</dim:field>
<dim:field element="dryad" qualifier="downloads">39</dim:field>
</dim:dim>
</mets:xmlData>
</mets:mdWrap>
</mets:dmdSec>
<mets:fileSec>
<mets:fileGrp USE="CONTENT">
<mets:file CHECKSUMTYPE="MD5" GROUPID="group_file_1734" ID="file_1734" MIMETYPE="application/pdf" SIZE="349377" CHECKSUM="86386fedd2fcf5795f9fc6956f418cf7">
<mets:FLocat LOCTYPE="URL" xlink:title="Clement &amp; Weiblen Suppl. appendix1.pdf" xlink:label="dataset-file" xlink:type="locator" xlink:href="/bitstream/handle/10255/dryad.1971/Clement%20%26%20Weiblen%20Suppl.%20appendix1.pdf?sequence=1"/>
</mets:file>
</mets:fileGrp>
<mets:fileGrp USE="TEXT">
<mets:file CHECKSUMTYPE="MD5" GROUPID="group_file_1734" ID="file_1741" MIMETYPE="text/plain" SIZE="22787" CHECKSUM="9837982c9d72481810c7647f8cb61e0b">
<mets:FLocat LOCTYPE="URL" xlink:title="Clement &amp; Weiblen Suppl. appendix1.pdf.txt" xlink:label="Extracted text" xlink:type="locator" xlink:href="/bitstream/handle/10255/dryad.1971/Clement%20%26%20Weiblen%20Suppl.%20appendix1.pdf.txt?sequence=2"/>
</mets:file>
</mets:fileGrp>
</mets:fileSec>
<mets:structMap LABEL="DSpace" TYPE="LOGICAL">
<mets:div DMDID="dmd_1" TYPE="DSpace Item">
<mets:div ID="div_2" TYPE="DSpace Content Bitstream">
<mets:fptr FILEID="file_1734"/>
</mets:div>
</mets:div>
</mets:structMap>
</mets:METS>
