<?xml version="1.0" encoding="UTF-8"?>
<mets:METS xmlns:mets="http://www.loc.gov/METS/" xmlns:xlink="http://www.w3.org/TR/xlink/" xmlns:xsi="http://www.w3.org/2001/XMLSchema-instance" xmlns:dim="http://www.dspace.org/xmlns/dspace/dim" OBJEDIT="/admin/item?itemID=59882" OBJID="/handle/10255/dryad.49858" PROFILE="DSPACE METS SIP Profile 1.0" LABEL="DSpace Item" ID="hdl:10255/dryad.49858">
<mets:dmdSec GROUPID="group_dmd_0" ID="dmd_1">
<mets:mdWrap MDTYPE="OTHER" OTHERMDTYPE="DIM">
<mets:xmlData>
<dim:dim dspaceType="ITEM">
<dim:field element="contributor" qualifier="author" mdschema="dc">Richart, Casey H.</dim:field>
<dim:field element="contributor" qualifier="author" mdschema="dc">Hedin, Marshal</dim:field>
<dim:field element="coverage" qualifier="spatial" language="" mdschema="dc">western Washington</dim:field>
<dim:field element="coverage" qualifier="spatial" language="" mdschema="dc">northern Idaho</dim:field>
<dim:field element="coverage" qualifier="spatial" language="" mdschema="dc">western Montana</dim:field>
<dim:field element="coverage" qualifier="spatial" language="" mdschema="dc">Olympic Peninsula</dim:field>
<dim:field element="coverage" qualifier="spatial" language="" mdschema="dc">Cascade Mountains</dim:field>
<dim:field element="coverage" qualifier="spatial" language="" mdschema="dc">Rocky Mountains</dim:field>
<dim:field element="coverage" qualifier="spatial" language="" mdschema="dc">Salmon River</dim:field>
<dim:field element="coverage" qualifier="spatial" language="" mdschema="dc">Clearwater River</dim:field>
<dim:field element="coverage" qualifier="spatial" language="" mdschema="dc">Selway River</dim:field>
<dim:field element="coverage" qualifier="spatial" language="" mdschema="dc">Lochsa River</dim:field>
<dim:field element="coverage" qualifier="spatial" language="" mdschema="dc">Olympic National Forest</dim:field>
<dim:field element="coverage" qualifier="spatial" language="" mdschema="dc">Gifford Pinchot National Forest</dim:field>
<dim:field element="coverage" qualifier="spatial" language="" mdschema="dc">Idaho Panhandle National Forest</dim:field>
<dim:field element="coverage" qualifier="spatial" language="" mdschema="dc">Nez Perce National Forest</dim:field>
<dim:field element="coverage" qualifier="spatial" language="" mdschema="dc">Clearwater National Forest</dim:field>
<dim:field element="date" qualifier="accessioned" mdschema="dc">2013-06-21T14:11:57Z</dim:field>
<dim:field element="date" qualifier="available" mdschema="dc">2013-06-21T14:11:57Z</dim:field>
<dim:field element="date" qualifier="issued" mdschema="dc">2013-06-21</dim:field>
<dim:field element="identifier" mdschema="dc">doi:10.5061/dryad.16737/4</dim:field>
<dim:field element="identifier" qualifier="uri" mdschema="dc">http://hdl.handle.net/10255/dryad.49858</dim:field>
<dim:field element="description" language="" mdschema="dc">Alignment of 37 sequences: 7 Dyspnoi outgroup and 30 Acuclavella ingroup.  Alignment contains introns for ingroup sequences only.</dim:field>
<dim:field element="relation" qualifier="ispartof" mdschema="dc">doi:10.5061/dryad.16737</dim:field>
<dim:field element="rights" qualifier="uri" mdschema="dc">http://creativecommons.org/publicdomain/zero/1.0/</dim:field>
<dim:field element="subject" confidence="NOVALUE" language="" mdschema="dc">molecular phylogenetics</dim:field>
<dim:field element="subject" confidence="NOVALUE" language="" mdschema="dc">morphometrics</dim:field>
<dim:field element="subject" confidence="NOVALUE" language="" mdschema="dc">species delimitation</dim:field>
<dim:field element="subject" confidence="NOVALUE" language="" mdschema="dc">cybertaxonomy</dim:field>
<dim:field element="title" language="" mdschema="dc">Acuclavella_EF1a_Richart&amp;Hedin_Outgroup_IngroupIntron</dim:field>
<dim:field element="type" language="*" mdschema="dc">Dataset</dim:field>
<dim:field element="ScientificName" confidence="NOVALUE" language="" mdschema="dwc">Acuclavella</dim:field>
<dim:field element="ScientificName" confidence="NOVALUE" language="" mdschema="dwc">Acuclavella cosmetoides</dim:field>
<dim:field element="ScientificName" confidence="NOVALUE" language="" mdschema="dwc">Acuclavella shoshone</dim:field>
<dim:field element="ScientificName" confidence="NOVALUE" language="" mdschema="dwc">Acuclavella quattuor</dim:field>
<dim:field element="ScientificName" confidence="NOVALUE" language="" mdschema="dwc">Acuclavella merickeli</dim:field>
<dim:field element="ScientificName" confidence="NOVALUE" language="" mdschema="dwc">Acuclavella sheari</dim:field>
<dim:field element="ScientificName" confidence="NOVALUE" language="" mdschema="dwc">Acuclavella leonardi</dim:field>
<dim:field element="ScientificName" confidence="NOVALUE" language="" mdschema="dwc">Opiliones</dim:field>
<dim:field element="ScientificName" confidence="NOVALUE" language="" mdschema="dwc">Dyspnoi</dim:field>
<dim:field element="ScientificName" confidence="NOVALUE" language="" mdschema="dwc">Ischyropsalidoidea</dim:field>
<dim:field element="ScientificName" confidence="NOVALUE" language="" mdschema="dwc">Ceratolasmatidae</dim:field>
<dim:field element="type" qualifier="embargo" language="en" mdschema="dc">none</dim:field>
<dim:field element="dryad" qualifier="pageviews">53</dim:field>
<dim:field element="dryad" qualifier="downloads">12</dim:field>
</dim:dim>
</mets:xmlData>
</mets:mdWrap>
</mets:dmdSec>
<mets:fileSec>
<mets:fileGrp USE="CONTENT">
<mets:file CHECKSUMTYPE="MD5" GROUPID="group_file_132901" ID="file_132901" MIMETYPE="application/x-fasta" SIZE="29652" CHECKSUM="0b68d3401f500e1c66e4aba9ea90350a">
<mets:FLocat LOCTYPE="URL" xlink:title="Acuclavella_EF1a_Richart&amp;Hedin_Outgroup_IngroupIntron.fasta" xlink:label="dataset-file" xlink:type="locator" xlink:href="/bitstream/handle/10255/dryad.49858/Acuclavella_EF1a_Richart%26Hedin_Outgroup_IngroupIntron.fasta?sequence=1"/>
</mets:file>
</mets:fileGrp>
</mets:fileSec>
<mets:structMap LABEL="DSpace" TYPE="LOGICAL">
<mets:div DMDID="dmd_1" TYPE="DSpace Item">
<mets:div ID="div_2" TYPE="DSpace Content Bitstream">
<mets:fptr FILEID="file_132901"/>
</mets:div>
</mets:div>
</mets:structMap>
</mets:METS>
