<?xml version="1.0" encoding="UTF-8"?>
<mets:METS xmlns:mets="http://www.loc.gov/METS/" xmlns:xlink="http://www.w3.org/TR/xlink/" xmlns:xsi="http://www.w3.org/2001/XMLSchema-instance" xmlns:dim="http://www.dspace.org/xmlns/dspace/dim" OBJEDIT="/admin/item?itemID=53788" OBJID="/handle/10255/dryad.45748" PROFILE="DSPACE METS SIP Profile 1.0" LABEL="DSpace Item" ID="hdl:10255/dryad.45748">
<mets:dmdSec GROUPID="group_dmd_0" ID="dmd_1">
<mets:mdWrap MDTYPE="OTHER" OTHERMDTYPE="DIM">
<mets:xmlData>
<dim:dim dspaceType="ITEM">
<dim:field element="contributor" qualifier="author" language="" mdschema="dc">Muir, William M.</dim:field>
<dim:field element="contributor" qualifier="author" language="" mdschema="dc">Bijma, Piter</dim:field>
<dim:field element="contributor" qualifier="author" language="" mdschema="dc">Schinckel, Allan</dim:field>
<dim:field element="date" qualifier="accessioned" mdschema="dc">2013-01-17T15:28:45Z</dim:field>
<dim:field element="date" qualifier="available" mdschema="dc">2013-02-05T15:27:27Z</dim:field>
<dim:field element="date" qualifier="issued" mdschema="dc">2013-01-17</dim:field>
<dim:field element="identifier" language="" mdschema="dc">doi:10.5061/dryad.1012q/3</dim:field>
<dim:field element="identifier" mdschema="dc">doi:10.5061/dryad.1012q/3</dim:field>
<dim:field element="identifier" qualifier="uri" mdschema="dc">http://hdl.handle.net/10255/dryad.45748</dim:field>
<dim:field element="description" language="" mdschema="dc">Excel program to find expected responses to individual and kin selection</dim:field>
<dim:field element="relation" qualifier="ispartof" language="" mdschema="dc">doi:10.5061/dryad.1012q</dim:field>
<dim:field element="rights" qualifier="uri" language="" mdschema="dc">http://creativecommons.org/publicdomain/zero/1.0/</dim:field>
<dim:field element="subject" confidence="NOVALUE" language="" mdschema="dc">Selection - Group/Kin</dim:field>
<dim:field element="subject" confidence="NOVALUE" language="" mdschema="dc">Quantitative Genetics</dim:field>
<dim:field element="subject" confidence="NOVALUE" language="" mdschema="dc">Behavior</dim:field>
<dim:field element="subject" confidence="NOVALUE" language="" mdschema="dc">Competition</dim:field>
<dim:field element="title" language="" mdschema="dc">Kin selection response_figure groups size 16 current</dim:field>
<dim:field element="type" language="*" mdschema="dc">Dataset</dim:field>
<dim:field element="type" qualifier="embargo" language="" mdschema="dc">untilArticleAppears</dim:field>
<dim:field element="dryad" qualifier="pageviews">53</dim:field>
<dim:field element="dryad" qualifier="downloads">10</dim:field>
</dim:dim>
</mets:xmlData>
</mets:mdWrap>
</mets:dmdSec>
<mets:fileSec>
<mets:fileGrp USE="CONTENT">
<mets:file CHECKSUMTYPE="MD5" GROUPID="group_file_128704" ID="file_128704" MIMETYPE="application/vnd.openxmlformats-officedocument.spreadsheetml.sheet" SIZE="27156" CHECKSUM="8671593bc5aab1e2ddc5ba20ad410cc6">
<mets:FLocat LOCTYPE="URL" xlink:title="Kin selection response_figure groups size 16 current.xlsx" xlink:label="dataset-file" xlink:type="locator" xlink:href="/bitstream/handle/10255/dryad.45748/Kin%20selection%20response_figure%20groups%20size%2016%20current.xlsx?sequence=1"/>
</mets:file>
</mets:fileGrp>
</mets:fileSec>
<mets:structMap LABEL="DSpace" TYPE="LOGICAL">
<mets:div DMDID="dmd_1" TYPE="DSpace Item">
<mets:div ID="div_2" TYPE="DSpace Content Bitstream">
<mets:fptr FILEID="file_128704"/>
</mets:div>
</mets:div>
</mets:structMap>
</mets:METS>
