<?xml version="1.0" encoding="UTF-8"?>
<mets:METS xmlns:mets="http://www.loc.gov/METS/" xmlns:xlink="http://www.w3.org/TR/xlink/" xmlns:xsi="http://www.w3.org/2001/XMLSchema-instance" xmlns:dim="http://www.dspace.org/xmlns/dspace/dim" OBJEDIT="/admin/item?itemID=49428" OBJID="/handle/10255/dryad.42908" PROFILE="DSPACE METS SIP Profile 1.0" LABEL="DSpace Item" ID="hdl:10255/dryad.42908">
<mets:dmdSec GROUPID="group_dmd_0" ID="dmd_1">
<mets:mdWrap MDTYPE="OTHER" OTHERMDTYPE="DIM">
<mets:xmlData>
<dim:dim dspaceType="ITEM">
<dim:field element="contributor" qualifier="author" mdschema="dc">Taylor, Phillip W.</dim:field>
<dim:field element="contributor" qualifier="author" mdschema="dc">Fanson, Benjamin G.</dim:field>
<dim:field element="contributor" qualifier="author" mdschema="dc">Fanson, Kerry V.</dim:field>
<dim:field element="coverage" qualifier="spatial" language="" mdschema="dc">Sydney</dim:field>
<dim:field element="coverage" qualifier="spatial" language="" mdschema="dc">Australia</dim:field>
<dim:field element="identifier" mdschema="dc">doi:10.5061/dryad.17d53</dim:field>
<dim:field element="description" language="" mdschema="dc">The trade-off between lifespan and reproduction is commonly explained by differential allocation of limited resources.  Recent research has shown that the ratio of protein to carbohydrate (P:C) of a fly's diet mediates the lifespan/reproduction trade-off, with higher P:C diets increasing egg production but decreasing lifespan.  To test if this P:C effect is due to changing allocation strategies (Y-model hypothesis) or detrimental effects of protein ingestion on lifespan (lethal protein hypothesis), we measured lifespan and egg production in Queensland fruit flies varying in reproductive status (mated, virgin, and sterilized females, virgin males) that were fed one of 18 diets varying in protein and carbohydrate amounts.  The Y-model predicts that for sterilized females and for males, which require little protein for reproduction, there will be no effect of P:C ratio on lifespan; the lethal protein hypothesis predicts that the effect of P:C ratio should be similar in all groups.  In support of the lethal protein hypothesis, and counter to the Y model, the P:C ratio of the ingested diets had similar effects for all groups.  We conclude that the trade-off between lifespan and reproduction is mediated by the detrimental side-effects of protein ingestion on lifespan.</dim:field>
<dim:field element="subject" confidence="ACCEPTED" language="" mdschema="dc">carbohydrate</dim:field>
<dim:field element="subject" confidence="ACCEPTED" language="" mdschema="dc">geometric framework</dim:field>
<dim:field element="subject" confidence="ACCEPTED" language="" mdschema="dc">nutrition</dim:field>
<dim:field element="subject" confidence="ACCEPTED" language="" mdschema="dc">protein</dim:field>
<dim:field element="title" language="" mdschema="dc">Data from: Cost of reproduction in the Queensland fruit fly:  Y-model vs. lethal protein hypothesis</dim:field>
<dim:field element="type" language="*" mdschema="dc">Article</dim:field>
<dim:field element="ScientificName" confidence="ACCEPTED" language="" mdschema="dwc">Bactrocera tryoni</dim:field>
<dim:field element="contributor" qualifier="correspondingAuthor" language="" mdschema="dc">Fanson, Benjamin G.</dim:field>
<dim:field authority="0fa18b22d53e29d4d33a6901a1cdb605" element="publicationName" confidence="UNCERTAIN" language="" mdschema="prism">Proceedings of the Royal Society B</dim:field>
<dim:field element="workflow" qualifier="submitted" mdschema="internal">true</dim:field>
</dim:dim>
</mets:xmlData>
</mets:mdWrap>
</mets:dmdSec>
<mets:fileSec/>
<mets:structMap LABEL="DSpace" TYPE="LOGICAL">
<mets:div DMDID="dmd_1" TYPE="DSpace Item"/>
</mets:structMap>
</mets:METS>
