<?xml version="1.0" encoding="UTF-8"?>
<mets:METS xmlns:mets="http://www.loc.gov/METS/" xmlns:xlink="http://www.w3.org/TR/xlink/" xmlns:xsi="http://www.w3.org/2001/XMLSchema-instance" xmlns:dim="http://www.dspace.org/xmlns/dspace/dim" OBJEDIT="/admin/item?itemID=39330" OBJID="/handle/10255/dryad.36236" PROFILE="DSPACE METS SIP Profile 1.0" LABEL="DSpace Item" ID="hdl:10255/dryad.36236">
<mets:dmdSec GROUPID="group_dmd_0" ID="dmd_1">
<mets:mdWrap MDTYPE="OTHER" OTHERMDTYPE="DIM">
<mets:xmlData>
<dim:dim dspaceType="ITEM">
<dim:field element="contributor" qualifier="author" mdschema="dc">Predel, Reinhard</dim:field>
<dim:field element="contributor" qualifier="author" mdschema="dc">Neupert, Susanne</dim:field>
<dim:field element="contributor" qualifier="author" mdschema="dc">Huetteroth, Wolf</dim:field>
<dim:field element="contributor" qualifier="author" mdschema="dc">Kahnt, Jörg</dim:field>
<dim:field element="contributor" qualifier="author" mdschema="dc">Waidelich, Dietmar</dim:field>
<dim:field element="contributor" qualifier="author" mdschema="dc">Roth, Steffen</dim:field>
<dim:field element="coverage" qualifier="spatial" language="" mdschema="dc">Southern Africa</dim:field>
<dim:field element="identifier" mdschema="dc">doi:10.5061/dryad.19sq7kn1</dim:field>
<dim:field element="description" language="" mdschema="dc">The insect order Mantophasmatodea was described in 2002. Prior to that time, several generations of entomologists had assumed that all major insect taxa were known; thus, its description was a sensation for zoologists. Since then, a surprising abundance and species diversity of this taxon have been found, particularly in the winter rainfall region of South Africa. To learn more about the evolutionary lineages, speciation, and biogeography of Mantophasmatodea, we applied an unusual peptidomics approach. We collected specimens of almost all known and novel taxa of these insects, developed methods for immediate sample preparation in the field, introduced peptide mass fingerprints for the unambiguous identification of taxa, and subsequently analyzed the most extensive dataset on peptide hormones ever compiled for insect taxa. To account for intraspecific variation, we analyzed several individuals per putative species. Increased taxon sampling was preferred over a further increase in the number of characters to optimize the accuracy of phylogenetic analyses. The large dataset made it possible to test the validity of using neuropeptide sequences, which co-evolve with their respective receptors, to analyze phylogenetic relationships among closely related taxa. Altogether, the data from 71 populations of Mantophasmatodea were sufficient to clearly separate the major clades of Mantophasmatodea, including previously undescribed taxa such as Pachyphasma, Striatophasma, and Austrophasmatidae gen. et sp. nov. ‘RV’. The data confirm the monophyly of Austrophasmatidae and show a relatively recent and extensive radiation in the winter rainfall region of South Africa but also suggest that the species-level diversification of Namibian Mantophasma is less marked than previously thought. We discuss the biogeographical and ecological factors that may have resulted in different regional patterns of endemism and species diversity in Mantophasmatodea. The unique development of the neuroendocrine capa-neurons in the ventral nervous system is described as synapomorphy of Mantophasmatodea + Grylloblattodea and is a further argument for a close relationship between these insect taxa.</dim:field>
<dim:field element="subject" language="" mdschema="dc">insects</dim:field>
<dim:field element="subject" language="" mdschema="dc">Mantophasmatodea</dim:field>
<dim:field element="subject" language="" mdschema="dc">neuropeptides</dim:field>
<dim:field element="subject" language="" mdschema="dc">non-adaptive radiation</dim:field>
<dim:field element="subject" language="" mdschema="dc">phylogeny</dim:field>
<dim:field element="subject" language="" mdschema="dc">peptidomics</dim:field>
<dim:field element="subject" language="" mdschema="dc">biogeography</dim:field>
<dim:field element="title" language="" mdschema="dc">Data from: Peptidomics-based Phylogeny and Biogeography of Mantophasmatodea (Hexapoda)</dim:field>
<dim:field element="type" language="*" mdschema="dc">Article</dim:field>
<dim:field element="ScientificName" language="" mdschema="dwc">Mantophasmatodea</dim:field>
<dim:field element="ScientificName" language="" mdschema="dwc">Polyneoptera</dim:field>
<dim:field element="ScientificName" language="" mdschema="dwc">Hexapoda</dim:field>
<dim:field element="contributor" qualifier="correspondingAuthor" language="" mdschema="dc">Predel, Reinhard</dim:field>
<dim:field element="identifier" qualifier="manuscriptNumber" mdschema="dc">SystBiol-USYB-2011-011.R3</dim:field>
<dim:field element="publicationName" language="" mdschema="prism">Systematic Biology</dim:field>
<dim:field element="archive" qualifier="mailUsers" mdschema="workflow">ron.debry@uc.edu</dim:field>
<dim:field element="archive" qualifier="mailUsers" mdschema="workflow">sysbio@oxfordjournals.org</dim:field>
<dim:field element="archive" qualifier="mailUsers" mdschema="workflow">Caitlyn.Haase@oup.com</dim:field>
<dim:field element="archive" qualifier="mailUsers" mdschema="workflow">Cathy.Kennedy@oup.com</dim:field>
<dim:field element="archive" qualifier="mailUsers" mdschema="workflow">admin@datadryad.org</dim:field>
<dim:field element="archive" qualifier="mailUsers" mdschema="workflow">curator@datadryad.org</dim:field>
<dim:field element="submit" qualifier="skipReviewStage" mdschema="workflow">true</dim:field>
<dim:field element="workflow" qualifier="submitted" mdschema="internal">true</dim:field>
<dim:field element="submit" qualifier="showEmbargo" mdschema="internal">false</dim:field>
<dim:field element="review" qualifier="mailUsers" mdschema="workflow">ron.debry@uc.edu</dim:field>
<dim:field element="review" qualifier="mailUsers" mdschema="workflow">systbiol@uconn.edu</dim:field>
<dim:field element="review" qualifier="mailUsers" mdschema="workflow">admin@datadryad.org</dim:field>
<dim:field element="review" qualifier="mailUsers" mdschema="workflow">curator@datadryad.org</dim:field>
</dim:dim>
</mets:xmlData>
</mets:mdWrap>
</mets:dmdSec>
<mets:fileSec/>
<mets:structMap LABEL="DSpace" TYPE="LOGICAL">
<mets:div DMDID="dmd_1" TYPE="DSpace Item"/>
</mets:structMap>
</mets:METS>
