<?xml version="1.0" encoding="UTF-8"?>
<mets:METS xmlns:mets="http://www.loc.gov/METS/" xmlns:xlink="http://www.w3.org/TR/xlink/" xmlns:xsi="http://www.w3.org/2001/XMLSchema-instance" xmlns:dim="http://www.dspace.org/xmlns/dspace/dim" OBJEDIT="/admin/item?itemID=48903" OBJID="/handle/10255/dryad.42563" PROFILE="DSPACE METS SIP Profile 1.0" LABEL="DSpace Item" ID="hdl:10255/dryad.42563">
<mets:dmdSec GROUPID="group_dmd_0" ID="dmd_1">
<mets:mdWrap MDTYPE="OTHER" OTHERMDTYPE="DIM">
<mets:xmlData>
<dim:dim dspaceType="ITEM">
<dim:field element="contributor" qualifier="author" language="" mdschema="dc">Bollmer, Jennifer L.</dim:field>
<dim:field element="contributor" qualifier="author" language="" mdschema="dc">Dunn, Peter O.</dim:field>
<dim:field element="contributor" qualifier="author" language="" mdschema="dc">Freeman-Gallant, Corey R.</dim:field>
<dim:field element="contributor" qualifier="author" language="" mdschema="dc">Whittingham, Linda A.</dim:field>
<dim:field element="coverage" qualifier="spatial" language="" mdschema="dc">Wisconsin</dim:field>
<dim:field element="coverage" qualifier="spatial" language="" mdschema="dc">USA</dim:field>
<dim:field element="date" qualifier="accessioned" mdschema="dc">2012-10-11T17:55:46Z</dim:field>
<dim:field element="date" qualifier="available" mdschema="dc">2012-10-11T17:55:46Z</dim:field>
<dim:field element="date" qualifier="issued" mdschema="dc">2012-10-11</dim:field>
<dim:field element="identifier" language="" mdschema="dc">doi:10.5061/dryad.09760/1</dim:field>
<dim:field element="identifier" mdschema="dc">doi:10.5061/dryad.09760/1</dim:field>
<dim:field element="identifier" qualifier="uri" mdschema="dc">http://hdl.handle.net/10255/dryad.42563</dim:field>
<dim:field element="description" language="" mdschema="dc">Data on major histocompatibility complex (MHC) gene variation in pairs of common yellowthroats. Data from Saukville, Wisconsin. See Readme file.</dim:field>
<dim:field element="relation" qualifier="ispartof" language="" mdschema="dc">doi:10.5061/dryad.09760</dim:field>
<dim:field element="rights" qualifier="uri" language="" mdschema="dc">http://creativecommons.org/publicdomain/zero/1.0/</dim:field>
<dim:field element="subject" confidence="NOVALUE" language="" mdschema="dc">Immunity</dim:field>
<dim:field element="subject" confidence="NOVALUE" language="" mdschema="dc">Major histocompatibility complex</dim:field>
<dim:field element="subject" confidence="NOVALUE" language="" mdschema="dc">MHC</dim:field>
<dim:field element="subject" confidence="NOVALUE" language="" mdschema="dc">good genes</dim:field>
<dim:field element="subject" confidence="NOVALUE" language="" mdschema="dc">bird</dim:field>
<dim:field element="subject" confidence="NOVALUE" language="" mdschema="dc">warbler</dim:field>
<dim:field element="subject" confidence="NOVALUE" language="" mdschema="dc">mating behavior</dim:field>
<dim:field element="title" language="" mdschema="dc">Yellowthroat_MHC_data</dim:field>
<dim:field element="type" language="*" mdschema="dc">Dataset</dim:field>
<dim:field element="ScientificName" confidence="NOVALUE" language="" mdschema="dwc">Common yellowthroat</dim:field>
<dim:field element="ScientificName" confidence="NOVALUE" language="" mdschema="dwc">Geothlypis trichas</dim:field>
<dim:field element="type" qualifier="embargo" language="" mdschema="dc">none</dim:field>
<dim:field element="dryad" qualifier="pageviews">71</dim:field>
<dim:field element="dryad" qualifier="downloads">48</dim:field>
</dim:dim>
</mets:xmlData>
</mets:mdWrap>
</mets:dmdSec>
<mets:fileSec>
<mets:fileGrp USE="CONTENT">
<mets:file CHECKSUMTYPE="MD5" GROUPID="group_file_125372" ID="file_125372" MIMETYPE="text/csv" SIZE="10068" CHECKSUM="6e59cd9d2a1c91571c30f56dca31e3dd">
<mets:FLocat LOCTYPE="URL" xlink:title="Yellowthroat_MHC_data.csv" xlink:label="dataset-file" xlink:type="locator" xlink:href="/bitstream/handle/10255/dryad.42563/Yellowthroat_MHC_data.csv?sequence=1"/>
</mets:file>
<mets:file CHECKSUMTYPE="MD5" GROUPID="group_file_125373" ID="file_125373" MIMETYPE="application/rtf" SIZE="102974" CHECKSUM="e2b6f7618a125aafdf17631dfb581a60">
<mets:FLocat LOCTYPE="URL" xlink:title="README.rtf" xlink:label="dc_readme" xlink:type="locator" xlink:href="/bitstream/handle/10255/dryad.42563/README.rtf?sequence=2"/>
</mets:file>
</mets:fileGrp>
</mets:fileSec>
<mets:structMap LABEL="DSpace" TYPE="LOGICAL">
<mets:div DMDID="dmd_1" TYPE="DSpace Item">
<mets:div ID="div_2" TYPE="DSpace Content Bitstream">
<mets:fptr FILEID="file_125372"/>
</mets:div>
<mets:div ID="div_3" TYPE="DSpace Content Bitstream">
<mets:fptr FILEID="file_125373"/>
</mets:div>
</mets:div>
</mets:structMap>
</mets:METS>
