<?xml version="1.0" encoding="UTF-8"?>
<mets:METS xmlns:mets="http://www.loc.gov/METS/" xmlns:xlink="http://www.w3.org/TR/xlink/" xmlns:xsi="http://www.w3.org/2001/XMLSchema-instance" xmlns:dim="http://www.dspace.org/xmlns/dspace/dim" OBJEDIT="/admin/item?itemID=122" OBJID="/handle/10255/dryad.115" PROFILE="DSPACE METS SIP Profile 1.0" LABEL="DSpace Item" ID="hdl:10255/dryad.115">
<mets:dmdSec GROUPID="group_dmd_0" ID="dmd_1">
<mets:mdWrap MDTYPE="OTHER" OTHERMDTYPE="DIM">
<mets:xmlData>
<dim:dim dspaceType="ITEM">
<dim:field element="contributor" qualifier="author" language="" mdschema="dc">Wiens, John J.</dim:field>
<dim:field element="date" qualifier="accessioned" language="" mdschema="dc">2008-03-24T14:21:47Z</dim:field>
<dim:field element="date" qualifier="available" language="" mdschema="dc">2008-03-24T14:21:47Z</dim:field>
<dim:field element="date" qualifier="issued" language="" mdschema="dc">1998-09-01</dim:field>
<dim:field element="identifier" mdschema="dc">doi:10.5061/dryad.111/4</dim:field>
<dim:field element="identifier" qualifier="uri" language="" mdschema="dc">http://hdl.handle.net/10255/dryad.115</dim:field>
<dim:field element="publisher" language="en_US" mdschema="dc">Taylor &amp; Francis</dim:field>
<dim:field element="relation" qualifier="ispartof" language="" mdschema="dc">doi:10.5061/dryad.111</dim:field>
<dim:field element="rights" qualifier="uri" language="" mdschema="dc">http://creativecommons.org/publicdomain/zero/1.0/</dim:field>
<dim:field element="subject" language="" mdschema="dc">morphology</dim:field>
<dim:field element="subject" language="" mdschema="dc">congruence</dim:field>
<dim:field element="subject" language="" mdschema="dc">likelihood</dim:field>
<dim:field element="subject" language="" mdschema="dc">accuracy</dim:field>
<dim:field element="subject" language="" mdschema="dc">parsimony</dim:field>
<dim:field element="subject" language="" mdschema="dc">distance</dim:field>
<dim:field element="subject" language="" mdschema="dc">polymorphic characters</dim:field>
<dim:field element="title" language="en_US" mdschema="dc">Wiens Tree III Matrix</dim:field>
<dim:field element="type" language="en_US" mdschema="dc">Dataset</dim:field>
<dim:field element="status" language="" mdschema="dryad">scanned</dim:field>
<dim:field element="dryad" qualifier="pageviews">152</dim:field>
<dim:field element="dryad" qualifier="downloads">61</dim:field>
</dim:dim>
</mets:xmlData>
</mets:mdWrap>
</mets:dmdSec>
<mets:fileSec>
<mets:fileGrp USE="CONTENT">
<mets:file CHECKSUMTYPE="MD5" GROUPID="group_file_227" ID="file_227" MIMETYPE="text/plain" SIZE="7531" CHECKSUM="1e6cf124aed03d07e28348b306529b30">
<mets:FLocat LOCTYPE="URL" xlink:title="15Jmatrix4.txt" xlink:type="locator" xlink:href="/bitstream/handle/10255/dryad.115/15Jmatrix4.txt?sequence=1"/>
</mets:file>
</mets:fileGrp>
<mets:fileGrp USE="TEXT">
<mets:file CHECKSUMTYPE="MD5" GROUPID="group_file_227" ID="file_1215" MIMETYPE="text/plain" SIZE="6459" CHECKSUM="f8ee8263450a0509c3865274ce287b82">
<mets:FLocat LOCTYPE="URL" xlink:title="15Jmatrix4.txt.txt" xlink:label="Extracted text" xlink:type="locator" xlink:href="/bitstream/handle/10255/dryad.115/15Jmatrix4.txt.txt?sequence=2"/>
</mets:file>
</mets:fileGrp>
</mets:fileSec>
<mets:structMap LABEL="DSpace" TYPE="LOGICAL">
<mets:div DMDID="dmd_1" TYPE="DSpace Item">
<mets:div ID="div_2" TYPE="DSpace Content Bitstream">
<mets:fptr FILEID="file_227"/>
</mets:div>
</mets:div>
</mets:structMap>
</mets:METS>
