<?xml version="1.0" encoding="UTF-8"?>
<mets:METS xmlns:mets="http://www.loc.gov/METS/" xmlns:xlink="http://www.w3.org/TR/xlink/" xmlns:xsi="http://www.w3.org/2001/XMLSchema-instance" xmlns:dim="http://www.dspace.org/xmlns/dspace/dim" OBJEDIT="/admin/item?itemID=37774" OBJID="/handle/10255/dryad.35319" PROFILE="DSPACE METS SIP Profile 1.0" LABEL="DSpace Item" ID="hdl:10255/dryad.35319">
<mets:dmdSec GROUPID="group_dmd_0" ID="dmd_1">
<mets:mdWrap MDTYPE="OTHER" OTHERMDTYPE="DIM">
<mets:xmlData>
<dim:dim dspaceType="ITEM">
<dim:field element="contributor" qualifier="author" language="" mdschema="dc">Pruitt, Jonathan N.</dim:field>
<dim:field element="contributor" qualifier="author" language="" mdschema="dc">Stachowicz, John J.</dim:field>
<dim:field element="contributor" qualifier="author" language="" mdschema="dc">Sih, Andrew</dim:field>
<dim:field element="date" qualifier="accessioned" language="" mdschema="dc">2011-09-28T21:29:15Z</dim:field>
<dim:field element="date" qualifier="available" mdschema="dc">2012-02-01T15:29:54Z</dim:field>
<dim:field element="date" qualifier="issued" language="" mdschema="dc">2011-09-28</dim:field>
<dim:field element="identifier" mdschema="dc">doi:10.5061/dryad.190pk253/1</dim:field>
<dim:field element="identifier" qualifier="uri" language="" mdschema="dc">http://hdl.handle.net/10255/dryad.35319</dim:field>
<dim:field element="relation" qualifier="ispartof" language="" mdschema="dc">doi:10.5061/dryad.190pk253</dim:field>
<dim:field element="rights" qualifier="uri" language="" mdschema="dc">http://creativecommons.org/publicdomain/zero/1.0/</dim:field>
<dim:field element="subject" language="" mdschema="dc">Behavior</dim:field>
<dim:field element="subject" language="" mdschema="dc">Behavior: antipredator</dim:field>
<dim:field element="subject" language="" mdschema="dc">Behavior: evolution</dim:field>
<dim:field element="subject" language="" mdschema="dc">Coevolution</dim:field>
<dim:field element="subject" language="" mdschema="dc">Ecology: behavioral</dim:field>
<dim:field element="subject" language="" mdschema="dc">Ecology: population</dim:field>
<dim:field element="subject" language="" mdschema="dc">Selection: natural</dim:field>
<dim:field element="title" language="" mdschema="dc">Pruitt et al. Dryad File</dim:field>
<dim:field element="type" language="*" mdschema="dc">Dataset</dim:field>
<dim:field element="type" qualifier="embargo" language="" mdschema="dc">untilArticleAppears</dim:field>
<dim:field element="dryad" qualifier="pageviews">91</dim:field>
<dim:field element="dryad" qualifier="downloads">90</dim:field>
</dim:dim>
</mets:xmlData>
</mets:mdWrap>
</mets:dmdSec>
<mets:fileSec>
<mets:fileGrp USE="CONTENT">
<mets:file CHECKSUMTYPE="MD5" GROUPID="group_file_116586" ID="file_116586" MIMETYPE="application/vnd.ms-excel" SIZE="555008" CHECKSUM="3ec7f2e9a7836e4c897420f3696525e9">
<mets:FLocat LOCTYPE="URL" xlink:title="Pruitt et al. Dryad File.xls" xlink:label="dataset-file" xlink:type="locator" xlink:href="/bitstream/handle/10255/dryad.35319/Pruitt%20et%20al.%20Dryad%20File.xls?sequence=1"/>
</mets:file>
<mets:file CHECKSUMTYPE="MD5" GROUPID="group_file_116587" ID="file_116587" MIMETYPE="application/vnd.openxmlformats-officedocument.wordprocessingml.document" SIZE="13160" CHECKSUM="ff17afdeb234786e3e2e771897282119">
<mets:FLocat LOCTYPE="URL" xlink:title="README.docx" xlink:label="dc_readme" xlink:type="locator" xlink:href="/bitstream/handle/10255/dryad.35319/README.docx?sequence=2"/>
</mets:file>
<mets:file CHECKSUMTYPE="MD5" GROUPID="group_file_116590" ID="file_116590" MIMETYPE="text/plain" SIZE="602" CHECKSUM="0f6ab80213a63dc781993ad40d11a2a6">
<mets:FLocat LOCTYPE="URL" xlink:title="README.txt" xlink:label="dc_readme" xlink:type="locator" xlink:href="/bitstream/handle/10255/dryad.35319/README.txt?sequence=3"/>
</mets:file>
</mets:fileGrp>
<mets:fileGrp USE="TEXT">
<mets:file CHECKSUMTYPE="MD5" GROUPID="group_file_116590" ID="file_116599" MIMETYPE="text/plain" SIZE="591" CHECKSUM="bc64eb3f500492e7ae31de3aeefb3a0c">
<mets:FLocat LOCTYPE="URL" xlink:title="README.txt.txt" xlink:label="Extracted text" xlink:type="locator" xlink:href="/bitstream/handle/10255/dryad.35319/README.txt.txt?sequence=4"/>
</mets:file>
</mets:fileGrp>
</mets:fileSec>
<mets:structMap LABEL="DSpace" TYPE="LOGICAL">
<mets:div DMDID="dmd_1" TYPE="DSpace Item">
<mets:div ID="div_2" TYPE="DSpace Content Bitstream">
<mets:fptr FILEID="file_116586"/>
</mets:div>
<mets:div ID="div_3" TYPE="DSpace Content Bitstream">
<mets:fptr FILEID="file_116587"/>
</mets:div>
<mets:div ID="div_4" TYPE="DSpace Content Bitstream">
<mets:fptr FILEID="file_116590"/>
</mets:div>
</mets:div>
</mets:structMap>
</mets:METS>
