<?xml version="1.0" encoding="UTF-8"?>
<mets:METS xmlns:mets="http://www.loc.gov/METS/" xmlns:xlink="http://www.w3.org/TR/xlink/" xmlns:xsi="http://www.w3.org/2001/XMLSchema-instance" xmlns:dim="http://www.dspace.org/xmlns/dspace/dim" OBJEDIT="/admin/item?itemID=1384" OBJID="/handle/10255/dryad.1214" PROFILE="DSPACE METS SIP Profile 1.0" LABEL="DSpace Item" ID="hdl:10255/dryad.1214">
<mets:dmdSec GROUPID="group_dmd_0" ID="dmd_1">
<mets:mdWrap MDTYPE="OTHER" OTHERMDTYPE="DIM">
<mets:xmlData>
<dim:dim dspaceType="ITEM">
<dim:field element="contributor" qualifier="author" language="en" mdschema="dc">Yedid, Gabriel</dim:field>
<dim:field element="contributor" qualifier="author" language="en" mdschema="dc">Ofria, Charles A</dim:field>
<dim:field element="contributor" qualifier="author" language="en" mdschema="dc">Lenski, Richard E</dim:field>
<dim:field element="date" qualifier="accessioned" language="" mdschema="dc">2010-02-01T00:25:21Z</dim:field>
<dim:field element="date" qualifier="available" language="" mdschema="dc">2010-02-01T00:25:21Z</dim:field>
<dim:field element="date" qualifier="issued" language="" mdschema="dc">2010-02-01T00:25:21Z</dim:field>
<dim:field element="identifier" mdschema="dc">doi:10.5061/dryad.1212/1</dim:field>
<dim:field element="identifier" qualifier="uri" language="" mdschema="dc">http://hdl.handle.net/10255/dryad.1214</dim:field>
<dim:field element="description" language="en" mdschema="dc">Raw data for Am Nat 50172R2.  TAR archive containing Excel spreadsheets with data used for figures in main text and supplementary material.  All data generated by Avida digital evolution software.  Spreadsheet files named with reference to the figure made with the data contained in that file.</dim:field>
<dim:field element="relation" qualifier="ispartof" language="en" mdschema="dc">doi:10.5061/dryad.1212</dim:field>
<dim:field element="rights" qualifier="uri" language="en" mdschema="dc">http://creativecommons.org/publicdomain/zero/1.0/</dim:field>
<dim:field element="subject" language="en" mdschema="dc">Ecology</dim:field>
<dim:field element="subject" language="en" mdschema="dc">Ecology: evolutionary</dim:field>
<dim:field element="subject" language="en" mdschema="dc">Evolution</dim:field>
<dim:field element="subject" language="en" mdschema="dc">Evolution: experimental</dim:field>
<dim:field element="subject" language="en" mdschema="dc">Extinction</dim:field>
<dim:field element="subject" language="en" mdschema="dc">Extinction: mass</dim:field>
<dim:field element="subject" language="en" mdschema="dc">Macroevolution</dim:field>
<dim:field element="subject" language="en" mdschema="dc">Methods</dim:field>
<dim:field element="subject" language="en" mdschema="dc">Methods: computer simulations</dim:field>
<dim:field element="subject" language="en" mdschema="dc">Modeling</dim:field>
<dim:field element="subject" language="en" mdschema="dc">null</dim:field>
<dim:field element="subject" language="en" mdschema="dc">Paleontology</dim:field>
<dim:field element="subject" language="en" mdschema="dc">mass extinctions</dim:field>
<dim:field element="title" language="en" mdschema="dc">AMNAT50172R2rawdata.tar</dim:field>
<dim:field element="type" language="en" mdschema="dc">Dataset</dim:field>
<dim:field element="status" language="" mdschema="dryad">scanned</dim:field>
<dim:field element="dryad" qualifier="pageviews">136</dim:field>
<dim:field element="dryad" qualifier="downloads">38</dim:field>
</dim:dim>
</mets:xmlData>
</mets:mdWrap>
</mets:dmdSec>
<mets:fileSec>
<mets:fileGrp USE="CONTENT">
<mets:file CHECKSUMTYPE="MD5" GROUPID="group_file_989" ID="file_989" MIMETYPE="application/tar" SIZE="148264960" CHECKSUM="e1560c9d3a8cf71e5b3fe5b3e460c1fc">
<mets:FLocat LOCTYPE="URL" xlink:title="AMNAT50172R2rawdata.tar" xlink:type="locator" xlink:href="/bitstream/handle/10255/dryad.1214/AMNAT50172R2rawdata.tar?sequence=1"/>
</mets:file>
</mets:fileGrp>
</mets:fileSec>
<mets:structMap LABEL="DSpace" TYPE="LOGICAL">
<mets:div DMDID="dmd_1" TYPE="DSpace Item">
<mets:div ID="div_2" TYPE="DSpace Content Bitstream">
<mets:fptr FILEID="file_989"/>
</mets:div>
</mets:div>
</mets:structMap>
</mets:METS>
