<?xml version="1.0" encoding="UTF-8"?>
<mets:METS xmlns:mets="http://www.loc.gov/METS/" xmlns:xlink="http://www.w3.org/TR/xlink/" xmlns:xsi="http://www.w3.org/2001/XMLSchema-instance" xmlns:dim="http://www.dspace.org/xmlns/dspace/dim" OBJEDIT="/admin/item?itemID=1824" OBJID="/handle/10255/dryad.1595" PROFILE="DSPACE METS SIP Profile 1.0" LABEL="DSpace Item" ID="hdl:10255/dryad.1595">
<mets:dmdSec GROUPID="group_dmd_0" ID="dmd_1">
<mets:mdWrap MDTYPE="OTHER" OTHERMDTYPE="DIM">
<mets:xmlData>
<dim:dim dspaceType="ITEM">
<dim:field element="contributor" qualifier="author" language="en" mdschema="dc">Waters, James Stephen</dim:field>
<dim:field element="contributor" qualifier="author" language="en" mdschema="dc">Holbrook, Carter T</dim:field>
<dim:field element="contributor" qualifier="author" language="en" mdschema="dc">Fewell, Jennifer H</dim:field>
<dim:field element="contributor" qualifier="author" language="en" mdschema="dc">Harrison, Jon F</dim:field>
<dim:field element="coverage" qualifier="spatial" language="en" mdschema="dc">32°49’20”N</dim:field>
<dim:field element="coverage" qualifier="spatial" language="en" mdschema="dc">116°31’43”W</dim:field>
<dim:field element="coverage" qualifier="spatial" language="en" mdschema="dc">1136m elevation</dim:field>
<dim:field element="coverage" qualifier="spatial" language="en" mdschema="dc">Tempe</dim:field>
<dim:field element="coverage" qualifier="spatial" language="" mdschema="dc">Arizona</dim:field>
<dim:field element="date" qualifier="accessioned" language="" mdschema="dc">2010-05-30T02:56:37Z</dim:field>
<dim:field element="date" qualifier="available" language="" mdschema="dc">2010-05-30T02:56:37Z</dim:field>
<dim:field element="date" qualifier="issued" language="" mdschema="dc">2010-05-29</dim:field>
<dim:field element="identifier" mdschema="dc">doi:10.5061/dryad.1594/1</dim:field>
<dim:field element="identifier" qualifier="uri" language="" mdschema="dc">http://hdl.handle.net/10255/dryad.1595</dim:field>
<dim:field element="description" language="en" mdschema="dc">Excel workbook containing three spreadsheets: 1) Additive model calculations, 2) Allometric data generated by the additive models, and 3) the metabolic rate data empirically collected by our colonies.  Note that the first spreadsheet contains a complete summary of the colony census demographic data collected at the time of metabolic rate measurement.</dim:field>
<dim:field element="relation" qualifier="ispartof" language="en" mdschema="dc">doi:10.5061/dryad.1594</dim:field>
<dim:field element="rights" qualifier="uri" language="en" mdschema="dc">http://creativecommons.org/publicdomain/zero/1.0/</dim:field>
<dim:field element="subject" language="en" mdschema="dc">Allometry</dim:field>
<dim:field element="subject" language="en" mdschema="dc">Biomechanics</dim:field>
<dim:field element="subject" language="en" mdschema="dc">Ecology: physiological</dim:field>
<dim:field element="subject" language="en" mdschema="dc">Energetics</dim:field>
<dim:field element="subject" language="en" mdschema="dc">Physiology: comparative</dim:field>
<dim:field element="subject" language="en" mdschema="dc">Insect</dim:field>
<dim:field element="subject" language="en" mdschema="dc">ants</dim:field>
<dim:field element="subject" language="en" mdschema="dc">social</dim:field>
<dim:field element="title" language="en" mdschema="dc">WatersetalAMNAT-DATA.xls</dim:field>
<dim:field element="type" language="en" mdschema="dc">Dataset</dim:field>
<dim:field element="ScientificName" language="en" mdschema="dwc">Pogonomyrmex californicus</dim:field>
<dim:field element="dryad" qualifier="pageviews">188</dim:field>
<dim:field element="dryad" qualifier="downloads">98</dim:field>
</dim:dim>
</mets:xmlData>
</mets:mdWrap>
</mets:dmdSec>
<mets:fileSec>
<mets:fileGrp USE="CONTENT">
<mets:file CHECKSUMTYPE="MD5" GROUPID="group_file_1161" ID="file_1161" MIMETYPE="application/vnd.ms-excel" SIZE="58368" CHECKSUM="3731e29f896ccac3ea008d16af749715">
<mets:FLocat LOCTYPE="URL" xlink:title="WatersetalAMNAT-DATA.xls" xlink:type="locator" xlink:href="/bitstream/handle/10255/dryad.1595/WatersetalAMNAT-DATA.xls?sequence=1"/>
</mets:file>
</mets:fileGrp>
</mets:fileSec>
<mets:structMap LABEL="DSpace" TYPE="LOGICAL">
<mets:div DMDID="dmd_1" TYPE="DSpace Item">
<mets:div ID="div_2" TYPE="DSpace Content Bitstream">
<mets:fptr FILEID="file_1161"/>
</mets:div>
</mets:div>
</mets:structMap>
</mets:METS>
