<?xml version="1.0" encoding="UTF-8"?>
<mets:METS xmlns:mets="http://www.loc.gov/METS/" xmlns:xlink="http://www.w3.org/TR/xlink/" xmlns:xsi="http://www.w3.org/2001/XMLSchema-instance" xmlns:dim="http://www.dspace.org/xmlns/dspace/dim" OBJEDIT="/admin/item?itemID=61522" OBJID="/handle/10255/dryad.50972" PROFILE="DSPACE METS SIP Profile 1.0" LABEL="DSpace Item" ID="hdl:10255/dryad.50972">
<mets:dmdSec GROUPID="group_dmd_0" ID="dmd_1">
<mets:mdWrap MDTYPE="OTHER" OTHERMDTYPE="DIM">
<mets:xmlData>
<dim:dim dspaceType="ITEM">
<dim:field element="contributor" qualifier="author" mdschema="dc">Drown, Devin</dim:field>
<dim:field element="contributor" qualifier="author" mdschema="dc">Dybdahl, Mark</dim:field>
<dim:field element="contributor" qualifier="author" mdschema="dc">Gomulkiewicz, Richard</dim:field>
<dim:field element="date" qualifier="accessioned" mdschema="dc">2013-06-19T14:31:46Z</dim:field>
<dim:field element="date" qualifier="available" mdschema="dc">2013-06-25T14:01:20Z</dim:field>
<dim:field element="date" qualifier="issued" mdschema="dc">2013-06-19</dim:field>
<dim:field element="identifier" mdschema="dc">doi:10.5061/dryad.19603/1</dim:field>
<dim:field element="identifier" qualifier="uri" mdschema="dc">http://hdl.handle.net/10255/dryad.50972</dim:field>
<dim:field element="description" language="" mdschema="dc">MATLAB code used to numerically iterate the full recursions in the main paper. Raw data for each of the five figures in the main paper. Each figure has its own file.</dim:field>
<dim:field element="relation" qualifier="ispartof" mdschema="dc">doi:10.5061/dryad.19603</dim:field>
<dim:field element="rights" qualifier="uri" mdschema="dc">http://creativecommons.org/publicdomain/zero/1.0/</dim:field>
<dim:field element="subject" confidence="NOVALUE" language="" mdschema="dc">Coevolution</dim:field>
<dim:field element="subject" confidence="NOVALUE" language="" mdschema="dc">Models/Simulations</dim:field>
<dim:field element="subject" confidence="NOVALUE" language="" mdschema="dc">Population Genetics</dim:field>
<dim:field element="subject" confidence="NOVALUE" language="" mdschema="dc">Parasitism</dim:field>
<dim:field element="subject" confidence="NOVALUE" language="" mdschema="dc">Gene Flow</dim:field>
<dim:field element="title" language="" mdschema="dc">Coevolution and Migration code and data</dim:field>
<dim:field element="type" language="*" mdschema="dc">Dataset</dim:field>
<dim:field element="type" qualifier="embargo" language="" mdschema="dc">untilArticleAppears</dim:field>
<dim:field element="dryad" qualifier="pageviews">59</dim:field>
<dim:field element="dryad" qualifier="downloads">22</dim:field>
</dim:dim>
</mets:xmlData>
</mets:mdWrap>
</mets:dmdSec>
<mets:fileSec>
<mets:fileGrp USE="CONTENT">
<mets:file CHECKSUMTYPE="MD5" GROUPID="group_file_133962" ID="file_133962" MIMETYPE="text/plain" SIZE="5860" CHECKSUM="497b014ee62c85e9de0e38c9f7796e4d">
<mets:FLocat LOCTYPE="URL" xlink:title="README.txt" xlink:label="dc_readme" xlink:type="locator" xlink:href="/bitstream/handle/10255/dryad.50972/README.txt?sequence=1"/>
</mets:file>
<mets:file CHECKSUMTYPE="MD5" GROUPID="group_file_133963" ID="file_133963" MIMETYPE="application/zip" SIZE="806278" CHECKSUM="9bcd9b7d1dde216dbdbd343aaafd2fac">
<mets:FLocat LOCTYPE="URL" xlink:title="Drown_etal_Coevolution_Migration_Code_and_Data.zip" xlink:label="dataset-file" xlink:type="locator" xlink:href="/bitstream/handle/10255/dryad.50972/Drown_etal_Coevolution_Migration_Code_and_Data.zip?sequence=2"/>
</mets:file>
</mets:fileGrp>
</mets:fileSec>
<mets:structMap LABEL="DSpace" TYPE="LOGICAL">
<mets:div DMDID="dmd_1" TYPE="DSpace Item">
<mets:div ID="div_2" TYPE="DSpace Content Bitstream">
<mets:fptr FILEID="file_133962"/>
</mets:div>
<mets:div ID="div_3" TYPE="DSpace Content Bitstream">
<mets:fptr FILEID="file_133963"/>
</mets:div>
</mets:div>
</mets:structMap>
</mets:METS>
