<?xml version="1.0" encoding="UTF-8"?>
<mets:METS xmlns:mets="http://www.loc.gov/METS/" xmlns:xlink="http://www.w3.org/TR/xlink/" xmlns:xsi="http://www.w3.org/2001/XMLSchema-instance" xmlns:dim="http://www.dspace.org/xmlns/dspace/dim" OBJEDIT="/admin/item?itemID=44169" OBJID="/handle/10255/dryad.39474" PROFILE="DSPACE METS SIP Profile 1.0" LABEL="DSpace Item" ID="hdl:10255/dryad.39474">
<mets:dmdSec GROUPID="group_dmd_0" ID="dmd_1">
<mets:mdWrap MDTYPE="OTHER" OTHERMDTYPE="DIM">
<mets:xmlData>
<dim:dim dspaceType="ITEM">
<dim:field element="contributor" qualifier="author" mdschema="dc">McClellan, Carey</dim:field>
<dim:field element="contributor" qualifier="author" mdschema="dc">Cramp, Fiona</dim:field>
<dim:field element="contributor" qualifier="author" mdschema="dc">Powell, Jane</dim:field>
<dim:field element="contributor" qualifier="author" mdschema="dc">Benger, Jonathan</dim:field>
<dim:field element="identifier" mdschema="dc">doi:10.5061/dryad.10s3g/1</dim:field>
<dim:field element="description" language="" mdschema="dc">Final results explanation&#13;
This file is the SSPS version 16 data file containing the clinical and economic data.  The research compared Physiotherapists (Extended Scope Physiotherapists), Nurses (Emergency Nurse Practitioners) to doctors of all grades.  This file contains all the data used in these papers.  The tables below describe each variable and the input settings.  The file includes the descriptions of the: patients and their injuries; functional scores; the direct costs of their injuries during the treatment in the hospital and the indirect costs of care after they left the emergency department.  This file does not contain the Short Form-6 Dimensions (SF-6D) outcome measure used this can be found in the file SF6D results.&#13;
All the data was collected from an inner city adult emergency department in Bristol England between 2006-10 and 2008. The missing data has been coded as 999 and excluded patients (those with Brocken bones) as 888.</dim:field>
<dim:field element="relation" qualifier="ispartof" mdschema="dc">doi:10.5061/dryad.10s3g</dim:field>
<dim:field element="rights" qualifier="uri" mdschema="dc">http://creativecommons.org/publicdomain/zero/1.0/</dim:field>
<dim:field element="subject" language="" mdschema="dc">ACCIDENT &amp; EMERGENCY MEDICINE</dim:field>
<dim:field element="subject" language="" mdschema="dc">Musculoskeletal disorders</dim:field>
<dim:field element="subject" language="" mdschema="dc">SPORTS MEDICINE</dim:field>
<dim:field element="title" language="" mdschema="dc">Final results SSPS</dim:field>
<dim:field element="type" language="*" mdschema="dc">Dataset</dim:field>
<dim:field element="workflow" qualifier="submitted" mdschema="internal">true</dim:field>
<dim:field element="dryad" qualifier="pageviews">0</dim:field>
<dim:field element="dryad" qualifier="downloads">0</dim:field>
</dim:dim>
</mets:xmlData>
</mets:mdWrap>
</mets:dmdSec>
<mets:fileSec/>
<mets:structMap LABEL="DSpace" TYPE="LOGICAL">
<mets:div DMDID="dmd_1" TYPE="DSpace Item"/>
</mets:structMap>
</mets:METS>
