<?xml version="1.0" encoding="UTF-8"?>
<mets:METS xmlns:mets="http://www.loc.gov/METS/" xmlns:xlink="http://www.w3.org/TR/xlink/" xmlns:xsi="http://www.w3.org/2001/XMLSchema-instance" xmlns:dim="http://www.dspace.org/xmlns/dspace/dim" OBJEDIT="/admin/item?itemID=2177" OBJID="/handle/10255/dryad.1923" PROFILE="DSPACE METS SIP Profile 1.0" LABEL="DSpace Item" ID="hdl:10255/dryad.1923">
<mets:dmdSec GROUPID="group_dmd_0" ID="dmd_1">
<mets:mdWrap MDTYPE="OTHER" OTHERMDTYPE="DIM">
<mets:xmlData>
<dim:dim dspaceType="ITEM">
<dim:field element="contributor" language="" mdschema="dc">Cossio, Pilar</dim:field>
<dim:field element="contributor" language="" mdschema="dc">Trovato, Antonio</dim:field>
<dim:field element="contributor" language="" mdschema="dc">Pietrucci, Fabio</dim:field>
<dim:field element="contributor" language="" mdschema="dc">Seno, Flavio</dim:field>
<dim:field element="contributor" language="" mdschema="dc">Maritan, Amos</dim:field>
<dim:field element="contributor" language="" mdschema="dc">Laio, Alessandro</dim:field>
<dim:field element="date" qualifier="accessioned" language="" mdschema="dc">2010-08-27T18:38:29Z</dim:field>
<dim:field element="date" qualifier="available" mdschema="dc">2010-11-06T06:30:05Z</dim:field>
<dim:field element="date" qualifier="issued" language="" mdschema="dc">2010-08-27</dim:field>
<dim:field element="identifier" mdschema="dc">doi:10.5061/dryad.1922/1</dim:field>
<dim:field element="identifier" qualifier="uri" language="" mdschema="dc">http://hdl.handle.net/10255/dryad.1923</dim:field>
<dim:field element="description" language="en" mdschema="dc">Collection of 30063 files in PDB-format, each containing all-atom structural data for the conformation of a polyvaline molecule with 60 residues. All conformations where computer-generated by means of meta-dynamics.</dim:field>
<dim:field element="relation" qualifier="ispartof" language="" mdschema="dc">doi:10.5061/dryad.1922</dim:field>
<dim:field element="rights" qualifier="uri" language="" mdschema="dc">http://creativecommons.org/publicdomain/zero/1.0/</dim:field>
<dim:field element="subject" language="" mdschema="dc">protein structure</dim:field>
<dim:field element="title" language="en" mdschema="dc">VAL60</dim:field>
<dim:field element="type" qualifier="embargo" language="en" mdschema="dc">untilArticleAppears</dim:field>
<dim:field element="dryad" qualifier="pageviews">274</dim:field>
<dim:field element="dryad" qualifier="downloads">82</dim:field>
</dim:dim>
</mets:xmlData>
</mets:mdWrap>
</mets:dmdSec>
<mets:fileSec>
<mets:fileGrp USE="CONTENT">
<mets:file CHECKSUMTYPE="MD5" GROUPID="group_file_1664" ID="file_1664" MIMETYPE="application/zip" SIZE="405111240" CHECKSUM="03f06524741b026a4ed0b6296582390e">
<mets:FLocat LOCTYPE="URL" xlink:title="VAL60.zip" xlink:label="dataset-file" xlink:type="locator" xlink:href="/bitstream/handle/10255/dryad.1923/VAL60.zip?sequence=1"/>
</mets:file>
</mets:fileGrp>
</mets:fileSec>
<mets:structMap LABEL="DSpace" TYPE="LOGICAL">
<mets:div DMDID="dmd_1" TYPE="DSpace Item">
<mets:div ID="div_2" TYPE="DSpace Content Bitstream">
<mets:fptr FILEID="file_1664"/>
</mets:div>
</mets:div>
</mets:structMap>
</mets:METS>
