<?xml version="1.0" encoding="UTF-8"?>
<mets:METS xmlns:mets="http://www.loc.gov/METS/" xmlns:xlink="http://www.w3.org/TR/xlink/" xmlns:xsi="http://www.w3.org/2001/XMLSchema-instance" xmlns:dim="http://www.dspace.org/xmlns/dspace/dim" OBJEDIT="/admin/item?itemID=56846" OBJID="/handle/10255/dryad.47861" PROFILE="DSPACE METS SIP Profile 1.0" LABEL="DSpace Item" ID="hdl:10255/dryad.47861">
<mets:dmdSec GROUPID="group_dmd_0" ID="dmd_1">
<mets:mdWrap MDTYPE="OTHER" OTHERMDTYPE="DIM">
<mets:xmlData>
<dim:dim dspaceType="ITEM">
<dim:field element="contributor" qualifier="author" mdschema="dc">Bielejec, Filip</dim:field>
<dim:field element="contributor" qualifier="author" mdschema="dc">Lemey, Philippe</dim:field>
<dim:field element="contributor" qualifier="author" mdschema="dc">Baele, Guy</dim:field>
<dim:field element="contributor" qualifier="author" mdschema="dc">Rambaut, Andrew</dim:field>
<dim:field element="contributor" qualifier="author" mdschema="dc">Suchard, Marc</dim:field>
<dim:field element="identifier" mdschema="dc">doi:10.5061/dryad.14b2t/2</dim:field>
<dim:field element="description" language="" mdschema="dc">Example of epoch model XML specification for BEAST</dim:field>
<dim:field element="relation" qualifier="ispartof" mdschema="dc">doi:10.5061/dryad.14b2t</dim:field>
<dim:field element="rights" qualifier="uri" mdschema="dc">http://creativecommons.org/publicdomain/zero/1.0/</dim:field>
<dim:field element="subject" confidence="NOVALUE" language="" mdschema="dc">Phylogenetics</dim:field>
<dim:field element="subject" confidence="NOVALUE" language="" mdschema="dc">Phylogeography</dim:field>
<dim:field element="subject" confidence="NOVALUE" language="" mdschema="dc">Bayesian inference</dim:field>
<dim:field element="subject" confidence="NOVALUE" language="" mdschema="dc">Epoch Model</dim:field>
<dim:field element="subject" confidence="NOVALUE" language="" mdschema="dc">BEAST</dim:field>
<dim:field element="subject" confidence="NOVALUE" language="" mdschema="dc">BEAGLE</dim:field>
<dim:field element="title" language="" mdschema="dc">XML example</dim:field>
<dim:field element="type" language="*" mdschema="dc">Dataset</dim:field>
<dim:field element="dryad" qualifier="pageviews">0</dim:field>
<dim:field element="dryad" qualifier="downloads">0</dim:field>
</dim:dim>
</mets:xmlData>
</mets:mdWrap>
</mets:dmdSec>
<mets:fileSec/>
<mets:structMap LABEL="DSpace" TYPE="LOGICAL">
<mets:div DMDID="dmd_1" TYPE="DSpace Item"/>
</mets:structMap>
</mets:METS>
