<?xml version="1.0" encoding="UTF-8"?>
<mets:METS xmlns:mets="http://www.loc.gov/METS/" xmlns:xlink="http://www.w3.org/TR/xlink/" xmlns:xsi="http://www.w3.org/2001/XMLSchema-instance" xmlns:dim="http://www.dspace.org/xmlns/dspace/dim" OBJEDIT="/admin/item?itemID=53083" OBJID="/handle/10255/dryad.45271" PROFILE="DSPACE METS SIP Profile 1.0" LABEL="DSpace Item" ID="hdl:10255/dryad.45271">
<mets:dmdSec GROUPID="group_dmd_0" ID="dmd_1">
<mets:mdWrap MDTYPE="OTHER" OTHERMDTYPE="DIM">
<mets:xmlData>
<dim:dim dspaceType="ITEM">
<dim:field element="contributor" qualifier="author" mdschema="dc">Szitenberg, Amir</dim:field>
<dim:field element="contributor" qualifier="author" mdschema="dc">Becking, Leontine E.</dim:field>
<dim:field element="contributor" qualifier="author" mdschema="dc">Vargas, Sergio</dim:field>
<dim:field element="contributor" qualifier="author" mdschema="dc">Fernandez, Júlio C. C.</dim:field>
<dim:field element="contributor" qualifier="author" mdschema="dc">Santodomingo, Nadiezhda</dim:field>
<dim:field element="contributor" qualifier="author" mdschema="dc">Wörheide, Gert</dim:field>
<dim:field element="contributor" qualifier="author" mdschema="dc">Ilan, Micha</dim:field>
<dim:field element="contributor" qualifier="author" mdschema="dc">Kelly, Michelle</dim:field>
<dim:field element="contributor" qualifier="author" mdschema="dc">Huchon, Dorothée</dim:field>
<dim:field element="coverage" qualifier="temporal" language="" mdschema="dc">extant</dim:field>
<dim:field element="date" qualifier="accessioned" mdschema="dc">2013-03-04T20:35:52Z</dim:field>
<dim:field element="date" qualifier="available" mdschema="dc">2013-03-04T20:42:50Z</dim:field>
<dim:field element="date" qualifier="issued" mdschema="dc">2013-03-04</dim:field>
<dim:field element="identifier" mdschema="dc">doi:10.5061/dryad.10gh5/5</dim:field>
<dim:field element="identifier" qualifier="uri" mdschema="dc">http://hdl.handle.net/10255/dryad.45271</dim:field>
<dim:field element="description" language="" mdschema="dc">Phylogenetic tree presented in Figure 2: Bayesian phylogenetic tree reconstructed from the COI gene, in Nexus format.</dim:field>
<dim:field element="relation" qualifier="ispartof" mdschema="dc">doi:10.5061/dryad.10gh5</dim:field>
<dim:field element="rights" qualifier="uri" mdschema="dc">http://creativecommons.org/publicdomain/zero/1.0/</dim:field>
<dim:field element="subject" confidence="NOVALUE" language="" mdschema="dc">cox1</dim:field>
<dim:field element="subject" confidence="NOVALUE" language="" mdschema="dc">18S rRNA</dim:field>
<dim:field element="subject" confidence="NOVALUE" language="" mdschema="dc">28S rRNA</dim:field>
<dim:field element="subject" confidence="NOVALUE" language="" mdschema="dc">Tetillidae</dim:field>
<dim:field element="subject" confidence="NOVALUE" language="" mdschema="dc">morphology</dim:field>
<dim:field element="subject" confidence="NOVALUE" language="" mdschema="dc">phylogenetics</dim:field>
<dim:field element="subject" confidence="NOVALUE" language="" mdschema="dc">taxonomy</dim:field>
<dim:field element="title" language="" mdschema="dc">COI tree</dim:field>
<dim:field element="type" language="*" mdschema="dc">Dataset</dim:field>
<dim:field element="ScientificName" confidence="NOVALUE" language="" mdschema="dwc">Tetillidae</dim:field>
<dim:field element="ScientificName" confidence="NOVALUE" language="" mdschema="dwc">Acanthotetilla</dim:field>
<dim:field element="ScientificName" confidence="NOVALUE" language="" mdschema="dwc">Amphitethya</dim:field>
<dim:field element="ScientificName" confidence="NOVALUE" language="" mdschema="dwc">Cinachyra</dim:field>
<dim:field element="ScientificName" confidence="NOVALUE" language="" mdschema="dwc">Cinachyrella</dim:field>
<dim:field element="ScientificName" confidence="NOVALUE" language="" mdschema="dwc">Craniella</dim:field>
<dim:field element="ScientificName" confidence="NOVALUE" language="" mdschema="dwc">Fangophilina</dim:field>
<dim:field element="ScientificName" confidence="NOVALUE" language="" mdschema="dwc">Paratetilla</dim:field>
<dim:field element="ScientificName" confidence="NOVALUE" language="" mdschema="dwc">Tetilla</dim:field>
<dim:field element="ScientificName" confidence="NOVALUE" language="" mdschema="dwc">Spirophorida</dim:field>
<dim:field element="ScientificName" confidence="NOVALUE" language="" mdschema="dwc">Porifera</dim:field>
<dim:field element="type" qualifier="embargo" language="" mdschema="dc">untilArticleAppears</dim:field>
<dim:field element="dryad" qualifier="pageviews">115</dim:field>
<dim:field element="dryad" qualifier="downloads">54</dim:field>
</dim:dim>
</mets:xmlData>
</mets:mdWrap>
</mets:dmdSec>
<mets:fileSec>
<mets:fileGrp USE="CONTENT">
<mets:file CHECKSUMTYPE="MD5" GROUPID="group_file_128212" ID="file_128212" MIMETYPE="text/plain" SIZE="16420" CHECKSUM="0fc7150560c1a76552b9265f7ad6889b">
<mets:FLocat LOCTYPE="URL" xlink:title="Cox1.nex.con.tre" xlink:label="dataset-file" xlink:type="locator" xlink:href="/bitstream/handle/10255/dryad.45271/Cox1.nex.con.tre?sequence=1"/>
</mets:file>
</mets:fileGrp>
</mets:fileSec>
<mets:structMap LABEL="DSpace" TYPE="LOGICAL">
<mets:div DMDID="dmd_1" TYPE="DSpace Item">
<mets:div ID="div_2" TYPE="DSpace Content Bitstream">
<mets:fptr FILEID="file_128212"/>
</mets:div>
</mets:div>
</mets:structMap>
</mets:METS>
