<?xml version="1.0" encoding="UTF-8"?>
<mets:METS xmlns:mets="http://www.loc.gov/METS/" xmlns:xlink="http://www.w3.org/TR/xlink/" xmlns:xsi="http://www.w3.org/2001/XMLSchema-instance" xmlns:dim="http://www.dspace.org/xmlns/dspace/dim" OBJEDIT="/admin/item?itemID=1191" OBJID="/handle/10255/dryad.1039" PROFILE="DSPACE METS SIP Profile 1.0" LABEL="DSpace Item" ID="hdl:10255/dryad.1039">
<mets:dmdSec GROUPID="group_dmd_0" ID="dmd_1">
<mets:mdWrap MDTYPE="OTHER" OTHERMDTYPE="DIM">
<mets:xmlData>
<dim:dim dspaceType="ITEM">
<dim:field element="contributor" qualifier="author" language="en" mdschema="dc">Passador-Gurgel, Gisele</dim:field>
<dim:field element="contributor" qualifier="author" language="en" mdschema="dc">Hsieh, Wen-Ping</dim:field>
<dim:field element="contributor" qualifier="author" language="en" mdschema="dc">Hunt, Priscilla</dim:field>
<dim:field element="contributor" qualifier="author" language="en" mdschema="dc">Deighton, Nigel</dim:field>
<dim:field element="contributor" qualifier="author" language="en" mdschema="dc">Gibson, Greg</dim:field>
<dim:field element="date" qualifier="accessioned" language="" mdschema="dc">2009-10-28T19:40:33Z</dim:field>
<dim:field element="date" qualifier="available" language="" mdschema="dc">2009-10-28T19:40:33Z</dim:field>
<dim:field element="date" qualifier="issued" language="" mdschema="dc">2009-10-28T19:40:33Z</dim:field>
<dim:field element="identifier" mdschema="dc">doi:10.5061/dryad.1030/9</dim:field>
<dim:field element="identifier" qualifier="uri" language="" mdschema="dc">http://hdl.handle.net/10255/dryad.1039</dim:field>
<dim:field element="relation" qualifier="ispartof" language="en" mdschema="dc">doi:10.5061/dryad.1030</dim:field>
<dim:field element="rights" qualifier="uri" language="en" mdschema="dc">http://creativecommons.org/publicdomain/zero/1.0/</dim:field>
<dim:field element="title" language="en" mdschema="dc">Supplementary Figures (2) and Tables (3)</dim:field>
<dim:field element="type" language="en" mdschema="dc">Dataset</dim:field>
<dim:field element="status" language="" mdschema="dryad">scanned</dim:field>
<dim:field element="dryad" qualifier="pageviews">183</dim:field>
<dim:field element="dryad" qualifier="downloads">70</dim:field>
</dim:dim>
</mets:xmlData>
</mets:mdWrap>
</mets:dmdSec>
<mets:fileSec>
<mets:fileGrp USE="CONTENT">
<mets:file CHECKSUMTYPE="MD5" GROUPID="group_file_904" ID="file_904" MIMETYPE="application/msword" SIZE="410112" CHECKSUM="5b767a31c08ae7261dcc50e450d7ec0c">
<mets:FLocat LOCTYPE="URL" xlink:title="GHHDG_Supplementary.doc" xlink:type="locator" xlink:href="/bitstream/handle/10255/dryad.1039/GHHDG_Supplementary.doc?sequence=1"/>
</mets:file>
</mets:fileGrp>
<mets:fileGrp USE="TEXT">
<mets:file CHECKSUMTYPE="MD5" GROUPID="group_file_904" ID="file_1257" MIMETYPE="text/plain" SIZE="40339" CHECKSUM="2e25f1ed13484a14832711100d62329e">
<mets:FLocat LOCTYPE="URL" xlink:title="GHHDG_Supplementary.doc.txt" xlink:label="Extracted text" xlink:type="locator" xlink:href="/bitstream/handle/10255/dryad.1039/GHHDG_Supplementary.doc.txt?sequence=2"/>
</mets:file>
</mets:fileGrp>
</mets:fileSec>
<mets:structMap LABEL="DSpace" TYPE="LOGICAL">
<mets:div DMDID="dmd_1" TYPE="DSpace Item">
<mets:div ID="div_2" TYPE="DSpace Content Bitstream">
<mets:fptr FILEID="file_904"/>
</mets:div>
</mets:div>
</mets:structMap>
</mets:METS>
