<?xml version="1.0" encoding="UTF-8"?>
<mets:METS xmlns:mets="http://www.loc.gov/METS/" xmlns:xlink="http://www.w3.org/TR/xlink/" xmlns:xsi="http://www.w3.org/2001/XMLSchema-instance" xmlns:dim="http://www.dspace.org/xmlns/dspace/dim" OBJEDIT="/admin/item?itemID=1531" OBJID="/handle/10255/dryad.1340" PROFILE="DSPACE METS SIP Profile 1.0" LABEL="DSpace Item" ID="hdl:10255/dryad.1340">
<mets:dmdSec GROUPID="group_dmd_0" ID="dmd_1">
<mets:mdWrap MDTYPE="OTHER" OTHERMDTYPE="DIM">
<mets:xmlData>
<dim:dim dspaceType="ITEM">
<dim:field element="contributor" qualifier="author" language="en" mdschema="dc">Bitocchi, Elena</dim:field>
<dim:field element="contributor" qualifier="author" language="en" mdschema="dc">Nanni, Laura</dim:field>
<dim:field element="contributor" qualifier="author" language="en" mdschema="dc">Papa, Roberto</dim:field>
<dim:field element="coverage" qualifier="spatial" language="en" mdschema="dc">Italy</dim:field>
<dim:field element="coverage" qualifier="temporal" language="en" mdschema="dc">Holocene</dim:field>
<dim:field element="date" qualifier="accessioned" mdschema="dc">2010-03-11T11:40:18Z</dim:field>
<dim:field element="date" qualifier="available" mdschema="dc">2010-03-11T11:40:18Z</dim:field>
<dim:field element="date" qualifier="issued" mdschema="dc">2010-03-11T11:40:18Z</dim:field>
<dim:field element="identifier" mdschema="dc">doi:10.5061/dryad.1339/1</dim:field>
<dim:field element="identifier" qualifier="uri" mdschema="dc">http://hdl.handle.net/10255/dryad.1340</dim:field>
<dim:field element="relation" qualifier="ispartof" language="en" mdschema="dc">doi:10.5061/dryad.1339</dim:field>
<dim:field element="rights" qualifier="uri" language="en" mdschema="dc">http://creativecommons.org/publicdomain/zero/1.0/</dim:field>
<dim:field element="subject" language="en" mdschema="dc">landrace</dim:field>
<dim:field element="subject" language="en" mdschema="dc">SSRs</dim:field>
<dim:field element="subject" language="en" mdschema="dc">on-farm conservation</dim:field>
<dim:field element="subject" language="en" mdschema="dc">selection</dim:field>
<dim:field element="subject" language="en" mdschema="dc">outlier loci</dim:field>
<dim:field element="subject" language="en" mdschema="dc">co-existence</dim:field>
<dim:field element="title" language="en" mdschema="dc">SSR data for maize landraces from Central Italy</dim:field>
<dim:field element="type" language="en" mdschema="dc">Dataset</dim:field>
<dim:field element="ScientificName" language="en" mdschema="dwc">Zea mays ssp. mays L.</dim:field>
<dim:field element="status" language="" mdschema="dryad">scanned</dim:field>
<dim:field element="dryad" qualifier="pageviews">152</dim:field>
<dim:field element="dryad" qualifier="downloads">79</dim:field>
</dim:dim>
</mets:xmlData>
</mets:mdWrap>
</mets:dmdSec>
<mets:fileSec>
<mets:fileGrp USE="CONTENT">
<mets:file CHECKSUMTYPE="MD5" GROUPID="group_file_1039" ID="file_1039" MIMETYPE="application/vnd.ms-excel" SIZE="184832" CHECKSUM="5b4f5a98a9e209a3da09e3f2e9cbc2fa">
<mets:FLocat LOCTYPE="URL" xlink:title="Datafile_Bitocchietal2009.xls" xlink:type="locator" xlink:href="/bitstream/handle/10255/dryad.1340/Datafile_Bitocchietal2009.xls?sequence=1"/>
</mets:file>
</mets:fileGrp>
</mets:fileSec>
<mets:structMap LABEL="DSpace" TYPE="LOGICAL">
<mets:div DMDID="dmd_1" TYPE="DSpace Item">
<mets:div ID="div_2" TYPE="DSpace Content Bitstream">
<mets:fptr FILEID="file_1039"/>
</mets:div>
</mets:div>
</mets:structMap>
</mets:METS>
