<?xml version="1.0" encoding="UTF-8"?>
<mets:METS xmlns:mets="http://www.loc.gov/METS/" xmlns:xlink="http://www.w3.org/TR/xlink/" xmlns:xsi="http://www.w3.org/2001/XMLSchema-instance" xmlns:dim="http://www.dspace.org/xmlns/dspace/dim" OBJEDIT="/admin/item?itemID=48393" OBJID="/handle/10255/dryad.42214" PROFILE="DSPACE METS SIP Profile 1.0" LABEL="DSpace Item" ID="hdl:10255/dryad.42214">
<mets:dmdSec GROUPID="group_dmd_0" ID="dmd_1">
<mets:mdWrap MDTYPE="OTHER" OTHERMDTYPE="DIM">
<mets:xmlData>
<dim:dim dspaceType="ITEM">
<dim:field element="contributor" qualifier="author" mdschema="dc">Huber-Sannwald, Elisabeth</dim:field>
<dim:field element="contributor" qualifier="author" mdschema="dc">Ribeiro Palacios, Monica</dim:field>
<dim:field element="contributor" qualifier="author" mdschema="dc">Arredondo, Tulio</dim:field>
<dim:field element="contributor" qualifier="author" mdschema="dc">Braasch, Marco</dim:field>
<dim:field element="contributor" qualifier="author" mdschema="dc">Martinez Peña, Magnolia</dim:field>
<dim:field element="contributor" qualifier="author" mdschema="dc">Garcia de Alba, Javier</dim:field>
<dim:field element="contributor" qualifier="author" mdschema="dc">Monzalvo Santos, Karina</dim:field>
<dim:field element="coverage" qualifier="spatial" language="" mdschema="dc">Central Mexico</dim:field>
<dim:field element="coverage" qualifier="temporal" language="" mdschema="dc">century</dim:field>
<dim:field element="identifier" mdschema="dc">doi:10.5061/dryad.1c2b7/1</dim:field>
<dim:field element="description" language="" mdschema="dc">File include in nine data bases of biophysical variables, collected in a field study in central Mexico.</dim:field>
<dim:field element="relation" qualifier="ispartof" mdschema="dc">doi:10.5061/dryad.1c2b7</dim:field>
<dim:field element="rights" qualifier="uri" mdschema="dc">http://creativecommons.org/publicdomain/zero/1.0/</dim:field>
<dim:field element="subject" confidence="NOVALUE" language="" mdschema="dc">complex adaptive systems</dim:field>
<dim:field element="subject" confidence="NOVALUE" language="" mdschema="dc">drylands development paradigm;</dim:field>
<dim:field element="subject" confidence="NOVALUE" language="" mdschema="dc">livelihood diversiﬁcation</dim:field>
<dim:field element="subject" confidence="NOVALUE" language="" mdschema="dc">resilience thinking</dim:field>
<dim:field element="title" language="" mdschema="dc">Data Base_Ecosystem Services1</dim:field>
<dim:field element="type" language="*" mdschema="dc">Dataset</dim:field>
<dim:field element="ScientificName" confidence="NOVALUE" language="" mdschema="dwc">Avena sativa</dim:field>
<dim:field element="ScientificName" confidence="NOVALUE" language="" mdschema="dwc">Phaseolus vulgaris</dim:field>
<dim:field element="ScientificName" confidence="NOVALUE" language="" mdschema="dwc">Pinus cembroides</dim:field>
<dim:field element="ScientificName" confidence="NOVALUE" language="" mdschema="dwc">Quercus potosina</dim:field>
<dim:field element="ScientificName" confidence="NOVALUE" language="" mdschema="dwc">Zea mays</dim:field>
<dim:field element="type" qualifier="embargo" language="" mdschema="dc">untilArticleAppears</dim:field>
<dim:field element="dryad" qualifier="pageviews">2</dim:field>
<dim:field element="dryad" qualifier="downloads">5</dim:field>
</dim:dim>
</mets:xmlData>
</mets:mdWrap>
</mets:dmdSec>
<mets:fileSec/>
<mets:structMap LABEL="DSpace" TYPE="LOGICAL">
<mets:div DMDID="dmd_1" TYPE="DSpace Item"/>
</mets:structMap>
</mets:METS>
