<?xml version="1.0" encoding="UTF-8"?>
<mets:METS xmlns:mets="http://www.loc.gov/METS/" xmlns:xlink="http://www.w3.org/TR/xlink/" xmlns:xsi="http://www.w3.org/2001/XMLSchema-instance" xmlns:dim="http://www.dspace.org/xmlns/dspace/dim" OBJEDIT="/admin/item?itemID=49533" OBJID="/handle/10255/dryad.42986" PROFILE="DSPACE METS SIP Profile 1.0" LABEL="DSpace Item" ID="hdl:10255/dryad.42986">
<mets:dmdSec GROUPID="group_dmd_0" ID="dmd_1">
<mets:mdWrap MDTYPE="OTHER" OTHERMDTYPE="DIM">
<mets:xmlData>
<dim:dim dspaceType="ITEM">
<dim:field element="contributor" qualifier="author" language="" mdschema="dc">Geraldes, Armando</dim:field>
<dim:field element="contributor" qualifier="author" language="" mdschema="dc">DiFazio, Steve P.</dim:field>
<dim:field element="contributor" qualifier="author" language="" mdschema="dc">Slavov, Gancho T.</dim:field>
<dim:field element="contributor" qualifier="author" language="" mdschema="dc">Ranjan, Priya</dim:field>
<dim:field element="contributor" qualifier="author" language="" mdschema="dc">Muchero, Wellington</dim:field>
<dim:field element="contributor" qualifier="author" language="" mdschema="dc">Hannemann, Jan</dim:field>
<dim:field element="contributor" qualifier="author" language="" mdschema="dc">Gunter, Lee E.</dim:field>
<dim:field element="contributor" qualifier="author" language="" mdschema="dc">Wymore, Ann M.</dim:field>
<dim:field element="contributor" qualifier="author" language="" mdschema="dc">Grassa, Christopher J.</dim:field>
<dim:field element="contributor" qualifier="author" language="" mdschema="dc">Farzaneh, Nima</dim:field>
<dim:field element="contributor" qualifier="author" language="" mdschema="dc">Porth, Ilga</dim:field>
<dim:field element="contributor" qualifier="author" language="" mdschema="dc">Mckown, Athena D.</dim:field>
<dim:field element="contributor" qualifier="author" language="" mdschema="dc">Skyba, Oleksandr</dim:field>
<dim:field element="contributor" qualifier="author" language="" mdschema="dc">Li, Eryang</dim:field>
<dim:field element="contributor" qualifier="author" language="" mdschema="dc">Fujita, Miki</dim:field>
<dim:field element="contributor" qualifier="author" language="" mdschema="dc">Klapste, Jaroslav</dim:field>
<dim:field element="contributor" qualifier="author" language="" mdschema="dc">Martin, Joel</dim:field>
<dim:field element="contributor" qualifier="author" language="" mdschema="dc">Schackwitz, Wendy</dim:field>
<dim:field element="contributor" qualifier="author" language="" mdschema="dc">Pennacchio, Christa</dim:field>
<dim:field element="contributor" qualifier="author" language="" mdschema="dc">Rokhsar, Daniel</dim:field>
<dim:field element="contributor" qualifier="author" language="" mdschema="dc">Friedmann, Michael C.</dim:field>
<dim:field element="contributor" qualifier="author" language="" mdschema="dc">Wasteneys, Geoffrey O.</dim:field>
<dim:field element="contributor" qualifier="author" language="" mdschema="dc">Guy, Robert D.</dim:field>
<dim:field element="contributor" qualifier="author" language="" mdschema="dc">El-Kassaby, Yousry A.</dim:field>
<dim:field element="contributor" qualifier="author" language="" mdschema="dc">Mansfield, Shawn D.</dim:field>
<dim:field element="contributor" qualifier="author" language="" mdschema="dc">Cronk, Quentin C. B.</dim:field>
<dim:field element="contributor" qualifier="author" language="" mdschema="dc">Ehlting, Juergen</dim:field>
<dim:field element="contributor" qualifier="author" language="" mdschema="dc">Douglas, Carl J.</dim:field>
<dim:field element="contributor" qualifier="author" language="" mdschema="dc">Tuskan, Gerald A.</dim:field>
<dim:field element="date" qualifier="accessioned" language="" mdschema="dc">2013-01-16T19:52:05Z</dim:field>
<dim:field element="date" qualifier="available" mdschema="dc">2013-02-19T16:47:12Z</dim:field>
<dim:field element="date" qualifier="issued" language="" mdschema="dc">2013-01-16</dim:field>
<dim:field element="identifier" language="" mdschema="dc">doi:10.5061/dryad.1051d/1</dim:field>
<dim:field element="identifier" language="" mdschema="dc">doi:10.5061/dryad.1051d/1</dim:field>
<dim:field element="identifier" qualifier="uri" language="" mdschema="dc">http://hdl.handle.net/10255/dryad.42986</dim:field>
<dim:field element="description" language="" mdschema="dc">The file genotype_file_MER_Geraldesetal2012.csv contains the genotyping data used in Geraldes et al. 2012 "A 34K SNP genotyping array for Populus trichocarpa: Design, application to the study of natural populations and transferability to other Populus species". The file contains genotypes for 32,683 loci in 72 accessions. These loci were genotyped with the 34K Populus SNP array described in this manuscript. Details regarding each locus and the genotyping methods can be found in the manuscript. The file contains 32,684 lines and 73 fields per line separated with commas (.csv). The first line is a header line. The first field reads "SNP" and indicates that for each line, the first field contains the name of the Single Nucleotide Polymorphism (SNP). This name has three parts separated with underscores, where the first part is always "scaffold", the second part is the linkage group to which the locus is mapped and the last part is the location (in base pairs) in that linkage group. All names refer to version 2 of the Populus trichocarpa genome available at http://www.phytozome.net/. Each following field in line one, is the name of the accession genotyped. Accession details are provided in Geraldes et al 2012. Each subsequent line has the genotypes for each individual/locus. Each genotype is followed by a "|" and a number ranging from 0 to 1. This number is the GenCall Score, a measure of the confidence in the genotytpe call. Details are in Geraldes et al. 2012. If the Gencall Score is &lt;0.15, the genotype is considered missing and is represented by "--". Other missing genotypes are indicated with #NA.</dim:field>
<dim:field element="relation" qualifier="ispartof" language="" mdschema="dc">doi:10.5061/dryad.1051d</dim:field>
<dim:field element="rights" qualifier="uri" language="" mdschema="dc">http://creativecommons.org/publicdomain/zero/1.0/</dim:field>
<dim:field element="subject" confidence="NOVALUE" language="" mdschema="dc">high-throughput SNP genotyping</dim:field>
<dim:field element="subject" confidence="NOVALUE" language="" mdschema="dc">Hybridization</dim:field>
<dim:field element="subject" confidence="NOVALUE" language="" mdschema="dc">genotype accuracy</dim:field>
<dim:field element="title" language="" mdschema="dc">genotype_file_MER_Geraldesetal2012.csv</dim:field>
<dim:field element="type" language="*" mdschema="dc">Dataset</dim:field>
<dim:field element="ScientificName" confidence="NOVALUE" language="" mdschema="dwc">Populus trichocarpa</dim:field>
<dim:field element="ScientificName" confidence="NOVALUE" language="" mdschema="dwc">Populus balsamifera</dim:field>
<dim:field element="ScientificName" confidence="NOVALUE" language="" mdschema="dwc">Populus angustifolia</dim:field>
<dim:field element="ScientificName" confidence="NOVALUE" language="" mdschema="dwc">Populus deltoides</dim:field>
<dim:field element="ScientificName" confidence="NOVALUE" language="" mdschema="dwc">Populus fremontii</dim:field>
<dim:field element="ScientificName" confidence="NOVALUE" language="" mdschema="dwc">Populus grandidentata</dim:field>
<dim:field element="ScientificName" confidence="NOVALUE" language="" mdschema="dwc">Populus mexicana</dim:field>
<dim:field element="ScientificName" confidence="NOVALUE" language="" mdschema="dwc">Salix sitchensis</dim:field>
<dim:field element="type" qualifier="embargo" language="" mdschema="dc">untilArticleAppears</dim:field>
<dim:field element="dryad" qualifier="pageviews">55</dim:field>
<dim:field element="dryad" qualifier="downloads">40</dim:field>
</dim:dim>
</mets:xmlData>
</mets:mdWrap>
</mets:dmdSec>
<mets:fileSec>
<mets:fileGrp USE="CONTENT">
<mets:file CHECKSUMTYPE="MD5" GROUPID="group_file_125814" ID="file_125814" MIMETYPE="text/csv" SIZE="24039830" CHECKSUM="7a22905aa946be0323a66f7d02c53b4d">
<mets:FLocat LOCTYPE="URL" xlink:title="genotype_file_MER_Geraldesetal2012.csv" xlink:label="dataset-file" xlink:type="locator" xlink:href="/bitstream/handle/10255/dryad.42986/genotype_file_MER_Geraldesetal2012.csv?sequence=1"/>
</mets:file>
<mets:file CHECKSUMTYPE="MD5" GROUPID="group_file_125815" ID="file_125815" MIMETYPE="text/plain" SIZE="1792" CHECKSUM="21eb0463330f718315559fa6ea28b848">
<mets:FLocat LOCTYPE="URL" xlink:title="README.txt" xlink:label="dc_readme" xlink:type="locator" xlink:href="/bitstream/handle/10255/dryad.42986/README.txt?sequence=2"/>
</mets:file>
</mets:fileGrp>
</mets:fileSec>
<mets:structMap LABEL="DSpace" TYPE="LOGICAL">
<mets:div DMDID="dmd_1" TYPE="DSpace Item">
<mets:div ID="div_2" TYPE="DSpace Content Bitstream">
<mets:fptr FILEID="file_125814"/>
</mets:div>
<mets:div ID="div_3" TYPE="DSpace Content Bitstream">
<mets:fptr FILEID="file_125815"/>
</mets:div>
</mets:div>
</mets:structMap>
</mets:METS>
