<?xml version="1.0" encoding="UTF-8"?>
<mets:METS xmlns:mets="http://www.loc.gov/METS/" xmlns:xlink="http://www.w3.org/TR/xlink/" xmlns:xsi="http://www.w3.org/2001/XMLSchema-instance" xmlns:dim="http://www.dspace.org/xmlns/dspace/dim" OBJEDIT="/admin/item?itemID=1379" OBJID="/handle/10255/dryad.1210" PROFILE="DSPACE METS SIP Profile 1.0" LABEL="DSpace Item" ID="hdl:10255/dryad.1210">
<mets:dmdSec GROUPID="group_dmd_0" ID="dmd_1">
<mets:mdWrap MDTYPE="OTHER" OTHERMDTYPE="DIM">
<mets:xmlData>
<dim:dim dspaceType="ITEM">
<dim:field element="contributor" qualifier="author" language="en" mdschema="dc">McLeish, Michael</dim:field>
<dim:field element="contributor" qualifier="author" language="en" mdschema="dc">van Noort, Simon</dim:field>
<dim:field element="contributor" qualifier="author" language="en" mdschema="dc">Tolley, Krystal</dim:field>
<dim:field element="coverage" qualifier="spatial" language="en" mdschema="dc">Sub-Saharan Africa</dim:field>
<dim:field element="coverage" qualifier="temporal" language="en" mdschema="dc">2005-2008</dim:field>
<dim:field element="date" qualifier="accessioned" mdschema="dc">2010-01-29T09:23:58Z</dim:field>
<dim:field element="date" qualifier="available" mdschema="dc">2011-01-29T07:30:09Z</dim:field>
<dim:field element="date" qualifier="issued" mdschema="dc">2010-01-29T09:23:58Z</dim:field>
<dim:field element="identifier" mdschema="dc">doi:10.5061/dryad.1209/1</dim:field>
<dim:field element="identifier" qualifier="uri" mdschema="dc">http://hdl.handle.net/10255/dryad.1210</dim:field>
<dim:field element="description" language="en" mdschema="dc">Nexus file used for reconstructions, dating, and MCCR analyses.</dim:field>
<dim:field element="relation" qualifier="ispartof" language="en" mdschema="dc">doi:10.5061/dryad.1209</dim:field>
<dim:field element="rights" qualifier="uri" language="en" mdschema="dc">http://creativecommons.org/publicdomain/zero/1.0/</dim:field>
<dim:field element="subject" language="en" mdschema="dc">Coevolution</dim:field>
<dim:field element="subject" language="en" mdschema="dc">Community Ecology</dim:field>
<dim:field element="subject" language="en" mdschema="dc">Host Parasite Interactions</dim:field>
<dim:field element="subject" language="en" mdschema="dc">Macroevolution</dim:field>
<dim:field element="subject" language="en" mdschema="dc">Phenotypic Plasticity</dim:field>
<dim:field element="subject" language="en" mdschema="dc">Speciation</dim:field>
<dim:field element="title" language="en" mdschema="dc">Nexus file of all taxa used in study</dim:field>
<dim:field element="type" language="en" mdschema="dc">Dataset</dim:field>
<dim:field element="ScientificName" language="en" mdschema="dwc">Chalcidoidea</dim:field>
<dim:field element="ScientificName" language="en" mdschema="dwc">Pteromalidae</dim:field>
<dim:field element="ScientificName" language="en" mdschema="dwc">Sycoryctinae</dim:field>
<dim:field element="status" language="" mdschema="dryad">scanned</dim:field>
<dim:field element="dryad" qualifier="pageviews">131</dim:field>
<dim:field element="dryad" qualifier="downloads">50</dim:field>
</dim:dim>
</mets:xmlData>
</mets:mdWrap>
</mets:dmdSec>
<mets:fileSec>
<mets:fileGrp USE="CONTENT">
<mets:file CHECKSUMTYPE="MD5" GROUPID="group_file_987" ID="file_987" MIMETYPE="text/plain" SIZE="121108" CHECKSUM="91d4f728118b8c30f640bc47b1a41ccd">
<mets:FLocat LOCTYPE="URL" xlink:title="17710329MEC-09-1338.R1.nex" xlink:type="locator" xlink:href="/bitstream/handle/10255/dryad.1210/17710329MEC-09-1338.R1.nex?sequence=1"/>
</mets:file>
</mets:fileGrp>
</mets:fileSec>
<mets:structMap LABEL="DSpace" TYPE="LOGICAL">
<mets:div DMDID="dmd_1" TYPE="DSpace Item">
<mets:div ID="div_2" TYPE="DSpace Content Bitstream">
<mets:fptr FILEID="file_987"/>
</mets:div>
</mets:div>
</mets:structMap>
</mets:METS>
