<?xml version="1.0" encoding="UTF-8"?>
<mets:METS xmlns:mets="http://www.loc.gov/METS/" xmlns:xlink="http://www.w3.org/TR/xlink/" xmlns:xsi="http://www.w3.org/2001/XMLSchema-instance" xmlns:dim="http://www.dspace.org/xmlns/dspace/dim" OBJEDIT="/admin/item?itemID=43764" OBJID="/handle/10255/dryad.39213" PROFILE="DSPACE METS SIP Profile 1.0" LABEL="DSpace Item" ID="hdl:10255/dryad.39213">
<mets:dmdSec GROUPID="group_dmd_0" ID="dmd_1">
<mets:mdWrap MDTYPE="OTHER" OTHERMDTYPE="DIM">
<mets:xmlData>
<dim:dim dspaceType="ITEM">
<dim:field element="contributor" qualifier="author" mdschema="dc">Tan, Longzhi</dim:field>
<dim:field element="contributor" qualifier="author" mdschema="dc">Gore, Jeff</dim:field>
<dim:field element="date" qualifier="accessioned" mdschema="dc">2012-04-20T18:29:38Z</dim:field>
<dim:field element="date" qualifier="available" mdschema="dc">2012-05-04T15:02:20Z</dim:field>
<dim:field element="date" qualifier="issued" mdschema="dc">2012-04-20</dim:field>
<dim:field element="identifier" mdschema="dc">doi:10.5061/dryad.0s96k/6</dim:field>
<dim:field element="identifier" qualifier="uri" mdschema="dc">http://hdl.handle.net/10255/dryad.39213</dim:field>
<dim:field element="description" language="" mdschema="dc">Sample data for the C++ codes</dim:field>
<dim:field element="relation" qualifier="ispartof" mdschema="dc">doi:10.5061/dryad.0s96k</dim:field>
<dim:field element="rights" qualifier="uri" mdschema="dc">http://creativecommons.org/publicdomain/zero/1.0/</dim:field>
<dim:field element="subject" language="" mdschema="dc">Population Genetics</dim:field>
<dim:field element="subject" language="" mdschema="dc">Adaptation</dim:field>
<dim:field element="subject" language="" mdschema="dc">Epistasis</dim:field>
<dim:field element="subject" language="" mdschema="dc">Fitness</dim:field>
<dim:field element="subject" language="" mdschema="dc">Models/Simulations</dim:field>
<dim:field element="subject" language="" mdschema="dc">Selection - Natural</dim:field>
<dim:field element="title" language="" mdschema="dc">Data_C++</dim:field>
<dim:field element="type" language="*" mdschema="dc">Dataset</dim:field>
<dim:field element="type" qualifier="embargo" language="" mdschema="dc">untilArticleAppears</dim:field>
<dim:field element="dryad" qualifier="pageviews">55</dim:field>
<dim:field element="dryad" qualifier="downloads">17</dim:field>
</dim:dim>
</mets:xmlData>
</mets:mdWrap>
</mets:dmdSec>
<mets:fileSec>
<mets:fileGrp USE="CONTENT">
<mets:file CHECKSUMTYPE="MD5" GROUPID="group_file_121869" ID="file_121869" MIMETYPE="application/zip" SIZE="85037707" CHECKSUM="22e7442a0e92df2f103e2eb12a87c6fc">
<mets:FLocat LOCTYPE="URL" xlink:title="Data_C++.zip" xlink:label="dataset-file" xlink:type="locator" xlink:href="/bitstream/handle/10255/dryad.39213/Data_C%2b%2b.zip?sequence=1"/>
</mets:file>
</mets:fileGrp>
</mets:fileSec>
<mets:structMap LABEL="DSpace" TYPE="LOGICAL">
<mets:div DMDID="dmd_1" TYPE="DSpace Item">
<mets:div ID="div_2" TYPE="DSpace Content Bitstream">
<mets:fptr FILEID="file_121869"/>
</mets:div>
</mets:div>
</mets:structMap>
</mets:METS>
