<?xml version="1.0" encoding="UTF-8"?>
<mets:METS xmlns:mets="http://www.loc.gov/METS/" xmlns:xlink="http://www.w3.org/TR/xlink/" xmlns:xsi="http://www.w3.org/2001/XMLSchema-instance" xmlns:dim="http://www.dspace.org/xmlns/dspace/dim" OBJEDIT="/admin/item?itemID=1510" OBJID="/handle/10255/dryad.1322" PROFILE="DSPACE METS SIP Profile 1.0" LABEL="DSpace Item" ID="hdl:10255/dryad.1322">
<mets:dmdSec GROUPID="group_dmd_0" ID="dmd_1">
<mets:mdWrap MDTYPE="OTHER" OTHERMDTYPE="DIM">
<mets:xmlData>
<dim:dim dspaceType="ITEM">
<dim:field element="contributor" qualifier="author" language="en" mdschema="dc">Blackburn, David C</dim:field>
<dim:field element="coverage" qualifier="spatial" language="en" mdschema="dc">Africa</dim:field>
<dim:field element="coverage" qualifier="spatial" language="en" mdschema="dc">Nigeria</dim:field>
<dim:field element="coverage" qualifier="temporal" language="en" mdschema="dc">Cenozoic</dim:field>
<dim:field element="date" qualifier="accessioned" language="" mdschema="dc">2010-03-10T21:03:19Z</dim:field>
<dim:field element="date" qualifier="available" mdschema="dc">2011-03-10T07:30:07Z</dim:field>
<dim:field element="date" qualifier="issued" language="" mdschema="dc">2010-03-10T21:03:19Z</dim:field>
<dim:field element="identifier" mdschema="dc">doi:10.5061/dryad.1321/1</dim:field>
<dim:field element="identifier" qualifier="uri" language="" mdschema="dc">http://hdl.handle.net/10255/dryad.1322</dim:field>
<dim:field element="description" language="en" mdschema="dc">Alignment generated using ClustalX (gap cost = 15) of mitochondrial DNA sequences.</dim:field>
<dim:field element="relation" qualifier="ispartof" language="en" mdschema="dc">doi:10.5061/dryad.1321</dim:field>
<dim:field element="rights" qualifier="uri" language="en" mdschema="dc">http://creativecommons.org/publicdomain/zero/1.0/</dim:field>
<dim:field element="subject" language="en" mdschema="dc">Amphibia</dim:field>
<dim:field element="subject" language="en" mdschema="dc">Anura</dim:field>
<dim:field element="subject" language="en" mdschema="dc">biodiversity hotspot</dim:field>
<dim:field element="subject" language="en" mdschema="dc">Cameroon Volcanic Line</dim:field>
<dim:field element="subject" language="en" mdschema="dc">new species</dim:field>
<dim:field element="subject" language="en" mdschema="dc">Taraba State</dim:field>
<dim:field element="subject" language="en" mdschema="dc">Africa</dim:field>
<dim:field element="subject" language="en" mdschema="dc">Nigeria</dim:field>
<dim:field element="title" language="en" mdschema="dc">Alignment of DNA sequences of Phrynobatrachus species</dim:field>
<dim:field element="type" language="en" mdschema="dc">Dataset</dim:field>
<dim:field element="ScientificName" language="en" mdschema="dwc">Anura</dim:field>
<dim:field element="ScientificName" language="en" mdschema="dwc">Phrynobatrachidae</dim:field>
<dim:field element="ScientificName" language="en" mdschema="dwc">Phrynobatrachus</dim:field>
<dim:field element="status" language="" mdschema="dryad">scanned</dim:field>
<dim:field element="dryad" qualifier="pageviews">172</dim:field>
<dim:field element="dryad" qualifier="downloads">85</dim:field>
</dim:dim>
</mets:xmlData>
</mets:mdWrap>
</mets:dmdSec>
<mets:fileSec>
<mets:fileGrp USE="CONTENT">
<mets:file CHECKSUMTYPE="MD5" GROUPID="group_file_1033" ID="file_1033" MIMETYPE="text/plain" SIZE="146534" CHECKSUM="0a25d3c4076c105dfb3c882136d53a00">
<mets:FLocat LOCTYPE="URL" xlink:title="danko.nex" xlink:type="locator" xlink:href="/bitstream/handle/10255/dryad.1322/danko.nex?sequence=1"/>
</mets:file>
</mets:fileGrp>
</mets:fileSec>
<mets:structMap LABEL="DSpace" TYPE="LOGICAL">
<mets:div DMDID="dmd_1" TYPE="DSpace Item">
<mets:div ID="div_2" TYPE="DSpace Content Bitstream">
<mets:fptr FILEID="file_1033"/>
</mets:div>
</mets:div>
</mets:structMap>
</mets:METS>
