<?xml version="1.0" encoding="UTF-8"?>
<mets:METS xmlns:mets="http://www.loc.gov/METS/" xmlns:xlink="http://www.w3.org/TR/xlink/" xmlns:xsi="http://www.w3.org/2001/XMLSchema-instance" xmlns:dim="http://www.dspace.org/xmlns/dspace/dim" OBJEDIT="/admin/item?itemID=10021" OBJID="/handle/10255/dryad.8825" PROFILE="DSPACE METS SIP Profile 1.0" LABEL="DSpace Item" ID="hdl:10255/dryad.8825">
<mets:dmdSec GROUPID="group_dmd_0" ID="dmd_1">
<mets:mdWrap MDTYPE="OTHER" OTHERMDTYPE="DIM">
<mets:xmlData>
<dim:dim dspaceType="ITEM">
<dim:field element="contributor" qualifier="author" language="" mdschema="dc">Janies, Daniel A</dim:field>
<dim:field element="contributor" qualifier="author" language="" mdschema="dc">Voight, Janet R</dim:field>
<dim:field element="contributor" qualifier="author" language="" mdschema="dc">Daly, Marymegan</dim:field>
<dim:field element="coverage" qualifier="spatial" language="en" mdschema="dc">World's Oceans</dim:field>
<dim:field element="coverage" qualifier="temporal" language="en" mdschema="dc">Ordovician to present</dim:field>
<dim:field element="date" qualifier="accessioned" language="" mdschema="dc">2011-03-11T18:31:06Z</dim:field>
<dim:field element="date" qualifier="available" language="" mdschema="dc">2011-03-11T18:31:06Z</dim:field>
<dim:field element="date" qualifier="issued" language="" mdschema="dc">2011-03-11</dim:field>
<dim:field element="identifier" mdschema="dc">doi:10.5061/dryad.1926/37</dim:field>
<dim:field element="identifier" qualifier="uri" language="" mdschema="dc">http://hdl.handle.net/10255/dryad.8825</dim:field>
<dim:field element="relation" qualifier="ispartof" language="" mdschema="dc">doi:10.5061/dryad.1926</dim:field>
<dim:field element="rights" qualifier="uri" language="" mdschema="dc">http://creativecommons.org/publicdomain/zero/1.0/</dim:field>
<dim:field element="subject" language="en" mdschema="dc">Echinoderms</dim:field>
<dim:field element="subject" language="en" mdschema="dc">Xyloplax</dim:field>
<dim:field element="subject" language="en" mdschema="dc">Phylogeny</dim:field>
<dim:field element="subject" language="en" mdschema="dc">Asteroids</dim:field>
<dim:field element="subject" language="en" mdschema="dc">Evolution of Development</dim:field>
<dim:field element="title" language="en" mdschema="dc">MAP tree from MRBAYES search on clustalw alignment of molecular data</dim:field>
<dim:field element="type" language="*" mdschema="dc">Dataset</dim:field>
<dim:field element="ScientificName" language="en" mdschema="dwc">Ciona intestinalis</dim:field>
<dim:field element="ScientificName" language="en" mdschema="dwc">Acodontaster conspicuus</dim:field>
<dim:field element="ScientificName" language="en" mdschema="dwc">Allostichaster sp</dim:field>
<dim:field element="ScientificName" language="en" mdschema="dwc">Amblypneustes ovum</dim:field>
<dim:field element="ScientificName" language="en" mdschema="dwc">Amphipholis squamata</dim:field>
<dim:field element="ScientificName" language="en" mdschema="dwc">Arbacia lixula</dim:field>
<dim:field element="ScientificName" language="en" mdschema="dwc">Arbacia punctulata</dim:field>
<dim:field element="ScientificName" language="en" mdschema="dwc">Archaster typicus</dim:field>
<dim:field element="ScientificName" language="en" mdschema="dwc">Asterias forbesi</dim:field>
<dim:field element="ScientificName" language="en" mdschema="dwc">Asterina miniata</dim:field>
<dim:field element="ScientificName" language="en" mdschema="dwc">Asteronyx sp</dim:field>
<dim:field element="ScientificName" language="en" mdschema="dwc">Diplodontias miliaris</dim:field>
<dim:field element="ScientificName" language="en" mdschema="dwc">Astropecten articulatus</dim:field>
<dim:field element="ScientificName" language="en" mdschema="dwc">Astropecten polyacanthus</dim:field>
<dim:field element="ScientificName" language="en" mdschema="dwc">Brisingaster robillardi</dim:field>
<dim:field element="ScientificName" language="en" mdschema="dwc">Caymanostella sp</dim:field>
<dim:field element="ScientificName" language="en" mdschema="dwc">Cephalodiscus gracilis</dim:field>
<dim:field element="ScientificName" language="en" mdschema="dwc">Chiridota rotifera</dim:field>
<dim:field element="ScientificName" language="en" mdschema="dwc">Coscinasterias muricata</dim:field>
<dim:field element="ScientificName" language="en" mdschema="dwc">Crossaster papposus</dim:field>
<dim:field element="ScientificName" language="en" mdschema="dwc">Cucumaria miniata</dim:field>
<dim:field element="ScientificName" language="en" mdschema="dwc">Cucumaria salma</dim:field>
<dim:field element="ScientificName" language="en" mdschema="dwc">Dermasterias imbricata</dim:field>
<dim:field element="ScientificName" language="en" mdschema="dwc">Diplasterias brucei</dim:field>
<dim:field element="ScientificName" language="en" mdschema="dwc">Echinaster sentus</dim:field>
<dim:field element="ScientificName" language="en" mdschema="dwc">Echinocardium cordatum</dim:field>
<dim:field element="ScientificName" language="en" mdschema="dwc">Echinus esculentus</dim:field>
<dim:field element="ScientificName" language="en" mdschema="dwc">Encope aberrans</dim:field>
<dim:field element="ScientificName" language="en" mdschema="dwc">Eucidaris tribuloides</dim:field>
<dim:field element="ScientificName" language="en" mdschema="dwc">Eurygonias hylacanthus</dim:field>
<dim:field element="ScientificName" language="en" mdschema="dwc">Evasterias troschelii</dim:field>
<dim:field element="ScientificName" language="en" mdschema="dwc">Florometra serratissima</dim:field>
<dim:field element="ScientificName" language="en" mdschema="dwc">Genocidaris maculata</dim:field>
<dim:field element="ScientificName" language="en" mdschema="dwc">Gorgonocephalus eucnemis</dim:field>
<dim:field element="ScientificName" language="en" mdschema="dwc">Gymnocrinus richeri</dim:field>
<dim:field element="ScientificName" language="en" mdschema="dwc">Harriamania planktophilus</dim:field>
<dim:field element="ScientificName" language="en" mdschema="dwc">Heliaster helianthoides</dim:field>
<dim:field element="ScientificName" language="en" mdschema="dwc">Henricia sp</dim:field>
<dim:field element="ScientificName" language="en" mdschema="dwc">Holopneustes inflatus</dim:field>
<dim:field element="ScientificName" language="en" mdschema="dwc">Holothuria leucospilota</dim:field>
<dim:field element="ScientificName" language="en" mdschema="dwc">Hymenaster pellucidus</dim:field>
<dim:field element="ScientificName" language="en" mdschema="dwc">Leptasterias hexactis</dim:field>
<dim:field element="ScientificName" language="en" mdschema="dwc">Leptosynapta clarkii</dim:field>
<dim:field element="ScientificName" language="en" mdschema="dwc">Luidia clathrata</dim:field>
<dim:field element="ScientificName" language="en" mdschema="dwc">Luidia foliolata</dim:field>
<dim:field element="ScientificName" language="en" mdschema="dwc">Macroptychaster accrescens</dim:field>
<dim:field element="ScientificName" language="en" mdschema="dwc">Meoma ventricosa</dim:field>
<dim:field element="ScientificName" language="en" mdschema="dwc">Mespilia globulus</dim:field>
<dim:field element="ScientificName" language="en" mdschema="dwc">Metacrinus rotundus</dim:field>
<dim:field element="ScientificName" language="en" mdschema="dwc">Odontaster validus</dim:field>
<dim:field element="ScientificName" language="en" mdschema="dwc">Ophiocanops fugiens</dim:field>
<dim:field element="ScientificName" language="en" mdschema="dwc">Ophiocoma echinata</dim:field>
<dim:field element="ScientificName" language="en" mdschema="dwc">Ophioderma brevispinum</dim:field>
<dim:field element="ScientificName" language="en" mdschema="dwc">Ophiomyxa flaccida</dim:field>
<dim:field element="ScientificName" language="en" mdschema="dwc">Ophionereis reticulata</dim:field>
<dim:field element="ScientificName" language="en" mdschema="dwc">Ophiopholis aculeata</dim:field>
<dim:field element="ScientificName" language="en" mdschema="dwc">Ophiopsammus maculata</dim:field>
<dim:field element="ScientificName" language="en" mdschema="dwc">Ophiothrix oerstedii</dim:field>
<dim:field element="ScientificName" language="en" mdschema="dwc">Paracentrotus lividus</dim:field>
<dim:field element="ScientificName" language="en" mdschema="dwc">Parastichopus californicus</dim:field>
<dim:field element="ScientificName" language="en" mdschema="dwc">Patiriella regularis</dim:field>
<dim:field element="ScientificName" language="en" mdschema="dwc">Pentacta pygmaea</dim:field>
<dim:field element="ScientificName" language="en" mdschema="dwc">Perknaster fuscus</dim:field>
<dim:field element="ScientificName" language="en" mdschema="dwc">Pisaster ochraceus</dim:field>
<dim:field element="ScientificName" language="en" mdschema="dwc">Psammechinus miliaris</dim:field>
<dim:field element="ScientificName" language="en" mdschema="dwc">Pseudarchaster pareli</dim:field>
<dim:field element="ScientificName" language="en" mdschema="dwc">Pseudechinus albocinctus</dim:field>
<dim:field element="ScientificName" language="en" mdschema="dwc">Pseudostichopus villosus</dim:field>
<dim:field element="ScientificName" language="en" mdschema="dwc">Psychropotes longicauda</dim:field>
<dim:field element="ScientificName" language="en" mdschema="dwc">Pteraster tesselatus</dim:field>
<dim:field element="ScientificName" language="en" mdschema="dwc">Ptychodera flava</dim:field>
<dim:field element="ScientificName" language="en" mdschema="dwc">Rathbunaster californicus</dim:field>
<dim:field element="ScientificName" language="en" mdschema="dwc">Saccoglossus kowalevskii</dim:field>
<dim:field element="ScientificName" language="en" mdschema="dwc">Salmaciella oligopora</dim:field>
<dim:field element="ScientificName" language="en" mdschema="dwc">Salmacis belli</dim:field>
<dim:field element="ScientificName" language="en" mdschema="dwc">Schizostella bifurcata</dim:field>
<dim:field element="ScientificName" language="en" mdschema="dwc">Solaster stimpsonii</dim:field>
<dim:field element="ScientificName" language="en" mdschema="dwc">Sphaerechinus granularis</dim:field>
<dim:field element="ScientificName" language="en" mdschema="dwc">Stegnaster inflatus</dim:field>
<dim:field element="ScientificName" language="en" mdschema="dwc">Stichaster australis</dim:field>
<dim:field element="ScientificName" language="en" mdschema="dwc">Stomopneustes variolaris</dim:field>
<dim:field element="ScientificName" language="en" mdschema="dwc">Strongylocentrotus purpuratus</dim:field>
<dim:field element="ScientificName" language="en" mdschema="dwc">Temnopleurus alexandri</dim:field>
<dim:field element="ScientificName" language="en" mdschema="dwc">Temnotrema sculptum</dim:field>
<dim:field element="ScientificName" language="en" mdschema="dwc">Tripneustes gratilla</dim:field>
<dim:field element="ScientificName" language="en" mdschema="dwc">Xyloplax janetae</dim:field>
<dim:field element="dryad" qualifier="pageviews">127</dim:field>
<dim:field element="dryad" qualifier="downloads">70</dim:field>
</dim:dim>
</mets:xmlData>
</mets:mdWrap>
</mets:dmdSec>
<mets:fileSec>
<mets:fileGrp USE="CONTENT">
<mets:file CHECKSUMTYPE="MD5" GROUPID="group_file_16164" ID="file_16164" MIMETYPE="application/zip" SIZE="2652" CHECKSUM="e83f058615f190bd12771efb67293920">
<mets:FLocat LOCTYPE="URL" xlink:title="taxa8611005mb.nex.map.zip" xlink:label="dataset-file" xlink:type="locator" xlink:href="/bitstream/handle/10255/dryad.8825/taxa8611005mb.nex.map.zip?sequence=1"/>
</mets:file>
<mets:file CHECKSUMTYPE="MD5" GROUPID="group_file_16165" ID="file_16165" MIMETYPE="text/plain" SIZE="4036" CHECKSUM="293380cd0f7dedca5d982b4c02b6de2e">
<mets:FLocat LOCTYPE="URL" xlink:title="README.txt" xlink:label="dc_readme" xlink:type="locator" xlink:href="/bitstream/handle/10255/dryad.8825/README.txt?sequence=2"/>
</mets:file>
</mets:fileGrp>
<mets:fileGrp USE="TEXT">
<mets:file CHECKSUMTYPE="MD5" GROUPID="group_file_16165" ID="file_16224" MIMETYPE="text/plain" SIZE="3981" CHECKSUM="8527b4a6bfa6cc45f07b6ec4eeff8e67">
<mets:FLocat LOCTYPE="URL" xlink:title="README.txt.txt" xlink:label="Extracted text" xlink:type="locator" xlink:href="/bitstream/handle/10255/dryad.8825/README.txt.txt?sequence=3"/>
</mets:file>
</mets:fileGrp>
</mets:fileSec>
<mets:structMap LABEL="DSpace" TYPE="LOGICAL">
<mets:div DMDID="dmd_1" TYPE="DSpace Item">
<mets:div ID="div_2" TYPE="DSpace Content Bitstream">
<mets:fptr FILEID="file_16164"/>
</mets:div>
<mets:div ID="div_3" TYPE="DSpace Content Bitstream">
<mets:fptr FILEID="file_16165"/>
</mets:div>
</mets:div>
</mets:structMap>
</mets:METS>
