<?xml version="1.0" encoding="UTF-8"?>
<mets:METS xmlns:mets="http://www.loc.gov/METS/" xmlns:xlink="http://www.w3.org/TR/xlink/" xmlns:xsi="http://www.w3.org/2001/XMLSchema-instance" xmlns:dim="http://www.dspace.org/xmlns/dspace/dim" OBJEDIT="/admin/item?itemID=56770" OBJID="/handle/10255/dryad.47805" PROFILE="DSPACE METS SIP Profile 1.0" LABEL="DSpace Item" ID="hdl:10255/dryad.47805">
<mets:dmdSec GROUPID="group_dmd_0" ID="dmd_1">
<mets:mdWrap MDTYPE="OTHER" OTHERMDTYPE="DIM">
<mets:xmlData>
<dim:dim dspaceType="ITEM">
<dim:field element="contributor" qualifier="author" language="" mdschema="dc">Rodrigues, Nicolas</dim:field>
<dim:field element="contributor" qualifier="author" language="" mdschema="dc">Betto-Colliard, Caroline</dim:field>
<dim:field element="contributor" qualifier="author" language="" mdschema="dc">Jourdan-Pineau, Hélène</dim:field>
<dim:field element="contributor" qualifier="author" language="" mdschema="dc">Perrin, Nicolas</dim:field>
<dim:field element="coverage" qualifier="spatial" language="" mdschema="dc">Western Switzerland</dim:field>
<dim:field element="date" qualifier="accessioned" language="" mdschema="dc">2013-03-20T15:05:24Z</dim:field>
<dim:field element="date" qualifier="available" mdschema="dc">2013-05-29T17:08:45Z</dim:field>
<dim:field element="date" qualifier="issued" language="" mdschema="dc">2013-05-25</dim:field>
<dim:field element="identifier" language="" mdschema="dc">doi:10.5061/dryad.0mg7h/3</dim:field>
<dim:field element="identifier" qualifier="uri" language="" mdschema="dc">http://hdl.handle.net/10255/dryad.47805</dim:field>
<dim:field element="description" language="" mdschema="dc">Table of genotypes from adults from five different populations. Genotypes include 11 polymorphic microsatellite markers.</dim:field>
<dim:field element="relation" qualifier="ispartof" language="" mdschema="dc">doi:10.5061/dryad.0mg7h</dim:field>
<dim:field element="rights" qualifier="uri" language="" mdschema="dc">http://creativecommons.org/publicdomain/zero/1.0/</dim:field>
<dim:field element="subject" confidence="NOVALUE" language="" mdschema="dc">Amphibians &amp; reptiles</dim:field>
<dim:field element="subject" confidence="NOVALUE" language="" mdschema="dc">Population genetics</dim:field>
<dim:field element="subject" confidence="NOVALUE" language="" mdschema="dc">Sex-ratio</dim:field>
<dim:field element="subject" confidence="NOVALUE" language="" mdschema="dc">Sex determination</dim:field>
<dim:field element="title" language="" mdschema="dc">Table Genotypes LG2 adultes11 dryad</dim:field>
<dim:field element="type" language="*" mdschema="dc">Dataset</dim:field>
<dim:field element="ScientificName" confidence="NOVALUE" language="" mdschema="dwc">Rana temporaria</dim:field>
<dim:field element="type" qualifier="embargo" language="" mdschema="dc">untilArticleAppears</dim:field>
<dim:field element="dryad" qualifier="pageviews">47</dim:field>
<dim:field element="dryad" qualifier="downloads">11</dim:field>
</dim:dim>
</mets:xmlData>
</mets:mdWrap>
</mets:dmdSec>
<mets:fileSec>
<mets:fileGrp USE="CONTENT">
<mets:file CHECKSUMTYPE="MD5" GROUPID="group_file_130904" ID="file_130904" MIMETYPE="application/vnd.ms-excel" SIZE="83456" CHECKSUM="08a0e069cf205b57d76f96fec14d5d45">
<mets:FLocat LOCTYPE="URL" xlink:title="Table Genotypes LG2 adultes11 dryad.xls" xlink:label="dataset-file" xlink:type="locator" xlink:href="/bitstream/handle/10255/dryad.47805/Table%20Genotypes%20LG2%20adultes11%20dryad.xls?sequence=1"/>
</mets:file>
</mets:fileGrp>
</mets:fileSec>
<mets:structMap LABEL="DSpace" TYPE="LOGICAL">
<mets:div DMDID="dmd_1" TYPE="DSpace Item">
<mets:div ID="div_2" TYPE="DSpace Content Bitstream">
<mets:fptr FILEID="file_130904"/>
</mets:div>
</mets:div>
</mets:structMap>
</mets:METS>
