<?xml version="1.0" encoding="UTF-8"?>
<mets:METS xmlns:mets="http://www.loc.gov/METS/" xmlns:xlink="http://www.w3.org/TR/xlink/" xmlns:xsi="http://www.w3.org/2001/XMLSchema-instance" xmlns:dim="http://www.dspace.org/xmlns/dspace/dim" OBJEDIT="/admin/item?itemID=65594" OBJID="/handle/10255/dryad.53625" PROFILE="DSPACE METS SIP Profile 1.0" LABEL="DSpace Item" ID="hdl:10255/dryad.53625">
<mets:dmdSec GROUPID="group_dmd_0" ID="dmd_1">
<mets:mdWrap MDTYPE="OTHER" OTHERMDTYPE="DIM">
<mets:xmlData>
<dim:dim dspaceType="ITEM">
<dim:field element="contributor" qualifier="author" mdschema="dc">Yao, Zhao</dim:field>
<dim:field element="contributor" qualifier="author" mdschema="dc">Zhiping, Song</dim:field>
<dim:field element="coverage" qualifier="spatial" language="" mdschema="dc">China</dim:field>
<dim:field element="identifier" mdschema="dc">doi:10.5061/dryad.00p26/7</dim:field>
<dim:field element="description" language="" mdschema="dc">The settings of scenarios and parameters of DIYABC</dim:field>
<dim:field element="relation" qualifier="ispartof" mdschema="dc">doi:10.5061/dryad.00p26</dim:field>
<dim:field element="rights" qualifier="uri" mdschema="dc">http://creativecommons.org/publicdomain/zero/1.0/</dim:field>
<dim:field element="subject" confidence="NOVALUE" language="" mdschema="dc">habitat fragmentation</dim:field>
<dim:field element="subject" confidence="NOVALUE" language="" mdschema="dc">genetic divergence</dim:field>
<dim:field element="subject" confidence="NOVALUE" language="" mdschema="dc">isolation by distance</dim:field>
<dim:field element="subject" confidence="NOVALUE" language="" mdschema="dc">local adaptation</dim:field>
<dim:field element="subject" confidence="NOVALUE" language="" mdschema="dc">outlier loci</dim:field>
<dim:field element="subject" confidence="NOVALUE" language="" mdschema="dc">climate change</dim:field>
<dim:field element="title" language="" mdschema="dc">Scenario settings of DIYABC</dim:field>
<dim:field element="type" language="*" mdschema="dc">Dataset</dim:field>
<dim:field element="ScientificName" confidence="NOVALUE" language="" mdschema="dwc">Oryza rufipogon</dim:field>
<dim:field element="type" qualifier="embargo" language="" mdschema="dc">untilArticleAppears</dim:field>
<dim:field element="dryad" qualifier="pageviews">0</dim:field>
<dim:field element="dryad" qualifier="downloads">0</dim:field>
</dim:dim>
</mets:xmlData>
</mets:mdWrap>
</mets:dmdSec>
<mets:fileSec/>
<mets:structMap LABEL="DSpace" TYPE="LOGICAL">
<mets:div DMDID="dmd_1" TYPE="DSpace Item"/>
</mets:structMap>
</mets:METS>
