<?xml version="1.0" encoding="UTF-8"?>
<mets:METS xmlns:mets="http://www.loc.gov/METS/" xmlns:xlink="http://www.w3.org/TR/xlink/" xmlns:xsi="http://www.w3.org/2001/XMLSchema-instance" xmlns:dim="http://www.dspace.org/xmlns/dspace/dim" OBJEDIT="/admin/item?itemID=46888" OBJID="/handle/10255/dryad.41218" PROFILE="DSPACE METS SIP Profile 1.0" LABEL="DSpace Item" ID="hdl:10255/dryad.41218">
<mets:dmdSec GROUPID="group_dmd_0" ID="dmd_1">
<mets:mdWrap MDTYPE="OTHER" OTHERMDTYPE="DIM">
<mets:xmlData>
<dim:dim dspaceType="ITEM">
<dim:field element="contributor" qualifier="author" mdschema="dc">Goicoechea, Pablo</dim:field>
<dim:field element="contributor" qualifier="author" mdschema="dc">Petit, Remy</dim:field>
<dim:field element="contributor" qualifier="author" mdschema="dc">Kremer, Antoine</dim:field>
<dim:field element="coverage" qualifier="spatial" language="" mdschema="dc">Western Europe</dim:field>
<dim:field element="date" qualifier="accessioned" mdschema="dc">2012-07-24T18:04:50Z</dim:field>
<dim:field element="date" qualifier="issued" mdschema="dc">2012-07-24</dim:field>
<dim:field element="identifier" mdschema="dc">doi:10.5061/dryad.099s2/7</dim:field>
<dim:field element="identifier" qualifier="uri" mdschema="dc">http://hdl.handle.net/10255/dryad.41218</dim:field>
<dim:field element="description" language="" mdschema="dc">Supplemental information for the linkage disequilibrium estimates.</dim:field>
<dim:field element="relation" qualifier="ispartof" mdschema="dc">doi:10.5061/dryad.099s2</dim:field>
<dim:field element="rights" qualifier="uri" mdschema="dc">http://creativecommons.org/publicdomain/zero/1.0/</dim:field>
<dim:field element="subject" confidence="NOVALUE" language="" mdschema="dc">genotype</dim:field>
<dim:field element="subject" confidence="NOVALUE" language="" mdschema="dc">morphological classification</dim:field>
<dim:field element="subject" confidence="NOVALUE" language="" mdschema="dc">location</dim:field>
<dim:field element="title" language="" mdschema="dc">Supp06_HDY_11_OR0383RR</dim:field>
<dim:field element="type" language="*" mdschema="dc">Dataset</dim:field>
<dim:field element="ScientificName" confidence="NOVALUE" language="" mdschema="dwc">Quercus robur</dim:field>
<dim:field element="ScientificName" confidence="NOVALUE" language="" mdschema="dwc">Quercus petraea</dim:field>
<dim:field element="date" qualifier="embargoedUntil" mdschema="dc">9999-01-01</dim:field>
<dim:field element="type" qualifier="embargo" language="" mdschema="dc">untilArticleAppears</dim:field>
<dim:field element="dryad" qualifier="pageviews">45</dim:field>
<dim:field element="dryad" qualifier="downloads">0</dim:field>
</dim:dim>
</mets:xmlData>
</mets:mdWrap>
</mets:dmdSec>
<mets:fileSec/>
<mets:structMap LABEL="DSpace" TYPE="LOGICAL">
<mets:div DMDID="dmd_1" TYPE="DSpace Item"/>
</mets:structMap>
</mets:METS>
