<?xml version="1.0" encoding="UTF-8"?>
<mets:METS xmlns:mets="http://www.loc.gov/METS/" xmlns:xlink="http://www.w3.org/TR/xlink/" xmlns:xsi="http://www.w3.org/2001/XMLSchema-instance" xmlns:dim="http://www.dspace.org/xmlns/dspace/dim" OBJEDIT="/admin/item?itemID=2071" OBJID="/handle/10255/dryad.1835" PROFILE="DSPACE METS SIP Profile 1.0" LABEL="DSpace Item" ID="hdl:10255/dryad.1835">
<mets:dmdSec GROUPID="group_dmd_0" ID="dmd_1">
<mets:mdWrap MDTYPE="OTHER" OTHERMDTYPE="DIM">
<mets:xmlData>
<dim:dim dspaceType="ITEM">
<dim:field element="contributor" qualifier="author" language="en" mdschema="dc">Delsuc, Frédéric</dim:field>
<dim:field element="contributor" qualifier="author" language="en" mdschema="dc">Scally, Mark</dim:field>
<dim:field element="contributor" qualifier="author" language="en" mdschema="dc">Madsen, Ole</dim:field>
<dim:field element="contributor" qualifier="author" language="en" mdschema="dc">Stanhope, Michael J</dim:field>
<dim:field element="contributor" qualifier="author" language="en" mdschema="dc">de Jong, Wilfried W</dim:field>
<dim:field element="contributor" qualifier="author" language="en" mdschema="dc">Catzeflis, François M</dim:field>
<dim:field element="contributor" qualifier="author" language="en" mdschema="dc">Springer, Mark S</dim:field>
<dim:field element="contributor" qualifier="author" language="en" mdschema="dc">Douzery, Emmanuel J. P.</dim:field>
<dim:field element="coverage" qualifier="spatial" language="en" mdschema="dc">South America</dim:field>
<dim:field element="coverage" qualifier="spatial" language="en" mdschema="dc">North America</dim:field>
<dim:field element="coverage" qualifier="spatial" language="en" mdschema="dc">Central America</dim:field>
<dim:field element="coverage" qualifier="temporal" language="en" mdschema="dc">Tertiary</dim:field>
<dim:field element="date" qualifier="accessioned" language="" mdschema="dc">2010-08-10T12:42:26Z</dim:field>
<dim:field element="date" qualifier="available" language="" mdschema="dc">2010-08-10T12:42:26Z</dim:field>
<dim:field element="date" qualifier="issued" language="" mdschema="dc">2010-08-10</dim:field>
<dim:field element="identifier" mdschema="dc">doi:10.5061/dryad.1831/4</dim:field>
<dim:field element="identifier" qualifier="uri" language="" mdschema="dc">http://hdl.handle.net/10255/dryad.1835</dim:field>
<dim:field element="relation" qualifier="ispartof" language="en" mdschema="dc">doi:10.5061/dryad.1831</dim:field>
<dim:field element="rights" qualifier="uri" language="en" mdschema="dc">http://creativecommons.org/publicdomain/zero/1.0/</dim:field>
<dim:field element="subject" language="en" mdschema="dc">xenarthran phylogeny</dim:field>
<dim:field element="subject" language="en" mdschema="dc">taxon and character sampling</dim:field>
<dim:field element="subject" language="en" mdschema="dc">placentals</dim:field>
<dim:field element="subject" language="en" mdschema="dc">evolutionary dynamics</dim:field>
<dim:field element="subject" language="en" mdschema="dc">nuclear markers</dim:field>
<dim:field element="subject" language="en" mdschema="dc">maximum likelihood</dim:field>
<dim:field element="subject" language="en" mdschema="dc">Bayesian phylogenetics</dim:field>
<dim:field element="title" language="en" mdschema="dc">Delsuc2002-MolBiolEvol.phy</dim:field>
<dim:field element="type" language="en" mdschema="dc">Dataset</dim:field>
<dim:field element="ScientificName" language="en" mdschema="dwc">Xenarthra</dim:field>
<dim:field element="ScientificName" language="en" mdschema="dwc">Mammalia</dim:field>
<dim:field element="ScientificName" language="en" mdschema="dwc">Placentalia</dim:field>
<dim:field element="ScientificName" language="en" mdschema="dwc">Dasypus</dim:field>
<dim:field element="ScientificName" language="en" mdschema="dwc">Choloepus</dim:field>
<dim:field element="ScientificName" language="en" mdschema="dwc">Myrmecophaga</dim:field>
<dim:field element="dryad" qualifier="pageviews">142</dim:field>
<dim:field element="dryad" qualifier="downloads">92</dim:field>
</dim:dim>
</mets:xmlData>
</mets:mdWrap>
</mets:dmdSec>
<mets:fileSec>
<mets:fileGrp USE="CONTENT">
<mets:file CHECKSUMTYPE="MD5" GROUPID="group_file_1620" ID="file_1620" MIMETYPE="text/plain" SIZE="257160" CHECKSUM="cd1bccf759d809137ccf138e33fdf911">
<mets:FLocat LOCTYPE="URL" xlink:title="Delsuc2002-MolBiolEvol.phy" xlink:type="locator" xlink:href="/bitstream/handle/10255/dryad.1835/Delsuc2002-MolBiolEvol.phy?sequence=1"/>
</mets:file>
</mets:fileGrp>
</mets:fileSec>
<mets:structMap LABEL="DSpace" TYPE="LOGICAL">
<mets:div DMDID="dmd_1" TYPE="DSpace Item">
<mets:div ID="div_2" TYPE="DSpace Content Bitstream">
<mets:fptr FILEID="file_1620"/>
</mets:div>
</mets:div>
</mets:structMap>
</mets:METS>
