<?xml version="1.0" encoding="UTF-8"?>
<mets:METS xmlns:mets="http://www.loc.gov/METS/" xmlns:xlink="http://www.w3.org/TR/xlink/" xmlns:xsi="http://www.w3.org/2001/XMLSchema-instance" xmlns:dim="http://www.dspace.org/xmlns/dspace/dim" OBJEDIT="/admin/item?itemID=47418" OBJID="/handle/10255/dryad.41573" PROFILE="DSPACE METS SIP Profile 1.0" LABEL="DSpace Item" ID="hdl:10255/dryad.41573">
<mets:dmdSec GROUPID="group_dmd_0" ID="dmd_1">
<mets:mdWrap MDTYPE="OTHER" OTHERMDTYPE="DIM">
<mets:xmlData>
<dim:dim dspaceType="ITEM">
<dim:field element="contributor" qualifier="author" mdschema="dc">Hosoya, Sho</dim:field>
<dim:field element="contributor" qualifier="author" mdschema="dc">Kikuchi, Kiyoshi</dim:field>
<dim:field element="date" qualifier="accessioned" mdschema="dc">2012-08-10T20:32:26Z</dim:field>
<dim:field element="date" qualifier="available" mdschema="dc">2013-01-29T18:20:30Z</dim:field>
<dim:field element="date" qualifier="issued" mdschema="dc">2012-08-10</dim:field>
<dim:field element="identifier" mdschema="dc">doi:10.5061/dryad.18nk2/4</dim:field>
<dim:field element="identifier" qualifier="uri" mdschema="dc">http://hdl.handle.net/10255/dryad.41573</dim:field>
<dim:field element="description" language="" mdschema="dc">Original data for Table_2. Individuals were divided into 4 groups according to their genotypes at f198, and SL (mm) for each specimen were listed.</dim:field>
<dim:field element="relation" qualifier="ispartof" mdschema="dc">doi:10.5061/dryad.18nk2</dim:field>
<dim:field element="rights" qualifier="uri" mdschema="dc">http://creativecommons.org/publicdomain/zero/1.0/</dim:field>
<dim:field element="subject" confidence="NOVALUE" language="" mdschema="dc">Adaptive radiation</dim:field>
<dim:field element="subject" confidence="NOVALUE" language="" mdschema="dc">Quantitative Genetics</dim:field>
<dim:field element="subject" confidence="NOVALUE" language="" mdschema="dc">Chromosomal Evolution</dim:field>
<dim:field element="subject" confidence="NOVALUE" language="" mdschema="dc">Evolutionary Genomics</dim:field>
<dim:field element="title" language="" mdschema="dc">Allelic effect</dim:field>
<dim:field element="type" language="*" mdschema="dc">Dataset</dim:field>
<dim:field element="type" qualifier="embargo" language="" mdschema="dc">untilArticleAppears</dim:field>
<dim:field element="dryad" qualifier="pageviews">103</dim:field>
<dim:field element="dryad" qualifier="downloads">9</dim:field>
</dim:dim>
</mets:xmlData>
</mets:mdWrap>
</mets:dmdSec>
<mets:fileSec>
<mets:fileGrp USE="CONTENT">
<mets:file CHECKSUMTYPE="MD5" GROUPID="group_file_124323" ID="file_124323" MIMETYPE="application/vnd.ms-excel" SIZE="17408" CHECKSUM="07843dd12c9b1ec7c1d3b87fea767b62">
<mets:FLocat LOCTYPE="URL" xlink:title="Allelic effect.xls" xlink:label="dataset-file" xlink:type="locator" xlink:href="/bitstream/handle/10255/dryad.41573/Allelic%20effect.xls?sequence=1"/>
</mets:file>
</mets:fileGrp>
</mets:fileSec>
<mets:structMap LABEL="DSpace" TYPE="LOGICAL">
<mets:div DMDID="dmd_1" TYPE="DSpace Item">
<mets:div ID="div_2" TYPE="DSpace Content Bitstream">
<mets:fptr FILEID="file_124323"/>
</mets:div>
</mets:div>
</mets:structMap>
</mets:METS>
