<?xml version="1.0" encoding="UTF-8"?>
<mets:METS xmlns:mets="http://www.loc.gov/METS/" xmlns:xlink="http://www.w3.org/TR/xlink/" xmlns:xsi="http://www.w3.org/2001/XMLSchema-instance" xmlns:dim="http://www.dspace.org/xmlns/dspace/dim" OBJEDIT="/admin/item?itemID=1776" OBJID="/handle/10255/dryad.1550" PROFILE="DSPACE METS SIP Profile 1.0" LABEL="DSpace Item" ID="hdl:10255/dryad.1550">
<mets:dmdSec GROUPID="group_dmd_0" ID="dmd_1">
<mets:mdWrap MDTYPE="OTHER" OTHERMDTYPE="DIM">
<mets:xmlData>
<dim:dim dspaceType="ITEM">
<dim:field element="contributor" qualifier="author" language="en" mdschema="dc">Whitenack, Lisa B.</dim:field>
<dim:field element="contributor" qualifier="author" language="en" mdschema="dc">Motta, Philip J.</dim:field>
<dim:field element="date" qualifier="accessioned" language="" mdschema="dc">2010-05-13T14:59:01Z</dim:field>
<dim:field element="date" qualifier="available" language="" mdschema="dc">2010-05-13T14:59:01Z</dim:field>
<dim:field element="date" qualifier="issued" language="" mdschema="dc">2010-05-13</dim:field>
<dim:field element="identifier" mdschema="dc">doi:10.5061/dryad.1544/6</dim:field>
<dim:field element="identifier" qualifier="uri" language="" mdschema="dc">http://hdl.handle.net/10255/dryad.1550</dim:field>
<dim:field element="description" language="" mdschema="dc">PDFs contain force-displacement traces for all successful performance testing trials. Methods can be found in the original publication (Whitenack &amp; Motta 2010. “Performance of shark teeth during puncture and draw: implications for the mechanics of cutting.” Biological Journal of the Linnean Society). “WhitenackMottaWhiteGruntPunct.pdf” – contains all graphs for puncture tests on white grunt Haemulon plumieri. Each tooth is represented by a color group (blues, reds, or greens), while individual colors within each color group represents a separate trial.</dim:field>
<dim:field element="relation" qualifier="ispartof" language="en" mdschema="dc">doi:10.5061/dryad.1544</dim:field>
<dim:field element="rights" qualifier="uri" language="en" mdschema="dc">http://creativecommons.org/publicdomain/zero/1.0/</dim:field>
<dim:field element="subject" language="en" mdschema="dc">biomechanics</dim:field>
<dim:field element="subject" language="en" mdschema="dc">functional morphology</dim:field>
<dim:field element="title" language="en" mdschema="dc">WhitenackMottaWhiteGruntPunct.pdf</dim:field>
<dim:field element="type" language="en" mdschema="dc">Dataset</dim:field>
<dim:field element="ScientificName" language="en" mdschema="dwc">Elasmobranchii</dim:field>
<dim:field element="ScientificName" language="en" mdschema="dwc">Chondrichthyes</dim:field>
<dim:field element="ScientificName" language="en" mdschema="dwc">Selachii</dim:field>
<dim:field element="dryad" qualifier="pageviews">193</dim:field>
<dim:field element="dryad" qualifier="downloads">90</dim:field>
</dim:dim>
</mets:xmlData>
</mets:mdWrap>
</mets:dmdSec>
<mets:fileSec>
<mets:fileGrp USE="CONTENT">
<mets:file CHECKSUMTYPE="MD5" GROUPID="group_file_1135" ID="file_1135" MIMETYPE="application/pdf" SIZE="864418" CHECKSUM="d152fd5703fd468da2ae08a77ad63d64">
<mets:FLocat LOCTYPE="URL" xlink:title="WhitenackMottaWhiteGruntPunct.pdf" xlink:type="locator" xlink:href="/bitstream/handle/10255/dryad.1550/WhitenackMottaWhiteGruntPunct.pdf?sequence=1"/>
</mets:file>
<mets:file CHECKSUMTYPE="MD5" GROUPID="group_file_1154" ID="file_1154" MIMETYPE="application/msword" SIZE="24576" CHECKSUM="1ec24603f7ade8333da4b0e40c8f58b2">
<mets:FLocat LOCTYPE="URL" xlink:title="README.doc" xlink:label="" xlink:type="locator" xlink:href="/bitstream/handle/10255/dryad.1550/README.doc?sequence=2"/>
</mets:file>
</mets:fileGrp>
<mets:fileGrp USE="TEXT">
<mets:file CHECKSUMTYPE="MD5" GROUPID="group_file_1154" ID="file_1473" MIMETYPE="text/plain" SIZE="1662" CHECKSUM="c37bd8d755287eac3c70a48df3667843">
<mets:FLocat LOCTYPE="URL" xlink:title="README.doc.txt" xlink:label="Extracted text" xlink:type="locator" xlink:href="/bitstream/handle/10255/dryad.1550/README.doc.txt?sequence=3"/>
</mets:file>
<mets:file CHECKSUMTYPE="MD5" GROUPID="group_file_1135" ID="file_121689" MIMETYPE="text/plain" SIZE="13" CHECKSUM="67e866c735744ec6037b77b623ee022d">
<mets:FLocat LOCTYPE="URL" xlink:title="WhitenackMottaWhiteGruntPunct.pdf.txt" xlink:label="Extracted text" xlink:type="locator" xlink:href="/bitstream/handle/10255/dryad.1550/WhitenackMottaWhiteGruntPunct.pdf.txt?sequence=4"/>
</mets:file>
</mets:fileGrp>
</mets:fileSec>
<mets:structMap LABEL="DSpace" TYPE="LOGICAL">
<mets:div DMDID="dmd_1" TYPE="DSpace Item">
<mets:div ID="div_2" TYPE="DSpace Content Bitstream">
<mets:fptr FILEID="file_1135"/>
</mets:div>
<mets:div ID="div_3" TYPE="DSpace Content Bitstream">
<mets:fptr FILEID="file_1154"/>
</mets:div>
</mets:div>
</mets:structMap>
</mets:METS>
