<?xml version="1.0" encoding="UTF-8"?>
<mets:METS xmlns:mets="http://www.loc.gov/METS/" xmlns:xlink="http://www.w3.org/TR/xlink/" xmlns:xsi="http://www.w3.org/2001/XMLSchema-instance" xmlns:dim="http://www.dspace.org/xmlns/dspace/dim" OBJEDIT="/admin/item?itemID=49717" OBJID="/handle/10255/dryad.43095" PROFILE="DSPACE METS SIP Profile 1.0" LABEL="DSpace Item" ID="hdl:10255/dryad.43095">
<mets:dmdSec GROUPID="group_dmd_0" ID="dmd_1">
<mets:mdWrap MDTYPE="OTHER" OTHERMDTYPE="DIM">
<mets:xmlData>
<dim:dim dspaceType="ITEM">
<dim:field element="contributor" qualifier="author" mdschema="dc">Kozak, Genevieve</dim:field>
<dim:field element="contributor" qualifier="author" mdschema="dc">Head, Megan</dim:field>
<dim:field element="contributor" qualifier="author" mdschema="dc">Lackey, Alycia</dim:field>
<dim:field element="contributor" qualifier="author" mdschema="dc">Boughman, Janette</dim:field>
<dim:field element="coverage" qualifier="spatial" language="" mdschema="dc">British Columbia</dim:field>
<dim:field element="identifier" mdschema="dc">doi:10.5061/dryad.16078</dim:field>
<dim:field element="description" language="" mdschema="dc">Sequential mate choice strategies predict how females should alter their choosiness based on the availability of attractive males. While there are many studies on sequential mate choice within species, few have asked if females apply these strategies to interactions between species and how these strategies may affect hybridization. We tested how previous interactions with conspecific and heterospecific males affect mate preference and sexual isolation in two threespine stickleback species (benthics and limnetics: &lt;i&gt;Gasterosteus&lt;/i&gt; spp.). Consistent with previous work, we found that within species, stickleback females gauge male attractiveness relative to previously encountered males. If females extend these decision rules between species, we predicted that previous interactions with conspecifics should make heterospecifics less attractive, while interactions with heterospecifics should make conspecifics more attractive. However, females found heterospecifics less attractive after prior experience, largely independent of the species of male first encountered. Thus, sequential mate choice strategies are used within but not between species in sticklebacks. Further, learning from prior courtship interactions acts to enhance existing sexual isolation between species.</dim:field>
<dim:field element="subject" confidence="NOVALUE" language="" mdschema="dc">Speciation</dim:field>
<dim:field element="subject" confidence="NOVALUE" language="" mdschema="dc">Sexual selection &amp; conflicts</dim:field>
<dim:field element="subject" confidence="NOVALUE" language="" mdschema="dc">Phenotypic plasticity</dim:field>
<dim:field element="subject" confidence="NOVALUE" language="" mdschema="dc">Learning</dim:field>
<dim:field element="subject" confidence="NOVALUE" language="" mdschema="dc">Reproductive isolation</dim:field>
<dim:field element="title" language="" mdschema="dc">Data from: Sequential mate choice and sexual isolation in threespine stickleback species</dim:field>
<dim:field element="type" language="*" mdschema="dc">Article</dim:field>
<dim:field element="ScientificName" confidence="ACCEPTED" language="" mdschema="dwc">Gasterosteus aculeatus</dim:field>
<dim:field element="contributor" qualifier="correspondingAuthor" language="" mdschema="dc">Kozak, Genevieve</dim:field>
<dim:field element="identifier" qualifier="manuscriptNumber" mdschema="dc">EvolBiol-21928063JEB-2012-00549.R1</dim:field>
<dim:field authority="ec07319fa9a98f51fc6d9df10aea706d" element="publicationName" confidence="UNCERTAIN" language="" mdschema="prism">Journal of Evolutionary Biology</dim:field>
<dim:field element="archive" qualifier="mailUsers" mdschema="workflow">jebeditorial@eseb.org</dim:field>
<dim:field element="archive" qualifier="mailUsers" mdschema="workflow">admin@datadryad.org</dim:field>
<dim:field element="archive" qualifier="mailUsers" mdschema="workflow">curator@datadryad.org</dim:field>
<dim:field element="submit" qualifier="skipReviewStage" mdschema="workflow">true</dim:field>
<dim:field element="workflow" qualifier="submitted" mdschema="internal">true</dim:field>
<dim:field element="review" qualifier="mailUsers" mdschema="workflow"/>
</dim:dim>
</mets:xmlData>
</mets:mdWrap>
</mets:dmdSec>
<mets:fileSec/>
<mets:structMap LABEL="DSpace" TYPE="LOGICAL">
<mets:div DMDID="dmd_1" TYPE="DSpace Item"/>
</mets:structMap>
</mets:METS>
