<?xml version="1.0" encoding="UTF-8"?>
<mets:METS xmlns:mets="http://www.loc.gov/METS/" xmlns:xlink="http://www.w3.org/TR/xlink/" xmlns:xsi="http://www.w3.org/2001/XMLSchema-instance" xmlns:dim="http://www.dspace.org/xmlns/dspace/dim" OBJEDIT="/admin/item?itemID=133" OBJID="/handle/10255/dryad.124" PROFILE="DSPACE METS SIP Profile 1.0" LABEL="DSpace Item" ID="hdl:10255/dryad.124">
<mets:dmdSec GROUPID="group_dmd_0" ID="dmd_1">
<mets:mdWrap MDTYPE="OTHER" OTHERMDTYPE="DIM">
<mets:xmlData>
<dim:dim dspaceType="ITEM">
<dim:field element="contributor" qualifier="author" language="" mdschema="dc">Wiens, John J.</dim:field>
<dim:field element="date" qualifier="accessioned" language="" mdschema="dc">2008-04-08T20:34:17Z</dim:field>
<dim:field element="date" qualifier="available" language="" mdschema="dc">2008-04-08T20:34:17Z</dim:field>
<dim:field element="date" qualifier="issued" language="" mdschema="dc">1998-12-30</dim:field>
<dim:field element="identifier" mdschema="dc">doi:10.5061/dryad.123/1</dim:field>
<dim:field element="identifier" qualifier="uri" language="" mdschema="dc">http://hdl.handle.net/10255/dryad.124</dim:field>
<dim:field element="publisher" language="en_US" mdschema="dc">Taylor &amp; Francis</dim:field>
<dim:field element="relation" qualifier="ispartof" language="" mdschema="dc">doi:10.5061/dryad.123</dim:field>
<dim:field element="rights" qualifier="uri" language="" mdschema="dc">http://creativecommons.org/publicdomain/zero/1.0/</dim:field>
<dim:field element="subject" language="" mdschema="dc">phylogenetic accuracy</dim:field>
<dim:field element="subject" language="" mdschema="dc">combined analysis</dim:field>
<dim:field element="subject" language="" mdschema="dc">consensus analysis</dim:field>
<dim:field element="subject" language="" mdschema="dc">separate analysis</dim:field>
<dim:field element="subject" language="" mdschema="dc">computer simulation</dim:field>
<dim:field element="title" language="en_US" mdschema="dc">Wiens Appendices</dim:field>
<dim:field element="type" language="en_US" mdschema="dc">Dataset</dim:field>
<dim:field element="ScientificName" language="" mdschema="dwc">Sceloporus</dim:field>
<dim:field element="status" language="" mdschema="dryad">scanned</dim:field>
<dim:field element="dryad" qualifier="pageviews">128</dim:field>
<dim:field element="dryad" qualifier="downloads">61</dim:field>
</dim:dim>
</mets:xmlData>
</mets:mdWrap>
</mets:dmdSec>
<mets:fileSec>
<mets:fileGrp USE="CONTENT">
<mets:file CHECKSUMTYPE="MD5" GROUPID="group_file_246" ID="file_246" MIMETYPE="text/html" SIZE="198490" CHECKSUM="90100afa67d2fe9474d8127acad3f124">
<mets:FLocat LOCTYPE="URL" xlink:title="wiensapp.html" xlink:type="locator" xlink:href="/bitstream/handle/10255/dryad.124/wiensapp.html?sequence=1"/>
</mets:file>
</mets:fileGrp>
<mets:fileGrp USE="TEXT">
<mets:file CHECKSUMTYPE="MD5" GROUPID="group_file_246" ID="file_1259" MIMETYPE="text/plain" SIZE="20006" CHECKSUM="2f5d0f03e5f758888d23ac556e01b91e">
<mets:FLocat LOCTYPE="URL" xlink:title="wiensapp.html.txt" xlink:label="Extracted text" xlink:type="locator" xlink:href="/bitstream/handle/10255/dryad.124/wiensapp.html.txt?sequence=2"/>
</mets:file>
</mets:fileGrp>
</mets:fileSec>
<mets:structMap LABEL="DSpace" TYPE="LOGICAL">
<mets:div DMDID="dmd_1" TYPE="DSpace Item">
<mets:div ID="div_2" TYPE="DSpace Content Bitstream">
<mets:fptr FILEID="file_246"/>
</mets:div>
</mets:div>
</mets:structMap>
</mets:METS>
