<?xml version="1.0" encoding="UTF-8"?>
<mets:METS xmlns:mets="http://www.loc.gov/METS/" xmlns:xlink="http://www.w3.org/TR/xlink/" xmlns:xsi="http://www.w3.org/2001/XMLSchema-instance" xmlns:dim="http://www.dspace.org/xmlns/dspace/dim" OBJEDIT="/admin/item?itemID=1274" OBJID="/handle/10255/dryad.1114" PROFILE="DSPACE METS SIP Profile 1.0" LABEL="DSpace Item" ID="hdl:10255/dryad.1114">
<mets:dmdSec GROUPID="group_dmd_0" ID="dmd_1">
<mets:mdWrap MDTYPE="OTHER" OTHERMDTYPE="DIM">
<mets:xmlData>
<dim:dim dspaceType="ITEM">
<dim:field element="contributor" qualifier="author" language="en" mdschema="dc">Lepais, Olivier</dim:field>
<dim:field element="contributor" qualifier="author" language="en" mdschema="dc">Darvill, Ben</dim:field>
<dim:field element="contributor" qualifier="author" language="en" mdschema="dc">O'Connor, Stephanie</dim:field>
<dim:field element="contributor" qualifier="author" language="en" mdschema="dc">Osborne, Juliet</dim:field>
<dim:field element="contributor" qualifier="author" language="en" mdschema="dc">Sanderson, Roy</dim:field>
<dim:field element="contributor" qualifier="author" language="en" mdschema="dc">Cussans, John</dim:field>
<dim:field element="contributor" qualifier="author" language="en" mdschema="dc">Goffe, Louis</dim:field>
<dim:field element="contributor" qualifier="author" language="en" mdschema="dc">Goulson, Dave</dim:field>
<dim:field element="coverage" qualifier="spatial" language="en" mdschema="dc">UK</dim:field>
<dim:field element="coverage" qualifier="spatial" language="en" mdschema="dc">Hertfordshire</dim:field>
<dim:field element="date" qualifier="accessioned" mdschema="dc">2009-11-30T19:10:34Z</dim:field>
<dim:field element="date" qualifier="available" mdschema="dc">2009-11-30T19:10:34Z</dim:field>
<dim:field element="date" qualifier="issued" mdschema="dc">2009-11-30T19:10:34Z</dim:field>
<dim:field element="identifier" mdschema="dc">doi:10.5061/dryad.1113/1</dim:field>
<dim:field element="identifier" qualifier="uri" mdschema="dc">http://hdl.handle.net/10255/dryad.1114</dim:field>
<dim:field element="description" language="en" mdschema="dc">Microsatellite data of Bombus pascuorum and B. lapidarius workers and queens collected in the field at 14 different sites. The first four column are individual code, sample site code, cast of individual and date of sampling (early in 2007 or late in 2007 for workers and 2008 for queens), the remaining columns contain the alleles at 9 (pascuorum) or 10 (lapidarius) microsatellite loci (missing data are indicated by "NA").</dim:field>
<dim:field element="relation" qualifier="ispartof" language="en" mdschema="dc">doi:10.5061/dryad.1113</dim:field>
<dim:field element="rights" qualifier="uri" language="en" mdschema="dc">http://creativecommons.org/publicdomain/zero/1.0/</dim:field>
<dim:field element="subject" language="en" mdschema="dc">Bombus</dim:field>
<dim:field element="subject" language="en" mdschema="dc">microsatellite</dim:field>
<dim:field element="subject" language="en" mdschema="dc">kinship</dim:field>
<dim:field element="subject" language="en" mdschema="dc">population structure</dim:field>
<dim:field element="subject" language="en" mdschema="dc">social insects</dim:field>
<dim:field element="title" language="en" mdschema="dc">Bombus pascuorum and B. lapidarius microsatellite data.xls</dim:field>
<dim:field element="type" language="en" mdschema="dc">Dataset</dim:field>
<dim:field element="ScientificName" language="en" mdschema="dwc">Bombus pascuorum</dim:field>
<dim:field element="ScientificName" language="en" mdschema="dwc">Bombus lapidarius</dim:field>
<dim:field element="status" language="" mdschema="dryad">scanned</dim:field>
<dim:field element="dryad" qualifier="pageviews">150</dim:field>
<dim:field element="dryad" qualifier="downloads">90</dim:field>
</dim:dim>
</mets:xmlData>
</mets:mdWrap>
</mets:dmdSec>
<mets:fileSec>
<mets:fileGrp USE="CONTENT">
<mets:file CHECKSUMTYPE="MD5" GROUPID="group_file_950" ID="file_950" MIMETYPE="application/vnd.ms-excel" SIZE="645632" CHECKSUM="df551b141bfe789f0d74feb494397d6e">
<mets:FLocat LOCTYPE="URL" xlink:title="Data for Dryad.xls" xlink:type="locator" xlink:href="/bitstream/handle/10255/dryad.1114/Data%20for%20Dryad.xls?sequence=2"/>
</mets:file>
</mets:fileGrp>
</mets:fileSec>
<mets:structMap LABEL="DSpace" TYPE="LOGICAL">
<mets:div DMDID="dmd_1" TYPE="DSpace Item">
<mets:div ID="div_2" TYPE="DSpace Content Bitstream">
<mets:fptr FILEID="file_950"/>
</mets:div>
</mets:div>
</mets:structMap>
</mets:METS>
