<?xml version="1.0" encoding="UTF-8"?>
<mets:METS xmlns:mets="http://www.loc.gov/METS/" xmlns:xlink="http://www.w3.org/TR/xlink/" xmlns:xsi="http://www.w3.org/2001/XMLSchema-instance" xmlns:dim="http://www.dspace.org/xmlns/dspace/dim" OBJEDIT="/admin/item?itemID=57181" OBJID="/handle/10255/dryad.48087" PROFILE="DSPACE METS SIP Profile 1.0" LABEL="DSpace Item" ID="hdl:10255/dryad.48087">
<mets:dmdSec GROUPID="group_dmd_0" ID="dmd_1">
<mets:mdWrap MDTYPE="OTHER" OTHERMDTYPE="DIM">
<mets:xmlData>
<dim:dim dspaceType="ITEM">
<dim:field element="contributor" qualifier="author" mdschema="dc">Dinh, Phong</dim:field>
<dim:field element="contributor" qualifier="author" mdschema="dc">Duong, Tang</dim:field>
<dim:field element="contributor" qualifier="author" mdschema="dc">Vu, Hien</dim:field>
<dim:field element="contributor" qualifier="author" mdschema="dc">Nong, Hai</dim:field>
<dim:field element="contributor" qualifier="author" mdschema="dc">Nguyen, Ton</dim:field>
<dim:field element="identifier" mdschema="dc">doi:10.5061/dryad.18k53</dim:field>
<dim:field element="description" language="" mdschema="dc">ABSTRACT This study checked five nucleotide regions to distinguish eight plant species in genus Dalbergia (D. oliveri, D. cochinchinensis, D. nigrescens, D. tonkinensis, D. assamica, D. entadoides, D. hancei and D. discolor) of Vietnam. A nuclear ribosomal DNA internal transcribed sequence (ITS) and four chloroplast DNA fragments (trnL, designed-matK, matk-barcode and psbA-trnH) were used to analyze the sequences. Nucleotide differences within species were found in the ITS region, however the variation was very small (about 0.22% of analyzed length of sequences). The highest divergence region was ITS (7.4%), followed by psbA-trnH (2.2%), trnL (1.5%), designed-matK (1.2%) and matK-barcode (1.3%). The number of variable sites for individual loci ranged from 13 (psbA-trnH) to 111 (ITS). Analyses based on threshold genetic distances, hierarchical tree-based and diagnostic character differences methods indicated that only nuclear ITS region could be used to diagnose eight studied species. ITS region has also the highest divergence among species and is the most powerful tool for distinguishing these species. Keywords: Dalbergia, DNA barcoding, endangered, rare wood, taxonomy.</dim:field>
<dim:field element="subject" confidence="NOVALUE" language="" mdschema="dc">Dalbergia</dim:field>
<dim:field element="subject" confidence="NOVALUE" language="" mdschema="dc">DNA Barcoding</dim:field>
<dim:field element="subject" confidence="NOVALUE" language="" mdschema="dc">endangered</dim:field>
<dim:field element="subject" confidence="NOVALUE" language="" mdschema="dc">rare wood</dim:field>
<dim:field element="subject" confidence="NOVALUE" language="" mdschema="dc">taxonomy</dim:field>
<dim:field element="title" language="" mdschema="dc">Data from: An evaluation of suitable nucleotide regions for distinguishing some species of Dalbergia genus in Vietnam</dim:field>
<dim:field element="type" language="*" mdschema="dc">Article</dim:field>
<dim:field element="contributor" qualifier="correspondingAuthor" language="" mdschema="dc">Dinh, Phong</dim:field>
<dim:field element="identifier" qualifier="manuscriptNumber" mdschema="dc">MolEcolRes-MER-13-0104</dim:field>
<dim:field authority="ba707c53c47ca95038c3e101c63d90f8" element="publicationName" confidence="UNCERTAIN" language="" mdschema="prism">Molecular Ecology Resources</dim:field>
<dim:field element="archive" qualifier="mailUsers" mdschema="workflow">editorial.office@molecol.com</dim:field>
<dim:field element="archive" qualifier="mailUsers" mdschema="workflow">admin@datadryad.org</dim:field>
<dim:field element="archive" qualifier="mailUsers" mdschema="workflow">curator@datadryad.org</dim:field>
<dim:field element="submit" qualifier="skipReviewStage" mdschema="workflow">false</dim:field>
<dim:field element="workflow" qualifier="submitted" mdschema="internal">true</dim:field>
<dim:field element="review" qualifier="mailUsers" mdschema="workflow">editorial.office@molecol.com</dim:field>
<dim:field element="review" qualifier="mailUsers" mdschema="workflow">managing.editor@molecol.com</dim:field>
<dim:field element="review" qualifier="mailUsers" mdschema="workflow">admin@datadryad.org</dim:field>
<dim:field element="review" qualifier="mailUsers" mdschema="workflow">curator@datadryad.org</dim:field>
</dim:dim>
</mets:xmlData>
</mets:mdWrap>
</mets:dmdSec>
<mets:fileSec/>
<mets:structMap LABEL="DSpace" TYPE="LOGICAL">
<mets:div DMDID="dmd_1" TYPE="DSpace Item"/>
</mets:structMap>
</mets:METS>
