<?xml version="1.0" encoding="UTF-8"?>
<mets:METS xmlns:mets="http://www.loc.gov/METS/" xmlns:xlink="http://www.w3.org/TR/xlink/" xmlns:xsi="http://www.w3.org/2001/XMLSchema-instance" xmlns:dim="http://www.dspace.org/xmlns/dspace/dim" OBJEDIT="/admin/item?itemID=225" OBJID="/handle/10255/dryad.205" PROFILE="DSPACE METS SIP Profile 1.0" LABEL="DSpace Item" ID="hdl:10255/dryad.205">
<mets:dmdSec GROUPID="group_dmd_0" ID="dmd_1">
<mets:mdWrap MDTYPE="OTHER" OTHERMDTYPE="DIM">
<mets:xmlData>
<dim:dim dspaceType="ITEM">
<dim:field element="contributor" qualifier="author" language="" mdschema="dc">Newton, Alicia</dim:field>
<dim:field element="contributor" qualifier="author" language="" mdschema="dc">Pistiner, Janna</dim:field>
<dim:field element="coverage" qualifier="spatial" language="" mdschema="dc">Santa Cruz, Bahía Tortuga</dim:field>
<dim:field element="coverage" qualifier="temporal" language="" mdschema="dc">Date: 8/12/1999</dim:field>
<dim:field element="date" qualifier="accessioned" language="" mdschema="dc">2008-10-03T16:17:20Z</dim:field>
<dim:field element="date" qualifier="available" language="" mdschema="dc">2008-10-03T16:17:20Z</dim:field>
<dim:field element="date" qualifier="issued" language="" mdschema="dc">1999-08</dim:field>
<dim:field element="identifier" mdschema="dc">doi:10.5061/dryad.159/16</dim:field>
<dim:field element="identifier" qualifier="uri" language="" mdschema="dc">http://hdl.handle.net/10255/dryad.205</dim:field>
<dim:field element="description" language="en_US" mdschema="dc">Standing in coastal zone and looking up into ariz zone.&#13;
&#13;
Zone:	Coastal</dim:field>
<dim:field element="relation" qualifier="ispartof" language="" mdschema="dc">http://hdl.handle.net/10255/dryad.159</dim:field>
<dim:field element="rights" qualifier="uri" language="" mdschema="dc">http://datadryad.org/bitstream/handle/10255/dryad.205/license.txt?sequence=2</dim:field>
<dim:field element="subject" language="en_US" mdschema="dc">Coastal zone</dim:field>
<dim:field element="subject" language="en_US" mdschema="dc">Habitat</dim:field>
<dim:field element="title" language="en_US" mdschema="dc">Panorama of a Coastal-Zone Frigate Bird Nesting Colony</dim:field>
<dim:field element="type" language="en_US" mdschema="dc">Image</dim:field>
<dim:field element="ScientificName" language="" mdschema="dwc">Fregata</dim:field>
<dim:field element="dryad" qualifier="pageviews">605</dim:field>
<dim:field element="dryad" qualifier="downloads">357</dim:field>
</dim:dim>
</mets:xmlData>
</mets:mdWrap>
</mets:dmdSec>
<mets:fileSec>
<mets:fileGrp USE="CONTENT">
<mets:file CHECKSUMTYPE="MD5" GROUPID="group_file_415" ID="file_415" MIMETYPE="video/quicktime" SIZE="1781061" CHECKSUM="9b5892cc714d740cef9c131af40365da">
<mets:FLocat LOCTYPE="URL" xlink:title="Nesting_L.mov" xlink:type="locator" xlink:href="/bitstream/handle/10255/dryad.205/Nesting_L.mov?sequence=1"/>
</mets:file>
</mets:fileGrp>
<mets:fileGrp USE="LICENSE">
<mets:file CHECKSUMTYPE="MD5" GROUPID="group_file_416" ID="file_416" MIMETYPE="text/plain" SIZE="784" CHECKSUM="2ec048598cc28446665d0bf87452cfb6">
<mets:FLocat LOCTYPE="URL" xlink:title="license.txt" xlink:type="locator" xlink:href="/bitstream/handle/10255/dryad.205/license.txt?sequence=2"/>
</mets:file>
</mets:fileGrp>
</mets:fileSec>
<mets:structMap LABEL="DSpace" TYPE="LOGICAL">
<mets:div DMDID="dmd_1" TYPE="DSpace Item">
<mets:div ID="div_2" TYPE="DSpace Content Bitstream">
<mets:fptr FILEID="file_415"/>
</mets:div>
</mets:div>
</mets:structMap>
</mets:METS>
