<?xml version="1.0" encoding="UTF-8"?>
<mets:METS xmlns:mets="http://www.loc.gov/METS/" xmlns:xlink="http://www.w3.org/TR/xlink/" xmlns:xsi="http://www.w3.org/2001/XMLSchema-instance" xmlns:dim="http://www.dspace.org/xmlns/dspace/dim" OBJEDIT="/admin/item?itemID=21316" OBJID="/handle/10255/dryad.19947" PROFILE="DSPACE METS SIP Profile 1.0" LABEL="DSpace Item" ID="hdl:10255/dryad.19947">
<mets:dmdSec GROUPID="group_dmd_0" ID="dmd_1">
<mets:mdWrap MDTYPE="OTHER" OTHERMDTYPE="DIM">
<mets:xmlData>
<dim:dim dspaceType="ITEM">
<dim:field element="contributor" qualifier="author" language="" mdschema="dc">Mühlhoff, Nelly</dim:field>
<dim:field element="contributor" qualifier="author" language="" mdschema="dc">Stevens, Jeffrey R</dim:field>
<dim:field element="contributor" qualifier="author" language="" mdschema="dc">Reader, Simon M</dim:field>
<dim:field element="date" qualifier="accessioned" mdschema="dc">2011-04-26T20:52:06Z</dim:field>
<dim:field element="date" qualifier="available" mdschema="dc">2011-04-26T20:52:06Z</dim:field>
<dim:field element="date" qualifier="issued" mdschema="dc">2011-04-26</dim:field>
<dim:field element="identifier" mdschema="dc">doi:10.5061/dryad.023g3/1</dim:field>
<dim:field element="identifier" qualifier="uri" mdschema="dc">http://hdl.handle.net/10255/dryad.19947</dim:field>
<dim:field element="description" language="en" mdschema="dc">These data were collected from August 2009 to February 2010 as part of a spatial discounting experiment in guppies (Poecilia reticulata). &#13;
Citation: Mühlhoff, N., Stevens, J.R., &amp; Reader, S.M. (2011). Spatial discounting of food and social rewards in guppies (Poecilia reticulata). Frontiers in Psychology, 2, 68. doi: 10.3389/fpsyg.2011.00068&#13;
Created by Jeffrey R. Stevens on 26 April 2011 (jeffrey.r.stevens@gmail.com),&#13;
ReadMe file is available in the zip file.</dim:field>
<dim:field element="relation" qualifier="ispartof" language="" mdschema="dc">doi:10.5061/dryad.023g3</dim:field>
<dim:field element="rights" qualifier="uri" language="" mdschema="dc">http://creativecommons.org/publicdomain/zero/1.0/</dim:field>
<dim:field element="subject" language="en" mdschema="dc">discounting</dim:field>
<dim:field element="subject" language="en" mdschema="dc">grouping</dim:field>
<dim:field element="subject" language="en" mdschema="dc">intertemporal choice</dim:field>
<dim:field element="subject" language="en" mdschema="dc">reward types</dim:field>
<dim:field element="subject" language="en" mdschema="dc">shoaling</dim:field>
<dim:field element="subject" language="en" mdschema="dc">spatiotemporal choice</dim:field>
<dim:field element="title" language="en" mdschema="dc">muehlhoff_data</dim:field>
<dim:field element="type" language="*" mdschema="dc">Dataset</dim:field>
<dim:field element="ScientificName" language="en" mdschema="dwc">Poecilia reticulata</dim:field>
<dim:field element="type" qualifier="embargo" language="en" mdschema="dc">none</dim:field>
<dim:field element="dryad" qualifier="pageviews">135</dim:field>
<dim:field element="dryad" qualifier="downloads">132</dim:field>
</dim:dim>
</mets:xmlData>
</mets:mdWrap>
</mets:dmdSec>
<mets:fileSec>
<mets:fileGrp USE="CONTENT">
<mets:file CHECKSUMTYPE="MD5" GROUPID="group_file_59596" ID="file_59596" MIMETYPE="application/zip" SIZE="15873" CHECKSUM="d8ce9a45b79e08a1575627dee37597fd">
<mets:FLocat LOCTYPE="URL" xlink:title="muehlhoff_data.zip" xlink:label="dataset-file" xlink:type="locator" xlink:href="/bitstream/handle/10255/dryad.19947/muehlhoff_data.zip?sequence=1"/>
</mets:file>
<mets:file CHECKSUMTYPE="MD5" GROUPID="group_file_68811" ID="file_68811" MIMETYPE="text/plain" SIZE="3022" CHECKSUM="3399731f849301b1fcc01dac5d76b32b">
<mets:FLocat LOCTYPE="URL" xlink:title="README.txt" xlink:label="dc_readme" xlink:type="locator" xlink:href="/bitstream/handle/10255/dryad.19947/README.txt?sequence=4"/>
</mets:file>
</mets:fileGrp>
<mets:fileGrp USE="TEXT">
<mets:file CHECKSUMTYPE="MD5" GROUPID="group_file_68811" ID="file_113955" MIMETYPE="text/plain" SIZE="2973" CHECKSUM="3ad27fdc17f7c8031ecbc948a0b220b3">
<mets:FLocat LOCTYPE="URL" xlink:title="README.txt.txt" xlink:label="Extracted text" xlink:type="locator" xlink:href="/bitstream/handle/10255/dryad.19947/README.txt.txt?sequence=5"/>
</mets:file>
</mets:fileGrp>
</mets:fileSec>
<mets:structMap LABEL="DSpace" TYPE="LOGICAL">
<mets:div DMDID="dmd_1" TYPE="DSpace Item">
<mets:div ID="div_2" TYPE="DSpace Content Bitstream">
<mets:fptr FILEID="file_59596"/>
</mets:div>
<mets:div ID="div_3" TYPE="DSpace Content Bitstream">
<mets:fptr FILEID="file_68811"/>
</mets:div>
</mets:div>
</mets:structMap>
</mets:METS>
