<?xml version="1.0" encoding="UTF-8"?>
<mets:METS xmlns:mets="http://www.loc.gov/METS/" xmlns:xlink="http://www.w3.org/TR/xlink/" xmlns:xsi="http://www.w3.org/2001/XMLSchema-instance" xmlns:dim="http://www.dspace.org/xmlns/dspace/dim" OBJEDIT="/admin/item?itemID=1424" OBJID="/handle/10255/dryad.1249" PROFILE="DSPACE METS SIP Profile 1.0" LABEL="DSpace Item" ID="hdl:10255/dryad.1249">
<mets:dmdSec GROUPID="group_dmd_0" ID="dmd_1">
<mets:mdWrap MDTYPE="OTHER" OTHERMDTYPE="DIM">
<mets:xmlData>
<dim:dim dspaceType="ITEM">
<dim:field element="contributor" qualifier="author" language="en" mdschema="dc">Fuller, Rebecca</dim:field>
<dim:field element="contributor" qualifier="author" language="en" mdschema="dc">Noa, Leslie A</dim:field>
<dim:field element="contributor" qualifier="author" language="en" mdschema="dc">Strellner, Reid S</dim:field>
<dim:field element="coverage" qualifier="spatial" language="en" mdschema="dc">Florida</dim:field>
<dim:field element="coverage" qualifier="spatial" language="en" mdschema="dc">Everglades drainage</dim:field>
<dim:field element="coverage" qualifier="spatial" language="en" mdschema="dc">Wakulla River Drainage</dim:field>
<dim:field element="coverage" qualifier="temporal" language="en" mdschema="dc">Holocene</dim:field>
<dim:field element="date" qualifier="accessioned" language="" mdschema="dc">2010-02-25T18:38:03Z</dim:field>
<dim:field element="date" qualifier="available" language="" mdschema="dc">2010-02-25T18:38:03Z</dim:field>
<dim:field element="date" qualifier="issued" language="" mdschema="dc">2010-02-25T18:38:03Z</dim:field>
<dim:field element="identifier" mdschema="dc">doi:10.5061/dryad.1246/3</dim:field>
<dim:field element="identifier" qualifier="uri" language="" mdschema="dc">http://hdl.handle.net/10255/dryad.1249</dim:field>
<dim:field element="description" language="en" mdschema="dc">This data set provides behavioral data for a pecking assay designed to assess the preferences of animals among different colors in a non-mating scenario.  This data set provides the total number of pecks at red, orange, yellow, green, blue, white, and black dots summed across two replicate measures of pecking behavior for each tank in each testing environment.  Some tanks only pecked on one occasion.  For those, we simply report the number of pecks on that trial.  Sire ID, Dam ID, Tank ID, Sire Population, Dam Population, and Rearing Environment are as reported in Table A1.  Tanks with fewer than 5 total pecks in a given testing environment were excluded from the analysis.</dim:field>
<dim:field element="relation" qualifier="ispartof" language="en" mdschema="dc">doi:10.5061/dryad.1246</dim:field>
<dim:field element="rights" qualifier="uri" language="en" mdschema="dc">http://creativecommons.org/publicdomain/zero/1.0/</dim:field>
<dim:field element="subject" language="en" mdschema="dc">Behavior: reproductive</dim:field>
<dim:field element="subject" language="en" mdschema="dc">Phenotypic plasticity</dim:field>
<dim:field element="subject" language="en" mdschema="dc">Sensory biology</dim:field>
<dim:field element="subject" language="en" mdschema="dc">Lakes/ponds</dim:field>
<dim:field element="subject" language="en" mdschema="dc">Streams/rivers</dim:field>
<dim:field element="subject" language="en" mdschema="dc">Fish</dim:field>
<dim:field element="subject" language="en" mdschema="dc">sensory drive</dim:field>
<dim:field element="subject" language="en" mdschema="dc">foraging</dim:field>
<dim:field element="subject" language="en" mdschema="dc">lighting environment</dim:field>
<dim:field element="subject" language="en" mdschema="dc">sensory bias</dim:field>
<dim:field element="title" language="en" mdschema="dc">tablea2.xls</dim:field>
<dim:field element="type" language="en" mdschema="dc">Dataset</dim:field>
<dim:field element="ScientificName" language="en" mdschema="dwc">Cyprinodontiformes</dim:field>
<dim:field element="ScientificName" language="en" mdschema="dwc">Fundulidae</dim:field>
<dim:field element="ScientificName" language="en" mdschema="dwc">Lucania goodei</dim:field>
<dim:field element="status" language="" mdschema="dryad">scanned</dim:field>
<dim:field element="dryad" qualifier="pageviews">134</dim:field>
<dim:field element="dryad" qualifier="downloads">75</dim:field>
</dim:dim>
</mets:xmlData>
</mets:mdWrap>
</mets:dmdSec>
<mets:fileSec>
<mets:fileGrp USE="CONTENT">
<mets:file CHECKSUMTYPE="MD5" GROUPID="group_file_1004" ID="file_1004" MIMETYPE="application/vnd.ms-excel" SIZE="47616" CHECKSUM="089959a2029e61ae3c6f989062f84cb6">
<mets:FLocat LOCTYPE="URL" xlink:title="TableA3.xls" xlink:type="locator" xlink:href="/bitstream/handle/10255/dryad.1249/TableA3.xls?sequence=1"/>
</mets:file>
</mets:fileGrp>
</mets:fileSec>
<mets:structMap LABEL="DSpace" TYPE="LOGICAL">
<mets:div DMDID="dmd_1" TYPE="DSpace Item">
<mets:div ID="div_2" TYPE="DSpace Content Bitstream">
<mets:fptr FILEID="file_1004"/>
</mets:div>
</mets:div>
</mets:structMap>
</mets:METS>
