<?xml version="1.0" encoding="UTF-8"?>
<mets:METS xmlns:mets="http://www.loc.gov/METS/" xmlns:xlink="http://www.w3.org/TR/xlink/" xmlns:xsi="http://www.w3.org/2001/XMLSchema-instance" xmlns:dim="http://www.dspace.org/xmlns/dspace/dim" OBJEDIT="/admin/item?itemID=1472" OBJID="/handle/10255/dryad.1290" PROFILE="DSPACE METS SIP Profile 1.0" LABEL="DSpace Item" ID="hdl:10255/dryad.1290">
<mets:dmdSec GROUPID="group_dmd_0" ID="dmd_1">
<mets:mdWrap MDTYPE="OTHER" OTHERMDTYPE="DIM">
<mets:xmlData>
<dim:dim dspaceType="ITEM">
<dim:field element="contributor" qualifier="author" language="en" mdschema="dc">Hansen, Michael</dim:field>
<dim:field element="contributor" qualifier="author" language="en" mdschema="dc">Meier, Kristian</dim:field>
<dim:field element="contributor" qualifier="author" language="en" mdschema="dc">Mensberg, Karen-Lise</dim:field>
<dim:field element="coverage" qualifier="spatial" language="en" mdschema="dc">Western Jutland Denmark</dim:field>
<dim:field element="coverage" qualifier="temporal" language="en" mdschema="dc">1943-2006</dim:field>
<dim:field element="date" qualifier="accessioned" language="" mdschema="dc">2010-03-03T21:19:54Z</dim:field>
<dim:field element="date" qualifier="available" mdschema="dc">2011-03-03T07:30:05Z</dim:field>
<dim:field element="date" qualifier="issued" language="" mdschema="dc">2010-03-03T21:19:54Z</dim:field>
<dim:field element="identifier" mdschema="dc">doi:10.5061/dryad.1289/1</dim:field>
<dim:field element="identifier" qualifier="uri" language="" mdschema="dc">http://hdl.handle.net/10255/dryad.1290</dim:field>
<dim:field element="description" language="en" mdschema="dc">Brown trout microsatellite data (61 loci). The data set consists of samples from three wild brown trout populations in Western Jutland, Denmark, along with samples from two hatchery strains used for stocking. The samples of wild trout populations consist of contemporary samples (2000-2006). Moreover, two of the populations are also represented by historical samples from 1943-1956. See Hansen et al. (2010) for further details. The data file is in MSA format [Dieringer D, Schlotterer C (2003) Microsatellite Analyser (msa): a platform independent analysis tool for large microsatellite data sets. Molecular Ecology Notes, 3, 167–169].</dim:field>
<dim:field element="relation" qualifier="ispartof" language="en" mdschema="dc">doi:10.5061/dryad.1289</dim:field>
<dim:field element="rights" qualifier="uri" language="en" mdschema="dc">http://creativecommons.org/publicdomain/zero/1.0/</dim:field>
<dim:field element="subject" language="en" mdschema="dc">Conservation Genetics</dim:field>
<dim:field element="subject" language="en" mdschema="dc">Fish</dim:field>
<dim:field element="subject" language="en" mdschema="dc">Natural Selection and Contemporary Evolution</dim:field>
<dim:field element="subject" language="en" mdschema="dc">Population Genetics - Empirical</dim:field>
<dim:field element="title" language="en" mdschema="dc">Hansen et al 2010 MEC.xlsx</dim:field>
<dim:field element="type" language="en" mdschema="dc">Dataset</dim:field>
<dim:field element="ScientificName" language="en" mdschema="dwc">Salmo trutta</dim:field>
<dim:field element="status" language="" mdschema="dryad">scanned</dim:field>
<dim:field element="dryad" qualifier="pageviews">139</dim:field>
<dim:field element="dryad" qualifier="downloads">69</dim:field>
</dim:dim>
</mets:xmlData>
</mets:mdWrap>
</mets:dmdSec>
<mets:fileSec>
<mets:fileGrp USE="CONTENT">
<mets:file CHECKSUMTYPE="MD5" GROUPID="group_file_1018" ID="file_1018" MIMETYPE="application/vnd.openxmlformats-officedocument.spreadsheetml.sheet" SIZE="171251" CHECKSUM="4303feb2ec573415d41ed42b1a54a4d6">
<mets:FLocat LOCTYPE="URL" xlink:title="Hansen et al 2010 MEC.xlsx" xlink:type="locator" xlink:href="/bitstream/handle/10255/dryad.1290/Hansen%20et%20al%202010%20MEC.xlsx?sequence=2"/>
</mets:file>
</mets:fileGrp>
</mets:fileSec>
<mets:structMap LABEL="DSpace" TYPE="LOGICAL">
<mets:div DMDID="dmd_1" TYPE="DSpace Item">
<mets:div ID="div_2" TYPE="DSpace Content Bitstream">
<mets:fptr FILEID="file_1018"/>
</mets:div>
</mets:div>
</mets:structMap>
</mets:METS>
