<?xml version="1.0" encoding="UTF-8"?>
<mets:METS xmlns:mets="http://www.loc.gov/METS/" xmlns:xlink="http://www.w3.org/TR/xlink/" xmlns:xsi="http://www.w3.org/2001/XMLSchema-instance" xmlns:dim="http://www.dspace.org/xmlns/dspace/dim" OBJEDIT="/admin/item?itemID=56137" OBJID="/handle/10255/dryad.47346" PROFILE="DSPACE METS SIP Profile 1.0" LABEL="DSpace Item" ID="hdl:10255/dryad.47346">
<mets:dmdSec GROUPID="group_dmd_0" ID="dmd_1">
<mets:mdWrap MDTYPE="OTHER" OTHERMDTYPE="DIM">
<mets:xmlData>
<dim:dim dspaceType="ITEM">
<dim:field element="contributor" qualifier="author" mdschema="dc">Pavlova, Alexandra</dim:field>
<dim:field element="contributor" qualifier="author" mdschema="dc">Amos, Nevil</dim:field>
<dim:field element="contributor" qualifier="author" mdschema="dc">Joseph, Leo</dim:field>
<dim:field element="contributor" qualifier="author" mdschema="dc">Loynes, Kate</dim:field>
<dim:field element="contributor" qualifier="author" mdschema="dc">Austin, Jeremy J.</dim:field>
<dim:field element="contributor" qualifier="author" mdschema="dc">Keogh, Scott</dim:field>
<dim:field element="contributor" qualifier="author" mdschema="dc">Stone, Graham N.</dim:field>
<dim:field element="contributor" qualifier="author" mdschema="dc">Nicholls, James Allan</dim:field>
<dim:field element="contributor" qualifier="author" mdschema="dc">Sunnucks, Paul</dim:field>
<dim:field element="coverage" qualifier="spatial" language="" mdschema="dc">Eastern Australia</dim:field>
<dim:field element="coverage" qualifier="temporal" language="" mdschema="dc">Pleistocene-Holocene</dim:field>
<dim:field element="identifier" mdschema="dc">doi:10.5061/dryad.0d1p3</dim:field>
<dim:field element="description" language="" mdschema="dc">Relationships among multi-locus genetic variation, geography and environment can reveal how evolutionary processes affect genomes. We examined the evolution of an Australian bird, the eastern yellow robin Eopsaltria australis, using mitochondrial (mtDNA) and nuclear (nDNA) genetic markers, and bioclimatic variables. In southeastern Australia, two divergent mtDNA lineages occur east and west of the Great Dividing Range, perpendicular to latitudinal nDNA structure. We evaluated alternative scenarios to explain this striking discordance in landscape genetic patterning. Stochastic mtDNA lineage sorting can be rejected because the mtDNA lineages are essentially distinct geographically for &gt;1500 km. Vicariance is unlikely: the Great Dividing Range is neither a current barrier nor was it at the Last Glacial Maximum according to species distribution modeling; nuclear gene flow inferred from coalescent analysis affirms this. Female philopatry contradicts known female-biased dispersal. Contrasting mtDNA and nDNA demographies indicate their evolutionary histories are decoupled. Distance-based redundancy analysis, in which environmental temperatures explain mtDNA variance above that explained by geographic position and isolation-by-distance, favors a non-neutral explanation for mitochondrial phylogeographic patterning. Thus, observed mito-nuclear discordance accords with environmental selection on a female-linked trait, such as mtDNA, mtDNA-nDNA interactions or genes on W-chromosome, driving mitochondrial divergence in the presence of nuclear gene flow.</dim:field>
<dim:field element="subject" confidence="NOVALUE" language="" mdschema="dc">Gene Flow</dim:field>
<dim:field element="subject" confidence="NOVALUE" language="" mdschema="dc">Molecular Evolution</dim:field>
<dim:field element="subject" confidence="NOVALUE" language="" mdschema="dc">Phylogeography</dim:field>
<dim:field element="subject" confidence="NOVALUE" language="" mdschema="dc">Selection - Natural</dim:field>
<dim:field element="subject" confidence="NOVALUE" language="" mdschema="dc">Coalescent Theory</dim:field>
<dim:field element="subject" confidence="NOVALUE" language="" mdschema="dc">Genetic Drift</dim:field>
<dim:field element="title" language="" mdschema="dc">Data from: Perched at the mito-nuclear crossroads: divergent mitochondrial lineages correlate with environment in the face of ongoing nuclear gene flow in an Australian bird</dim:field>
<dim:field element="type" language="*" mdschema="dc">Article</dim:field>
<dim:field element="ScientificName" confidence="ACCEPTED" language="" mdschema="dwc">Eopsaltria australis</dim:field>
<dim:field element="contributor" qualifier="correspondingAuthor" language="" mdschema="dc">Pavlova, Alexandra</dim:field>
<dim:field element="identifier" qualifier="manuscriptNumber" mdschema="dc">evolution-12-0536.R2</dim:field>
<dim:field authority="93e8cc2f2c239b286acfcf5d20ffc830" element="publicationName" confidence="UNCERTAIN" language="" mdschema="prism">Evolution</dim:field>
<dim:field element="archive" qualifier="mailUsers" mdschema="workflow">pcress@wiley.com</dim:field>
<dim:field element="archive" qualifier="mailUsers" mdschema="workflow">admin@datadryad.org</dim:field>
<dim:field element="archive" qualifier="mailUsers" mdschema="workflow">curator@datadryad.org</dim:field>
<dim:field element="submit" qualifier="skipReviewStage" mdschema="workflow">true</dim:field>
<dim:field element="workflow" qualifier="submitted" mdschema="internal">true</dim:field>
<dim:field element="review" qualifier="mailUsers" mdschema="workflow"/>
</dim:dim>
</mets:xmlData>
</mets:mdWrap>
</mets:dmdSec>
<mets:fileSec/>
<mets:structMap LABEL="DSpace" TYPE="LOGICAL">
<mets:div DMDID="dmd_1" TYPE="DSpace Item"/>
</mets:structMap>
</mets:METS>
