<?xml version="1.0" encoding="UTF-8"?>
<mets:METS xmlns:mets="http://www.loc.gov/METS/" xmlns:xlink="http://www.w3.org/TR/xlink/" xmlns:xsi="http://www.w3.org/2001/XMLSchema-instance" xmlns:dim="http://www.dspace.org/xmlns/dspace/dim" OBJEDIT="/admin/item?itemID=1640" OBJID="/handle/10255/dryad.1433" PROFILE="DSPACE METS SIP Profile 1.0" LABEL="DSpace Item" ID="hdl:10255/dryad.1433">
<mets:dmdSec GROUPID="group_dmd_0" ID="dmd_1">
<mets:mdWrap MDTYPE="OTHER" OTHERMDTYPE="DIM">
<mets:xmlData>
<dim:dim dspaceType="ITEM">
<dim:field element="contributor" qualifier="author" language="en" mdschema="dc">Symonds, Matthew R. E.</dim:field>
<dim:field element="contributor" qualifier="author" language="en" mdschema="dc">Tattersall, Glenn J.</dim:field>
<dim:field element="coverage" qualifier="spatial" language="en" mdschema="dc">Australia</dim:field>
<dim:field element="coverage" qualifier="spatial" language="en" mdschema="dc">Antarctica</dim:field>
<dim:field element="coverage" qualifier="spatial" language="en" mdschema="dc">Africa</dim:field>
<dim:field element="coverage" qualifier="spatial" language="en" mdschema="dc">South America</dim:field>
<dim:field element="coverage" qualifier="spatial" language="en" mdschema="dc">North America</dim:field>
<dim:field element="date" qualifier="accessioned" language="" mdschema="dc">2010-04-05T16:02:13Z</dim:field>
<dim:field element="date" qualifier="available" language="" mdschema="dc">2010-04-05T16:02:13Z</dim:field>
<dim:field element="date" qualifier="issued" language="" mdschema="dc">2010-04-05T16:02:13Z</dim:field>
<dim:field element="identifier" mdschema="dc">doi:10.5061/dryad.1421/2</dim:field>
<dim:field element="identifier" qualifier="uri" language="" mdschema="dc">http://hdl.handle.net/10255/dryad.1433</dim:field>
<dim:field element="relation" qualifier="ispartof" language="en" mdschema="dc">doi:10.5061/dryad.1421</dim:field>
<dim:field element="rights" qualifier="uri" language="en" mdschema="dc">http://creativecommons.org/publicdomain/zero/1.0/</dim:field>
<dim:field element="subject" language="en" mdschema="dc">Altitude</dim:field>
<dim:field element="subject" language="en" mdschema="dc">beak size</dim:field>
<dim:field element="subject" language="en" mdschema="dc">ecogeographical rules</dim:field>
<dim:field element="subject" language="en" mdschema="dc">latitude</dim:field>
<dim:field element="subject" language="en" mdschema="dc">temperature</dim:field>
<dim:field element="subject" language="en" mdschema="dc">thermoregulation</dim:field>
<dim:field element="title" language="en" mdschema="dc">Symonds &amp; Tattersall data 2.doc</dim:field>
<dim:field element="type" language="en" mdschema="dc">Dataset</dim:field>
<dim:field element="ScientificName" language="en" mdschema="dwc">Ramphastidae</dim:field>
<dim:field element="ScientificName" language="en" mdschema="dwc">Lybiidae</dim:field>
<dim:field element="ScientificName" language="en" mdschema="dwc">Psittaciformes</dim:field>
<dim:field element="ScientificName" language="en" mdschema="dwc">Estrildidae</dim:field>
<dim:field element="ScientificName" language="en" mdschema="dwc">Spheniscidae</dim:field>
<dim:field element="ScientificName" language="en" mdschema="dwc">Galliformes</dim:field>
<dim:field element="ScientificName" language="en" mdschema="dwc">Laridae</dim:field>
<dim:field element="ScientificName" language="en" mdschema="dwc">Sternidae</dim:field>
<dim:field element="status" language="" mdschema="dryad">scanned</dim:field>
<dim:field element="dryad" qualifier="pageviews">234</dim:field>
<dim:field element="dryad" qualifier="downloads">189</dim:field>
</dim:dim>
</mets:xmlData>
</mets:mdWrap>
</mets:dmdSec>
<mets:fileSec>
<mets:fileGrp USE="CONTENT">
<mets:file CHECKSUMTYPE="MD5" GROUPID="group_file_1090" ID="file_1090" MIMETYPE="application/msword" SIZE="343040" CHECKSUM="c5acd20c840c9ad5054aa81c9fff3d1e">
<mets:FLocat LOCTYPE="URL" xlink:title="Symonds &amp; Tattersall data 2.doc" xlink:type="locator" xlink:href="/bitstream/handle/10255/dryad.1433/Symonds%20%26%20Tattersall%20data%202.doc?sequence=1"/>
</mets:file>
<mets:file CHECKSUMTYPE="MD5" GROUPID="group_file_1091" ID="file_1091" MIMETYPE="text/plain" SIZE="1121" CHECKSUM="14747a55c6c06d059a556820f5a16276">
<mets:FLocat LOCTYPE="URL" xlink:title="README.txt" xlink:type="locator" xlink:href="/bitstream/handle/10255/dryad.1433/README.txt?sequence=2"/>
</mets:file>
</mets:fileGrp>
<mets:fileGrp USE="TEXT">
<mets:file CHECKSUMTYPE="MD5" GROUPID="group_file_1090" ID="file_1264" MIMETYPE="text/plain" SIZE="9240" CHECKSUM="bc2a79fed8eb3d84b4c8d77f92733931">
<mets:FLocat LOCTYPE="URL" xlink:title="Symonds &amp; Tattersall data 2.doc.txt" xlink:label="Extracted text" xlink:type="locator" xlink:href="/bitstream/handle/10255/dryad.1433/Symonds%20%26%20Tattersall%20data%202.doc.txt?sequence=3"/>
</mets:file>
<mets:file CHECKSUMTYPE="MD5" GROUPID="group_file_1091" ID="file_1265" MIMETYPE="text/plain" SIZE="1114" CHECKSUM="2fef088b60569f90477aa9d81b7076a1">
<mets:FLocat LOCTYPE="URL" xlink:title="README.txt.txt" xlink:label="Extracted text" xlink:type="locator" xlink:href="/bitstream/handle/10255/dryad.1433/README.txt.txt?sequence=4"/>
</mets:file>
</mets:fileGrp>
</mets:fileSec>
<mets:structMap LABEL="DSpace" TYPE="LOGICAL">
<mets:div DMDID="dmd_1" TYPE="DSpace Item">
<mets:div ID="div_2" TYPE="DSpace Content Bitstream">
<mets:fptr FILEID="file_1090"/>
</mets:div>
<mets:div ID="div_3" TYPE="DSpace Content Bitstream">
<mets:fptr FILEID="file_1091"/>
</mets:div>
</mets:div>
</mets:structMap>
</mets:METS>
