<?xml version="1.0" encoding="UTF-8"?>
<mets:METS xmlns:mets="http://www.loc.gov/METS/" xmlns:xlink="http://www.w3.org/TR/xlink/" xmlns:xsi="http://www.w3.org/2001/XMLSchema-instance" xmlns:dim="http://www.dspace.org/xmlns/dspace/dim" OBJEDIT="/admin/item?itemID=53728" OBJID="/handle/10255/dryad.45702" PROFILE="DSPACE METS SIP Profile 1.0" LABEL="DSpace Item" ID="hdl:10255/dryad.45702">
<mets:dmdSec GROUPID="group_dmd_0" ID="dmd_1">
<mets:mdWrap MDTYPE="OTHER" OTHERMDTYPE="DIM">
<mets:xmlData>
<dim:dim dspaceType="ITEM">
<dim:field element="contributor" qualifier="author" mdschema="dc">Hall, Matthew D.</dim:field>
<dim:field element="contributor" qualifier="author" mdschema="dc">Lailvaux, Simon P.</dim:field>
<dim:field element="contributor" qualifier="author" mdschema="dc">Brooks, Robert C.</dim:field>
<dim:field element="date" qualifier="accessioned" mdschema="dc">2013-01-16T17:28:43Z</dim:field>
<dim:field element="date" qualifier="issued" mdschema="dc">2013-01-16</dim:field>
<dim:field element="identifier" mdschema="dc">doi:10.5061/dryad.172s5/3</dim:field>
<dim:field element="identifier" qualifier="uri" mdschema="dc">http://hdl.handle.net/10255/dryad.45702</dim:field>
<dim:field element="relation" qualifier="ispartof" mdschema="dc">doi:10.5061/dryad.172s5</dim:field>
<dim:field element="rights" qualifier="uri" mdschema="dc">http://creativecommons.org/publicdomain/zero/1.0/</dim:field>
<dim:field element="subject" confidence="NOVALUE" language="" mdschema="dc">Behavior</dim:field>
<dim:field element="subject" confidence="NOVALUE" language="" mdschema="dc">Genetic Variation</dim:field>
<dim:field element="subject" confidence="NOVALUE" language="" mdschema="dc">Heritability</dim:field>
<dim:field element="subject" confidence="NOVALUE" language="" mdschema="dc">Selection - Sexual</dim:field>
<dim:field element="subject" confidence="NOVALUE" language="" mdschema="dc">Quantitative Genetics</dim:field>
<dim:field element="subject" confidence="NOVALUE" language="" mdschema="dc">Reproductive Strategies</dim:field>
<dim:field element="title" language="" mdschema="dc">Trail_2_data</dim:field>
<dim:field element="type" language="*" mdschema="dc">Dataset</dim:field>
<dim:field element="ScientificName" confidence="NOVALUE" language="" mdschema="dwc">Teleogryllus commodus</dim:field>
<dim:field element="date" qualifier="embargoedUntil" mdschema="dc">2014-02-01</dim:field>
<dim:field element="type" qualifier="embargo" language="" mdschema="dc">oneyear</dim:field>
<dim:field element="dryad" qualifier="pageviews">40</dim:field>
<dim:field element="dryad" qualifier="downloads">1</dim:field>
</dim:dim>
</mets:xmlData>
</mets:mdWrap>
</mets:dmdSec>
<mets:fileSec/>
<mets:structMap LABEL="DSpace" TYPE="LOGICAL">
<mets:div DMDID="dmd_1" TYPE="DSpace Item"/>
</mets:structMap>
</mets:METS>
