<?xml version="1.0" encoding="UTF-8"?>
<mets:METS xmlns:mets="http://www.loc.gov/METS/" xmlns:xlink="http://www.w3.org/TR/xlink/" xmlns:xsi="http://www.w3.org/2001/XMLSchema-instance" xmlns:dim="http://www.dspace.org/xmlns/dspace/dim" OBJEDIT="/admin/item?itemID=1436" OBJID="/handle/10255/dryad.1259" PROFILE="DSPACE METS SIP Profile 1.0" LABEL="DSpace Item" ID="hdl:10255/dryad.1259">
<mets:dmdSec GROUPID="group_dmd_0" ID="dmd_1">
<mets:mdWrap MDTYPE="OTHER" OTHERMDTYPE="DIM">
<mets:xmlData>
<dim:dim dspaceType="ITEM">
<dim:field element="contributor" qualifier="author" language="en" mdschema="dc">Rodríguez, Javier</dim:field>
<dim:field element="contributor" qualifier="author" language="en" mdschema="dc">Jezkova, Tereza</dim:field>
<dim:field element="contributor" qualifier="author" language="en" mdschema="dc">Leal, Manuel</dim:field>
<dim:field element="date" qualifier="accessioned" language="" mdschema="dc">2010-02-25T23:36:48Z</dim:field>
<dim:field element="date" qualifier="available" language="" mdschema="dc">2010-02-25T23:36:48Z</dim:field>
<dim:field element="date" qualifier="issued" language="" mdschema="dc">2010-02-25T23:36:48Z</dim:field>
<dim:field element="identifier" mdschema="dc">doi:10.5061/dryad.1257/2</dim:field>
<dim:field element="identifier" qualifier="uri" language="" mdschema="dc">http://hdl.handle.net/10255/dryad.1259</dim:field>
<dim:field element="relation" qualifier="ispartof" language="en" mdschema="dc">doi:10.5061/dryad.1257</dim:field>
<dim:field element="rights" qualifier="uri" language="en" mdschema="dc">http://creativecommons.org/publicdomain/zero/1.0/</dim:field>
<dim:field element="subject" language="en" mdschema="dc">Climate Change</dim:field>
<dim:field element="subject" language="en" mdschema="dc">Phylogeography</dim:field>
<dim:field element="subject" language="en" mdschema="dc">Population Genetics - Empirical</dim:field>
<dim:field element="subject" language="en" mdschema="dc">Reptiles</dim:field>
<dim:field element="title" language="en" mdschema="dc">Anolis_krugi_ND2.sqn</dim:field>
<dim:field element="type" language="en" mdschema="dc">Dataset</dim:field>
<dim:field element="status" language="" mdschema="dryad">scanned</dim:field>
<dim:field element="dryad" qualifier="pageviews">130</dim:field>
<dim:field element="dryad" qualifier="downloads">51</dim:field>
</dim:dim>
</mets:xmlData>
</mets:mdWrap>
</mets:dmdSec>
<mets:fileSec>
<mets:fileGrp USE="CONTENT">
<mets:file CHECKSUMTYPE="MD5" GROUPID="group_file_1008" ID="file_1008" MIMETYPE="application/octet-stream" SIZE="2587371" CHECKSUM="6a0d01f3b29defbeab2e6f72c9ac3efb">
<mets:FLocat LOCTYPE="URL" xlink:title="Anolis_krugi_ND2.sqn" xlink:type="locator" xlink:href="/bitstream/handle/10255/dryad.1259/Anolis_krugi_ND2.sqn?sequence=1"/>
</mets:file>
</mets:fileGrp>
</mets:fileSec>
<mets:structMap LABEL="DSpace" TYPE="LOGICAL">
<mets:div DMDID="dmd_1" TYPE="DSpace Item">
<mets:div ID="div_2" TYPE="DSpace Content Bitstream">
<mets:fptr FILEID="file_1008"/>
</mets:div>
</mets:div>
</mets:structMap>
</mets:METS>
