<?xml version="1.0" encoding="UTF-8"?>
<mets:METS xmlns:mets="http://www.loc.gov/METS/" xmlns:xlink="http://www.w3.org/TR/xlink/" xmlns:xsi="http://www.w3.org/2001/XMLSchema-instance" xmlns:dim="http://www.dspace.org/xmlns/dspace/dim" OBJEDIT="/admin/item?itemID=42729" OBJID="/handle/10255/dryad.38532" PROFILE="DSPACE METS SIP Profile 1.0" LABEL="DSpace Item" ID="hdl:10255/dryad.38532">
<mets:dmdSec GROUPID="group_dmd_0" ID="dmd_1">
<mets:mdWrap MDTYPE="OTHER" OTHERMDTYPE="DIM">
<mets:xmlData>
<dim:dim dspaceType="ITEM">
<dim:field element="contributor" qualifier="author" language="" mdschema="dc">Cabezas, Patricia</dim:field>
<dim:field element="contributor" qualifier="author" language="" mdschema="dc">Alda, Fernando</dim:field>
<dim:field element="contributor" qualifier="author" language="" mdschema="dc">Macpherson, Enrique</dim:field>
<dim:field element="contributor" qualifier="author" language="" mdschema="dc">Machordom, Annie</dim:field>
<dim:field element="coverage" qualifier="spatial" language="" mdschema="dc">Lanzarote (Canary Islands)</dim:field>
<dim:field element="coverage" qualifier="temporal" language="" mdschema="dc">Year 2005-2009</dim:field>
<dim:field element="date" qualifier="accessioned" mdschema="dc">2012-05-08T18:21:16Z</dim:field>
<dim:field element="date" qualifier="available" mdschema="dc">2012-05-08T18:21:16Z</dim:field>
<dim:field element="date" qualifier="issued" mdschema="dc">2012-05-08</dim:field>
<dim:field element="identifier" language="" mdschema="dc">doi:10.5061/dryad.17s6621t/1</dim:field>
<dim:field element="identifier" mdschema="dc">doi:10.5061/dryad.17s6621t/1</dim:field>
<dim:field element="identifier" qualifier="uri" mdschema="dc">http://hdl.handle.net/10255/dryad.38532</dim:field>
<dim:field element="description" language="" mdschema="dc">Microsatellite data for the species Munidopsis polymorpha. All specimens were collected in Lanzarote (Canary Islands) between 2005-2009. Mp-1, Mp-2, Mp-3, Mp-4, Mp-5, M0-6, Mp-7 and Mp-8 are the names of the 8 microsatellites isolated for the species.</dim:field>
<dim:field element="relation" qualifier="ispartof" language="" mdschema="dc">doi:10.5061/dryad.17s6621t</dim:field>
<dim:field element="rights" qualifier="uri" language="" mdschema="dc">http://creativecommons.org/publicdomain/zero/1.0/</dim:field>
<dim:field element="subject" language="" mdschema="dc">Anchialine species</dim:field>
<dim:field element="subject" language="" mdschema="dc">Genetic diversity</dim:field>
<dim:field element="subject" language="" mdschema="dc">Effective population size</dim:field>
<dim:field element="subject" language="" mdschema="dc">Conservation</dim:field>
<dim:field element="subject" language="" mdschema="dc">Canary Islands</dim:field>
<dim:field element="title" language="" mdschema="dc">Data_Munidopsis_DRYAD</dim:field>
<dim:field element="type" language="*" mdschema="dc">Dataset</dim:field>
<dim:field element="ScientificName" language="" mdschema="dwc">Munidopsis polymorpha</dim:field>
<dim:field element="type" qualifier="embargo" language="" mdschema="dc">none</dim:field>
<dim:field element="dryad" qualifier="pageviews">55</dim:field>
<dim:field element="dryad" qualifier="downloads">28</dim:field>
</dim:dim>
</mets:xmlData>
</mets:mdWrap>
</mets:dmdSec>
<mets:fileSec>
<mets:fileGrp USE="CONTENT">
<mets:file CHECKSUMTYPE="MD5" GROUPID="group_file_120969" ID="file_120969" MIMETYPE="application/vnd.ms-excel" SIZE="39424" CHECKSUM="e96bcc040db1b2428c738900754cd4fb">
<mets:FLocat LOCTYPE="URL" xlink:title="Data_Munidopsis_DRYAD.xls" xlink:label="dataset-file" xlink:type="locator" xlink:href="/bitstream/handle/10255/dryad.38532/Data_Munidopsis_DRYAD.xls?sequence=1"/>
</mets:file>
</mets:fileGrp>
</mets:fileSec>
<mets:structMap LABEL="DSpace" TYPE="LOGICAL">
<mets:div DMDID="dmd_1" TYPE="DSpace Item">
<mets:div ID="div_2" TYPE="DSpace Content Bitstream">
<mets:fptr FILEID="file_120969"/>
</mets:div>
</mets:div>
</mets:structMap>
</mets:METS>
