<?xml version="1.0" encoding="UTF-8"?>
<mets:METS xmlns:mets="http://www.loc.gov/METS/" xmlns:xlink="http://www.w3.org/TR/xlink/" xmlns:xsi="http://www.w3.org/2001/XMLSchema-instance" xmlns:dim="http://www.dspace.org/xmlns/dspace/dim" OBJEDIT="/admin/item?itemID=46738" OBJID="/handle/10255/dryad.41122" PROFILE="DSPACE METS SIP Profile 1.0" LABEL="DSpace Item" ID="hdl:10255/dryad.41122">
<mets:dmdSec GROUPID="group_dmd_0" ID="dmd_1">
<mets:mdWrap MDTYPE="OTHER" OTHERMDTYPE="DIM">
<mets:xmlData>
<dim:dim dspaceType="ITEM">
<dim:field element="contributor" qualifier="author" mdschema="dc">Colombo, Marco</dim:field>
<dim:field element="contributor" qualifier="author" mdschema="dc">Diepeveen, Eveline T</dim:field>
<dim:field element="contributor" qualifier="author" mdschema="dc">Muschick, Moritz</dim:field>
<dim:field element="contributor" qualifier="author" mdschema="dc">Santos, M. Emilia</dim:field>
<dim:field element="contributor" qualifier="author" mdschema="dc">Indermaur, Adrian</dim:field>
<dim:field element="contributor" qualifier="author" mdschema="dc">Boileau, Nicolas</dim:field>
<dim:field element="contributor" qualifier="author" mdschema="dc">Barluenga, Marta</dim:field>
<dim:field element="contributor" qualifier="author" mdschema="dc">Salzburger, Walter</dim:field>
<dim:field element="coverage" qualifier="spatial" language="" mdschema="dc">Lake Tanganyika</dim:field>
<dim:field element="coverage" qualifier="spatial" language="" mdschema="dc">Lake Nicaragua</dim:field>
<dim:field element="identifier" mdschema="dc">doi:10.5061/dryad.013qs/3</dim:field>
<dim:field element="description" language="" mdschema="dc">RQ data from the quantitative real-time PCR experiments</dim:field>
<dim:field element="relation" qualifier="ispartof" mdschema="dc">doi:10.5061/dryad.013qs</dim:field>
<dim:field element="rights" qualifier="uri" mdschema="dc">http://creativecommons.org/publicdomain/zero/1.0/</dim:field>
<dim:field element="subject" confidence="NOVALUE" language="" mdschema="dc">adaptive radiation</dim:field>
<dim:field element="subject" confidence="NOVALUE" language="" mdschema="dc">parallel evolution</dim:field>
<dim:field element="title" language="" mdschema="dc">qPCR2</dim:field>
<dim:field element="type" language="*" mdschema="dc">Dataset</dim:field>
<dim:field element="ScientificName" confidence="NOVALUE" language="" mdschema="dwc">Lobochilotes labiatus</dim:field>
<dim:field element="ScientificName" confidence="NOVALUE" language="" mdschema="dwc">Amphilophus labiatus</dim:field>
<dim:field element="type" qualifier="embargo" language="" mdschema="dc">untilArticleAppears</dim:field>
<dim:field element="dryad" qualifier="pageviews">0</dim:field>
<dim:field element="dryad" qualifier="downloads">0</dim:field>
</dim:dim>
</mets:xmlData>
</mets:mdWrap>
</mets:dmdSec>
<mets:fileSec/>
<mets:structMap LABEL="DSpace" TYPE="LOGICAL">
<mets:div DMDID="dmd_1" TYPE="DSpace Item"/>
</mets:structMap>
</mets:METS>
