<?xml version="1.0" encoding="UTF-8"?>
<mets:METS xmlns:mets="http://www.loc.gov/METS/" xmlns:xlink="http://www.w3.org/TR/xlink/" xmlns:xsi="http://www.w3.org/2001/XMLSchema-instance" xmlns:dim="http://www.dspace.org/xmlns/dspace/dim" OBJEDIT="/admin/item?itemID=2325" OBJID="/handle/10255/dryad.1996" PROFILE="DSPACE METS SIP Profile 1.0" LABEL="DSpace Item" ID="hdl:10255/dryad.1996">
<mets:dmdSec GROUPID="group_dmd_0" ID="dmd_1">
<mets:mdWrap MDTYPE="OTHER" OTHERMDTYPE="DIM">
<mets:xmlData>
<dim:dim dspaceType="ITEM">
<dim:field element="contributor" language="" mdschema="dc">Hoffman, J I</dim:field>
<dim:field element="contributor" language="" mdschema="dc">Clarke, A</dim:field>
<dim:field element="contributor" language="" mdschema="dc">Linse, K</dim:field>
<dim:field element="contributor" language="" mdschema="dc">Peck, L S</dim:field>
<dim:field element="coverage" qualifier="spatial" language="en" mdschema="dc">Antarctic Peninsula</dim:field>
<dim:field element="coverage" qualifier="temporal" language="" mdschema="dc">Current day</dim:field>
<dim:field element="date" qualifier="accessioned" language="" mdschema="dc">2010-09-17T16:31:46Z</dim:field>
<dim:field element="date" qualifier="available" mdschema="dc">2011-01-27T07:30:07Z</dim:field>
<dim:field element="date" qualifier="issued" language="" mdschema="dc">2010-09-17</dim:field>
<dim:field element="identifier" mdschema="dc">doi:10.5061/dryad.1995/1</dim:field>
<dim:field element="identifier" qualifier="uri" language="" mdschema="dc">http://hdl.handle.net/10255/dryad.1996</dim:field>
<dim:field element="description" language="en" mdschema="dc">AFLP datafiles for Margarella antarctica and Nacella concina</dim:field>
<dim:field element="relation" qualifier="ispartof" language="" mdschema="dc">doi:10.5061/dryad.1995</dim:field>
<dim:field element="rights" qualifier="uri" language="" mdschema="dc">http://creativecommons.org/publicdomain/zero/1.0/</dim:field>
<dim:field element="subject" language="en" mdschema="dc">population structure</dim:field>
<dim:field element="title" language="en" mdschema="dc">Hoffman dryad submission 16_09_10</dim:field>
<dim:field element="ScientificName" language="en" mdschema="dwc">Margarella antarctica</dim:field>
<dim:field element="ScientificName" language="en" mdschema="dwc">Nacella concinna</dim:field>
<dim:field element="type" qualifier="embargo" language="en" mdschema="dc">untilArticleAppears</dim:field>
<dim:field element="dryad" qualifier="pageviews">166</dim:field>
<dim:field element="dryad" qualifier="downloads">51</dim:field>
</dim:dim>
</mets:xmlData>
</mets:mdWrap>
</mets:dmdSec>
<mets:fileSec>
<mets:fileGrp USE="CONTENT">
<mets:file CHECKSUMTYPE="MD5" GROUPID="group_file_1776" ID="file_1776" MIMETYPE="application/vnd.ms-excel" SIZE="630784" CHECKSUM="79838b422d83d54e64114a93e32d2f93">
<mets:FLocat LOCTYPE="URL" xlink:title="Hoffman dryad submission 16_09_10.xls" xlink:label="dataset-file" xlink:type="locator" xlink:href="/bitstream/handle/10255/dryad.1996/Hoffman%20dryad%20submission%2016_09_10.xls?sequence=1"/>
</mets:file>
</mets:fileGrp>
</mets:fileSec>
<mets:structMap LABEL="DSpace" TYPE="LOGICAL">
<mets:div DMDID="dmd_1" TYPE="DSpace Item">
<mets:div ID="div_2" TYPE="DSpace Content Bitstream">
<mets:fptr FILEID="file_1776"/>
</mets:div>
</mets:div>
</mets:structMap>
</mets:METS>
