<?xml version="1.0" encoding="UTF-8"?>
<mets:METS xmlns:mets="http://www.loc.gov/METS/" xmlns:xlink="http://www.w3.org/TR/xlink/" xmlns:xsi="http://www.w3.org/2001/XMLSchema-instance" xmlns:dim="http://www.dspace.org/xmlns/dspace/dim" OBJEDIT="/admin/item?itemID=2175" OBJID="/handle/10255/dryad.1921" PROFILE="DSPACE METS SIP Profile 1.0" LABEL="DSpace Item" ID="hdl:10255/dryad.1921">
<mets:dmdSec GROUPID="group_dmd_0" ID="dmd_1">
<mets:mdWrap MDTYPE="OTHER" OTHERMDTYPE="DIM">
<mets:xmlData>
<dim:dim dspaceType="ITEM">
<dim:field element="contributor" language="" mdschema="dc">Lewandowska-Sabat, Anna Monika</dim:field>
<dim:field element="contributor" language="" mdschema="dc">Fjellheim, Siri</dim:field>
<dim:field element="contributor" language="" mdschema="dc">Rognli, Odd Arne</dim:field>
<dim:field element="date" qualifier="accessioned" language="" mdschema="dc">2010-08-27T18:20:27Z</dim:field>
<dim:field element="date" qualifier="available" mdschema="dc">2010-10-01T06:30:10Z</dim:field>
<dim:field element="date" qualifier="issued" language="" mdschema="dc">2010-08-27</dim:field>
<dim:field element="identifier" mdschema="dc">doi:10.5061/dryad.1920/1</dim:field>
<dim:field element="identifier" qualifier="uri" language="" mdschema="dc">http://hdl.handle.net/10255/dryad.1921</dim:field>
<dim:field element="relation" qualifier="ispartof" language="" mdschema="dc">doi:10.5061/dryad.1920</dim:field>
<dim:field element="title" language="en" mdschema="dc">DATApaperMOLECOL</dim:field>
<dim:field element="type" qualifier="embargo" language="en" mdschema="dc">untilArticleAppears</dim:field>
<dim:field element="dryad" qualifier="pageviews">137</dim:field>
<dim:field element="dryad" qualifier="downloads">45</dim:field>
</dim:dim>
</mets:xmlData>
</mets:mdWrap>
</mets:dmdSec>
<mets:fileSec>
<mets:fileGrp USE="CONTENT">
<mets:file CHECKSUMTYPE="MD5" GROUPID="group_file_1663" ID="file_1663" MIMETYPE="application/vnd.openxmlformats-officedocument.spreadsheetml.sheet" SIZE="333034" CHECKSUM="ac2e6bf135e80c33eb2a2ccca0a27298">
<mets:FLocat LOCTYPE="URL" xlink:title="DATApaperMOLECOL.xlsx" xlink:label="dataset-file" xlink:type="locator" xlink:href="/bitstream/handle/10255/dryad.1921/DATApaperMOLECOL.xlsx?sequence=1"/>
</mets:file>
</mets:fileGrp>
</mets:fileSec>
<mets:structMap LABEL="DSpace" TYPE="LOGICAL">
<mets:div DMDID="dmd_1" TYPE="DSpace Item">
<mets:div ID="div_2" TYPE="DSpace Content Bitstream">
<mets:fptr FILEID="file_1663"/>
</mets:div>
</mets:div>
</mets:structMap>
</mets:METS>
