<?xml version="1.0" encoding="UTF-8"?>
<mets:METS xmlns:mets="http://www.loc.gov/METS/" xmlns:xlink="http://www.w3.org/TR/xlink/" xmlns:xsi="http://www.w3.org/2001/XMLSchema-instance" xmlns:dim="http://www.dspace.org/xmlns/dspace/dim" OBJEDIT="/admin/item?itemID=54877" OBJID="/handle/10255/dryad.46476" PROFILE="DSPACE METS SIP Profile 1.0" LABEL="DSpace Item" ID="hdl:10255/dryad.46476">
<mets:dmdSec GROUPID="group_dmd_0" ID="dmd_1">
<mets:mdWrap MDTYPE="OTHER" OTHERMDTYPE="DIM">
<mets:xmlData>
<dim:dim dspaceType="ITEM">
<dim:field element="contributor" qualifier="author" mdschema="dc">Ali, Omer</dim:field>
<dim:field element="contributor" qualifier="author" mdschema="dc">Mohiuddin, Atif</dim:field>
<dim:field element="contributor" qualifier="author" mdschema="dc">Mathur, Rohini</dim:field>
<dim:field element="contributor" qualifier="author" mdschema="dc">Dreyer, Gavin</dim:field>
<dim:field element="contributor" qualifier="author" mdschema="dc">Hull, Sally</dim:field>
<dim:field element="contributor" qualifier="author" mdschema="dc">Yaqoob, Magdi</dim:field>
<dim:field element="identifier" mdschema="dc">doi:10.5061/dryad.129mj/1</dim:field>
<dim:field element="relation" qualifier="ispartof" mdschema="dc">doi:10.5061/dryad.129mj</dim:field>
<dim:field element="rights" qualifier="uri" mdschema="dc">http://creativecommons.org/publicdomain/zero/1.0/</dim:field>
<dim:field element="subject" confidence="NOVALUE" language="" mdschema="dc">Diabetic nephropathy &amp; vascular disease</dim:field>
<dim:field element="subject" confidence="NOVALUE" language="" mdschema="dc">Chronic renal failure</dim:field>
<dim:field element="subject" confidence="NOVALUE" language="" mdschema="dc">End stage renal failure</dim:field>
<dim:field element="subject" confidence="NOVALUE" language="" mdschema="dc">Nephrology</dim:field>
<dim:field element="title" language="" mdschema="dc">Rate of Progression of diabetic chronic kidney disease in different ethnic groups</dim:field>
<dim:field element="type" language="*" mdschema="dc">Dataset</dim:field>
<dim:field element="dryad" qualifier="pageviews">1</dim:field>
<dim:field element="dryad" qualifier="downloads">1</dim:field>
</dim:dim>
</mets:xmlData>
</mets:mdWrap>
</mets:dmdSec>
<mets:fileSec/>
<mets:structMap LABEL="DSpace" TYPE="LOGICAL">
<mets:div DMDID="dmd_1" TYPE="DSpace Item"/>
</mets:structMap>
</mets:METS>
