<?xml version="1.0" encoding="UTF-8"?>
<mets:METS xmlns:mets="http://www.loc.gov/METS/" xmlns:xlink="http://www.w3.org/TR/xlink/" xmlns:xsi="http://www.w3.org/2001/XMLSchema-instance" xmlns:dim="http://www.dspace.org/xmlns/dspace/dim" OBJEDIT="/admin/item?itemID=63920" OBJID="/handle/10255/dryad.52557" PROFILE="DSPACE METS SIP Profile 1.0" LABEL="DSpace Item" ID="hdl:10255/dryad.52557">
<mets:dmdSec GROUPID="group_dmd_0" ID="dmd_1">
<mets:mdWrap MDTYPE="OTHER" OTHERMDTYPE="DIM">
<mets:xmlData>
<dim:dim dspaceType="ITEM">
<dim:field element="contributor" qualifier="author" language="" mdschema="dc">Bermond, Gérald</dim:field>
<dim:field element="contributor" qualifier="author" language="" mdschema="dc">Blin, Aurélie</dim:field>
<dim:field element="contributor" qualifier="author" language="" mdschema="dc">Vercken, Elodie</dim:field>
<dim:field element="contributor" qualifier="author" language="" mdschema="dc">Ravigné, Virginie</dim:field>
<dim:field element="contributor" qualifier="author" language="" mdschema="dc">Rieux, Adrien</dim:field>
<dim:field element="contributor" qualifier="author" language="" mdschema="dc">Mallez, Sophie</dim:field>
<dim:field element="contributor" qualifier="author" language="" mdschema="dc">Morel-Journel, Thibaut</dim:field>
<dim:field element="contributor" qualifier="author" language="" mdschema="dc">Guilllemaud, Thomas</dim:field>
<dim:field element="date" qualifier="accessioned" language="" mdschema="dc">2013-08-08T19:33:57Z</dim:field>
<dim:field element="date" qualifier="available" mdschema="dc">2013-08-13T15:33:15Z</dim:field>
<dim:field element="date" qualifier="issued" language="" mdschema="dc">2013-08-08</dim:field>
<dim:field element="identifier" language="" mdschema="dc">doi:10.5061/dryad.10kd4/3</dim:field>
<dim:field element="identifier" qualifier="uri" language="" mdschema="dc">http://hdl.handle.net/10255/dryad.52557</dim:field>
<dim:field element="description" language="" mdschema="dc">R script of the simulations that we used in this paper to evaluate the effect of dispersal kernel and heterogeneity of population density on the estimation of dispersal and time since contact.</dim:field>
<dim:field element="relation" qualifier="ispartof" language="" mdschema="dc">doi:10.5061/dryad.10kd4</dim:field>
<dim:field element="rights" qualifier="uri" language="" mdschema="dc">http://creativecommons.org/publicdomain/zero/1.0/</dim:field>
<dim:field element="subject" confidence="NOVALUE" language="" mdschema="dc">Insects</dim:field>
<dim:field element="subject" confidence="NOVALUE" language="" mdschema="dc">Invasive Species</dim:field>
<dim:field element="subject" confidence="NOVALUE" language="" mdschema="dc">Population Genetics - Theoretical</dim:field>
<dim:field element="subject" confidence="NOVALUE" language="" mdschema="dc">Hybridization</dim:field>
<dim:field element="subject" confidence="NOVALUE" language="" mdschema="dc">Ecological Genetics</dim:field>
<dim:field element="title" language="" mdschema="dc">appendix_S2_R_script_simulations_Bermond_et_al</dim:field>
<dim:field element="type" language="*" mdschema="dc">Dataset</dim:field>
<dim:field element="type" qualifier="embargo" language="" mdschema="dc">untilArticleAppears</dim:field>
<dim:field element="dryad" qualifier="pageviews">27</dim:field>
<dim:field element="dryad" qualifier="downloads">17</dim:field>
</dim:dim>
</mets:xmlData>
</mets:mdWrap>
</mets:dmdSec>
<mets:fileSec>
<mets:fileGrp USE="CONTENT">
<mets:file CHECKSUMTYPE="MD5" GROUPID="group_file_135752" ID="file_135752" MIMETYPE="text/plain" SIZE="8752" CHECKSUM="eed0837f9c23cc162a3b454b20040f9b">
<mets:FLocat LOCTYPE="URL" xlink:title="Appendix S2.txt" xlink:label="dataset-file" xlink:type="locator" xlink:href="/bitstream/handle/10255/dryad.52557/Appendix%20S2.txt?sequence=2"/>
</mets:file>
</mets:fileGrp>
</mets:fileSec>
<mets:structMap LABEL="DSpace" TYPE="LOGICAL">
<mets:div DMDID="dmd_1" TYPE="DSpace Item">
<mets:div ID="div_2" TYPE="DSpace Content Bitstream">
<mets:fptr FILEID="file_135752"/>
</mets:div>
</mets:div>
</mets:structMap>
</mets:METS>
