<?xml version="1.0" encoding="UTF-8"?>
<mets:METS xmlns:mets="http://www.loc.gov/METS/" xmlns:xlink="http://www.w3.org/TR/xlink/" xmlns:xsi="http://www.w3.org/2001/XMLSchema-instance" xmlns:dim="http://www.dspace.org/xmlns/dspace/dim" OBJEDIT="/admin/item?itemID=49614" OBJID="/handle/10255/dryad.43034" PROFILE="DSPACE METS SIP Profile 1.0" LABEL="DSpace Item" ID="hdl:10255/dryad.43034">
<mets:dmdSec GROUPID="group_dmd_0" ID="dmd_1">
<mets:mdWrap MDTYPE="OTHER" OTHERMDTYPE="DIM">
<mets:xmlData>
<dim:dim dspaceType="ITEM">
<dim:field element="contributor" qualifier="author" language="" mdschema="dc">Harnik, Paul G.</dim:field>
<dim:field element="contributor" qualifier="author" language="" mdschema="dc">Simpson, Carl</dim:field>
<dim:field element="contributor" qualifier="author" language="" mdschema="dc">Payne, Jonathan L.</dim:field>
<dim:field element="coverage" qualifier="spatial" language="" mdschema="dc">Global</dim:field>
<dim:field element="coverage" qualifier="temporal" language="" mdschema="dc">Phanerozoic</dim:field>
<dim:field element="coverage" qualifier="temporal" language="" mdschema="dc">Paleozoic</dim:field>
<dim:field element="coverage" qualifier="temporal" language="" mdschema="dc">Mesozoic</dim:field>
<dim:field element="coverage" qualifier="temporal" language="" mdschema="dc">Cenozoic</dim:field>
<dim:field element="date" qualifier="accessioned" mdschema="dc">2012-10-24T20:11:50Z</dim:field>
<dim:field element="date" qualifier="available" mdschema="dc">2012-10-24T20:11:50Z</dim:field>
<dim:field element="date" qualifier="issued" mdschema="dc">2012-10-24</dim:field>
<dim:field element="identifier" language="" mdschema="dc">doi:10.5061/dryad.0mq69/2</dim:field>
<dim:field element="identifier" mdschema="dc">doi:10.5061/dryad.0mq69/2</dim:field>
<dim:field element="identifier" qualifier="uri" mdschema="dc">http://hdl.handle.net/10255/dryad.43034</dim:field>
<dim:field element="relation" qualifier="ispartof" language="" mdschema="dc">doi:10.5061/dryad.0mq69</dim:field>
<dim:field element="rights" qualifier="uri" language="" mdschema="dc">http://creativecommons.org/publicdomain/zero/1.0/</dim:field>
<dim:field element="subject" confidence="NOVALUE" language="" mdschema="dc">macroevolution</dim:field>
<dim:field element="subject" confidence="NOVALUE" language="" mdschema="dc">macroecology</dim:field>
<dim:field element="subject" confidence="NOVALUE" language="" mdschema="dc">paleobiology</dim:field>
<dim:field element="subject" confidence="NOVALUE" language="" mdschema="dc">fossils</dim:field>
<dim:field element="subject" confidence="NOVALUE" language="" mdschema="dc">conservation</dim:field>
<dim:field element="subject" confidence="FAILED" language="" mdschema="dc">Marine invertebrates</dim:field>
<dim:field element="title" language="" mdschema="dc">Harnik et al - Phanerozoic rarity and extinction data</dim:field>
<dim:field element="type" language="*" mdschema="dc">Dataset</dim:field>
<dim:field element="ScientificName" confidence="NOVALUE" language="" mdschema="dwc">Bivalvia</dim:field>
<dim:field element="ScientificName" confidence="NOVALUE" language="" mdschema="dwc">Gastropoda</dim:field>
<dim:field element="ScientificName" confidence="NOVALUE" language="" mdschema="dwc">Brachiopoda</dim:field>
<dim:field element="ScientificName" confidence="NOVALUE" language="" mdschema="dwc">Protozoa</dim:field>
<dim:field element="ScientificName" confidence="NOVALUE" language="" mdschema="dwc">Porifera</dim:field>
<dim:field element="ScientificName" confidence="NOVALUE" language="" mdschema="dwc">Mollusca</dim:field>
<dim:field element="ScientificName" confidence="NOVALUE" language="" mdschema="dwc">Arthropoda</dim:field>
<dim:field element="ScientificName" confidence="NOVALUE" language="" mdschema="dwc">Echinodermata</dim:field>
<dim:field element="ScientificName" confidence="NOVALUE" language="" mdschema="dwc">Bryozoa</dim:field>
<dim:field element="ScientificName" confidence="NOVALUE" language="" mdschema="dwc">Cnidaria</dim:field>
<dim:field element="type" qualifier="embargo" language="" mdschema="dc">none</dim:field>
<dim:field element="dryad" qualifier="pageviews">275</dim:field>
<dim:field element="dryad" qualifier="downloads">237</dim:field>
</dim:dim>
</mets:xmlData>
</mets:mdWrap>
</mets:dmdSec>
<mets:fileSec>
<mets:fileGrp USE="CONTENT">
<mets:file CHECKSUMTYPE="MD5" GROUPID="group_file_125883" ID="file_125883" MIMETYPE="text/csv" SIZE="5077949" CHECKSUM="c821bbc32426c5518bf43995b5b59098">
<mets:FLocat LOCTYPE="URL" xlink:title="Harnik-et-al-Phanerozoic-rarity-data.csv" xlink:label="dataset-file" xlink:type="locator" xlink:href="/bitstream/handle/10255/dryad.43034/Harnik-et-al-Phanerozoic-rarity-data.csv?sequence=1"/>
</mets:file>
<mets:file CHECKSUMTYPE="MD5" GROUPID="group_file_125891" ID="file_125891" MIMETYPE="text/plain" SIZE="5517" CHECKSUM="6d3954f271ec09c248bcd66a9bdd5c53">
<mets:FLocat LOCTYPE="URL" xlink:title="README.txt" xlink:label="dc_readme" xlink:type="locator" xlink:href="/bitstream/handle/10255/dryad.43034/README.txt?sequence=2"/>
</mets:file>
</mets:fileGrp>
</mets:fileSec>
<mets:structMap LABEL="DSpace" TYPE="LOGICAL">
<mets:div DMDID="dmd_1" TYPE="DSpace Item">
<mets:div ID="div_2" TYPE="DSpace Content Bitstream">
<mets:fptr FILEID="file_125883"/>
</mets:div>
<mets:div ID="div_3" TYPE="DSpace Content Bitstream">
<mets:fptr FILEID="file_125891"/>
</mets:div>
</mets:div>
</mets:structMap>
</mets:METS>
