<?xml version="1.0" encoding="UTF-8"?>
<mets:METS xmlns:mets="http://www.loc.gov/METS/" xmlns:xlink="http://www.w3.org/TR/xlink/" xmlns:xsi="http://www.w3.org/2001/XMLSchema-instance" xmlns:dim="http://www.dspace.org/xmlns/dspace/dim" OBJEDIT="/admin/item?itemID=36866" OBJID="/handle/10255/dryad.34716" PROFILE="DSPACE METS SIP Profile 1.0" LABEL="DSpace Item" ID="hdl:10255/dryad.34716">
<mets:dmdSec GROUPID="group_dmd_0" ID="dmd_1">
<mets:mdWrap MDTYPE="OTHER" OTHERMDTYPE="DIM">
<mets:xmlData>
<dim:dim dspaceType="ITEM">
<dim:field element="contributor" qualifier="author" language="" mdschema="dc">Crozier, Lisa G.</dim:field>
<dim:field element="contributor" qualifier="author" language="" mdschema="dc">Scheuerell, Mark D.</dim:field>
<dim:field element="contributor" qualifier="author" language="" mdschema="dc">Zabel, Richard W.</dim:field>
<dim:field element="coverage" qualifier="spatial" language="en" mdschema="dc">Columbia River</dim:field>
<dim:field element="coverage" qualifier="spatial" language="en" mdschema="dc">Pacific Northwest</dim:field>
<dim:field element="coverage" qualifier="spatial" language="en" mdschema="dc">USA</dim:field>
<dim:field element="coverage" qualifier="temporal" language="en" mdschema="dc">Holocene</dim:field>
<dim:field element="date" qualifier="accessioned" language="" mdschema="dc">2011-08-16T14:31:54Z</dim:field>
<dim:field element="date" qualifier="available" mdschema="dc">2011-12-12T15:50:05Z</dim:field>
<dim:field element="date" qualifier="issued" language="" mdschema="dc">2011-08-16</dim:field>
<dim:field element="identifier" mdschema="dc">doi:10.5061/dryad.02r66/1</dim:field>
<dim:field element="identifier" qualifier="uri" language="" mdschema="dc">http://hdl.handle.net/10255/dryad.34716</dim:field>
<dim:field element="description" language="en" mdschema="dc">This data comes primarily from the Columbia River DART database managed by the University of Washington (http://www.cbr.washington.edu/dart/dart.html). Column headings: Y=Year of adult migration; D=median migrate date of adult sockeye salmon (DART); S1997=selection differential calculated in R based on the selection function fit to 1997 mark-recapture data; F=mean June flow in cms at Bonneville Dam (DART); FP=day of maximum flow in Julian days, calculated from daily flow data from DART; T=mean June temperature at Bonneville Dam(DART); Umar, Uap,Umay=Upwelling index for March, April, and May at 45N from Pacific Fisheries Environmental Laboratory. 2008. Upwelling Index. Environmental Research Division, NOAA-Fisheries, SWFSC http://www.pfeg.noaa.gov/javamenu.html, accessed June 2008. WRI=total sockeye count at Wells Dam divided by the total count at Rock Island Dam (DART); PDO=Index of the Pacific Decadal Oscillation averaged from Dec-Jun from Mantua, N. 2005. PDO Index, http://jisao.washington.edu/pdo/PDO.latest; NPGO=Di Lorenzo, E., N. Schneider, K. M. Cobb, K. Chhak, P. J. S. Franks, A. J. Miller, J. C. McWilliams et al. 2008. North Pacific Gyre Oscillation NPGO Index available at http://eros.eas.gatech.edu/npgo/; NPI= North Pacific Index, from Trenberth, K., and J. Hurrell. 2009. Boulder, USA, Climate Analysis Section, NCAR. The next set of columns are the difference in the index from year t-4 to year t, except for S4, which is simply shifted by 4 years. CumS4 reflects the cumulative selection at 4-generation intervals up to that year. D.sd is the standard deviation of the migration period, and betaS is the selection differential standardized by the standard deviation of the trait (i.e., D.sd)</dim:field>
<dim:field element="relation" qualifier="ispartof" language="" mdschema="dc">doi:10.5061/dryad.02r66</dim:field>
<dim:field element="rights" qualifier="uri" language="" mdschema="dc">http://creativecommons.org/publicdomain/zero/1.0/</dim:field>
<dim:field element="subject" language="en" mdschema="dc">Adaptation</dim:field>
<dim:field element="subject" language="en" mdschema="dc">Climate change</dim:field>
<dim:field element="subject" language="en" mdschema="dc">Ecology: behavioral</dim:field>
<dim:field element="subject" language="en" mdschema="dc">Migration</dim:field>
<dim:field element="subject" language="en" mdschema="dc">Modeling: ecological</dim:field>
<dim:field element="subject" language="en" mdschema="dc">Phenotypic plasticity</dim:field>
<dim:field element="subject" language="en" mdschema="dc">Selection: natural</dim:field>
<dim:field element="subject" language="en" mdschema="dc">Statistics</dim:field>
<dim:field element="subject" language="en" mdschema="dc">Ocean</dim:field>
<dim:field element="subject" language="en" mdschema="dc">Streams/rivers</dim:field>
<dim:field element="subject" language="en" mdschema="dc">Fish</dim:field>
<dim:field element="title" language="en" mdschema="dc">sockeye.datafile</dim:field>
<dim:field element="type" language="*" mdschema="dc">Dataset</dim:field>
<dim:field element="ScientificName" language="en" mdschema="dwc">Oncorhynchus nerka</dim:field>
<dim:field element="type" qualifier="embargo" language="en" mdschema="dc">untilArticleAppears</dim:field>
<dim:field element="dryad" qualifier="pageviews">94</dim:field>
<dim:field element="dryad" qualifier="downloads">41</dim:field>
</dim:dim>
</mets:xmlData>
</mets:mdWrap>
</mets:dmdSec>
<mets:fileSec>
<mets:fileGrp USE="CONTENT">
<mets:file CHECKSUMTYPE="MD5" GROUPID="group_file_115711" ID="file_115711" MIMETYPE="text/csv" SIZE="11058" CHECKSUM="2027706bf579ec3b452decad2bb642ea">
<mets:FLocat LOCTYPE="URL" xlink:title="sockeye.datafile.csv" xlink:label="dataset-file" xlink:type="locator" xlink:href="/bitstream/handle/10255/dryad.34716/sockeye.datafile.csv?sequence=1"/>
</mets:file>
</mets:fileGrp>
</mets:fileSec>
<mets:structMap LABEL="DSpace" TYPE="LOGICAL">
<mets:div DMDID="dmd_1" TYPE="DSpace Item">
<mets:div ID="div_2" TYPE="DSpace Content Bitstream">
<mets:fptr FILEID="file_115711"/>
</mets:div>
</mets:div>
</mets:structMap>
</mets:METS>
