<?xml version="1.0" encoding="UTF-8"?>
<mets:METS xmlns:mets="http://www.loc.gov/METS/" xmlns:xlink="http://www.w3.org/TR/xlink/" xmlns:xsi="http://www.w3.org/2001/XMLSchema-instance" xmlns:dim="http://www.dspace.org/xmlns/dspace/dim" OBJEDIT="/admin/item?itemID=1289" OBJID="/handle/10255/dryad.1128" PROFILE="DSPACE METS SIP Profile 1.0" LABEL="DSpace Item" ID="hdl:10255/dryad.1128">
<mets:dmdSec GROUPID="group_dmd_0" ID="dmd_1">
<mets:mdWrap MDTYPE="OTHER" OTHERMDTYPE="DIM">
<mets:xmlData>
<dim:dim dspaceType="ITEM">
<dim:field element="contributor" qualifier="author" language="en" mdschema="dc">Holeski, Liza</dim:field>
<dim:field element="contributor" qualifier="author" language="en" mdschema="dc">Chase-Alone, Ronnette</dim:field>
<dim:field element="contributor" qualifier="author" language="en" mdschema="dc">Kelly, John K</dim:field>
<dim:field element="date" qualifier="accessioned" language="" mdschema="dc">2009-12-08T20:56:34Z</dim:field>
<dim:field element="date" qualifier="available" language="" mdschema="dc">2009-12-08T20:56:34Z</dim:field>
<dim:field element="date" qualifier="issued" language="" mdschema="dc">2009-12-08T20:56:34Z</dim:field>
<dim:field element="identifier" mdschema="dc">doi:10.5061/dryad.1127/1</dim:field>
<dim:field element="identifier" qualifier="uri" language="" mdschema="dc">http://hdl.handle.net/10255/dryad.1128</dim:field>
<dim:field element="description" language="en" mdschema="dc">Mean phenotypes and sample sizes for each RIL included in the QTL study.</dim:field>
<dim:field element="relation" qualifier="ispartof" language="en" mdschema="dc">doi:10.5061/dryad.1127</dim:field>
<dim:field element="rights" qualifier="uri" language="en" mdschema="dc">http://creativecommons.org/publicdomain/zero/1.0/</dim:field>
<dim:field element="subject" language="en" mdschema="dc">Ecology: evolutionary</dim:field>
<dim:field element="subject" language="en" mdschema="dc">Evolution: experimental</dim:field>
<dim:field element="subject" language="en" mdschema="dc">Genetics: evolutionary</dim:field>
<dim:field element="subject" language="en" mdschema="dc">Genetics: molecular</dim:field>
<dim:field element="subject" language="en" mdschema="dc">Genetics: quantitative</dim:field>
<dim:field element="subject" language="en" mdschema="dc">Phenotypic plasticity</dim:field>
<dim:field element="subject" language="en" mdschema="dc">Plant</dim:field>
<dim:field element="title" language="en" mdschema="dc">RIL.Trait values and sample size data.doc</dim:field>
<dim:field element="type" language="en" mdschema="dc">Dataset</dim:field>
<dim:field element="status" language="" mdschema="dryad">scanned</dim:field>
<dim:field element="dryad" qualifier="pageviews">154</dim:field>
<dim:field element="dryad" qualifier="downloads">86</dim:field>
</dim:dim>
</mets:xmlData>
</mets:mdWrap>
</mets:dmdSec>
<mets:fileSec>
<mets:fileGrp USE="CONTENT">
<mets:file CHECKSUMTYPE="MD5" GROUPID="group_file_956" ID="file_956" MIMETYPE="application/msword" SIZE="398336" CHECKSUM="48f6128ef53618581159b0a4edeb72f3">
<mets:FLocat LOCTYPE="URL" xlink:title="RIL.Trait values and sample size data.doc" xlink:type="locator" xlink:href="/bitstream/handle/10255/dryad.1128/RIL.Trait%20values%20and%20sample%20size%20data.doc?sequence=1"/>
</mets:file>
</mets:fileGrp>
<mets:fileGrp USE="TEXT">
<mets:file CHECKSUMTYPE="MD5" GROUPID="group_file_956" ID="file_1344" MIMETYPE="text/plain" SIZE="7947" CHECKSUM="d66630c9a198a10d6dccdd1e2070c9b1">
<mets:FLocat LOCTYPE="URL" xlink:title="RIL.Trait values and sample size data.doc.txt" xlink:label="Extracted text" xlink:type="locator" xlink:href="/bitstream/handle/10255/dryad.1128/RIL.Trait%20values%20and%20sample%20size%20data.doc.txt?sequence=2"/>
</mets:file>
</mets:fileGrp>
</mets:fileSec>
<mets:structMap LABEL="DSpace" TYPE="LOGICAL">
<mets:div DMDID="dmd_1" TYPE="DSpace Item">
<mets:div ID="div_2" TYPE="DSpace Content Bitstream">
<mets:fptr FILEID="file_956"/>
</mets:div>
</mets:div>
</mets:structMap>
</mets:METS>
