<?xml version="1.0" encoding="UTF-8"?>
<mets:METS xmlns:mets="http://www.loc.gov/METS/" xmlns:xlink="http://www.w3.org/TR/xlink/" xmlns:xsi="http://www.w3.org/2001/XMLSchema-instance" xmlns:dim="http://www.dspace.org/xmlns/dspace/dim" OBJEDIT="/admin/item?itemID=51408" OBJID="/handle/10255/dryad.44177" PROFILE="DSPACE METS SIP Profile 1.0" LABEL="DSpace Item" ID="hdl:10255/dryad.44177">
<mets:dmdSec GROUPID="group_dmd_0" ID="dmd_1">
<mets:mdWrap MDTYPE="OTHER" OTHERMDTYPE="DIM">
<mets:xmlData>
<dim:dim dspaceType="ITEM">
<dim:field element="contributor" qualifier="author" language="" mdschema="dc">Kulpa, Sarah M.</dim:field>
<dim:field element="contributor" qualifier="author" language="" mdschema="dc">Leger, Elizabeth A.</dim:field>
<dim:field element="coverage" qualifier="spatial" language="" mdschema="dc">Great Basin</dim:field>
<dim:field element="coverage" qualifier="spatial" language="" mdschema="dc">Nevada</dim:field>
<dim:field element="coverage" qualifier="spatial" language="" mdschema="dc">Reno</dim:field>
<dim:field element="coverage" qualifier="spatial" language="" mdschema="dc">Elko County</dim:field>
<dim:field element="date" qualifier="accessioned" language="" mdschema="dc">2012-11-14T16:41:03Z</dim:field>
<dim:field element="date" qualifier="available" mdschema="dc">2013-01-15T20:11:17Z</dim:field>
<dim:field element="date" qualifier="issued" language="" mdschema="dc">2012-11-14</dim:field>
<dim:field element="identifier" language="" mdschema="dc">doi:10.5061/dryad.10453/1</dim:field>
<dim:field element="identifier" qualifier="uri" language="" mdschema="dc">http://hdl.handle.net/10255/dryad.44177</dim:field>
<dim:field element="description" language="" mdschema="dc">See Readme file</dim:field>
<dim:field element="relation" qualifier="ispartof" language="" mdschema="dc">doi:10.5061/dryad.10453</dim:field>
<dim:field element="rights" qualifier="uri" language="" mdschema="dc">http://creativecommons.org/publicdomain/zero/1.0/</dim:field>
<dim:field element="subject" confidence="NOVALUE" language="" mdschema="dc">Adaptation</dim:field>
<dim:field element="subject" confidence="NOVALUE" language="" mdschema="dc">Contemporary Evolution</dim:field>
<dim:field element="subject" confidence="NOVALUE" language="" mdschema="dc">Ecological Genetics</dim:field>
<dim:field element="subject" confidence="NOVALUE" language="" mdschema="dc">Natural Selection and Contemporary Evolution</dim:field>
<dim:field element="title" language="" mdschema="dc">Kulpa Leger Evol Apps Data</dim:field>
<dim:field element="type" language="*" mdschema="dc">Dataset</dim:field>
<dim:field element="ScientificName" confidence="ACCEPTED" language="" mdschema="dwc">Elymus elymoides</dim:field>
<dim:field element="type" qualifier="embargo" language="" mdschema="dc">untilArticleAppears</dim:field>
<dim:field element="dryad" qualifier="pageviews">129</dim:field>
<dim:field element="dryad" qualifier="downloads">48</dim:field>
</dim:dim>
</mets:xmlData>
</mets:mdWrap>
</mets:dmdSec>
<mets:fileSec>
<mets:fileGrp USE="CONTENT">
<mets:file CHECKSUMTYPE="MD5" GROUPID="group_file_127040" ID="file_127040" MIMETYPE="application/vnd.openxmlformats-officedocument.spreadsheetml.sheet" SIZE="214543" CHECKSUM="d83265f1c3a949b788bf525f9535ec8f">
<mets:FLocat LOCTYPE="URL" xlink:title="Kulpa Leger Evol Apps Data.xlsx" xlink:label="dataset-file" xlink:type="locator" xlink:href="/bitstream/handle/10255/dryad.44177/Kulpa%20Leger%20Evol%20Apps%20Data.xlsx?sequence=1"/>
</mets:file>
<mets:file CHECKSUMTYPE="MD5" GROUPID="group_file_127041" ID="file_127041" MIMETYPE="application/vnd.openxmlformats-officedocument.wordprocessingml.document" SIZE="124671" CHECKSUM="97b24c0222ee0c90540c7db26199bb8f">
<mets:FLocat LOCTYPE="URL" xlink:title="README.docx" xlink:label="dc_readme" xlink:type="locator" xlink:href="/bitstream/handle/10255/dryad.44177/README.docx?sequence=2"/>
</mets:file>
</mets:fileGrp>
</mets:fileSec>
<mets:structMap LABEL="DSpace" TYPE="LOGICAL">
<mets:div DMDID="dmd_1" TYPE="DSpace Item">
<mets:div ID="div_2" TYPE="DSpace Content Bitstream">
<mets:fptr FILEID="file_127040"/>
</mets:div>
<mets:div ID="div_3" TYPE="DSpace Content Bitstream">
<mets:fptr FILEID="file_127041"/>
</mets:div>
</mets:div>
</mets:structMap>
</mets:METS>
