<?xml version="1.0" encoding="UTF-8"?>
<mets:METS xmlns:mets="http://www.loc.gov/METS/" xmlns:xlink="http://www.w3.org/TR/xlink/" xmlns:xsi="http://www.w3.org/2001/XMLSchema-instance" xmlns:dim="http://www.dspace.org/xmlns/dspace/dim" OBJEDIT="/admin/item?itemID=64002" OBJID="/handle/10255/dryad.52615" PROFILE="DSPACE METS SIP Profile 1.0" LABEL="DSpace Item" ID="hdl:10255/dryad.52615">
<mets:dmdSec GROUPID="group_dmd_0" ID="dmd_1">
<mets:mdWrap MDTYPE="OTHER" OTHERMDTYPE="DIM">
<mets:xmlData>
<dim:dim dspaceType="ITEM">
<dim:field element="contributor" qualifier="author" mdschema="dc">Ricklefs, Robert</dim:field>
<dim:field element="contributor" qualifier="author" mdschema="dc">Outlaw, Diana</dim:field>
<dim:field element="contributor" qualifier="author" mdschema="dc">Svensson-Coelho, Maria</dim:field>
<dim:field element="contributor" qualifier="author" mdschema="dc">Medeiros, Matthew</dim:field>
<dim:field element="contributor" qualifier="author" mdschema="dc">Latta, Steven</dim:field>
<dim:field element="coverage" qualifier="spatial" language="" mdschema="dc">North America</dim:field>
<dim:field element="coverage" qualifier="spatial" language="" mdschema="dc">West Indies</dim:field>
<dim:field element="coverage" qualifier="spatial" language="" mdschema="dc">South America</dim:field>
<dim:field element="coverage" qualifier="temporal" language="" mdschema="dc">Present</dim:field>
<dim:field element="identifier" mdschema="dc">doi:10.5061/dryad.05h9v/1</dim:field>
<dim:field element="description" language="" mdschema="dc">The file consists of the following appendices and figures: Appendix S1, Avian blood samples; Appendix S2, Parasite lineage circumscription; Figure S1, Maximum likelihood phylogeny for the parasite lineages in this analysis; Appendix S3: Nodes in the parasite phylogeny analyzed in this study; Appendix S4, Direction of shifting identified by paraphyly; Figure S2, Inference concerning the direction of host switching, Appendix S5, Association between allopatry, sympatry, and the taxonomic difference between hosts, Appendix S6, Sympatric sister lineages in the same host.</dim:field>
<dim:field element="relation" qualifier="ispartof" mdschema="dc">doi:10.5061/dryad.05h9v</dim:field>
<dim:field element="rights" qualifier="uri" mdschema="dc">http://creativecommons.org/publicdomain/zero/1.0/</dim:field>
<dim:field element="subject" confidence="NOVALUE" language="" mdschema="dc">allopatry</dim:field>
<dim:field element="subject" confidence="NOVALUE" language="" mdschema="dc">Aves</dim:field>
<dim:field element="subject" confidence="NOVALUE" language="" mdschema="dc">coevolution</dim:field>
<dim:field element="subject" confidence="NOVALUE" language="" mdschema="dc">diversification</dim:field>
<dim:field element="subject" confidence="NOVALUE" language="" mdschema="dc">Haemosporida</dim:field>
<dim:field element="subject" confidence="NOVALUE" language="" mdschema="dc">speciation</dim:field>
<dim:field element="subject" confidence="NOVALUE" language="" mdschema="dc">sympatry</dim:field>
<dim:field element="title" language="" mdschema="dc">Supplementary Material</dim:field>
<dim:field element="type" language="*" mdschema="dc">Dataset</dim:field>
<dim:field element="ScientificName" confidence="NOVALUE" language="" mdschema="dwc">Aves</dim:field>
<dim:field element="ScientificName" confidence="NOVALUE" language="" mdschema="dwc">Haemosporida</dim:field>
<dim:field element="dryad" qualifier="pageviews">0</dim:field>
<dim:field element="dryad" qualifier="downloads">0</dim:field>
</dim:dim>
</mets:xmlData>
</mets:mdWrap>
</mets:dmdSec>
<mets:fileSec/>
<mets:structMap LABEL="DSpace" TYPE="LOGICAL">
<mets:div DMDID="dmd_1" TYPE="DSpace Item"/>
</mets:structMap>
</mets:METS>
