<?xml version="1.0" encoding="UTF-8"?>
<mets:METS xmlns:mets="http://www.loc.gov/METS/" xmlns:xlink="http://www.w3.org/TR/xlink/" xmlns:xsi="http://www.w3.org/2001/XMLSchema-instance" xmlns:dim="http://www.dspace.org/xmlns/dspace/dim" OBJEDIT="/admin/item?itemID=1485" OBJID="/handle/10255/dryad.1300" PROFILE="DSPACE METS SIP Profile 1.0" LABEL="DSpace Item" ID="hdl:10255/dryad.1300">
<mets:dmdSec GROUPID="group_dmd_0" ID="dmd_1">
<mets:mdWrap MDTYPE="OTHER" OTHERMDTYPE="DIM">
<mets:xmlData>
<dim:dim dspaceType="ITEM">
<dim:field element="contributor" qualifier="author" language="en" mdschema="dc">Chun, Young Jin</dim:field>
<dim:field element="contributor" qualifier="author" language="en" mdschema="dc">Nason, John</dim:field>
<dim:field element="contributor" qualifier="author" language="en" mdschema="dc">Moloney, Kirk</dim:field>
<dim:field element="coverage" qualifier="temporal" language="en" mdschema="dc">Holocene</dim:field>
<dim:field element="date" qualifier="accessioned" language="" mdschema="dc">2010-03-07T17:27:23Z</dim:field>
<dim:field element="date" qualifier="available" language="" mdschema="dc">2010-03-07T17:27:23Z</dim:field>
<dim:field element="date" qualifier="issued" language="" mdschema="dc">2010-03-07T17:27:23Z</dim:field>
<dim:field element="identifier" mdschema="dc">doi:10.5061/dryad.1295/2</dim:field>
<dim:field element="identifier" qualifier="uri" language="" mdschema="dc">http://hdl.handle.net/10255/dryad.1300</dim:field>
<dim:field element="relation" qualifier="ispartof" language="en" mdschema="dc">doi:10.5061/dryad.1295</dim:field>
<dim:field element="rights" qualifier="uri" language="en" mdschema="dc">http://creativecommons.org/publicdomain/zero/1.0/</dim:field>
<dim:field element="subject" language="en" mdschema="dc">AFLP</dim:field>
<dim:field element="subject" language="en" mdschema="dc">FST and QST</dim:field>
<dim:field element="subject" language="en" mdschema="dc">genetic variation</dim:field>
<dim:field element="subject" language="en" mdschema="dc">Invasive Species</dim:field>
<dim:field element="subject" language="en" mdschema="dc">Lythrum salicaria</dim:field>
<dim:field element="subject" language="en" mdschema="dc">quantitative trait</dim:field>
<dim:field element="title" language="en" mdschema="dc">Quantitative trait data of Lythrum salicaria</dim:field>
<dim:field element="type" language="en" mdschema="dc">Dataset</dim:field>
<dim:field element="ScientificName" language="en" mdschema="dwc">Lythrum salicaria</dim:field>
<dim:field element="status" language="" mdschema="dryad">scanned</dim:field>
<dim:field element="dryad" qualifier="pageviews">195</dim:field>
<dim:field element="dryad" qualifier="downloads">135</dim:field>
</dim:dim>
</mets:xmlData>
</mets:mdWrap>
</mets:dmdSec>
<mets:fileSec>
<mets:fileGrp USE="CONTENT">
<mets:file CHECKSUMTYPE="MD5" GROUPID="group_file_1022" ID="file_1022" MIMETYPE="text/csv" SIZE="24583" CHECKSUM="e4255663812350077f9293ce78e4e83e">
<mets:FLocat LOCTYPE="URL" xlink:title="Quantitative-data.csv" xlink:type="locator" xlink:href="/bitstream/handle/10255/dryad.1300/Quantitative-data.csv?sequence=1"/>
</mets:file>
<mets:file CHECKSUMTYPE="MD5" GROUPID="group_file_1023" ID="file_1023" MIMETYPE="text/plain" SIZE="5214" CHECKSUM="e05da8b758fed3e8494b967d4b4251ca">
<mets:FLocat LOCTYPE="URL" xlink:title="README.txt" xlink:type="locator" xlink:href="/bitstream/handle/10255/dryad.1300/README.txt?sequence=2"/>
</mets:file>
</mets:fileGrp>
<mets:fileGrp USE="TEXT">
<mets:file CHECKSUMTYPE="MD5" GROUPID="group_file_1023" ID="file_1486" MIMETYPE="text/plain" SIZE="5215" CHECKSUM="dff267ff393c0acbd6035091535f76a5">
<mets:FLocat LOCTYPE="URL" xlink:title="README.txt.txt" xlink:label="Extracted text" xlink:type="locator" xlink:href="/bitstream/handle/10255/dryad.1300/README.txt.txt?sequence=3"/>
</mets:file>
</mets:fileGrp>
</mets:fileSec>
<mets:structMap LABEL="DSpace" TYPE="LOGICAL">
<mets:div DMDID="dmd_1" TYPE="DSpace Item">
<mets:div ID="div_2" TYPE="DSpace Content Bitstream">
<mets:fptr FILEID="file_1022"/>
</mets:div>
<mets:div ID="div_3" TYPE="DSpace Content Bitstream">
<mets:fptr FILEID="file_1023"/>
</mets:div>
</mets:div>
</mets:structMap>
</mets:METS>
