<?xml version="1.0" encoding="UTF-8"?>
<mets:METS xmlns:mets="http://www.loc.gov/METS/" xmlns:xlink="http://www.w3.org/TR/xlink/" xmlns:xsi="http://www.w3.org/2001/XMLSchema-instance" xmlns:dim="http://www.dspace.org/xmlns/dspace/dim" OBJEDIT="/admin/item?itemID=1285" OBJID="/handle/10255/dryad.1125" PROFILE="DSPACE METS SIP Profile 1.0" LABEL="DSpace Item" ID="hdl:10255/dryad.1125">
<mets:dmdSec GROUPID="group_dmd_0" ID="dmd_1">
<mets:mdWrap MDTYPE="OTHER" OTHERMDTYPE="DIM">
<mets:xmlData>
<dim:dim dspaceType="ITEM">
<dim:field element="contributor" qualifier="author" language="en" mdschema="dc">Fonseca, Dina</dim:field>
<dim:field element="contributor" qualifier="author" language="en" mdschema="dc">Widdel, Andrea</dim:field>
<dim:field element="contributor" qualifier="author" language="en" mdschema="dc">Spichiger, Sven-Erik</dim:field>
<dim:field element="contributor" qualifier="author" language="en" mdschema="dc">Hutchinson, Michael</dim:field>
<dim:field element="contributor" qualifier="author" language="en" mdschema="dc">Kramer, Laura</dim:field>
<dim:field element="date" qualifier="accessioned" mdschema="dc">2009-12-07T17:36:54Z</dim:field>
<dim:field element="date" qualifier="available" mdschema="dc">2009-12-07T17:36:54Z</dim:field>
<dim:field element="date" qualifier="issued" mdschema="dc">2009-12-07T17:36:54Z</dim:field>
<dim:field element="identifier" mdschema="dc">doi:10.5061/dryad.1122/3</dim:field>
<dim:field element="identifier" qualifier="uri" mdschema="dc">http://hdl.handle.net/10255/dryad.1125</dim:field>
<dim:field element="description" language="en" mdschema="dc">Microsatellite alleles for fine resolution analysis across Pennsylvania (for Phylip)</dim:field>
<dim:field element="relation" qualifier="ispartof" language="en" mdschema="dc">doi:10.5061/dryad.1122</dim:field>
<dim:field element="rights" qualifier="uri" language="en" mdschema="dc">http://creativecommons.org/publicdomain/zero/1.0/</dim:field>
<dim:field element="subject" language="en" mdschema="dc">Aedes japonicus</dim:field>
<dim:field element="subject" language="en" mdschema="dc">Invasive Species</dim:field>
<dim:field element="subject" language="en" mdschema="dc">Phylogeography</dim:field>
<dim:field element="subject" language="en" mdschema="dc">Population Genetics - Empirical</dim:field>
<dim:field element="title" language="en" mdschema="dc">Aej-PA2.txt</dim:field>
<dim:field element="type" language="en" mdschema="dc">Dataset</dim:field>
<dim:field element="status" language="" mdschema="dryad">scanned</dim:field>
<dim:field element="dryad" qualifier="pageviews">162</dim:field>
<dim:field element="dryad" qualifier="downloads">61</dim:field>
</dim:dim>
</mets:xmlData>
</mets:mdWrap>
</mets:dmdSec>
<mets:fileSec>
<mets:fileGrp USE="CONTENT">
<mets:file CHECKSUMTYPE="MD5" GROUPID="group_file_955" ID="file_955" MIMETYPE="text/plain" SIZE="19456" CHECKSUM="a2ac66668f6072ca49a9e29265fec996">
<mets:FLocat LOCTYPE="URL" xlink:title="Aej-PA2.txt" xlink:type="locator" xlink:href="/bitstream/handle/10255/dryad.1125/Aej-PA2.txt?sequence=1"/>
</mets:file>
</mets:fileGrp>
<mets:fileGrp USE="TEXT">
<mets:file CHECKSUMTYPE="MD5" GROUPID="group_file_955" ID="file_1411" MIMETYPE="text/plain" SIZE="18953" CHECKSUM="6b77480a89e2ed0b93e1a3084a51daaa">
<mets:FLocat LOCTYPE="URL" xlink:title="Aej-PA2.txt.txt" xlink:label="Extracted text" xlink:type="locator" xlink:href="/bitstream/handle/10255/dryad.1125/Aej-PA2.txt.txt?sequence=2"/>
</mets:file>
</mets:fileGrp>
</mets:fileSec>
<mets:structMap LABEL="DSpace" TYPE="LOGICAL">
<mets:div DMDID="dmd_1" TYPE="DSpace Item">
<mets:div ID="div_2" TYPE="DSpace Content Bitstream">
<mets:fptr FILEID="file_955"/>
</mets:div>
</mets:div>
</mets:structMap>
</mets:METS>
