<?xml version="1.0" encoding="UTF-8"?>
<mets:METS xmlns:mets="http://www.loc.gov/METS/" xmlns:xlink="http://www.w3.org/TR/xlink/" xmlns:xsi="http://www.w3.org/2001/XMLSchema-instance" xmlns:dim="http://www.dspace.org/xmlns/dspace/dim" OBJEDIT="/admin/item?itemID=8295" OBJID="/handle/10255/dryad.7862" PROFILE="DSPACE METS SIP Profile 1.0" LABEL="DSpace Item" ID="hdl:10255/dryad.7862">
<mets:dmdSec GROUPID="group_dmd_0" ID="dmd_1">
<mets:mdWrap MDTYPE="OTHER" OTHERMDTYPE="DIM">
<mets:xmlData>
<dim:dim dspaceType="ITEM">
<dim:field element="coverage" qualifier="spatial" language="en" mdschema="dc">Canada</dim:field>
<dim:field element="coverage" qualifier="spatial" language="en" mdschema="dc">British Columbia</dim:field>
<dim:field element="coverage" qualifier="spatial" language="en" mdschema="dc">Vancouver Island</dim:field>
<dim:field element="coverage" qualifier="spatial" language="en" mdschema="dc">Misty Lake and its inlet stream</dim:field>
<dim:field element="date" language="en" mdschema="dc">Holocene</dim:field>
<dim:field element="date" qualifier="accessioned" language="" mdschema="dc">2010-10-12T18:37:00Z</dim:field>
<dim:field element="date" qualifier="available" language="" mdschema="dc">2010-10-12T18:37:00Z</dim:field>
<dim:field element="date" qualifier="issued" language="" mdschema="dc">2010-10-12</dim:field>
<dim:field element="identifier" mdschema="dc">doi:10.5061/dryad.1998/2</dim:field>
<dim:field element="identifier" qualifier="uri" language="" mdschema="dc">http://hdl.handle.net/10255/dryad.7862</dim:field>
<dim:field element="description" language="en" mdschema="dc">These are the data used for the path models and for the DNET* and WBAR analyses reported in Table 2. They are data collected for lab reared stickleback. The file is microsoft excel (.xlsx).</dim:field>
<dim:field element="relation" qualifier="ispartof" language="" mdschema="dc">doi:10.5061/dryad.1998</dim:field>
<dim:field element="rights" qualifier="uri" language="" mdschema="dc">http://creativecommons.org/publicdomain/zero/1.0/</dim:field>
<dim:field element="subject" language="en" mdschema="dc">adaptive divergence</dim:field>
<dim:field element="subject" language="en" mdschema="dc">functional performance</dim:field>
<dim:field element="subject" language="en" mdschema="dc">swimming performance</dim:field>
<dim:field element="subject" language="en" mdschema="dc">burst swimming</dim:field>
<dim:field element="title" language="en" mdschema="dc">burst swimming data</dim:field>
<dim:field element="ScientificName" language="en" mdschema="dwc">Gasterosteus aculeatus</dim:field>
<dim:field element="type" qualifier="embargo" language="en" mdschema="dc">none</dim:field>
<dim:field element="dryad" qualifier="pageviews">136</dim:field>
<dim:field element="dryad" qualifier="downloads">37</dim:field>
</dim:dim>
</mets:xmlData>
</mets:mdWrap>
</mets:dmdSec>
<mets:fileSec>
<mets:fileGrp USE="CONTENT">
<mets:file CHECKSUMTYPE="MD5" GROUPID="group_file_14971" ID="file_14971" MIMETYPE="application/vnd.ms-excel" SIZE="38400" CHECKSUM="157e587855246beb00fe38cacf9ae69a">
<mets:FLocat LOCTYPE="URL" xlink:title="burst swimming data DRYAD.xls" xlink:label="dataset-file" xlink:type="locator" xlink:href="/bitstream/handle/10255/dryad.7862/burst%20swimming%20data%20DRYAD.xls?sequence=1"/>
</mets:file>
</mets:fileGrp>
</mets:fileSec>
<mets:structMap LABEL="DSpace" TYPE="LOGICAL">
<mets:div DMDID="dmd_1" TYPE="DSpace Item">
<mets:div ID="div_2" TYPE="DSpace Content Bitstream">
<mets:fptr FILEID="file_14971"/>
</mets:div>
</mets:div>
</mets:structMap>
</mets:METS>
