<?xml version="1.0" encoding="UTF-8"?>
<mets:METS xmlns:mets="http://www.loc.gov/METS/" xmlns:xlink="http://www.w3.org/TR/xlink/" xmlns:xsi="http://www.w3.org/2001/XMLSchema-instance" xmlns:dim="http://www.dspace.org/xmlns/dspace/dim" OBJEDIT="/admin/item?itemID=64066" OBJID="/handle/10255/dryad.52649" PROFILE="DSPACE METS SIP Profile 1.0" LABEL="DSpace Item" ID="hdl:10255/dryad.52649">
<mets:dmdSec GROUPID="group_dmd_0" ID="dmd_1">
<mets:mdWrap MDTYPE="OTHER" OTHERMDTYPE="DIM">
<mets:xmlData>
<dim:dim dspaceType="ITEM">
<dim:field element="contributor" qualifier="author" language="" mdschema="dc">Hickerson, Michael James</dim:field>
<dim:field element="contributor" qualifier="author" language="" mdschema="dc">Stone, Graham N.</dim:field>
<dim:field element="contributor" qualifier="author" language="" mdschema="dc">Lohse, Konrad</dim:field>
<dim:field element="contributor" qualifier="author" language="" mdschema="dc">Demos, Terrence C.</dim:field>
<dim:field element="contributor" qualifier="author" language="" mdschema="dc">Landerer, Cedric</dim:field>
<dim:field element="contributor" qualifier="author" language="" mdschema="dc">Xie, Xiaoou</dim:field>
<dim:field element="contributor" qualifier="author" language="" mdschema="dc">Takebayashi, Naoki</dim:field>
<dim:field element="date" qualifier="accessioned" mdschema="dc">2013-08-05T16:45:00Z</dim:field>
<dim:field element="date" qualifier="available" mdschema="dc">2013-08-22T16:36:39Z</dim:field>
<dim:field element="date" qualifier="issued" mdschema="dc">2013-08-05</dim:field>
<dim:field element="identifier" language="" mdschema="dc">doi:10.5061/dryad.17f8v/17</dim:field>
<dim:field element="identifier" mdschema="dc">doi:10.5061/dryad.17f8v/17</dim:field>
<dim:field element="identifier" qualifier="uri" mdschema="dc">http://hdl.handle.net/10255/dryad.52649</dim:field>
<dim:field element="description" language="" mdschema="dc">R scripts for generating estimates in table S4</dim:field>
<dim:field element="relation" qualifier="ispartof" language="" mdschema="dc">doi:10.5061/dryad.17f8v</dim:field>
<dim:field element="rights" qualifier="uri" language="" mdschema="dc">http://creativecommons.org/publicdomain/zero/1.0/</dim:field>
<dim:field element="subject" confidence="NOVALUE" language="" mdschema="dc">approximate Bayesian computation</dim:field>
<dim:field element="subject" confidence="NOVALUE" language="" mdschema="dc">prior</dim:field>
<dim:field element="subject" confidence="NOVALUE" language="" mdschema="dc">Bayesian model averaging</dim:field>
<dim:field element="subject" confidence="NOVALUE" language="" mdschema="dc">msBayes</dim:field>
<dim:field element="subject" confidence="NOVALUE" language="" mdschema="dc">synchronous divergence</dim:field>
<dim:field element="title" language="" mdschema="dc">BirdCOI R scripts_psi3</dim:field>
<dim:field element="type" language="*" mdschema="dc">Dataset</dim:field>
<dim:field element="type" qualifier="embargo" language="" mdschema="dc">untilArticleAppears</dim:field>
<dim:field element="dryad" qualifier="pageviews">3</dim:field>
<dim:field element="dryad" qualifier="downloads">0</dim:field>
</dim:dim>
</mets:xmlData>
</mets:mdWrap>
</mets:dmdSec>
<mets:fileSec>
<mets:fileGrp USE="CONTENT">
<mets:file CHECKSUMTYPE="MD5" GROUPID="group_file_135593" ID="file_135593" MIMETYPE="text/plain" SIZE="3877" CHECKSUM="89f3e0f88ab8d940bdea44ea8230c095">
<mets:FLocat LOCTYPE="URL" xlink:title="BirdCOI R scripts_psi3.txt" xlink:label="dataset-file" xlink:type="locator" xlink:href="/bitstream/handle/10255/dryad.52649/BirdCOI%20R%20scripts_psi3.txt?sequence=1"/>
</mets:file>
</mets:fileGrp>
</mets:fileSec>
<mets:structMap LABEL="DSpace" TYPE="LOGICAL">
<mets:div DMDID="dmd_1" TYPE="DSpace Item">
<mets:div ID="div_2" TYPE="DSpace Content Bitstream">
<mets:fptr FILEID="file_135593"/>
</mets:div>
</mets:div>
</mets:structMap>
</mets:METS>
