<?xml version="1.0" encoding="UTF-8"?>
<mets:METS xmlns:mets="http://www.loc.gov/METS/" xmlns:xlink="http://www.w3.org/TR/xlink/" xmlns:xsi="http://www.w3.org/2001/XMLSchema-instance" xmlns:dim="http://www.dspace.org/xmlns/dspace/dim" OBJEDIT="/admin/item?itemID=1581" OBJID="/handle/10255/dryad.1382" PROFILE="DSPACE METS SIP Profile 1.0" LABEL="DSpace Item" ID="hdl:10255/dryad.1382">
<mets:dmdSec GROUPID="group_dmd_0" ID="dmd_1">
<mets:mdWrap MDTYPE="OTHER" OTHERMDTYPE="DIM">
<mets:xmlData>
<dim:dim dspaceType="ITEM">
<dim:field element="contributor" qualifier="author" language="en" mdschema="dc">Zimkus, Breda M</dim:field>
<dim:field element="contributor" qualifier="author" language="en" mdschema="dc">Blackburn, David C</dim:field>
<dim:field element="coverage" qualifier="spatial" language="en" mdschema="dc">Africa</dim:field>
<dim:field element="coverage" qualifier="spatial" language="en" mdschema="dc">sub-Saharan Africa</dim:field>
<dim:field element="date" qualifier="accessioned" language="" mdschema="dc">2010-03-17T14:27:34Z</dim:field>
<dim:field element="date" qualifier="available" language="" mdschema="dc">2010-03-17T14:27:34Z</dim:field>
<dim:field element="date" qualifier="issued" language="" mdschema="dc">2010-03-17T14:27:34Z</dim:field>
<dim:field element="identifier" mdschema="dc">doi:10.5061/dryad.1381/1</dim:field>
<dim:field element="identifier" qualifier="uri" language="" mdschema="dc">http://hdl.handle.net/10255/dryad.1382</dim:field>
<dim:field element="description" language="en" mdschema="dc">Tab-delimited file containing measurements of snout-vent length and head width for sub-Saharan frog genera Arthroleptis and Phrynobatrachus.</dim:field>
<dim:field element="relation" qualifier="ispartof" language="en" mdschema="dc">doi:10.5061/dryad.1381</dim:field>
<dim:field element="rights" qualifier="uri" language="en" mdschema="dc">http://creativecommons.org/publicdomain/zero/1.0/</dim:field>
<dim:field element="subject" language="en" mdschema="dc">Africa</dim:field>
<dim:field element="subject" language="en" mdschema="dc">Amphibia</dim:field>
<dim:field element="subject" language="en" mdschema="dc">Arthroleptidae</dim:field>
<dim:field element="subject" language="en" mdschema="dc">identification</dim:field>
<dim:field element="subject" language="en" mdschema="dc">Ranoidea</dim:field>
<dim:field element="subject" language="en" mdschema="dc">Phrynobatrachidae</dim:field>
<dim:field element="subject" language="en" mdschema="dc">morphometrics</dim:field>
<dim:field element="title" language="en" mdschema="dc">Measurements of snout-vent length and head width of African frogs</dim:field>
<dim:field element="type" language="en" mdschema="dc">Dataset</dim:field>
<dim:field element="ScientificName" language="en" mdschema="dwc">Arthroleptis</dim:field>
<dim:field element="ScientificName" language="en" mdschema="dwc">Arthroleptidae</dim:field>
<dim:field element="ScientificName" language="en" mdschema="dwc">Schoutedenella</dim:field>
<dim:field element="ScientificName" language="en" mdschema="dwc">Dimorphognathus</dim:field>
<dim:field element="ScientificName" language="en" mdschema="dwc">Phrynodon</dim:field>
<dim:field element="ScientificName" language="en" mdschema="dwc">Phrynobatrachus</dim:field>
<dim:field element="ScientificName" language="en" mdschema="dwc">Phrynobatrachidae</dim:field>
<dim:field element="status" language="" mdschema="dryad">scanned</dim:field>
<dim:field element="dryad" qualifier="pageviews">228</dim:field>
<dim:field element="dryad" qualifier="downloads">66</dim:field>
</dim:dim>
</mets:xmlData>
</mets:mdWrap>
</mets:dmdSec>
<mets:fileSec>
<mets:fileGrp USE="CONTENT">
<mets:file CHECKSUMTYPE="MD5" GROUPID="group_file_1064" ID="file_1064" MIMETYPE="application/octet-stream" SIZE="24571" CHECKSUM="f19cba894e0e83a3fe22248439f3b782">
<mets:FLocat LOCTYPE="URL" xlink:title="Arthro&amp;Phryno_data" xlink:type="locator" xlink:href="/bitstream/handle/10255/dryad.1382/Arthro%26Phryno_data?sequence=1"/>
</mets:file>
</mets:fileGrp>
</mets:fileSec>
<mets:structMap LABEL="DSpace" TYPE="LOGICAL">
<mets:div DMDID="dmd_1" TYPE="DSpace Item">
<mets:div ID="div_2" TYPE="DSpace Content Bitstream">
<mets:fptr FILEID="file_1064"/>
</mets:div>
</mets:div>
</mets:structMap>
</mets:METS>
