<?xml version="1.0" encoding="UTF-8"?>
<mets:METS xmlns:mets="http://www.loc.gov/METS/" xmlns:xlink="http://www.w3.org/TR/xlink/" xmlns:xsi="http://www.w3.org/2001/XMLSchema-instance" xmlns:dim="http://www.dspace.org/xmlns/dspace/dim" OBJEDIT="/admin/item?itemID=35132" OBJID="/handle/10255/dryad.33640" PROFILE="DSPACE METS SIP Profile 1.0" LABEL="DSpace Item" ID="hdl:10255/dryad.33640">
<mets:dmdSec GROUPID="group_dmd_0" ID="dmd_1">
<mets:mdWrap MDTYPE="OTHER" OTHERMDTYPE="DIM">
<mets:xmlData>
<dim:dim dspaceType="ITEM">
<dim:field element="contributor" qualifier="author" language="" mdschema="dc">Chiang, George C K</dim:field>
<dim:field element="contributor" qualifier="author" language="" mdschema="dc">Bartsch, Melanie</dim:field>
<dim:field element="contributor" qualifier="author" language="" mdschema="dc">Barua, Deepak</dim:field>
<dim:field element="contributor" qualifier="author" language="" mdschema="dc">Nakabayashi, Kazumi</dim:field>
<dim:field element="contributor" qualifier="author" language="" mdschema="dc">Debieu, Marilyne</dim:field>
<dim:field element="contributor" qualifier="author" language="" mdschema="dc">Kronholm, Ilkka</dim:field>
<dim:field element="contributor" qualifier="author" language="" mdschema="dc">Koornneef, Maarten</dim:field>
<dim:field element="contributor" qualifier="author" language="" mdschema="dc">Soppe, Wim J J</dim:field>
<dim:field element="contributor" qualifier="author" language="" mdschema="dc">Donohue, Kathleen</dim:field>
<dim:field element="contributor" qualifier="author" language="" mdschema="dc">de Meaux, Juliette</dim:field>
<dim:field element="date" qualifier="accessioned" language="" mdschema="dc">2011-05-09T14:36:34Z</dim:field>
<dim:field element="date" qualifier="available" mdschema="dc">2012-12-03T21:54:29Z</dim:field>
<dim:field element="date" qualifier="issued" language="" mdschema="dc">2011-05-09</dim:field>
<dim:field element="identifier" mdschema="dc">doi:10.5061/dryad.18pn5/1</dim:field>
<dim:field element="identifier" qualifier="uri" language="" mdschema="dc">http://hdl.handle.net/10255/dryad.33640</dim:field>
<dim:field element="relation" qualifier="ispartof" language="" mdschema="dc">doi:10.5061/dryad.18pn5</dim:field>
<dim:field element="rights" qualifier="uri" language="" mdschema="dc">http://creativecommons.org/publicdomain/zero/1.0/</dim:field>
<dim:field element="subject" language="en" mdschema="dc">Adaptation</dim:field>
<dim:field element="subject" language="en" mdschema="dc">Ecological Genetics</dim:field>
<dim:field element="subject" language="en" mdschema="dc">Life History Evolution</dim:field>
<dim:field element="subject" language="en" mdschema="dc">Phenotypic Plasticity</dim:field>
<dim:field element="title" language="en" mdschema="dc">Data DOG1 Expression and Maternal Environment</dim:field>
<dim:field element="type" language="*" mdschema="dc">Dataset</dim:field>
<dim:field element="type" qualifier="embargo" language="en" mdschema="dc">oneyear</dim:field>
<dim:field element="dryad" qualifier="pageviews">174</dim:field>
<dim:field element="dryad" qualifier="downloads">38</dim:field>
</dim:dim>
</mets:xmlData>
</mets:mdWrap>
</mets:dmdSec>
<mets:fileSec>
<mets:fileGrp USE="CONTENT">
<mets:file CHECKSUMTYPE="MD5" GROUPID="group_file_114220" ID="file_114220" MIMETYPE="application/vnd.ms-excel" SIZE="104960" CHECKSUM="5e027d79cbe1d3b358be856bcbabdcec">
<mets:FLocat LOCTYPE="URL" xlink:title="Data DOG1 Expression and Maternal Environment.xls" xlink:label="dataset-file" xlink:type="locator" xlink:href="/bitstream/handle/10255/dryad.33640/Data%20DOG1%20Expression%20and%20Maternal%20Environment.xls?sequence=1"/>
</mets:file>
</mets:fileGrp>
</mets:fileSec>
<mets:structMap LABEL="DSpace" TYPE="LOGICAL">
<mets:div DMDID="dmd_1" TYPE="DSpace Item">
<mets:div ID="div_2" TYPE="DSpace Content Bitstream">
<mets:fptr FILEID="file_114220"/>
</mets:div>
</mets:div>
</mets:structMap>
</mets:METS>
