<?xml version="1.0" encoding="UTF-8"?>
<mets:METS xmlns:mets="http://www.loc.gov/METS/" xmlns:xlink="http://www.w3.org/TR/xlink/" xmlns:xsi="http://www.w3.org/2001/XMLSchema-instance" xmlns:dim="http://www.dspace.org/xmlns/dspace/dim" OBJEDIT="/admin/item?itemID=56420" OBJID="/handle/10255/dryad.47544" PROFILE="DSPACE METS SIP Profile 1.0" LABEL="DSpace Item" ID="hdl:10255/dryad.47544">
<mets:dmdSec GROUPID="group_dmd_0" ID="dmd_1">
<mets:mdWrap MDTYPE="OTHER" OTHERMDTYPE="DIM">
<mets:xmlData>
<dim:dim dspaceType="ITEM">
<dim:field element="contributor" qualifier="author" language="" mdschema="dc">Tschirren, Barbara</dim:field>
<dim:field element="contributor" qualifier="author" language="" mdschema="dc">Andersson, Martin</dim:field>
<dim:field element="contributor" qualifier="author" language="" mdschema="dc">Scherman, Kristin</dim:field>
<dim:field element="contributor" qualifier="author" language="" mdschema="dc">Westerdahl, Helena</dim:field>
<dim:field element="contributor" qualifier="author" language="" mdschema="dc">Mittl, Peer R. E.</dim:field>
<dim:field element="contributor" qualifier="author" language="" mdschema="dc">Raberg, Lars</dim:field>
<dim:field element="coverage" qualifier="spatial" language="" mdschema="dc">Sweden</dim:field>
<dim:field element="date" qualifier="accessioned" mdschema="dc">2013-05-22T16:49:01Z</dim:field>
<dim:field element="date" qualifier="issued" mdschema="dc">2013-05-22</dim:field>
<dim:field element="identifier" language="" mdschema="dc">doi:10.5061/dryad.16h1t/1</dim:field>
<dim:field element="identifier" mdschema="dc">doi:10.5061/dryad.16h1t/1</dim:field>
<dim:field element="identifier" qualifier="uri" mdschema="dc">http://hdl.handle.net/10255/dryad.47544</dim:field>
<dim:field element="description" language="" mdschema="dc">Borrelia infection status of adult bank voles, their TLR2 genotype and sex</dim:field>
<dim:field element="relation" qualifier="ispartof" language="" mdschema="dc">doi:10.5061/dryad.16h1t</dim:field>
<dim:field element="rights" qualifier="uri" language="" mdschema="dc">http://creativecommons.org/publicdomain/zero/1.0/</dim:field>
<dim:field element="subject" confidence="NOVALUE" language="" mdschema="dc">wildlife disease</dim:field>
<dim:field element="subject" confidence="NOVALUE" language="" mdschema="dc">Toll-like receptor</dim:field>
<dim:field element="subject" confidence="NOVALUE" language="" mdschema="dc">resistance</dim:field>
<dim:field element="title" language="" mdschema="dc">TLR2_Borrelia</dim:field>
<dim:field element="type" language="*" mdschema="dc">Dataset</dim:field>
<dim:field element="ScientificName" confidence="NOVALUE" language="" mdschema="dwc">Myodes glareolus</dim:field>
<dim:field element="ScientificName" confidence="FAILED" language="" mdschema="dwc">Borrelia</dim:field>
<dim:field element="date" qualifier="embargoedUntil" mdschema="dc">2014-04-03</dim:field>
<dim:field element="type" qualifier="embargo" language="" mdschema="dc">oneyear</dim:field>
<dim:field element="dryad" qualifier="pageviews">14</dim:field>
<dim:field element="dryad" qualifier="downloads">1</dim:field>
</dim:dim>
</mets:xmlData>
</mets:mdWrap>
</mets:dmdSec>
<mets:fileSec/>
<mets:structMap LABEL="DSpace" TYPE="LOGICAL">
<mets:div DMDID="dmd_1" TYPE="DSpace Item"/>
</mets:structMap>
</mets:METS>
