<?xml version="1.0" encoding="UTF-8"?>
<mets:METS xmlns:mets="http://www.loc.gov/METS/" xmlns:xlink="http://www.w3.org/TR/xlink/" xmlns:xsi="http://www.w3.org/2001/XMLSchema-instance" xmlns:dim="http://www.dspace.org/xmlns/dspace/dim" OBJEDIT="/admin/item?itemID=1884" OBJID="/handle/10255/dryad.1655" PROFILE="DSPACE METS SIP Profile 1.0" LABEL="DSpace Item" ID="hdl:10255/dryad.1655">
<mets:dmdSec GROUPID="group_dmd_0" ID="dmd_1">
<mets:mdWrap MDTYPE="OTHER" OTHERMDTYPE="DIM">
<mets:xmlData>
<dim:dim dspaceType="ITEM">
<dim:field element="contributor" qualifier="author" language="en" mdschema="dc">Nevado, Bruno</dim:field>
<dim:field element="coverage" qualifier="spatial" language="" mdschema="dc">Lake Tanganyika</dim:field>
<dim:field element="date" qualifier="accessioned" language="" mdschema="dc">2010-06-11T20:25:00Z</dim:field>
<dim:field element="date" qualifier="available" language="" mdschema="dc">2010-06-11T20:25:00Z</dim:field>
<dim:field element="date" qualifier="issued" language="" mdschema="dc">2010-06-11</dim:field>
<dim:field element="identifier" mdschema="dc">doi:10.5061/dryad.1307/3</dim:field>
<dim:field element="identifier" qualifier="uri" language="" mdschema="dc">http://hdl.handle.net/10255/dryad.1655</dim:field>
<dim:field element="relation" qualifier="ispartof" language="en" mdschema="dc">doi:10.5061/dryad.1307</dim:field>
<dim:field element="rights" qualifier="uri" language="en" mdschema="dc">http://creativecommons.org/publicdomain/zero/1.0/</dim:field>
<dim:field element="subject" language="" mdschema="dc">introgression</dim:field>
<dim:field element="subject" language="" mdschema="dc">lake level fluctuations</dim:field>
<dim:field element="subject" language="" mdschema="dc">Hybridization</dim:field>
<dim:field element="subject" language="" mdschema="dc">Phylogeography</dim:field>
<dim:field element="title" language="en" mdschema="dc">Data used in phylogeographic analysis</dim:field>
<dim:field element="type" language="en" mdschema="dc">Dataset</dim:field>
<dim:field element="ScientificName" language="" mdschema="dwc">Lamprologus callipterus</dim:field>
<dim:field element="ScientificName" language="" mdschema="dwc">Neolamprologus fasciatus</dim:field>
<dim:field element="ScientificName" language="" mdschema="dwc">Lamprologini</dim:field>
<dim:field element="dryad" qualifier="pageviews">163</dim:field>
<dim:field element="dryad" qualifier="downloads">51</dim:field>
</dim:dim>
</mets:xmlData>
</mets:mdWrap>
</mets:dmdSec>
<mets:fileSec>
<mets:fileGrp USE="CONTENT">
<mets:file CHECKSUMTYPE="MD5" GROUPID="group_file_1197" ID="file_1197" MIMETYPE="application/x-fasta" SIZE="140885" CHECKSUM="956b18a38b990e097446c443cb956aed">
<mets:FLocat LOCTYPE="URL" xlink:title="Dloop.fas" xlink:type="locator" xlink:href="/bitstream/handle/10255/dryad.1655/Dloop.fas?sequence=1"/>
</mets:file>
</mets:fileGrp>
</mets:fileSec>
<mets:structMap LABEL="DSpace" TYPE="LOGICAL">
<mets:div DMDID="dmd_1" TYPE="DSpace Item">
<mets:div ID="div_2" TYPE="DSpace Content Bitstream">
<mets:fptr FILEID="file_1197"/>
</mets:div>
</mets:div>
</mets:structMap>
</mets:METS>
