<?xml version="1.0" encoding="UTF-8"?>
<mets:METS xmlns:mets="http://www.loc.gov/METS/" xmlns:xlink="http://www.w3.org/TR/xlink/" xmlns:xsi="http://www.w3.org/2001/XMLSchema-instance" xmlns:dim="http://www.dspace.org/xmlns/dspace/dim" OBJEDIT="/admin/item?itemID=202" OBJID="/handle/10255/dryad.184" PROFILE="DSPACE METS SIP Profile 1.0" LABEL="DSpace Item" ID="hdl:10255/dryad.184">
<mets:dmdSec GROUPID="group_dmd_0" ID="dmd_1">
<mets:mdWrap MDTYPE="OTHER" OTHERMDTYPE="DIM">
<mets:xmlData>
<dim:dim dspaceType="ITEM">
<dim:field element="contributor" qualifier="author" language="" mdschema="dc">Newton, Alicia</dim:field>
<dim:field element="contributor" qualifier="author" language="" mdschema="dc">Pistiner, Janna</dim:field>
<dim:field element="coverage" qualifier="spatial" language="" mdschema="dc">Santa Cruz, Cerro Media Luna&#13;
Lat: S 00° 39’&#13;
Long: W 90° 20’</dim:field>
<dim:field element="coverage" qualifier="temporal" language="" mdschema="dc">Date:	8/9/1999&#13;
Time:	11:30 AM</dim:field>
<dim:field element="date" qualifier="accessioned" language="" mdschema="dc">2008-09-23T18:00:45Z</dim:field>
<dim:field element="date" qualifier="available" language="" mdschema="dc">2008-09-23T18:00:45Z</dim:field>
<dim:field element="date" qualifier="issued" language="" mdschema="dc">1999-08</dim:field>
<dim:field element="identifier" mdschema="dc">doi:10.5061/dryad.159/10</dim:field>
<dim:field element="identifier" qualifier="uri" language="" mdschema="dc">http://hdl.handle.net/10255/dryad.184</dim:field>
<dim:field element="description" language="en_US" mdschema="dc">Much garua mist.&#13;
&#13;
Elev:	650 m&#13;
Zone:	Miconia&#13;
Date:	8/9/1999&#13;
Time:	11:30 AM&#13;
Lat:	S 00° 39’&#13;
Long:	W 90° 20’</dim:field>
<dim:field element="relation" qualifier="ispartof" language="" mdschema="dc">http://hdl.handle.net/10255/dryad.159</dim:field>
<dim:field element="rights" qualifier="uri" language="" mdschema="dc">http://datadryad.org/bitstream/handle/10255/dryad.184/license.txt?sequence=2</dim:field>
<dim:field element="subject" language="en_US" mdschema="dc">Cerro Media Luna</dim:field>
<dim:field element="subject" language="en_US" mdschema="dc">Miconia Zone</dim:field>
<dim:field element="subject" language="en_US" mdschema="dc">Habitat</dim:field>
<dim:field element="title" language="en_US" mdschema="dc">Panorama of Miconia Zone on Cerro Media Luna</dim:field>
<dim:field element="type" language="en_US" mdschema="dc">Image</dim:field>
<dim:field element="dryad" qualifier="pageviews">201</dim:field>
<dim:field element="dryad" qualifier="downloads">138</dim:field>
</dim:dim>
</mets:xmlData>
</mets:mdWrap>
</mets:dmdSec>
<mets:fileSec>
<mets:fileGrp USE="CONTENT">
<mets:file CHECKSUMTYPE="MD5" GROUPID="group_file_373" ID="file_373" MIMETYPE="video/quicktime" SIZE="1537078" CHECKSUM="23578a4da51e778f7b38505c716fc3ef">
<mets:FLocat LOCTYPE="URL" xlink:title="MedLun.mov" xlink:type="locator" xlink:href="/bitstream/handle/10255/dryad.184/MedLun.mov?sequence=1"/>
</mets:file>
</mets:fileGrp>
<mets:fileGrp USE="LICENSE">
<mets:file CHECKSUMTYPE="MD5" GROUPID="group_file_374" ID="file_374" MIMETYPE="text/plain" SIZE="784" CHECKSUM="fb96438eab7bf71156ac0a290a37c6f5">
<mets:FLocat LOCTYPE="URL" xlink:title="license.txt" xlink:type="locator" xlink:href="/bitstream/handle/10255/dryad.184/license.txt?sequence=2"/>
</mets:file>
</mets:fileGrp>
</mets:fileSec>
<mets:structMap LABEL="DSpace" TYPE="LOGICAL">
<mets:div DMDID="dmd_1" TYPE="DSpace Item">
<mets:div ID="div_2" TYPE="DSpace Content Bitstream">
<mets:fptr FILEID="file_373"/>
</mets:div>
</mets:div>
</mets:structMap>
</mets:METS>
