<?xml version="1.0" encoding="UTF-8"?>
<mets:METS xmlns:mets="http://www.loc.gov/METS/" xmlns:xlink="http://www.w3.org/TR/xlink/" xmlns:xsi="http://www.w3.org/2001/XMLSchema-instance" xmlns:dim="http://www.dspace.org/xmlns/dspace/dim" OBJEDIT="/admin/item?itemID=50598" OBJID="/handle/10255/dryad.43703" PROFILE="DSPACE METS SIP Profile 1.0" LABEL="DSpace Item" ID="hdl:10255/dryad.43703">
<mets:dmdSec GROUPID="group_dmd_0" ID="dmd_1">
<mets:mdWrap MDTYPE="OTHER" OTHERMDTYPE="DIM">
<mets:xmlData>
<dim:dim dspaceType="ITEM">
<dim:field element="contributor" qualifier="author" mdschema="dc">Al-Aqeedi, Rafid F.</dim:field>
<dim:field element="contributor" qualifier="author" mdschema="dc">Al Suwaidi, Jassim</dim:field>
<dim:field element="contributor" qualifier="author" mdschema="dc">Singh, Rajvir</dim:field>
<dim:field element="contributor" qualifier="author" mdschema="dc">Al Binali, Hajar</dim:field>
<dim:field element="identifier" mdschema="dc">doi:10.5061/dryad.0n806/1</dim:field>
<dim:field element="description" language="" mdschema="dc">Article focus: &#13;
1. Robust association between women presenting with ACS and worse ouctoem when compared to men. &#13;
2. We explored whether prior history CABG alter the “gender gap” among patients presenting with ACS. &#13;
Key messages: &#13;
1. Women presenting with ACS were older and had worse clinical profile when compared to men. Women were less likely treated with evidence-based therapies and less likely to undergo invasive procedures when compared to men. Female gender was independent predictor of poor outcome.&#13;
2. Women without prior CABG had significantly higher mortality rates when compared to men, while among patients with prior CABG there were no significant differences in mortality rates according to gender and hence the “gender gap” is altered among prior CABG patients.</dim:field>
<dim:field element="relation" qualifier="ispartof" mdschema="dc">doi:10.5061/dryad.0n806</dim:field>
<dim:field element="rights" qualifier="uri" mdschema="dc">http://creativecommons.org/publicdomain/zero/1.0/</dim:field>
<dim:field element="subject" confidence="NOVALUE" language="" mdschema="dc">acute coronary syndrome</dim:field>
<dim:field element="subject" confidence="NOVALUE" language="" mdschema="dc">coronary artery bypass surgery</dim:field>
<dim:field element="subject" confidence="NOVALUE" language="" mdschema="dc">gender gap</dim:field>
<dim:field element="subject" confidence="NOVALUE" language="" mdschema="dc">outcome</dim:field>
<dim:field element="title" language="" mdschema="dc">CABG_women</dim:field>
<dim:field element="type" language="*" mdschema="dc">Dataset</dim:field>
<dim:field element="type" qualifier="embargo" language="" mdschema="dc">untilArticleAppears</dim:field>
<dim:field element="dryad" qualifier="pageviews">0</dim:field>
<dim:field element="dryad" qualifier="downloads">0</dim:field>
</dim:dim>
</mets:xmlData>
</mets:mdWrap>
</mets:dmdSec>
<mets:fileSec/>
<mets:structMap LABEL="DSpace" TYPE="LOGICAL">
<mets:div DMDID="dmd_1" TYPE="DSpace Item"/>
</mets:structMap>
</mets:METS>
