<?xml version="1.0" encoding="UTF-8"?>
<mets:METS xmlns:mets="http://www.loc.gov/METS/" xmlns:xlink="http://www.w3.org/TR/xlink/" xmlns:xsi="http://www.w3.org/2001/XMLSchema-instance" xmlns:dim="http://www.dspace.org/xmlns/dspace/dim" OBJEDIT="/admin/item?itemID=43486" OBJID="/handle/10255/dryad.39041" PROFILE="DSPACE METS SIP Profile 1.0" LABEL="DSpace Item" ID="hdl:10255/dryad.39041">
<mets:dmdSec GROUPID="group_dmd_0" ID="dmd_1">
<mets:mdWrap MDTYPE="OTHER" OTHERMDTYPE="DIM">
<mets:xmlData>
<dim:dim dspaceType="ITEM">
<dim:field element="contributor" qualifier="author" mdschema="dc">Xin, Qi</dim:field>
<dim:field element="contributor" qualifier="author" mdschema="dc">Xiao long, Lin</dim:field>
<dim:field element="contributor" qualifier="author" mdschema="dc">Xin Hua, Wang</dim:field>
<dim:field element="identifier" mdschema="dc">doi:10.5061/dryad.0pn2vh12/1</dim:field>
<dim:field element="relation" qualifier="ispartof" mdschema="dc">doi:10.5061/dryad.0pn2vh12</dim:field>
<dim:field element="rights" qualifier="uri" mdschema="dc">http://creativecommons.org/publicdomain/zero/1.0/</dim:field>
<dim:field element="subject" language="" mdschema="dc">Chironomidae</dim:field>
<dim:field element="subject" language="" mdschema="dc">Dicrotendipes</dim:field>
<dim:field element="subject" language="" mdschema="dc">new species</dim:field>
<dim:field element="subject" language="" mdschema="dc">key</dim:field>
<dim:field element="subject" language="" mdschema="dc">China</dim:field>
<dim:field element="title" language="" mdschema="dc">NEW amended-Qi-text-Review of Dicrotendipes Kieffer from China</dim:field>
<dim:field element="type" language="*" mdschema="dc">Dataset</dim:field>
<dim:field element="type" qualifier="embargo" language="" mdschema="dc">untilArticleAppears</dim:field>
<dim:field element="dryad" qualifier="pageviews">1</dim:field>
<dim:field element="dryad" qualifier="downloads">1</dim:field>
</dim:dim>
</mets:xmlData>
</mets:mdWrap>
</mets:dmdSec>
<mets:fileSec/>
<mets:structMap LABEL="DSpace" TYPE="LOGICAL">
<mets:div DMDID="dmd_1" TYPE="DSpace Item"/>
</mets:structMap>
</mets:METS>
