<?xml version="1.0" encoding="UTF-8"?>
<mets:METS xmlns:mets="http://www.loc.gov/METS/" xmlns:xlink="http://www.w3.org/TR/xlink/" xmlns:xsi="http://www.w3.org/2001/XMLSchema-instance" xmlns:dim="http://www.dspace.org/xmlns/dspace/dim" OBJEDIT="/admin/item?itemID=186" OBJID="/handle/10255/dryad.169" PROFILE="DSPACE METS SIP Profile 1.0" LABEL="DSpace Item" ID="hdl:10255/dryad.169">
<mets:dmdSec GROUPID="group_dmd_0" ID="dmd_1">
<mets:mdWrap MDTYPE="OTHER" OTHERMDTYPE="DIM">
<mets:xmlData>
<dim:dim dspaceType="ITEM">
<dim:field element="contributor" qualifier="author" language="" mdschema="dc">Knies, Jennifer L.</dim:field>
<dim:field element="contributor" qualifier="author" language="" mdschema="dc">Dang, Kristen K.</dim:field>
<dim:field element="contributor" qualifier="author" language="" mdschema="dc">Vision, Todd J.</dim:field>
<dim:field element="contributor" qualifier="author" language="" mdschema="dc">Hoffman, Noah G.</dim:field>
<dim:field element="contributor" qualifier="author" language="" mdschema="dc">Swanstrom, Ronald</dim:field>
<dim:field element="contributor" qualifier="author" language="" mdschema="dc">Burch, Christina L.</dim:field>
<dim:field element="date" qualifier="accessioned" language="" mdschema="dc">2008-07-30T21:34:51Z</dim:field>
<dim:field element="date" qualifier="available" language="" mdschema="dc">2008-07-30T21:34:51Z</dim:field>
<dim:field element="date" qualifier="issued" language="" mdschema="dc">2008-07-30T21:34:51Z</dim:field>
<dim:field element="identifier" mdschema="dc">doi:10.5061/dryad.162/11</dim:field>
<dim:field element="identifier" qualifier="uri" language="" mdschema="dc">http://hdl.handle.net/10255/dryad.169</dim:field>
<dim:field element="relation" qualifier="ispartof" language="" mdschema="dc">doi:10.5061/dryad.162</dim:field>
<dim:field element="rights" qualifier="uri" language="" mdschema="dc">http://creativecommons.org/publicdomain/zero/1.0/</dim:field>
<dim:field element="subject" language="" mdschema="dc">RNA secondary structure</dim:field>
<dim:field element="subject" language="" mdschema="dc">compensatory evolution</dim:field>
<dim:field element="subject" language="" mdschema="dc">molecular evolution</dim:field>
<dim:field element="subject" language="" mdschema="dc">transition-transversion ratio</dim:field>
<dim:field element="title" language="en_US" mdschema="dc">16S Alignment and Tree</dim:field>
<dim:field element="type" language="en_US" mdschema="dc">Dataset</dim:field>
<dim:field element="status" language="" mdschema="dryad">scanned</dim:field>
<dim:field element="dryad" qualifier="pageviews">159</dim:field>
<dim:field element="dryad" qualifier="downloads">86</dim:field>
</dim:dim>
</mets:xmlData>
</mets:mdWrap>
</mets:dmdSec>
<mets:fileSec>
<mets:fileGrp USE="CONTENT">
<mets:file CHECKSUMTYPE="MD5" GROUPID="group_file_343" ID="file_343" MIMETYPE="text/plain" SIZE="155380" CHECKSUM="eed0c826fbcedda1876068f8b6a580a5">
<mets:FLocat LOCTYPE="URL" xlink:title="16SandTREE.nex" xlink:type="locator" xlink:href="/bitstream/handle/10255/dryad.169/16SandTREE.nex?sequence=1"/>
</mets:file>
</mets:fileGrp>
</mets:fileSec>
<mets:structMap LABEL="DSpace" TYPE="LOGICAL">
<mets:div DMDID="dmd_1" TYPE="DSpace Item">
<mets:div ID="div_2" TYPE="DSpace Content Bitstream">
<mets:fptr FILEID="file_343"/>
</mets:div>
</mets:div>
</mets:structMap>
</mets:METS>
