<?xml version="1.0" encoding="UTF-8"?>
<mets:METS xmlns:mets="http://www.loc.gov/METS/" xmlns:xlink="http://www.w3.org/TR/xlink/" xmlns:xsi="http://www.w3.org/2001/XMLSchema-instance" xmlns:dim="http://www.dspace.org/xmlns/dspace/dim" OBJEDIT="/admin/item?itemID=58792" OBJID="/handle/10255/dryad.49148" PROFILE="DSPACE METS SIP Profile 1.0" LABEL="DSpace Item" ID="hdl:10255/dryad.49148">
<mets:dmdSec GROUPID="group_dmd_0" ID="dmd_1">
<mets:mdWrap MDTYPE="OTHER" OTHERMDTYPE="DIM">
<mets:xmlData>
<dim:dim dspaceType="ITEM">
<dim:field element="contributor" qualifier="author" language="" mdschema="dc">Garcia-Robledo, Carlos</dim:field>
<dim:field element="contributor" qualifier="author" language="" mdschema="dc">Kuprewicz, Erin</dim:field>
<dim:field element="contributor" qualifier="author" language="" mdschema="dc">Staines, Charles</dim:field>
<dim:field element="contributor" qualifier="author" language="" mdschema="dc">Kress, W</dim:field>
<dim:field element="contributor" qualifier="author" language="" mdschema="dc">Erwin, Terry</dim:field>
<dim:field element="coverage" qualifier="spatial" language="" mdschema="dc">Costa Rica</dim:field>
<dim:field element="coverage" qualifier="spatial" language="" mdschema="dc">Heredia</dim:field>
<dim:field element="coverage" qualifier="spatial" language="" mdschema="dc">Braulio Carrillo National Park</dim:field>
<dim:field element="date" qualifier="accessioned" language="" mdschema="dc">2013-04-29T20:56:15Z</dim:field>
<dim:field element="date" qualifier="available" mdschema="dc">2013-05-24T17:32:44Z</dim:field>
<dim:field element="date" qualifier="issued" language="" mdschema="dc">2013-04-29</dim:field>
<dim:field element="identifier" language="" mdschema="dc">doi:10.5061/dryad.11p01/2</dim:field>
<dim:field element="identifier" qualifier="uri" language="" mdschema="dc">http://hdl.handle.net/10255/dryad.49148</dim:field>
<dim:field element="description" language="" mdschema="dc">Supplement S2. DNA sequences (COI) of limited quality and not deposited in GenBank (FASTA format). Sequences in this supplement were included in the analyses as they successfully identified individuals to the species level with 100% confidence. Numbers at the beginning of each sequence represent collection numbers. Information for each collection was included in Supplement S1.</dim:field>
<dim:field element="relation" qualifier="ispartof" language="" mdschema="dc">doi:10.5061/dryad.11p01</dim:field>
<dim:field element="rights" qualifier="uri" language="" mdschema="dc">http://creativecommons.org/publicdomain/zero/1.0/</dim:field>
<dim:field element="subject" confidence="NOVALUE" language="" mdschema="dc">COI</dim:field>
<dim:field element="subject" confidence="NOVALUE" language="" mdschema="dc">herbivory</dim:field>
<dim:field element="title" language="" mdschema="dc">DNA sequences (COI) of limited quality and not deposited in GenBank (FASTA format).</dim:field>
<dim:field element="type" language="*" mdschema="dc">Dataset</dim:field>
<dim:field element="ScientificName" confidence="NOVALUE" language="" mdschema="dwc">Cephaloleia</dim:field>
<dim:field element="ScientificName" confidence="FAILED" language="" mdschema="dwc">Bromeliaceae</dim:field>
<dim:field element="ScientificName" confidence="FAILED" language="" mdschema="dwc">Cephaloleia histrionica</dim:field>
<dim:field element="ScientificName" confidence="FAILED" language="" mdschema="dwc">Pitcairnia arcuata</dim:field>
<dim:field element="ScientificName" confidence="FAILED" language="" mdschema="dwc">Zingiberales</dim:field>
<dim:field element="type" qualifier="embargo" language="" mdschema="dc">untilArticleAppears</dim:field>
<dim:field element="dryad" qualifier="pageviews">18</dim:field>
<dim:field element="dryad" qualifier="downloads">5</dim:field>
</dim:dim>
</mets:xmlData>
</mets:mdWrap>
</mets:dmdSec>
<mets:fileSec>
<mets:fileGrp USE="CONTENT">
<mets:file CHECKSUMTYPE="MD5" GROUPID="group_file_132209" ID="file_132209" MIMETYPE="application/msword" SIZE="69632" CHECKSUM="4603e3ab85086aacf5702b0dda4b249f">
<mets:FLocat LOCTYPE="URL" xlink:title="SuppInfo2.doc" xlink:label="dataset-file" xlink:type="locator" xlink:href="/bitstream/handle/10255/dryad.49148/SuppInfo2.doc?sequence=1"/>
</mets:file>
</mets:fileGrp>
</mets:fileSec>
<mets:structMap LABEL="DSpace" TYPE="LOGICAL">
<mets:div DMDID="dmd_1" TYPE="DSpace Item">
<mets:div ID="div_2" TYPE="DSpace Content Bitstream">
<mets:fptr FILEID="file_132209"/>
</mets:div>
</mets:div>
</mets:structMap>
</mets:METS>
