<?xml version="1.0" encoding="UTF-8"?>
<mets:METS xmlns:mets="http://www.loc.gov/METS/" xmlns:xlink="http://www.w3.org/TR/xlink/" xmlns:xsi="http://www.w3.org/2001/XMLSchema-instance" xmlns:dim="http://www.dspace.org/xmlns/dspace/dim" OBJEDIT="/admin/item?itemID=62560" OBJID="/handle/10255/dryad.51670" PROFILE="DSPACE METS SIP Profile 1.0" LABEL="DSpace Item" ID="hdl:10255/dryad.51670">
<mets:dmdSec GROUPID="group_dmd_0" ID="dmd_1">
<mets:mdWrap MDTYPE="OTHER" OTHERMDTYPE="DIM">
<mets:xmlData>
<dim:dim dspaceType="ITEM">
<dim:field element="contributor" qualifier="author" language="" mdschema="dc">Malhotra, Anita</dim:field>
<dim:field element="contributor" qualifier="author" language="" mdschema="dc">Creer, Simon</dim:field>
<dim:field element="contributor" qualifier="author" language="" mdschema="dc">Harris, John B.</dim:field>
<dim:field element="contributor" qualifier="author" language="" mdschema="dc">Stöcklin, Reto</dim:field>
<dim:field element="contributor" qualifier="author" language="" mdschema="dc">Favreau, Philippe</dim:field>
<dim:field element="contributor" qualifier="author" language="" mdschema="dc">Thorpe, Roger S.</dim:field>
<dim:field element="coverage" qualifier="spatial" language="" mdschema="dc">global</dim:field>
<dim:field element="date" qualifier="accessioned" language="" mdschema="dc">2013-07-08T17:44:20Z</dim:field>
<dim:field element="date" qualifier="accessioned" language="" mdschema="dc">2013-07-08T17:45:02Z</dim:field>
<dim:field element="date" qualifier="available" language="" mdschema="dc">2013-07-08T17:45:02Z</dim:field>
<dim:field element="date" qualifier="issued" language="" mdschema="dc">2013-07-03</dim:field>
<dim:field element="identifier" language="" mdschema="dc">doi:10.5061/dryad.16pg7/1</dim:field>
<dim:field element="identifier" qualifier="uri" language="" mdschema="dc">http://hdl.handle.net/10255/dryad.51670</dim:field>
<dim:field element="description" language="" mdschema="dc">Alignment of amino-acid sequences of phospholipase A2 proteins from viper venom. Identifiers are either UniprotKB accession numbers, GenBank accession numbers, or author's own labels, the corresponding accession numbers and collection details can be found in the supporting material of the paper.</dim:field>
<dim:field element="relation" qualifier="ispartof" language="" mdschema="dc">doi:10.5061/dryad.16pg7</dim:field>
<dim:field element="rights" qualifier="uri" language="" mdschema="dc">http://creativecommons.org/publicdomain/zero/1.0/</dim:field>
<dim:field element="subject" confidence="NOVALUE" language="" mdschema="dc">Snake venom phospholipase A2</dim:field>
<dim:field element="subject" confidence="NOVALUE" language="" mdschema="dc">Discriminant function analysis</dim:field>
<dim:field element="subject" confidence="NOVALUE" language="" mdschema="dc">Sequence profiles</dim:field>
<dim:field element="subject" confidence="NOVALUE" language="" mdschema="dc">Functional prediction</dim:field>
<dim:field element="title" language="" mdschema="dc">PLA2 AMINO ACID seq_all_aligned_final</dim:field>
<dim:field element="type" language="*" mdschema="dc">Dataset</dim:field>
<dim:field element="ScientificName" confidence="NOVALUE" language="" mdschema="dwc">Crotalinae</dim:field>
<dim:field element="ScientificName" confidence="NOVALUE" language="" mdschema="dwc">Trimeresurus</dim:field>
<dim:field element="ScientificName" confidence="NOVALUE" language="" mdschema="dwc">Ovophis</dim:field>
<dim:field element="ScientificName" confidence="NOVALUE" language="" mdschema="dwc">Gloydius</dim:field>
<dim:field element="ScientificName" confidence="NOVALUE" language="" mdschema="dwc">Calloselasma</dim:field>
<dim:field element="ScientificName" confidence="NOVALUE" language="" mdschema="dwc">Protobothrops</dim:field>
<dim:field element="ScientificName" confidence="NOVALUE" language="" mdschema="dwc">Parias</dim:field>
<dim:field element="ScientificName" confidence="NOVALUE" language="" mdschema="dwc">Cryptelytrops</dim:field>
<dim:field element="ScientificName" confidence="NOVALUE" language="" mdschema="dwc">Viridovipera</dim:field>
<dim:field element="ScientificName" confidence="NOVALUE" language="" mdschema="dwc">Popeia</dim:field>
<dim:field element="ScientificName" confidence="NOVALUE" language="" mdschema="dwc">Sistrurus</dim:field>
<dim:field element="ScientificName" confidence="NOVALUE" language="" mdschema="dwc">Vipera</dim:field>
<dim:field element="ScientificName" confidence="NOVALUE" language="" mdschema="dwc">Echis</dim:field>
<dim:field element="ScientificName" confidence="NOVALUE" language="" mdschema="dwc">Crotalus</dim:field>
<dim:field element="ScientificName" confidence="NOVALUE" language="" mdschema="dwc">Bothrops</dim:field>
<dim:field element="ScientificName" confidence="NOVALUE" language="" mdschema="dwc">Porthidium</dim:field>
<dim:field element="ScientificName" confidence="NOVALUE" language="" mdschema="dwc">Deinagkistrodon</dim:field>
<dim:field element="ScientificName" confidence="NOVALUE" language="" mdschema="dwc">Agkistrodon</dim:field>
<dim:field element="ScientificName" confidence="NOVALUE" language="" mdschema="dwc">Atropoides</dim:field>
<dim:field element="ScientificName" confidence="NOVALUE" language="" mdschema="dwc">Azemiops</dim:field>
<dim:field element="ScientificName" confidence="NOVALUE" language="" mdschema="dwc">Bothriechis</dim:field>
<dim:field element="ScientificName" confidence="NOVALUE" language="" mdschema="dwc">Cerrophidion</dim:field>
<dim:field element="ScientificName" confidence="NOVALUE" language="" mdschema="dwc">Daboia</dim:field>
<dim:field element="ScientificName" confidence="NOVALUE" language="" mdschema="dwc">Lachesis</dim:field>
<dim:field element="ScientificName" confidence="NOVALUE" language="" mdschema="dwc">Pseudocerastes</dim:field>
<dim:field element="ScientificName" confidence="NOVALUE" language="" mdschema="dwc">Viperidae</dim:field>
<dim:field element="ScientificName" confidence="NOVALUE" language="" mdschema="dwc">Viperinae</dim:field>
<dim:field element="type" qualifier="embargo" language="en" mdschema="dc">none</dim:field>
<dim:field element="dryad" qualifier="pageviews">53</dim:field>
<dim:field element="dryad" qualifier="downloads">18</dim:field>
</dim:dim>
</mets:xmlData>
</mets:mdWrap>
</mets:dmdSec>
<mets:fileSec>
<mets:fileGrp USE="CONTENT">
<mets:file CHECKSUMTYPE="MD5" GROUPID="group_file_134632" ID="file_134632" MIMETYPE="application/x-fasta" SIZE="35637" CHECKSUM="2b831608b3b4f618355103bba1f996f2">
<mets:FLocat LOCTYPE="URL" xlink:title="PLA2 AMINO ACID seq_all_aligned_final.FA" xlink:label="dataset-file" xlink:type="locator" xlink:href="/bitstream/handle/10255/dryad.51670/PLA2%20AMINO%20ACID%20seq_all_aligned_final.FA?sequence=1"/>
</mets:file>
</mets:fileGrp>
</mets:fileSec>
<mets:structMap LABEL="DSpace" TYPE="LOGICAL">
<mets:div DMDID="dmd_1" TYPE="DSpace Item">
<mets:div ID="div_2" TYPE="DSpace Content Bitstream">
<mets:fptr FILEID="file_134632"/>
</mets:div>
</mets:div>
</mets:structMap>
</mets:METS>
