<?xml version="1.0" encoding="UTF-8"?>
<mets:METS xmlns:mets="http://www.loc.gov/METS/" xmlns:xlink="http://www.w3.org/TR/xlink/" xmlns:xsi="http://www.w3.org/2001/XMLSchema-instance" xmlns:dim="http://www.dspace.org/xmlns/dspace/dim" OBJEDIT="/admin/item?itemID=1663" OBJID="/handle/10255/dryad.1452" PROFILE="DSPACE METS SIP Profile 1.0" LABEL="DSpace Item" ID="hdl:10255/dryad.1452">
<mets:dmdSec GROUPID="group_dmd_0" ID="dmd_1">
<mets:mdWrap MDTYPE="OTHER" OTHERMDTYPE="DIM">
<mets:xmlData>
<dim:dim dspaceType="ITEM">
<dim:field element="contributor" qualifier="author" language="en" mdschema="dc">Gilbert, James</dim:field>
<dim:field element="contributor" qualifier="author" language="en" mdschema="dc">Manica, Andrea</dim:field>
<dim:field element="date" qualifier="accessioned" language="" mdschema="dc">2010-04-06T13:02:09Z</dim:field>
<dim:field element="date" qualifier="available" language="" mdschema="dc">2010-04-06T13:02:09Z</dim:field>
<dim:field element="date" qualifier="issued" language="" mdschema="dc">2010-04-06T13:02:09Z</dim:field>
<dim:field element="identifier" mdschema="dc">doi:10.5061/dryad.1451/1</dim:field>
<dim:field element="identifier" qualifier="uri" language="" mdschema="dc">http://hdl.handle.net/10255/dryad.1452</dim:field>
<dim:field element="description" language="en" mdschema="dc">Data table for 287 species included in this study. Asterisk indicates missing data. Dry weight is given in mg; egg volume is given in mm3. Parental care by the ovipositing female is coded as "No care" (abandonment after oviposition), "Guarding" (post-oviposition guarding of eggs or young) or "Provisioning" (pre- or post-oviposition supplying of food).</dim:field>
<dim:field element="relation" qualifier="ispartof" language="en" mdschema="dc">doi:10.5061/dryad.1451</dim:field>
<dim:field element="rights" qualifier="uri" language="en" mdschema="dc">http://creativecommons.org/publicdomain/zero/1.0/</dim:field>
<dim:field element="subject" language="en" mdschema="dc">Parental care</dim:field>
<dim:field element="subject" language="en" mdschema="dc">Phylogenetics: comparative</dim:field>
<dim:field element="subject" language="en" mdschema="dc">Trade offs</dim:field>
<dim:field element="subject" language="en" mdschema="dc">Insect</dim:field>
<dim:field element="title" language="en" mdschema="dc">tableS3.csv</dim:field>
<dim:field element="type" language="en" mdschema="dc">Dataset</dim:field>
<dim:field element="status" language="" mdschema="dryad">scanned</dim:field>
<dim:field element="dryad" qualifier="pageviews">207</dim:field>
<dim:field element="dryad" qualifier="downloads">66</dim:field>
</dim:dim>
</mets:xmlData>
</mets:mdWrap>
</mets:dmdSec>
<mets:fileSec>
<mets:fileGrp USE="CONTENT">
<mets:file CHECKSUMTYPE="MD5" GROUPID="group_file_1098" ID="file_1098" MIMETYPE="text/csv" SIZE="18491" CHECKSUM="c0fc616e85301b19d6eee7aafe6b34c3">
<mets:FLocat LOCTYPE="URL" xlink:title="tableS3.csv" xlink:type="locator" xlink:href="/bitstream/handle/10255/dryad.1452/tableS3.csv?sequence=1"/>
</mets:file>
</mets:fileGrp>
</mets:fileSec>
<mets:structMap LABEL="DSpace" TYPE="LOGICAL">
<mets:div DMDID="dmd_1" TYPE="DSpace Item">
<mets:div ID="div_2" TYPE="DSpace Content Bitstream">
<mets:fptr FILEID="file_1098"/>
</mets:div>
</mets:div>
</mets:structMap>
</mets:METS>
