<?xml version="1.0" encoding="UTF-8"?>
<mets:METS xmlns:mets="http://www.loc.gov/METS/" xmlns:xlink="http://www.w3.org/TR/xlink/" xmlns:xsi="http://www.w3.org/2001/XMLSchema-instance" xmlns:dim="http://www.dspace.org/xmlns/dspace/dim" OBJEDIT="/admin/item?itemID=216" OBJID="/handle/10255/dryad.196" PROFILE="DSPACE METS SIP Profile 1.0" LABEL="DSpace Item" ID="hdl:10255/dryad.196">
<mets:dmdSec GROUPID="group_dmd_0" ID="dmd_1">
<mets:mdWrap MDTYPE="OTHER" OTHERMDTYPE="DIM">
<mets:xmlData>
<dim:dim dspaceType="ITEM">
<dim:field element="contributor" qualifier="author" language="" mdschema="dc">Newton, Alicia</dim:field>
<dim:field element="contributor" qualifier="author" language="" mdschema="dc">Pistiner, Janna</dim:field>
<dim:field element="coverage" qualifier="spatial" language="" mdschema="dc">Santa Cruz, Farm near Bellavista</dim:field>
<dim:field element="coverage" qualifier="temporal" language="" mdschema="dc">Date: 8/4/1999</dim:field>
<dim:field element="date" qualifier="accessioned" language="" mdschema="dc">2008-09-30T17:30:38Z</dim:field>
<dim:field element="date" qualifier="available" language="" mdschema="dc">2008-09-30T17:30:38Z</dim:field>
<dim:field element="date" qualifier="issued" language="" mdschema="dc">1999-08</dim:field>
<dim:field element="identifier" mdschema="dc">doi:10.5061/dryad.159/6</dim:field>
<dim:field element="identifier" qualifier="uri" language="" mdschema="dc">http://hdl.handle.net/10255/dryad.196</dim:field>
<dim:field element="relation" qualifier="ispartof" language="" mdschema="dc">http://hdl.handle.net/10255/dryad.159</dim:field>
<dim:field element="rights" qualifier="uri" language="" mdschema="dc">http://datadryad.org/bitstream/handle/10255/dryad.196/license.txt?sequence=2</dim:field>
<dim:field element="subject" language="en_US" mdschema="dc">agriculture</dim:field>
<dim:field element="title" language="en_US" mdschema="dc">Pasture Near Puerto Ayora</dim:field>
<dim:field element="type" language="en_US" mdschema="dc">Image</dim:field>
<dim:field element="dryad" qualifier="pageviews">176</dim:field>
<dim:field element="dryad" qualifier="downloads">120</dim:field>
</dim:dim>
</mets:xmlData>
</mets:mdWrap>
</mets:dmdSec>
<mets:fileSec>
<mets:fileGrp USE="CONTENT">
<mets:file CHECKSUMTYPE="MD5" GROUPID="group_file_397" ID="file_397" MIMETYPE="image/jpeg" SIZE="143085" CHECKSUM="27dc92bd1cde515d33008b25f1f9a5ee">
<mets:FLocat LOCTYPE="URL" xlink:title="Pasture470_L.jpg" xlink:type="locator" xlink:href="/bitstream/handle/10255/dryad.196/Pasture470_L.jpg?sequence=1"/>
</mets:file>
</mets:fileGrp>
<mets:fileGrp USE="LICENSE">
<mets:file CHECKSUMTYPE="MD5" GROUPID="group_file_398" ID="file_398" MIMETYPE="text/plain" SIZE="784" CHECKSUM="92c3498f9bb387a992e02e27c19a3e65">
<mets:FLocat LOCTYPE="URL" xlink:title="license.txt" xlink:type="locator" xlink:href="/bitstream/handle/10255/dryad.196/license.txt?sequence=2"/>
</mets:file>
</mets:fileGrp>
<mets:fileGrp USE="THUMBNAIL">
<mets:file CHECKSUMTYPE="MD5" GROUPID="group_file_397" ID="file_1458" MIMETYPE="image/jpeg" SIZE="1890" CHECKSUM="51e1fe7d624df9bb965ba14361e94180">
<mets:FLocat LOCTYPE="URL" xlink:title="Pasture470_L.jpg.jpg" xlink:label="Generated Thumbnail" xlink:type="locator" xlink:href="/bitstream/handle/10255/dryad.196/Pasture470_L.jpg.jpg?sequence=3"/>
</mets:file>
</mets:fileGrp>
</mets:fileSec>
<mets:structMap LABEL="DSpace" TYPE="LOGICAL">
<mets:div DMDID="dmd_1" TYPE="DSpace Item">
<mets:div ID="div_2" TYPE="DSpace Content Bitstream">
<mets:fptr FILEID="file_397"/>
</mets:div>
</mets:div>
</mets:structMap>
</mets:METS>
