<?xml version="1.0" encoding="UTF-8"?>
<mets:METS xmlns:mets="http://www.loc.gov/METS/" xmlns:xlink="http://www.w3.org/TR/xlink/" xmlns:xsi="http://www.w3.org/2001/XMLSchema-instance" xmlns:dim="http://www.dspace.org/xmlns/dspace/dim" OBJEDIT="/admin/item?itemID=64393" OBJID="/handle/10255/dryad.52843" PROFILE="DSPACE METS SIP Profile 1.0" LABEL="DSpace Item" ID="hdl:10255/dryad.52843">
<mets:dmdSec GROUPID="group_dmd_0" ID="dmd_1">
<mets:mdWrap MDTYPE="OTHER" OTHERMDTYPE="DIM">
<mets:xmlData>
<dim:dim dspaceType="ITEM">
<dim:field element="contributor" qualifier="author" mdschema="dc">Stich, Kai Petra</dim:field>
<dim:field element="contributor" qualifier="author" mdschema="dc">Winter, York</dim:field>
<dim:field element="identifier" mdschema="dc">doi:10.5061/dryad.0838c/1</dim:field>
<dim:field element="description" language="" mdschema="dc">Preference data from different nectar-feeding animals in choice situations between two different sugar concentrations. Excel Workbook with six Spreadsheets. Sources are cited within the file. For further information, consult the spreadsheet "General Information".</dim:field>
<dim:field element="relation" qualifier="ispartof" mdschema="dc">doi:10.5061/dryad.0838c</dim:field>
<dim:field element="rights" qualifier="uri" mdschema="dc">http://creativecommons.org/publicdomain/zero/1.0/</dim:field>
<dim:field element="subject" confidence="NOVALUE" language="" mdschema="dc">decision-making</dim:field>
<dim:field element="title" language="" mdschema="dc">Magnitude Effect data</dim:field>
<dim:field element="type" language="*" mdschema="dc">Dataset</dim:field>
<dim:field element="type" qualifier="embargo" language="en" mdschema="dc">none</dim:field>
<dim:field element="dryad" qualifier="pageviews">22</dim:field>
<dim:field element="dryad" qualifier="downloads">5</dim:field>
</dim:dim>
</mets:xmlData>
</mets:mdWrap>
</mets:dmdSec>
<mets:fileSec>
<mets:fileGrp USE="CONTENT">
<mets:file CHECKSUMTYPE="MD5" GROUPID="group_file_135811" ID="file_135811" MIMETYPE="application/vnd.openxmlformats-officedocument.spreadsheetml.sheet" SIZE="56111" CHECKSUM="90c159a350c840e59303ddac85c08b95">
<mets:FLocat LOCTYPE="URL" xlink:title="Magnitude Effect data.xlsx" xlink:label="dataset-file" xlink:type="locator" xlink:href="/bitstream/handle/10255/dryad.52843/Magnitude%20Effect%20data.xlsx?sequence=1"/>
</mets:file>
</mets:fileGrp>
</mets:fileSec>
<mets:structMap LABEL="DSpace" TYPE="LOGICAL">
<mets:div DMDID="dmd_1" TYPE="DSpace Item">
<mets:div ID="div_2" TYPE="DSpace Content Bitstream">
<mets:fptr FILEID="file_135811"/>
</mets:div>
</mets:div>
</mets:structMap>
</mets:METS>
