<?xml version="1.0" encoding="UTF-8"?>
<mets:METS xmlns:mets="http://www.loc.gov/METS/" xmlns:xlink="http://www.w3.org/TR/xlink/" xmlns:xsi="http://www.w3.org/2001/XMLSchema-instance" xmlns:dim="http://www.dspace.org/xmlns/dspace/dim" OBJEDIT="/admin/item?itemID=1502" OBJID="/handle/10255/dryad.1315" PROFILE="DSPACE METS SIP Profile 1.0" LABEL="DSpace Item" ID="hdl:10255/dryad.1315">
<mets:dmdSec GROUPID="group_dmd_0" ID="dmd_1">
<mets:mdWrap MDTYPE="OTHER" OTHERMDTYPE="DIM">
<mets:xmlData>
<dim:dim dspaceType="ITEM">
<dim:field element="contributor" qualifier="author" language="en" mdschema="dc">Blackburn, David C</dim:field>
<dim:field element="coverage" qualifier="spatial" language="en" mdschema="dc">Africa</dim:field>
<dim:field element="coverage" qualifier="temporal" language="en" mdschema="dc">Cenozoic</dim:field>
<dim:field element="date" qualifier="accessioned" language="" mdschema="dc">2010-03-10T20:53:43Z</dim:field>
<dim:field element="date" qualifier="available" language="" mdschema="dc">2010-03-10T20:53:43Z</dim:field>
<dim:field element="date" qualifier="issued" language="" mdschema="dc">2010-03-10T20:53:43Z</dim:field>
<dim:field element="identifier" mdschema="dc">doi:10.5061/dryad.1310/5</dim:field>
<dim:field element="identifier" qualifier="uri" language="" mdschema="dc">http://hdl.handle.net/10255/dryad.1315</dim:field>
<dim:field element="relation" qualifier="ispartof" language="en" mdschema="dc">doi:10.5061/dryad.1310</dim:field>
<dim:field element="rights" qualifier="uri" language="en" mdschema="dc">http://creativecommons.org/publicdomain/zero/1.0/</dim:field>
<dim:field element="subject" language="en" mdschema="dc">ancestral state reconstruction</dim:field>
<dim:field element="subject" language="en" mdschema="dc">Arthroleptidae</dim:field>
<dim:field element="subject" language="en" mdschema="dc">character evolution</dim:field>
<dim:field element="subject" language="en" mdschema="dc">cryptic species</dim:field>
<dim:field element="subject" language="en" mdschema="dc">direct development</dim:field>
<dim:field element="subject" language="en" mdschema="dc">miniaturization</dim:field>
<dim:field element="subject" language="en" mdschema="dc">Schoutedenella</dim:field>
<dim:field element="title" language="en" mdschema="dc">Alignment generated using a gap cost of 20</dim:field>
<dim:field element="type" language="en" mdschema="dc">Dataset</dim:field>
<dim:field element="ScientificName" language="en" mdschema="dwc">Arthroleptis</dim:field>
<dim:field element="ScientificName" language="en" mdschema="dwc">Cardioglossa</dim:field>
<dim:field element="ScientificName" language="en" mdschema="dwc">Schoutedenella</dim:field>
<dim:field element="ScientificName" language="en" mdschema="dwc">Coracodichus</dim:field>
<dim:field element="ScientificName" language="en" mdschema="dwc">Anura</dim:field>
<dim:field element="ScientificName" language="en" mdschema="dwc">Arthroleptidae</dim:field>
<dim:field element="status" language="" mdschema="dryad">scanned</dim:field>
<dim:field element="dryad" qualifier="pageviews">149</dim:field>
<dim:field element="dryad" qualifier="downloads">45</dim:field>
</dim:dim>
</mets:xmlData>
</mets:mdWrap>
</mets:dmdSec>
<mets:fileSec>
<mets:fileGrp USE="CONTENT">
<mets:file CHECKSUMTYPE="MD5" GROUPID="group_file_1031" ID="file_1031" MIMETYPE="text/plain" SIZE="309635" CHECKSUM="7d7c0cd65e70ebb3f776cc4b00385a2a">
<mets:FLocat LOCTYPE="URL" xlink:title="Blackburn2008_gc20alignment.nex" xlink:type="locator" xlink:href="/bitstream/handle/10255/dryad.1315/Blackburn2008_gc20alignment.nex?sequence=1"/>
</mets:file>
</mets:fileGrp>
</mets:fileSec>
<mets:structMap LABEL="DSpace" TYPE="LOGICAL">
<mets:div DMDID="dmd_1" TYPE="DSpace Item">
<mets:div ID="div_2" TYPE="DSpace Content Bitstream">
<mets:fptr FILEID="file_1031"/>
</mets:div>
</mets:div>
</mets:structMap>
</mets:METS>
