<?xml version="1.0" encoding="UTF-8"?>
<mets:METS xmlns:mets="http://www.loc.gov/METS/" xmlns:xlink="http://www.w3.org/TR/xlink/" xmlns:xsi="http://www.w3.org/2001/XMLSchema-instance" xmlns:dim="http://www.dspace.org/xmlns/dspace/dim" OBJEDIT="/admin/item?itemID=229" OBJID="/handle/10255/dryad.207" PROFILE="DSPACE METS SIP Profile 1.0" LABEL="DSpace Item" ID="hdl:10255/dryad.207">
<mets:dmdSec GROUPID="group_dmd_0" ID="dmd_1">
<mets:mdWrap MDTYPE="OTHER" OTHERMDTYPE="DIM">
<mets:xmlData>
<dim:dim dspaceType="ITEM">
<dim:field element="contributor" qualifier="author" language="" mdschema="dc">Jin, Wei</dim:field>
<dim:field element="contributor" qualifier="author" language="" mdschema="dc">Riley, Rebecca M.</dim:field>
<dim:field element="contributor" qualifier="author" language="" mdschema="dc">Wolfinger, Russell D.</dim:field>
<dim:field element="contributor" qualifier="author" language="" mdschema="dc">White, Kevin P.</dim:field>
<dim:field element="contributor" qualifier="author" language="" mdschema="dc">Passador-Gurgel, Gisele</dim:field>
<dim:field element="contributor" qualifier="author" language="" mdschema="dc">Gibson, Greg</dim:field>
<dim:field element="date" qualifier="accessioned" language="" mdschema="dc">2008-10-10T18:33:49Z</dim:field>
<dim:field element="date" qualifier="available" language="" mdschema="dc">2008-10-10T18:33:49Z</dim:field>
<dim:field element="date" qualifier="issued" language="" mdschema="dc">2001-11-26</dim:field>
<dim:field element="identifier" mdschema="dc">doi:10.5061/dryad.120/39</dim:field>
<dim:field element="identifier" qualifier="uri" language="" mdschema="dc">http://hdl.handle.net/10255/dryad.207</dim:field>
<dim:field element="description" language="en_US" mdschema="dc">Gene Expression Profiling Results; an Excel file listing the clones, their identity, and whether the sequence was reconfirmed after arraying</dim:field>
<dim:field element="relation" qualifier="ispartof" language="" mdschema="dc">doi:10.5061/dryad.120</dim:field>
<dim:field element="rights" qualifier="uri" language="" mdschema="dc">http://creativecommons.org/publicdomain/zero/1.0/</dim:field>
<dim:field element="title" language="en_US" mdschema="dc">Clone LUT Data Set</dim:field>
<dim:field element="type" language="en_US" mdschema="dc">Dataset</dim:field>
<dim:field element="status" language="" mdschema="dryad">scanned</dim:field>
<dim:field element="dryad" qualifier="pageviews">117</dim:field>
<dim:field element="dryad" qualifier="downloads">80</dim:field>
</dim:dim>
</mets:xmlData>
</mets:mdWrap>
</mets:dmdSec>
<mets:fileSec>
<mets:fileGrp USE="CONTENT">
<mets:file CHECKSUMTYPE="MD5" GROUPID="group_file_419" ID="file_419" MIMETYPE="application/vnd.ms-excel" SIZE="1179648" CHECKSUM="a2f2e8790cc053fc20c97620ff592060">
<mets:FLocat LOCTYPE="URL" xlink:title="CloneLUT.xls" xlink:type="locator" xlink:href="/bitstream/handle/10255/dryad.207/CloneLUT.xls?sequence=1"/>
</mets:file>
</mets:fileGrp>
</mets:fileSec>
<mets:structMap LABEL="DSpace" TYPE="LOGICAL">
<mets:div DMDID="dmd_1" TYPE="DSpace Item">
<mets:div ID="div_2" TYPE="DSpace Content Bitstream">
<mets:fptr FILEID="file_419"/>
</mets:div>
</mets:div>
</mets:structMap>
</mets:METS>
