<?xml version="1.0" encoding="UTF-8"?>
<mets:METS xmlns:mets="http://www.loc.gov/METS/" xmlns:xlink="http://www.w3.org/TR/xlink/" xmlns:xsi="http://www.w3.org/2001/XMLSchema-instance" xmlns:dim="http://www.dspace.org/xmlns/dspace/dim" OBJEDIT="/admin/item?itemID=57643" OBJID="/handle/10255/dryad.48392" PROFILE="DSPACE METS SIP Profile 1.0" LABEL="DSpace Item" ID="hdl:10255/dryad.48392">
<mets:dmdSec GROUPID="group_dmd_0" ID="dmd_1">
<mets:mdWrap MDTYPE="OTHER" OTHERMDTYPE="DIM">
<mets:xmlData>
<dim:dim dspaceType="ITEM">
<dim:field element="contributor" qualifier="author" language="" mdschema="dc">Archer, Frederick I.</dim:field>
<dim:field element="contributor" qualifier="author" language="" mdschema="dc">Morin, Phillip A.</dim:field>
<dim:field element="contributor" qualifier="author" language="" mdschema="dc">Hancock-Hanser, Brittany L.</dim:field>
<dim:field element="contributor" qualifier="author" language="" mdschema="dc">Robertson, Kelly M.</dim:field>
<dim:field element="contributor" qualifier="author" language="" mdschema="dc">Leslie, Matthew S.</dim:field>
<dim:field element="contributor" qualifier="author" language="" mdschema="dc">Bérubé, Martine</dim:field>
<dim:field element="contributor" qualifier="author" language="" mdschema="dc">Panigada, Simone</dim:field>
<dim:field element="contributor" qualifier="author" language="" mdschema="dc">Taylor, Barbara L.</dim:field>
<dim:field element="coverage" qualifier="spatial" language="" mdschema="dc">North Pacific</dim:field>
<dim:field element="coverage" qualifier="spatial" language="" mdschema="dc">North Atlantic</dim:field>
<dim:field element="coverage" qualifier="spatial" language="" mdschema="dc">Mediterranean Sea</dim:field>
<dim:field element="coverage" qualifier="spatial" language="" mdschema="dc">Southern Hemisphere</dim:field>
<dim:field element="coverage" qualifier="spatial" language="" mdschema="dc">Southern Ocean</dim:field>
<dim:field element="coverage" qualifier="spatial" language="" mdschema="dc">California</dim:field>
<dim:field element="coverage" qualifier="spatial" language="" mdschema="dc">Oregon</dim:field>
<dim:field element="coverage" qualifier="spatial" language="" mdschema="dc">Gulf of California</dim:field>
<dim:field element="coverage" qualifier="spatial" language="" mdschema="dc">Washington</dim:field>
<dim:field element="coverage" qualifier="spatial" language="" mdschema="dc">Gulf of Alaska</dim:field>
<dim:field element="coverage" qualifier="spatial" language="" mdschema="dc">Bering Sea</dim:field>
<dim:field element="date" qualifier="accessioned" language="" mdschema="dc">2013-05-21T16:33:37Z</dim:field>
<dim:field element="date" qualifier="available" language="" mdschema="dc">2013-05-21T16:33:37Z</dim:field>
<dim:field element="date" qualifier="issued" language="" mdschema="dc">2013-05-21</dim:field>
<dim:field element="identifier" language="" mdschema="dc">doi:10.5061/dryad.084g8/9</dim:field>
<dim:field element="identifier" qualifier="uri" language="" mdschema="dc">http://hdl.handle.net/10255/dryad.48392</dim:field>
<dim:field element="relation" qualifier="ispartof" language="" mdschema="dc">doi:10.5061/dryad.084g8</dim:field>
<dim:field element="rights" qualifier="uri" language="" mdschema="dc">http://creativecommons.org/publicdomain/zero/1.0/</dim:field>
<dim:field element="subject" confidence="NOVALUE" language="" mdschema="dc">subspecies</dim:field>
<dim:field element="subject" confidence="NOVALUE" language="" mdschema="dc">phylogeny</dim:field>
<dim:field element="subject" confidence="NOVALUE" language="" mdschema="dc">cetacean</dim:field>
<dim:field element="subject" confidence="NOVALUE" language="" mdschema="dc">Mysticeti</dim:field>
<dim:field element="subject" confidence="NOVALUE" language="" mdschema="dc">taxonomy</dim:field>
<dim:field element="title" language="" mdschema="dc">MITO data set - annotated tree</dim:field>
<dim:field element="type" language="*" mdschema="dc">Dataset</dim:field>
<dim:field element="ScientificName" confidence="NOVALUE" language="" mdschema="dwc">Balaenoptera physalus</dim:field>
<dim:field element="dryad" qualifier="pageviews">53</dim:field>
<dim:field element="dryad" qualifier="downloads">12</dim:field>
</dim:dim>
</mets:xmlData>
</mets:mdWrap>
</mets:dmdSec>
<mets:fileSec>
<mets:fileGrp USE="CONTENT">
<mets:file CHECKSUMTYPE="MD5" GROUPID="group_file_131491" ID="file_131491" MIMETYPE="text/plain" SIZE="159315" CHECKSUM="1f6b28d2419bb86e8ea7563f559496ce">
<mets:FLocat LOCTYPE="URL" xlink:title="mito.sasaki.strict.anno.tre" xlink:label="dataset-file" xlink:type="locator" xlink:href="/bitstream/handle/10255/dryad.48392/mito.sasaki.strict.anno.tre?sequence=1"/>
</mets:file>
</mets:fileGrp>
</mets:fileSec>
<mets:structMap LABEL="DSpace" TYPE="LOGICAL">
<mets:div DMDID="dmd_1" TYPE="DSpace Item">
<mets:div ID="div_2" TYPE="DSpace Content Bitstream">
<mets:fptr FILEID="file_131491"/>
</mets:div>
</mets:div>
</mets:structMap>
</mets:METS>
