<?xml version="1.0" encoding="UTF-8"?>
<mets:METS xmlns:mets="http://www.loc.gov/METS/" xmlns:xlink="http://www.w3.org/TR/xlink/" xmlns:xsi="http://www.w3.org/2001/XMLSchema-instance" xmlns:dim="http://www.dspace.org/xmlns/dspace/dim" OBJEDIT="/admin/item?itemID=49207" OBJID="/handle/10255/dryad.42758" PROFILE="DSPACE METS SIP Profile 1.0" LABEL="DSpace Item" ID="hdl:10255/dryad.42758">
<mets:dmdSec GROUPID="group_dmd_0" ID="dmd_1">
<mets:mdWrap MDTYPE="OTHER" OTHERMDTYPE="DIM">
<mets:xmlData>
<dim:dim dspaceType="ITEM">
<dim:field element="date" qualifier="accessioned" mdschema="dc">2012-10-19T17:07:17Z</dim:field>
<dim:field element="date" qualifier="available" mdschema="dc">2012-10-19T17:07:17Z</dim:field>
<dim:field element="date" qualifier="issued" mdschema="dc">2012-10-19</dim:field>
<dim:field element="identifier" mdschema="dc">doi:10.5061/dryad.0n761/5</dim:field>
<dim:field element="identifier" qualifier="uri" mdschema="dc">http://hdl.handle.net/10255/dryad.42758</dim:field>
<dim:field element="description" language="" mdschema="dc">Supplementary materials contains tables of results from simulation study and empirical inference upon primate data. See manuscript for table references. In addition, the supplementary materials contains the signal-to-noise ratio color-coded phylogenies with fully named tips, whereas the manuscript phylogeny only provides family names (Platyrrhini, Catarrhini, and Strepsirrhini).</dim:field>
<dim:field element="relation" qualifier="ispartof" mdschema="dc">doi:10.5061/dryad.0n761</dim:field>
<dim:field element="rights" qualifier="uri" mdschema="dc">http://creativecommons.org/publicdomain/zero/1.0/</dim:field>
<dim:field element="title" language="" mdschema="dc">Levy_processes_supplementary_materials</dim:field>
<dim:field element="type" language="*" mdschema="dc">Dataset</dim:field>
<dim:field element="dryad" qualifier="pageviews">81</dim:field>
<dim:field element="dryad" qualifier="downloads">24</dim:field>
</dim:dim>
</mets:xmlData>
</mets:mdWrap>
</mets:dmdSec>
<mets:fileSec>
<mets:fileGrp USE="CONTENT">
<mets:file CHECKSUMTYPE="MD5" GROUPID="group_file_125593" ID="file_125593" MIMETYPE="application/pdf" SIZE="1898569" CHECKSUM="89ddaa37b2db57052649673fde9271fa">
<mets:FLocat LOCTYPE="URL" xlink:title="suppmat.pdf" xlink:label="dataset-file" xlink:type="locator" xlink:href="/bitstream/handle/10255/dryad.42758/suppmat.pdf?sequence=1"/>
</mets:file>
</mets:fileGrp>
</mets:fileSec>
<mets:structMap LABEL="DSpace" TYPE="LOGICAL">
<mets:div DMDID="dmd_1" TYPE="DSpace Item">
<mets:div ID="div_2" TYPE="DSpace Content Bitstream">
<mets:fptr FILEID="file_125593"/>
</mets:div>
</mets:div>
</mets:structMap>
</mets:METS>
