<?xml version="1.0" encoding="UTF-8"?>
<mets:METS xmlns:mets="http://www.loc.gov/METS/" xmlns:xlink="http://www.w3.org/TR/xlink/" xmlns:xsi="http://www.w3.org/2001/XMLSchema-instance" xmlns:dim="http://www.dspace.org/xmlns/dspace/dim" OBJEDIT="/admin/item?itemID=41413" OBJID="/handle/10255/dryad.37640" PROFILE="DSPACE METS SIP Profile 1.0" LABEL="DSpace Item" ID="hdl:10255/dryad.37640">
<mets:dmdSec GROUPID="group_dmd_0" ID="dmd_1">
<mets:mdWrap MDTYPE="OTHER" OTHERMDTYPE="DIM">
<mets:xmlData>
<dim:dim dspaceType="ITEM">
<dim:field element="contributor" qualifier="author" language="" mdschema="dc">Aubret, Fabien</dim:field>
<dim:field element="coverage" qualifier="spatial" language="" mdschema="dc">Tasmania</dim:field>
<dim:field element="coverage" qualifier="spatial" language="" mdschema="dc">Western Australia</dim:field>
<dim:field element="coverage" qualifier="spatial" language="" mdschema="dc">South Australia</dim:field>
<dim:field element="date" qualifier="accessioned" language="" mdschema="dc">2012-02-01T17:40:24Z</dim:field>
<dim:field element="date" qualifier="available" mdschema="dc">2012-05-24T15:42:00Z</dim:field>
<dim:field element="date" qualifier="issued" language="" mdschema="dc">2012-02-01</dim:field>
<dim:field element="identifier" mdschema="dc">doi:10.5061/dryad.14cr5345/1</dim:field>
<dim:field element="identifier" qualifier="uri" language="" mdschema="dc">http://hdl.handle.net/10255/dryad.37640</dim:field>
<dim:field element="description" language="" mdschema="dc">Excel file contains 4 sheets. First sheet titled Adult Tiger snakes contains field data collected on Adult Tiger snakes (sex, body mass and snout-vent length). Sheet titled Mothers litters and neonates contains laboratory and museum data about reproductive output in female tiger snakes for several populations. For each female is given birth date, mean litter body mass (calculated average body mass for all neonates in a given litter), mean litter svl (calculated average snout vent length for all neonates in a given litter), and mean litter jaw (calculated average jaw length for all neonates in a given litter). Sheet titled Prey contains data collected in Museum collection for prey available at each study site. Latin names are given with body mass and maximum circumference of each prey item. Sheet titled Growth experiment contains experimental data on growth rate and food consumption in neonate Tiger snakes from several populations. Headings indicate for each mother its population of origin, neonate identification number, birth date and morphometrics at birth. Body mass and snout vent length are recorded every two months until the end of the experiment. Column titled Total growth in body mass indicates the difference in body mass between the start and the end of the experiment. The two last columns are Total food (total amount of food consumed by each neonate over the course of the experiment) and Length of experiment (total duration of the experiment). Conversion rates were calculated (column titled Increase in body mass per g of food) and daily growth rates in body mass (increase in body mass in mg per day).  Similar calculation were made for snout vent length (increase in svl per g of food; increase in svl in mm per day).</dim:field>
<dim:field element="relation" qualifier="ispartof" language="" mdschema="dc">doi:10.5061/dryad.14cr5345</dim:field>
<dim:field element="rights" qualifier="uri" language="" mdschema="dc">http://creativecommons.org/publicdomain/zero/1.0/</dim:field>
<dim:field element="subject" language="" mdschema="dc">Body size</dim:field>
<dim:field element="subject" language="" mdschema="dc">island</dim:field>
<dim:field element="subject" language="" mdschema="dc">snake</dim:field>
<dim:field element="subject" language="" mdschema="dc">biogeography</dim:field>
<dim:field element="title" language="" mdschema="dc">Aubret 53172</dim:field>
<dim:field element="type" language="*" mdschema="dc">Dataset</dim:field>
<dim:field element="ScientificName" language="" mdschema="dwc">Notechis scutatus</dim:field>
<dim:field element="type" qualifier="embargo" language="" mdschema="dc">untilArticleAppears</dim:field>
<dim:field element="dryad" qualifier="pageviews">75</dim:field>
<dim:field element="dryad" qualifier="downloads">33</dim:field>
</dim:dim>
</mets:xmlData>
</mets:mdWrap>
</mets:dmdSec>
<mets:fileSec>
<mets:fileGrp USE="CONTENT">
<mets:file CHECKSUMTYPE="MD5" GROUPID="group_file_119892" ID="file_119892" MIMETYPE="application/vnd.openxmlformats-officedocument.spreadsheetml.sheet" SIZE="120162" CHECKSUM="50252af2669103ed47e4e6a0d165310a">
<mets:FLocat LOCTYPE="URL" xlink:title="Aubret 53172.xlsx" xlink:label="dataset-file" xlink:type="locator" xlink:href="/bitstream/handle/10255/dryad.37640/Aubret%2053172.xlsx?sequence=1"/>
</mets:file>
</mets:fileGrp>
</mets:fileSec>
<mets:structMap LABEL="DSpace" TYPE="LOGICAL">
<mets:div DMDID="dmd_1" TYPE="DSpace Item">
<mets:div ID="div_2" TYPE="DSpace Content Bitstream">
<mets:fptr FILEID="file_119892"/>
</mets:div>
</mets:div>
</mets:structMap>
</mets:METS>
