<?xml version="1.0" encoding="UTF-8"?>
<mets:METS xmlns:mets="http://www.loc.gov/METS/" xmlns:xlink="http://www.w3.org/TR/xlink/" xmlns:xsi="http://www.w3.org/2001/XMLSchema-instance" xmlns:dim="http://www.dspace.org/xmlns/dspace/dim" OBJEDIT="/admin/item?itemID=2117" OBJID="/handle/10255/dryad.1881" PROFILE="DSPACE METS SIP Profile 1.0" LABEL="DSpace Item" ID="hdl:10255/dryad.1881">
<mets:dmdSec GROUPID="group_dmd_0" ID="dmd_1">
<mets:mdWrap MDTYPE="OTHER" OTHERMDTYPE="DIM">
<mets:xmlData>
<dim:dim dspaceType="ITEM">
<dim:field element="contributor" qualifier="author" language="en" mdschema="dc">Stevison, Laurie S.</dim:field>
<dim:field element="contributor" qualifier="author" language="en" mdschema="dc">Noor, Mohamed A. F.</dim:field>
<dim:field element="date" qualifier="accessioned" language="" mdschema="dc">2010-08-20T14:58:22Z</dim:field>
<dim:field element="date" qualifier="available" language="" mdschema="dc">2010-10-23T06:30:07Z</dim:field>
<dim:field element="date" qualifier="issued" language="" mdschema="dc">2010-08-20</dim:field>
<dim:field element="identifier" language="" mdschema="dc">doi:10.5061/dryad.1877/4</dim:field>
<dim:field element="identifier" qualifier="uri" language="" mdschema="dc">http://hdl.handle.net/10255/dryad.1881</dim:field>
<dim:field element="description" language="en" mdschema="dc">Zipped set of scripts, sample input and sample output files of programs used to design SNPs to distinguish 2 lines of D. persimilis, and further to extract GC content, diversity, divergence, and motif abundance of a published genomic sequence for correlation to recombination rate variation.</dim:field>
<dim:field element="relation" qualifier="ispartof" language="en" mdschema="dc">doi:10.5061/dryad.1877</dim:field>
<dim:field element="rights" qualifier="uri" language="en" mdschema="dc">http://creativecommons.org/publicdomain/zero/1.0/</dim:field>
<dim:field element="subject" language="en" mdschema="dc">genome evolution</dim:field>
<dim:field element="subject" language="en" mdschema="dc">molecular evolution</dim:field>
<dim:field element="title" language="en" mdschema="dc">Perl scripts for analysis</dim:field>
<dim:field element="type" language="en" mdschema="dc">Dataset</dim:field>
<dim:field element="ScientificName" language="en" mdschema="dwc">Drosophila persimilis</dim:field>
<dim:field element="ScientificName" language="en" mdschema="dwc">Drosophila pseudoobscura</dim:field>
<dim:field element="ScientificName" language="en" mdschema="dwc">Drosophila miranda</dim:field>
<dim:field element="dryad" qualifier="pageviews">148</dim:field>
<dim:field element="dryad" qualifier="downloads">41</dim:field>
</dim:dim>
</mets:xmlData>
</mets:mdWrap>
</mets:dmdSec>
<mets:fileSec>
<mets:fileGrp USE="CONTENT">
<mets:file CHECKSUMTYPE="MD5" GROUPID="group_file_1642" ID="file_1642" MIMETYPE="application/zip" SIZE="164745" CHECKSUM="5d2229f18f57f466424862728b3b2882">
<mets:FLocat LOCTYPE="URL" xlink:title="LSSScriptsFINAL.zip" xlink:type="locator" xlink:href="/bitstream/handle/10255/dryad.1881/LSSScriptsFINAL.zip?sequence=1"/>
</mets:file>
</mets:fileGrp>
</mets:fileSec>
<mets:structMap LABEL="DSpace" TYPE="LOGICAL">
<mets:div DMDID="dmd_1" TYPE="DSpace Item">
<mets:div ID="div_2" TYPE="DSpace Content Bitstream">
<mets:fptr FILEID="file_1642"/>
</mets:div>
</mets:div>
</mets:structMap>
</mets:METS>
