<?xml version="1.0" encoding="UTF-8"?>
<mets:METS xmlns:mets="http://www.loc.gov/METS/" xmlns:xlink="http://www.w3.org/TR/xlink/" xmlns:xsi="http://www.w3.org/2001/XMLSchema-instance" xmlns:dim="http://www.dspace.org/xmlns/dspace/dim" OBJEDIT="/admin/item?itemID=1814" OBJID="/handle/10255/dryad.1586" PROFILE="DSPACE METS SIP Profile 1.0" LABEL="DSpace Item" ID="hdl:10255/dryad.1586">
<mets:dmdSec GROUPID="group_dmd_0" ID="dmd_1">
<mets:mdWrap MDTYPE="OTHER" OTHERMDTYPE="DIM">
<mets:xmlData>
<dim:dim dspaceType="ITEM">
<dim:field element="contributor" qualifier="author" language="en" mdschema="dc">Bierne, Nicolas</dim:field>
<dim:field element="date" qualifier="accessioned" language="" mdschema="dc">2010-05-25T19:44:55Z</dim:field>
<dim:field element="date" qualifier="available" language="" mdschema="dc">2010-05-25T19:44:55Z</dim:field>
<dim:field element="date" qualifier="issued" language="" mdschema="dc">2010-05-25</dim:field>
<dim:field element="identifier" mdschema="dc">doi:10.5061/dryad.1584/2</dim:field>
<dim:field element="identifier" qualifier="uri" language="" mdschema="dc">http://hdl.handle.net/10255/dryad.1586</dim:field>
<dim:field element="relation" qualifier="ispartof" language="en" mdschema="dc">doi:10.5061/dryad.1584</dim:field>
<dim:field element="rights" qualifier="uri" language="en" mdschema="dc">http://creativecommons.org/publicdomain/zero/1.0/</dim:field>
<dim:field element="subject" language="en" mdschema="dc">Selection - Natural</dim:field>
<dim:field element="subject" language="en" mdschema="dc">Population Structure</dim:field>
<dim:field element="subject" language="en" mdschema="dc">Adaptation</dim:field>
<dim:field element="subject" language="en" mdschema="dc">Hitchhiking</dim:field>
<dim:field element="title" language="en" mdschema="dc">10-0237-Simulators.zip</dim:field>
<dim:field element="type" language="en" mdschema="dc">Dataset</dim:field>
<dim:field element="ScientificName" language="en" mdschema="dwc">Mytilus edulis</dim:field>
<dim:field element="dryad" qualifier="pageviews">267</dim:field>
<dim:field element="dryad" qualifier="downloads">30</dim:field>
</dim:dim>
</mets:xmlData>
</mets:mdWrap>
</mets:dmdSec>
<mets:fileSec>
<mets:fileGrp USE="CONTENT">
<mets:file CHECKSUMTYPE="MD5" GROUPID="group_file_1159" ID="file_1159" MIMETYPE="application/zip" SIZE="457855" CHECKSUM="68b532eebb5833cc37fdc28fd532ba3c">
<mets:FLocat LOCTYPE="URL" xlink:title="10-0237-Simulators.zip" xlink:type="locator" xlink:href="/bitstream/handle/10255/dryad.1586/10-0237-Simulators.zip?sequence=1"/>
</mets:file>
</mets:fileGrp>
</mets:fileSec>
<mets:structMap LABEL="DSpace" TYPE="LOGICAL">
<mets:div DMDID="dmd_1" TYPE="DSpace Item">
<mets:div ID="div_2" TYPE="DSpace Content Bitstream">
<mets:fptr FILEID="file_1159"/>
</mets:div>
</mets:div>
</mets:structMap>
</mets:METS>
