<?xml version="1.0" encoding="UTF-8"?>
<mets:METS xmlns:mets="http://www.loc.gov/METS/" xmlns:xlink="http://www.w3.org/TR/xlink/" xmlns:xsi="http://www.w3.org/2001/XMLSchema-instance" xmlns:dim="http://www.dspace.org/xmlns/dspace/dim" OBJEDIT="/admin/item?itemID=1910" OBJID="/handle/10255/dryad.1679" PROFILE="DSPACE METS SIP Profile 1.0" LABEL="DSpace Item" ID="hdl:10255/dryad.1679">
<mets:dmdSec GROUPID="group_dmd_0" ID="dmd_1">
<mets:mdWrap MDTYPE="OTHER" OTHERMDTYPE="DIM">
<mets:xmlData>
<dim:dim withdrawn="y" dspaceType="ITEM">
<dim:field element="contributor" qualifier="author" language="en" mdschema="dc">Ryan Scherle</dim:field>
<dim:field element="contributor" qualifier="author" language="en" mdschema="dc">Other G. Author</dim:field>
<dim:field element="date" qualifier="accessioned" mdschema="dc">2010-06-23T13:45:07Z</dim:field>
<dim:field element="date" qualifier="available" mdschema="dc">2010-06-23T13:45:07Z</dim:field>
<dim:field element="date" qualifier="issued" mdschema="dc">2010-06-23</dim:field>
<dim:field element="identifier" mdschema="dc">doi:10.5061/dryad.1678/1</dim:field>
<dim:field element="identifier" qualifier="uri" mdschema="dc">http://hdl.handle.net/10255/dryad.1679</dim:field>
<dim:field element="relation" qualifier="ispartof" language="en" mdschema="dc">http://hdl.handle.net/10255/dryad.1678</dim:field>
<dim:field element="rights" qualifier="uri" language="en" mdschema="dc">http://creativecommons.org/publicdomain/zero/1.0/</dim:field>
<dim:field element="title" language="en" mdschema="dc">blank.html</dim:field>
<dim:field element="type" language="en" mdschema="dc">Dataset</dim:field>
<dim:field element="date" qualifier="embargoedUntil" mdschema="dc">2011-06-23</dim:field>
<dim:field element="dryad" qualifier="pageviews">0</dim:field>
<dim:field element="dryad" qualifier="downloads">0</dim:field>
</dim:dim>
</mets:xmlData>
</mets:mdWrap>
</mets:dmdSec>
<mets:fileSec>
<mets:fileGrp USE="CONTENT">
<mets:file CHECKSUMTYPE="MD5" GROUPID="group_file_1520" ID="file_1520" MIMETYPE="text/html" SIZE="538" CHECKSUM="817654306f6ee18587b0bf504bb186ce">
<mets:FLocat LOCTYPE="URL" xlink:title="blank.html" xlink:type="locator" xlink:href="/bitstream/handle/10255/dryad.1679/blank.html?sequence=1"/>
</mets:file>
</mets:fileGrp>
</mets:fileSec>
<mets:structMap LABEL="DSpace" TYPE="LOGICAL">
<mets:div DMDID="dmd_1" TYPE="DSpace Item">
<mets:div ID="div_2" TYPE="DSpace Content Bitstream">
<mets:fptr FILEID="file_1520"/>
</mets:div>
</mets:div>
</mets:structMap>
</mets:METS>
