<?xml version="1.0" encoding="UTF-8"?>
<mets:METS xmlns:mets="http://www.loc.gov/METS/" xmlns:xlink="http://www.w3.org/TR/xlink/" xmlns:xsi="http://www.w3.org/2001/XMLSchema-instance" xmlns:dim="http://www.dspace.org/xmlns/dspace/dim" OBJEDIT="/admin/item?itemID=51319" OBJID="/handle/10255/dryad.44131" PROFILE="DSPACE METS SIP Profile 1.0" LABEL="DSpace Item" ID="hdl:10255/dryad.44131">
<mets:dmdSec GROUPID="group_dmd_0" ID="dmd_1">
<mets:mdWrap MDTYPE="OTHER" OTHERMDTYPE="DIM">
<mets:xmlData>
<dim:dim dspaceType="ITEM">
<dim:field element="contributor" qualifier="author" mdschema="dc">Bauch, Christina</dim:field>
<dim:field element="contributor" qualifier="author" mdschema="dc">Becker, Peter H.</dim:field>
<dim:field element="contributor" qualifier="author" mdschema="dc">Verhulst, Simon</dim:field>
<dim:field element="date" qualifier="accessioned" mdschema="dc">2013-03-05T18:32:40Z</dim:field>
<dim:field element="date" qualifier="available" mdschema="dc">2013-03-05T18:32:40Z</dim:field>
<dim:field element="date" qualifier="issued" mdschema="dc">2013-03-05</dim:field>
<dim:field element="identifier" mdschema="dc">doi:10.5061/dryad.1518r/1</dim:field>
<dim:field element="identifier" qualifier="uri" mdschema="dc">http://hdl.handle.net/10255/dryad.44131</dim:field>
<dim:field element="relation" qualifier="ispartof" mdschema="dc">doi:10.5061/dryad.1518r</dim:field>
<dim:field element="rights" qualifier="uri" mdschema="dc">http://creativecommons.org/publicdomain/zero/1.0/</dim:field>
<dim:field element="title" language="" mdschema="dc">Bauch_etal_data_Telomeres-and-phenotypic-quality-ProcRSocB</dim:field>
<dim:field element="type" language="*" mdschema="dc">Dataset</dim:field>
<dim:field element="type" qualifier="embargo" language="en" mdschema="dc">none</dim:field>
<dim:field element="dryad" qualifier="pageviews">126</dim:field>
<dim:field element="dryad" qualifier="downloads">45</dim:field>
</dim:dim>
</mets:xmlData>
</mets:mdWrap>
</mets:dmdSec>
<mets:fileSec>
<mets:fileGrp USE="CONTENT">
<mets:file CHECKSUMTYPE="MD5" GROUPID="group_file_126986" ID="file_126986" MIMETYPE="application/octet-stream" SIZE="28070" CHECKSUM="502d92b0411bf461f7326556ef3816d8">
<mets:FLocat LOCTYPE="URL" xlink:title="Bauch_etal_data_Telomeres-and-phenotypic-quality-ProcRSocB.ods" xlink:label="dataset-file" xlink:type="locator" xlink:href="/bitstream/handle/10255/dryad.44131/Bauch_etal_data_Telomeres-and-phenotypic-quality-ProcRSocB.ods?sequence=1"/>
</mets:file>
</mets:fileGrp>
</mets:fileSec>
<mets:structMap LABEL="DSpace" TYPE="LOGICAL">
<mets:div DMDID="dmd_1" TYPE="DSpace Item">
<mets:div ID="div_2" TYPE="DSpace Content Bitstream">
<mets:fptr FILEID="file_126986"/>
</mets:div>
</mets:div>
</mets:structMap>
</mets:METS>
