<?xml version="1.0" encoding="UTF-8"?>
<mets:METS xmlns:mets="http://www.loc.gov/METS/" xmlns:xlink="http://www.w3.org/TR/xlink/" xmlns:xsi="http://www.w3.org/2001/XMLSchema-instance" xmlns:dim="http://www.dspace.org/xmlns/dspace/dim" OBJEDIT="/admin/item?itemID=173" OBJID="/handle/10255/dryad.158" PROFILE="DSPACE METS SIP Profile 1.0" LABEL="DSpace Item" ID="hdl:10255/dryad.158">
<mets:dmdSec GROUPID="group_dmd_0" ID="dmd_1">
<mets:mdWrap MDTYPE="OTHER" OTHERMDTYPE="DIM">
<mets:xmlData>
<dim:dim dspaceType="ITEM">
<dim:field element="contributor" qualifier="author" language="" mdschema="dc">Riju, Aykkal</dim:field>
<dim:field element="contributor" qualifier="author" language="" mdschema="dc">Chandrasekar, A.</dim:field>
<dim:field element="contributor" qualifier="author" language="" mdschema="dc">Arunachalam, Vadivel</dim:field>
<dim:field element="date" qualifier="accessioned" language="" mdschema="dc">2008-06-17T20:31:23Z</dim:field>
<dim:field element="date" qualifier="available" language="" mdschema="dc">2008-06-17T20:31:23Z</dim:field>
<dim:field element="date" qualifier="issued" language="" mdschema="dc">2007</dim:field>
<dim:field element="identifier" mdschema="dc">doi:10.5061/dryad.157/1</dim:field>
<dim:field element="identifier" qualifier="citation" language="en_US" mdschema="dc">Riju et al., Bioinformation 2(4): 128-131 (2007)</dim:field>
<dim:field element="identifier" qualifier="uri" language="" mdschema="dc">http://hdl.handle.net/10255/dryad.158</dim:field>
<dim:field element="description" language="en_US" mdschema="dc">Oil palm is the second largest source of edible oil, which contributes to approximately 20% of the world's production of oils and fats. Expressed sequence tag (EST) sequencing programs have provided a wealth of information, identifying novel genes from a broad range of organisms and providing an indication of gene expression level in particular tissues. It also provides the richest source of biologically useful SNPs due to the relatively high redundancy of gene sequence, the diversity of genotypes represented within databases, and the fact that each SNP would be associated with an expressed gene. There are cultivated two species of oil palm, Elaeis guineensis Jacq. from tropical western Africa and E. oleifera from Americas. Interspecific SNP detection carried but by choosing Lambda Zap II libraries of both species. Auto_snp perl script was used to cluster the ESTs and detect SNPs. A total of 163 EST sequences belong to Lambda zap libraries analysed here, interestingly we have found 60 SNP site (35 Transition transversion 25 ) in this species specific sequences. Labda Zap tissue also shows the similar pattern of SNPs, such as transition type mutation is higher than trasnversion type in Oil palm (Riju et al, 2007).</dim:field>
<dim:field element="publisher" language="en_US" mdschema="dc">Biomedical Informatics Publishing Group</dim:field>
<dim:field element="relation" qualifier="ispartof" language="" mdschema="dc">doi:10.5061/dryad.157</dim:field>
<dim:field element="relation" qualifier="ispartofseries" language="en_US" mdschema="dc">0973-2063</dim:field>
<dim:field element="relation" qualifier="ispartofseries" language="en_US" mdschema="dc">2(4), 128-131</dim:field>
<dim:field element="rights" qualifier="uri" language="" mdschema="dc">http://creativecommons.org/publicdomain/zero/1.0/</dim:field>
<dim:field element="subject" language="en_US" mdschema="dc">molecular markers</dim:field>
<dim:field element="title" language="en_US" mdschema="dc">Interspecific Analysis for SNPs in EST Libraries of Oil Palm- Elaeis Guineensis  and E. Oleifera</dim:field>
<dim:field element="type" language="en_US" mdschema="dc">Dataset</dim:field>
<dim:field element="ScientificName" language="" mdschema="dwc">Elaeis Guineensis</dim:field>
<dim:field element="ScientificName" language="" mdschema="dwc">Elaeis Oleifera</dim:field>
<dim:field element="status" language="" mdschema="dryad">scanned</dim:field>
<dim:field element="dryad" qualifier="pageviews">264</dim:field>
<dim:field element="dryad" qualifier="downloads">100</dim:field>
</dim:dim>
</mets:xmlData>
</mets:mdWrap>
</mets:dmdSec>
<mets:fileSec>
<mets:fileGrp USE="CONTENT">
<mets:file CHECKSUMTYPE="MD5" GROUPID="group_file_330" ID="file_330" MIMETYPE="application/pdf" SIZE="111490" CHECKSUM="4193de505bd665c2bce7c7320d86304f">
<mets:FLocat LOCTYPE="URL" xlink:title="Oil palm SNPs.pdf" xlink:type="locator" xlink:href="/bitstream/handle/10255/dryad.158/Oil%20palm%20SNPs.pdf?sequence=3"/>
</mets:file>
</mets:fileGrp>
<mets:fileGrp USE="TEXT">
<mets:file CHECKSUMTYPE="MD5" GROUPID="group_file_330" ID="file_1501" MIMETYPE="text/plain" SIZE="7493" CHECKSUM="25192e68c1df898cbeffb7267ffebca5">
<mets:FLocat LOCTYPE="URL" xlink:title="Oil palm SNPs.pdf.txt" xlink:label="Extracted text" xlink:type="locator" xlink:href="/bitstream/handle/10255/dryad.158/Oil%20palm%20SNPs.pdf.txt?sequence=4"/>
</mets:file>
</mets:fileGrp>
</mets:fileSec>
<mets:structMap LABEL="DSpace" TYPE="LOGICAL">
<mets:div DMDID="dmd_1" TYPE="DSpace Item">
<mets:fptr FILEID="file_330"/>
<mets:div ID="div_2" TYPE="DSpace Content Bitstream">
<mets:fptr FILEID="file_330"/>
</mets:div>
</mets:div>
</mets:structMap>
</mets:METS>
