<?xml version="1.0" encoding="UTF-8"?>
<mets:METS xmlns:mets="http://www.loc.gov/METS/" xmlns:xlink="http://www.w3.org/TR/xlink/" xmlns:xsi="http://www.w3.org/2001/XMLSchema-instance" xmlns:dim="http://www.dspace.org/xmlns/dspace/dim" OBJEDIT="/admin/item?itemID=51889" OBJID="/handle/10255/dryad.44525" PROFILE="DSPACE METS SIP Profile 1.0" LABEL="DSpace Item" ID="hdl:10255/dryad.44525">
<mets:dmdSec GROUPID="group_dmd_0" ID="dmd_1">
<mets:mdWrap MDTYPE="OTHER" OTHERMDTYPE="DIM">
<mets:xmlData>
<dim:dim dspaceType="ITEM">
<dim:field element="contributor" qualifier="author" language="" mdschema="dc">Wong, Devina</dim:field>
<dim:field element="contributor" qualifier="author" language="" mdschema="dc">Makowska, I. Joanna</dim:field>
<dim:field element="contributor" qualifier="author" language="" mdschema="dc">Weary, Weary M.</dim:field>
<dim:field element="coverage" qualifier="spatial" language="" mdschema="dc">Vancouver</dim:field>
<dim:field element="coverage" qualifier="spatial" language="" mdschema="dc">British Columbia</dim:field>
<dim:field element="coverage" qualifier="spatial" language="" mdschema="dc">Canada</dim:field>
<dim:field element="date" qualifier="accessioned" mdschema="dc">2013-05-08T18:11:26Z</dim:field>
<dim:field element="date" qualifier="available" mdschema="dc">2013-05-08T18:11:26Z</dim:field>
<dim:field element="date" qualifier="issued" mdschema="dc">2013-05-08</dim:field>
<dim:field element="identifier" language="" mdschema="dc">doi:10.5061/dryad.05510/1</dim:field>
<dim:field element="identifier" mdschema="dc">doi:10.5061/dryad.05510/1</dim:field>
<dim:field element="identifier" qualifier="uri" mdschema="dc">http://hdl.handle.net/10255/dryad.44525</dim:field>
<dim:field element="description" language="" mdschema="dc">This data was collected in the UBC Centre for Disease Modelling from 2010-2011. Three experiments were carried out separately, with each tab in the excel file representing one experiment. There are two abbreviations: "ISO" represents isoflurane and "CO2" represents carbon dioxide.</dim:field>
<dim:field element="relation" qualifier="ispartof" language="" mdschema="dc">doi:10.5061/dryad.05510</dim:field>
<dim:field element="rights" qualifier="uri" language="" mdschema="dc">http://creativecommons.org/publicdomain/zero/1.0/</dim:field>
<dim:field element="subject" confidence="NOVALUE" language="" mdschema="dc">euthanasia</dim:field>
<dim:field element="subject" confidence="NOVALUE" language="" mdschema="dc">light/dark box</dim:field>
<dim:field element="subject" confidence="NOVALUE" language="" mdschema="dc">approach-avoidance</dim:field>
<dim:field element="title" language="" mdschema="dc">Time spent in dark compartment during gas exposure</dim:field>
<dim:field element="type" language="*" mdschema="dc">Dataset</dim:field>
<dim:field element="ScientificName" confidence="NOVALUE" language="" mdschema="dwc">Rattus norvegicus</dim:field>
<dim:field element="type" qualifier="embargo" language="" mdschema="dc">none</dim:field>
<dim:field element="dryad" qualifier="pageviews">84</dim:field>
<dim:field element="dryad" qualifier="downloads">38</dim:field>
</dim:dim>
</mets:xmlData>
</mets:mdWrap>
</mets:dmdSec>
<mets:fileSec>
<mets:fileGrp USE="CONTENT">
<mets:file CHECKSUMTYPE="MD5" GROUPID="group_file_127395" ID="file_127395" MIMETYPE="application/vnd.openxmlformats-officedocument.spreadsheetml.sheet" SIZE="13473" CHECKSUM="906bd8bf286d499e4c673e3b8b6b095c">
<mets:FLocat LOCTYPE="URL" xlink:title="Data Deposit.xlsx" xlink:label="dataset-file" xlink:type="locator" xlink:href="/bitstream/handle/10255/dryad.44525/Data%20Deposit.xlsx?sequence=1"/>
</mets:file>
</mets:fileGrp>
</mets:fileSec>
<mets:structMap LABEL="DSpace" TYPE="LOGICAL">
<mets:div DMDID="dmd_1" TYPE="DSpace Item">
<mets:div ID="div_2" TYPE="DSpace Content Bitstream">
<mets:fptr FILEID="file_127395"/>
</mets:div>
</mets:div>
</mets:structMap>
</mets:METS>
