<?xml version="1.0" encoding="UTF-8"?>
<mets:METS xmlns:mets="http://www.loc.gov/METS/" xmlns:xlink="http://www.w3.org/TR/xlink/" xmlns:xsi="http://www.w3.org/2001/XMLSchema-instance" xmlns:dim="http://www.dspace.org/xmlns/dspace/dim" OBJEDIT="/admin/item?itemID=110" OBJID="/handle/10255/dryad.103" PROFILE="DSPACE METS SIP Profile 1.0" LABEL="DSpace Item" ID="hdl:10255/dryad.103">
<mets:dmdSec GROUPID="group_dmd_0" ID="dmd_1">
<mets:mdWrap MDTYPE="OTHER" OTHERMDTYPE="DIM">
<mets:xmlData>
<dim:dim dspaceType="ITEM">
<dim:field element="contributor" qualifier="author" language="" mdschema="dc">Stone, J. R.</dim:field>
<dim:field element="date" qualifier="accessioned" language="" mdschema="dc">2008-03-19T19:13:36Z</dim:field>
<dim:field element="date" qualifier="available" language="" mdschema="dc">2008-03-19T19:13:36Z</dim:field>
<dim:field element="date" qualifier="issued" language="" mdschema="dc">1998-06-01</dim:field>
<dim:field element="identifier" language="" mdschema="dc">doi:10.5061/dryad.102/1</dim:field>
<dim:field element="identifier" qualifier="uri" language="" mdschema="dc">http://hdl.handle.net/10255/dryad.103</dim:field>
<dim:field element="publisher" language="en_US" mdschema="dc">Taylor &amp; Francis</dim:field>
<dim:field element="relation" qualifier="ispartof" language="" mdschema="dc">doi:10.5061/dryad.102</dim:field>
<dim:field element="rights" qualifier="uri" language="" mdschema="dc">http://creativecommons.org/publicdomain/zero/1.0/</dim:field>
<dim:field element="subject" language="" mdschema="dc">geometric morphometrics</dim:field>
<dim:field element="subject" language="" mdschema="dc">landmarks</dim:field>
<dim:field element="subject" language="" mdschema="dc">thin-plate spline</dim:field>
<dim:field element="subject" language="" mdschema="dc">principal components</dim:field>
<dim:field element="title" language="en_US" mdschema="dc">Stone Data Matrix</dim:field>
<dim:field element="type" language="en_US" mdschema="dc">Dataset</dim:field>
<dim:field element="ScientificName" language="" mdschema="dwc">Gastropoda</dim:field>
<dim:field element="status" language="" mdschema="dryad">scanned</dim:field>
<dim:field element="dryad" qualifier="pageviews">148</dim:field>
<dim:field element="dryad" qualifier="downloads">154</dim:field>
</dim:dim>
</mets:xmlData>
</mets:mdWrap>
</mets:dmdSec>
<mets:fileSec>
<mets:fileGrp USE="CONTENT">
<mets:file CHECKSUMTYPE="MD5" GROUPID="group_file_203" ID="file_203" MIMETYPE="text/plain" SIZE="22215" CHECKSUM="b33bf780a300de6e4699869ea64598ff">
<mets:FLocat LOCTYPE="URL" xlink:title="stone.append.txt" xlink:type="locator" xlink:href="/bitstream/handle/10255/dryad.103/stone.append.txt?sequence=1"/>
</mets:file>
</mets:fileGrp>
<mets:fileGrp USE="TEXT">
<mets:file CHECKSUMTYPE="MD5" GROUPID="group_file_203" ID="file_1337" MIMETYPE="text/plain" SIZE="20389" CHECKSUM="5702a19faf1310fe4c61a69bf5d5732e">
<mets:FLocat LOCTYPE="URL" xlink:title="stone.append.txt.txt" xlink:label="Extracted text" xlink:type="locator" xlink:href="/bitstream/handle/10255/dryad.103/stone.append.txt.txt?sequence=2"/>
</mets:file>
</mets:fileGrp>
</mets:fileSec>
<mets:structMap LABEL="DSpace" TYPE="LOGICAL">
<mets:div DMDID="dmd_1" TYPE="DSpace Item">
<mets:div ID="div_2" TYPE="DSpace Content Bitstream">
<mets:fptr FILEID="file_203"/>
</mets:div>
</mets:div>
</mets:structMap>
</mets:METS>
