<?xml version="1.0" encoding="UTF-8"?>
<mets:METS xmlns:mets="http://www.loc.gov/METS/" xmlns:xlink="http://www.w3.org/TR/xlink/" xmlns:xsi="http://www.w3.org/2001/XMLSchema-instance" xmlns:dim="http://www.dspace.org/xmlns/dspace/dim" OBJEDIT="/admin/item?itemID=35688" OBJID="/handle/10255/dryad.33975" PROFILE="DSPACE METS SIP Profile 1.0" LABEL="DSpace Item" ID="hdl:10255/dryad.33975">
<mets:dmdSec GROUPID="group_dmd_0" ID="dmd_1">
<mets:mdWrap MDTYPE="OTHER" OTHERMDTYPE="DIM">
<mets:xmlData>
<dim:dim dspaceType="ITEM">
<dim:field element="contributor" qualifier="author" language="" mdschema="dc">Nosrati, Houshang</dim:field>
<dim:field element="contributor" qualifier="author" language="" mdschema="dc">Wilcock, Christopher C</dim:field>
<dim:field element="contributor" qualifier="author" language="" mdschema="dc">Price, Adam H</dim:field>
<dim:field element="date" qualifier="accessioned" language="" mdschema="dc">2011-06-03T17:03:39Z</dim:field>
<dim:field element="date" qualifier="available" mdschema="dc">2011-11-16T20:56:53Z</dim:field>
<dim:field element="date" qualifier="issued" language="" mdschema="dc">2011-09-19</dim:field>
<dim:field element="identifier" mdschema="dc">doi:10.5061/dryad.15nn2/1</dim:field>
<dim:field element="identifier" qualifier="uri" language="" mdschema="dc">http://hdl.handle.net/10255/dryad.33975</dim:field>
<dim:field element="description" language="en" mdschema="dc">Levels of reproductive fitness &amp; genetic distances in diploid Fragaria: 1) Variations in seven components of postzygotic reproductive fitness (initial fruit (berry) set, seed set, F1 hybrid seed germination, survivorship, flowering, fruit (berry) set and pollen sterility at three hierarchal taxonomic levels: • interspecific crosses level: between F. vesca (ssp. vesca) as maternal parent and four species of F. nubicola, F. viridis, F. daltoniana and F. nipponica; • inter-subspecific level between F. vesca ssp. vesca and F. vesca ssp. americana; • intra-subspecific level within F. vesca ssp. vesca (between F. vesca ssp. vesca, F. vesca ssp. vesca var. alba, and F. vesca ssp. vesca f. monophylla) 2) Variations in reproductive isolation between sympatric &amp; allopatric species pairs: • Sympatry: F. vesca versus F. viridis; • Allopatric: F. vesca versus F. nubicola, F. daltoniana and F. nipponica 3) Genetic distance between diploid Fragaria based on RAPDs Nei's Distance (NTSYS-pc ver. 2.02) &amp; ITS P-distance (using sequence data presented by Potter et al. 2005 in Genbank) in PAUP (ver. 4.0b10, Swofford, 2003).</dim:field>
<dim:field element="relation" qualifier="ispartof" language="" mdschema="dc">doi:10.5061/dryad.15nn2</dim:field>
<dim:field element="rights" qualifier="uri" language="" mdschema="dc">http://creativecommons.org/publicdomain/zero/1.0/</dim:field>
<dim:field element="subject" language="en" mdschema="dc">postzygotic isolation</dim:field>
<dim:field element="subject" language="en" mdschema="dc">progeny fitness</dim:field>
<dim:field element="subject" language="en" mdschema="dc">reinforcement</dim:field>
<dim:field element="subject" language="en" mdschema="dc">strawberry</dim:field>
<dim:field element="title" language="en" mdschema="dc">Dataset Reproductive fitness &amp; genetic distances in diploid Fragaria</dim:field>
<dim:field element="type" language="*" mdschema="dc">Dataset</dim:field>
<dim:field element="ScientificName" language="en" mdschema="dwc">Fragaria vesca</dim:field>
<dim:field element="ScientificName" language="en" mdschema="dwc">Fragaria vesca ssp. americana</dim:field>
<dim:field element="ScientificName" language="en" mdschema="dwc">Fragaria vesca ssp. vesca</dim:field>
<dim:field element="ScientificName" language="en" mdschema="dwc">Fragaria vesca ssp. vesca var. alba</dim:field>
<dim:field element="ScientificName" language="en" mdschema="dwc">Fragaria vesca ssp. vesca f. alba</dim:field>
<dim:field element="ScientificName" language="" mdschema="dwc">Fragaria daltoniana</dim:field>
<dim:field element="ScientificName" language="" mdschema="dwc">Fragaria nubicola</dim:field>
<dim:field element="ScientificName" language="" mdschema="dwc">Fragaria viridis</dim:field>
<dim:field element="type" qualifier="embargo" language="en" mdschema="dc">untilArticleAppears</dim:field>
<dim:field element="dryad" qualifier="pageviews">111</dim:field>
<dim:field element="dryad" qualifier="downloads">124</dim:field>
</dim:dim>
</mets:xmlData>
</mets:mdWrap>
</mets:dmdSec>
<mets:fileSec>
<mets:fileGrp USE="CONTENT">
<mets:file CHECKSUMTYPE="MD5" GROUPID="group_file_114683" ID="file_114683" MIMETYPE="application/msword" SIZE="1268736" CHECKSUM="9fd96570738bb694466b40e91fb2435f">
<mets:FLocat LOCTYPE="URL" xlink:title="Dataset Reproductive fitness &amp; genetic distances in diploid Fragaria.doc" xlink:label="dataset-file" xlink:type="locator" xlink:href="/bitstream/handle/10255/dryad.33975/Dataset%20Reproductive%20fitness%20%26%20genetic%20distances%20in%20diploid%20Fragaria.doc?sequence=3"/>
</mets:file>
<mets:file CHECKSUMTYPE="MD5" GROUPID="group_file_114689" ID="file_114689" MIMETYPE="application/pdf" SIZE="78007" CHECKSUM="966426dcf41c08b5de996c7ccc822441">
<mets:FLocat LOCTYPE="URL" xlink:title="README.pdf" xlink:label="dc_readme" xlink:type="locator" xlink:href="/bitstream/handle/10255/dryad.33975/README.pdf?sequence=4"/>
</mets:file>
</mets:fileGrp>
<mets:fileGrp USE="TEXT">
<mets:file CHECKSUMTYPE="MD5" GROUPID="group_file_114689" ID="file_114707" MIMETYPE="text/plain" SIZE="2173" CHECKSUM="bfadcf7dabed95f8e6fc9c2ca3b29f3e">
<mets:FLocat LOCTYPE="URL" xlink:title="README.pdf.txt" xlink:label="Extracted text" xlink:type="locator" xlink:href="/bitstream/handle/10255/dryad.33975/README.pdf.txt?sequence=5"/>
</mets:file>
<mets:file CHECKSUMTYPE="MD5" GROUPID="group_file_114683" ID="file_114708" MIMETYPE="text/plain" SIZE="29706" CHECKSUM="ccd200cc022b101c5c6a1f2e21867632">
<mets:FLocat LOCTYPE="URL" xlink:title="Dataset Reproductive fitness &amp; genetic distances in diploid Fragaria.doc.txt" xlink:label="Extracted text" xlink:type="locator" xlink:href="/bitstream/handle/10255/dryad.33975/Dataset%20Reproductive%20fitness%20%26%20genetic%20distances%20in%20diploid%20Fragaria.doc.txt?sequence=6"/>
</mets:file>
</mets:fileGrp>
</mets:fileSec>
<mets:structMap LABEL="DSpace" TYPE="LOGICAL">
<mets:div DMDID="dmd_1" TYPE="DSpace Item">
<mets:div ID="div_2" TYPE="DSpace Content Bitstream">
<mets:fptr FILEID="file_114683"/>
</mets:div>
<mets:div ID="div_3" TYPE="DSpace Content Bitstream">
<mets:fptr FILEID="file_114689"/>
</mets:div>
</mets:div>
</mets:structMap>
</mets:METS>
