<?xml version="1.0" encoding="UTF-8"?>
<mets:METS xmlns:mets="http://www.loc.gov/METS/" xmlns:xlink="http://www.w3.org/TR/xlink/" xmlns:xsi="http://www.w3.org/2001/XMLSchema-instance" xmlns:dim="http://www.dspace.org/xmlns/dspace/dim" OBJEDIT="/admin/item?itemID=1448" OBJID="/handle/10255/dryad.1268" PROFILE="DSPACE METS SIP Profile 1.0" LABEL="DSpace Item" ID="hdl:10255/dryad.1268">
<mets:dmdSec GROUPID="group_dmd_0" ID="dmd_1">
<mets:mdWrap MDTYPE="OTHER" OTHERMDTYPE="DIM">
<mets:xmlData>
<dim:dim dspaceType="ITEM">
<dim:field element="contributor" qualifier="author" language="en" mdschema="dc">Sefc, Kristina</dim:field>
<dim:field element="contributor" qualifier="author" language="en" mdschema="dc">Hermann, Caroline</dim:field>
<dim:field element="contributor" qualifier="author" language="en" mdschema="dc">Koblmüller, Stephan</dim:field>
<dim:field element="coverage" qualifier="spatial" language="en" mdschema="dc">Lake Tanganyika</dim:field>
<dim:field element="coverage" qualifier="spatial" language="en" mdschema="dc">Zambia</dim:field>
<dim:field element="date" qualifier="accessioned" language="" mdschema="dc">2010-02-26T11:55:05Z</dim:field>
<dim:field element="date" qualifier="available" language="" mdschema="dc">2010-02-26T11:55:05Z</dim:field>
<dim:field element="date" qualifier="issued" language="" mdschema="dc">2010-02-26T11:55:05Z</dim:field>
<dim:field element="identifier" mdschema="dc">doi:10.5061/dryad.1267/1</dim:field>
<dim:field element="identifier" qualifier="uri" language="" mdschema="dc">http://hdl.handle.net/10255/dryad.1268</dim:field>
<dim:field element="description" language="en" mdschema="dc">The table contains microsatellite allele sizes of mothers and their broods, and of the population sample. The data were used to reconstruct the number of sires per brood. Offspring sample IDs are prefixed by a 'C'.</dim:field>
<dim:field element="relation" qualifier="ispartof" language="en" mdschema="dc">doi:10.5061/dryad.1267</dim:field>
<dim:field element="rights" qualifier="uri" language="en" mdschema="dc">http://creativecommons.org/publicdomain/zero/1.0/</dim:field>
<dim:field element="subject" language="en" mdschema="dc">Animal Mating/Breeding Systems</dim:field>
<dim:field element="subject" language="en" mdschema="dc">Behavior/Social Evolution</dim:field>
<dim:field element="subject" language="en" mdschema="dc">Fish</dim:field>
<dim:field element="subject" language="en" mdschema="dc">Sexual Selection</dim:field>
<dim:field element="title" language="en" mdschema="dc">microsatellite alleles sizes of mothers and brood, and of the population sample.xls</dim:field>
<dim:field element="type" language="en" mdschema="dc">Dataset</dim:field>
<dim:field element="ScientificName" language="en" mdschema="dwc">Ctenochromis horei</dim:field>
<dim:field element="ScientificName" language="en" mdschema="dwc">Cichlidae</dim:field>
<dim:field element="status" language="" mdschema="dryad">scanned</dim:field>
<dim:field element="dryad" qualifier="pageviews">134</dim:field>
<dim:field element="dryad" qualifier="downloads">51</dim:field>
</dim:dim>
</mets:xmlData>
</mets:mdWrap>
</mets:dmdSec>
<mets:fileSec>
<mets:fileGrp USE="CONTENT">
<mets:file CHECKSUMTYPE="MD5" GROUPID="group_file_1012" ID="file_1012" MIMETYPE="application/vnd.ms-excel" SIZE="67584" CHECKSUM="f262148115c8264b091261f9e94c3a36">
<mets:FLocat LOCTYPE="URL" xlink:title="Data4Dryad.xls" xlink:type="locator" xlink:href="/bitstream/handle/10255/dryad.1268/Data4Dryad.xls?sequence=1"/>
</mets:file>
</mets:fileGrp>
</mets:fileSec>
<mets:structMap LABEL="DSpace" TYPE="LOGICAL">
<mets:div DMDID="dmd_1" TYPE="DSpace Item">
<mets:div ID="div_2" TYPE="DSpace Content Bitstream">
<mets:fptr FILEID="file_1012"/>
</mets:div>
</mets:div>
</mets:structMap>
</mets:METS>
