<?xml version="1.0" encoding="UTF-8"?>
<mets:METS xmlns:mets="http://www.loc.gov/METS/" xmlns:xlink="http://www.w3.org/TR/xlink/" xmlns:xsi="http://www.w3.org/2001/XMLSchema-instance" xmlns:dim="http://www.dspace.org/xmlns/dspace/dim" OBJEDIT="/admin/item?itemID=43744" OBJID="/handle/10255/dryad.39200" PROFILE="DSPACE METS SIP Profile 1.0" LABEL="DSpace Item" ID="hdl:10255/dryad.39200">
<mets:dmdSec GROUPID="group_dmd_0" ID="dmd_1">
<mets:mdWrap MDTYPE="OTHER" OTHERMDTYPE="DIM">
<mets:xmlData>
<dim:dim dspaceType="ITEM">
<dim:field element="contributor" qualifier="author" mdschema="dc">Tan, Longzhi</dim:field>
<dim:field element="contributor" qualifier="author" mdschema="dc">Gore, Jeff</dim:field>
<dim:field element="identifier" mdschema="dc">doi:10.5061/dryad.17758</dim:field>
<dim:field element="description" language="" mdschema="dc">Natural populations must constantly adapt to ever-changing environmental conditions. A particularly interesting question is whether such adaptations can be reversed by returning the population to an ancestral environment. Such evolutionary reversals have been observed in both natural and laboratory populations. However, the factors that determine the reversibility of evolution are still under debate. The timescales of environmental change vary over a wide range, but little is known about how the rate of environmental change influences the reversibility of evolution. Here we demonstrate computationally that slowly switching between environments increases the reversibility of evolution for small populations, which are subject to only modest clonal interference. For small populations, slow switching reduces the mean number of mutations acquired in a new environment and also increases the probability of reverse evolution at each of these “genetic distances.” As the population size increases, slow switching no longer reduces the genetic distance, thus decreasing the evolutionary reversibility. We confirm this effect using both a phenomenological model of clonal interference and also a Wright-Fisher stochastic simulation that incorporates genetic diversity. Our results suggest that the rate of environmental change is a key determinant of the reversibility of evolution, and provides testable hypotheses for experimental evolution.</dim:field>
<dim:field element="subject" language="" mdschema="dc">Population Genetics</dim:field>
<dim:field element="subject" language="" mdschema="dc">Adaptation</dim:field>
<dim:field element="subject" language="" mdschema="dc">Epistasis</dim:field>
<dim:field element="subject" language="" mdschema="dc">Fitness</dim:field>
<dim:field element="subject" language="" mdschema="dc">Models/Simulations</dim:field>
<dim:field element="subject" language="" mdschema="dc">Selection - Natural</dim:field>
<dim:field element="title" language="" mdschema="dc">Data from: Slowly Switching between Environments Facilitates Reverse Evolution in Small Populations</dim:field>
<dim:field element="type" language="*" mdschema="dc">Article</dim:field>
<dim:field element="contributor" qualifier="correspondingAuthor" language="" mdschema="dc">Tan, Longzhi</dim:field>
<dim:field element="identifier" qualifier="manuscriptNumber" mdschema="dc">evolution-11-0830.R2</dim:field>
<dim:field authority="05f3089547be1c9d0cfb55ba4f182471" element="publicationName" confidence="UNCERTAIN" language="" mdschema="prism">Evolution</dim:field>
<dim:field element="archive" qualifier="mailUsers" mdschema="workflow">jmahar@wiley.com</dim:field>
<dim:field element="archive" qualifier="mailUsers" mdschema="workflow">admin@datadryad.org</dim:field>
<dim:field element="archive" qualifier="mailUsers" mdschema="workflow">curator@datadryad.org</dim:field>
<dim:field element="submit" qualifier="skipReviewStage" mdschema="workflow">true</dim:field>
<dim:field element="workflow" qualifier="submitted" mdschema="internal">true</dim:field>
<dim:field element="review" qualifier="mailUsers" mdschema="workflow"/>
</dim:dim>
</mets:xmlData>
</mets:mdWrap>
</mets:dmdSec>
<mets:fileSec/>
<mets:structMap LABEL="DSpace" TYPE="LOGICAL">
<mets:div DMDID="dmd_1" TYPE="DSpace Item"/>
</mets:structMap>
</mets:METS>
