<?xml version="1.0" encoding="UTF-8"?>
<mets:METS xmlns:mets="http://www.loc.gov/METS/" xmlns:xlink="http://www.w3.org/TR/xlink/" xmlns:xsi="http://www.w3.org/2001/XMLSchema-instance" xmlns:dim="http://www.dspace.org/xmlns/dspace/dim" OBJEDIT="/admin/item?itemID=55236" OBJID="/handle/10255/dryad.46760" PROFILE="DSPACE METS SIP Profile 1.0" LABEL="DSpace Item" ID="hdl:10255/dryad.46760">
<mets:dmdSec GROUPID="group_dmd_0" ID="dmd_1">
<mets:mdWrap MDTYPE="OTHER" OTHERMDTYPE="DIM">
<mets:xmlData>
<dim:dim dspaceType="ITEM">
<dim:field element="contributor" qualifier="author" mdschema="dc">Miralles, Aurélien</dim:field>
<dim:field element="contributor" qualifier="author" mdschema="dc">Vences, Miguel</dim:field>
<dim:field element="coverage" qualifier="spatial" language="" mdschema="dc">Madagascar</dim:field>
<dim:field element="identifier" mdschema="dc">doi:10.5061/dryad.17cd1/4</dim:field>
<dim:field element="relation" qualifier="ispartof" mdschema="dc">doi:10.5061/dryad.17cd1</dim:field>
<dim:field element="rights" qualifier="uri" mdschema="dc">http://creativecommons.org/publicdomain/zero/1.0/</dim:field>
<dim:field element="subject" confidence="NOVALUE" language="" mdschema="dc">Taxonomy</dim:field>
<dim:field element="subject" confidence="NOVALUE" language="" mdschema="dc">Taxonomic index of congruence</dim:field>
<dim:field element="subject" confidence="NOVALUE" language="" mdschema="dc">Relative taxonomic resolving power index</dim:field>
<dim:field element="subject" confidence="NOVALUE" language="" mdschema="dc">Species delimitation</dim:field>
<dim:field element="subject" confidence="NOVALUE" language="" mdschema="dc">Methodology</dim:field>
<dim:field element="subject" confidence="NOVALUE" language="" mdschema="dc">Scincidae</dim:field>
<dim:field element="subject" confidence="NOVALUE" language="" mdschema="dc">Madagascar</dim:field>
<dim:field element="subject" confidence="NOVALUE" language="" mdschema="dc">Madascincus</dim:field>
<dim:field element="title" language="" mdschema="dc">nuclear-alignment</dim:field>
<dim:field element="type" language="*" mdschema="dc">Dataset</dim:field>
<dim:field element="dryad" qualifier="pageviews">1</dim:field>
<dim:field element="dryad" qualifier="downloads">2</dim:field>
</dim:dim>
</mets:xmlData>
</mets:mdWrap>
</mets:dmdSec>
<mets:fileSec/>
<mets:structMap LABEL="DSpace" TYPE="LOGICAL">
<mets:div DMDID="dmd_1" TYPE="DSpace Item"/>
</mets:structMap>
</mets:METS>
