<?xml version="1.0" encoding="UTF-8"?>
<mets:METS xmlns:mets="http://www.loc.gov/METS/" xmlns:xlink="http://www.w3.org/TR/xlink/" xmlns:xsi="http://www.w3.org/2001/XMLSchema-instance" xmlns:dim="http://www.dspace.org/xmlns/dspace/dim" OBJEDIT="/admin/item?itemID=65818" OBJID="/handle/10255/dryad.53776" PROFILE="DSPACE METS SIP Profile 1.0" LABEL="DSpace Item" ID="hdl:10255/dryad.53776">
<mets:dmdSec GROUPID="group_dmd_0" ID="dmd_1">
<mets:mdWrap MDTYPE="OTHER" OTHERMDTYPE="DIM">
<mets:xmlData>
<dim:dim dspaceType="ITEM">
<dim:field element="contributor" qualifier="author" language="" mdschema="dc">Chen, Xin</dim:field>
<dim:field element="contributor" qualifier="author" language="" mdschema="dc">Jiang, Ke</dim:field>
<dim:field element="contributor" qualifier="author" language="" mdschema="dc">Guo, Peng</dim:field>
<dim:field element="contributor" qualifier="author" language="" mdschema="dc">Huang, Song</dim:field>
<dim:field element="contributor" qualifier="author" language="" mdschema="dc">Rao, Dingqi</dim:field>
<dim:field element="contributor" qualifier="author" language="" mdschema="dc">Ding, Li</dim:field>
<dim:field element="contributor" qualifier="author" language="" mdschema="dc">Takeuchi, Hirohiko</dim:field>
<dim:field element="contributor" qualifier="author" language="" mdschema="dc">Che, Jing</dim:field>
<dim:field element="contributor" qualifier="author" language="" mdschema="dc">Zhang, Yaping</dim:field>
<dim:field element="contributor" qualifier="author" language="" mdschema="dc">Myers, Edward A.</dim:field>
<dim:field element="contributor" qualifier="author" language="" mdschema="dc">Burbrink, Frank T.</dim:field>
<dim:field element="coverage" qualifier="spatial" language="" mdschema="dc">China</dim:field>
<dim:field element="coverage" qualifier="spatial" language="" mdschema="dc">Japan</dim:field>
<dim:field element="coverage" qualifier="spatial" language="" mdschema="dc">Southeast Asia</dim:field>
<dim:field element="identifier" language="" mdschema="dc">doi:10.5061/dryad.053m3/8</dim:field>
<dim:field element="description" language="" mdschema="dc">xml file for calculating marginal likelihood of model 2 (Euprepiophis perlacea and Eupreophis manderinus are one species) using stepstone estimator</dim:field>
<dim:field element="relation" qualifier="ispartof" language="" mdschema="dc">doi:10.5061/dryad.053m3</dim:field>
<dim:field element="rights" qualifier="uri" language="" mdschema="dc">http://creativecommons.org/publicdomain/zero/1.0/</dim:field>
<dim:field element="subject" confidence="NOVALUE" language="" mdschema="dc">species delimitation</dim:field>
<dim:field element="subject" confidence="NOVALUE" language="" mdschema="dc">species tree</dim:field>
<dim:field element="subject" confidence="NOVALUE" language="" mdschema="dc">coalescence</dim:field>
<dim:field element="subject" confidence="NOVALUE" language="" mdschema="dc">gene tree</dim:field>
<dim:field element="subject" confidence="NOVALUE" language="" mdschema="dc">Euprepiophis perlacea</dim:field>
<dim:field element="title" language="" mdschema="dc">m2_1stepstone</dim:field>
<dim:field element="type" language="*" mdschema="dc">Dataset</dim:field>
<dim:field element="ScientificName" confidence="NOVALUE" language="" mdschema="dwc">Euprepiophis perlacea</dim:field>
<dim:field element="type" qualifier="embargo" language="" mdschema="dc">untilArticleAppears</dim:field>
<dim:field element="dryad" qualifier="pageviews">1</dim:field>
<dim:field element="dryad" qualifier="downloads">1</dim:field>
</dim:dim>
</mets:xmlData>
</mets:mdWrap>
</mets:dmdSec>
<mets:fileSec/>
<mets:structMap LABEL="DSpace" TYPE="LOGICAL">
<mets:div DMDID="dmd_1" TYPE="DSpace Item"/>
</mets:structMap>
</mets:METS>
