<?xml version="1.0" encoding="UTF-8"?>
<mets:METS xmlns:mets="http://www.loc.gov/METS/" xmlns:xlink="http://www.w3.org/TR/xlink/" xmlns:xsi="http://www.w3.org/2001/XMLSchema-instance" xmlns:dim="http://www.dspace.org/xmlns/dspace/dim" OBJEDIT="/admin/item?itemID=2121" OBJID="/handle/10255/dryad.1885" PROFILE="DSPACE METS SIP Profile 1.0" LABEL="DSpace Item" ID="hdl:10255/dryad.1885">
<mets:dmdSec GROUPID="group_dmd_0" ID="dmd_1">
<mets:mdWrap MDTYPE="OTHER" OTHERMDTYPE="DIM">
<mets:xmlData>
<dim:dim dspaceType="ITEM">
<dim:field element="contributor" qualifier="author" language="en" mdschema="dc">Haag, Taiana</dim:field>
<dim:field element="contributor" qualifier="author" language="en" mdschema="dc">Santos, Anelisie</dim:field>
<dim:field element="contributor" qualifier="author" language="en" mdschema="dc">Sana, Denis</dim:field>
<dim:field element="contributor" qualifier="author" language="en" mdschema="dc">Morato, Ronaldo</dim:field>
<dim:field element="contributor" qualifier="author" language="en" mdschema="dc">Cullen Jr., Laury</dim:field>
<dim:field element="contributor" qualifier="author" language="en" mdschema="dc">Crawshaw Jr., Peter</dim:field>
<dim:field element="contributor" qualifier="author" language="en" mdschema="dc">De Angelo, Carlos</dim:field>
<dim:field element="contributor" qualifier="author" language="en" mdschema="dc">Di Bitetti, Mario</dim:field>
<dim:field element="contributor" qualifier="author" language="en" mdschema="dc">Salzano, Francisco</dim:field>
<dim:field element="contributor" qualifier="author" language="en" mdschema="dc">Eizirik, Eduardo</dim:field>
<dim:field element="coverage" qualifier="spatial" language="en" mdschema="dc">Upper Paraná Atlantic Forest Ecoregion</dim:field>
<dim:field element="coverage" qualifier="spatial" language="en" mdschema="dc">Southwestern Brazil</dim:field>
<dim:field element="coverage" qualifier="spatial" language="en" mdschema="dc">Northeastern Argentina</dim:field>
<dim:field element="coverage" qualifier="spatial" language="en" mdschema="dc">Eastern Paraguay</dim:field>
<dim:field element="date" qualifier="accessioned" language="" mdschema="dc">2010-08-20T19:14:43Z</dim:field>
<dim:field element="date" qualifier="available" mdschema="dc">2010-10-13T06:30:07Z</dim:field>
<dim:field element="date" qualifier="issued" language="" mdschema="dc">2010-08-20</dim:field>
<dim:field element="identifier" mdschema="dc">doi:10.5061/dryad.1884/1</dim:field>
<dim:field element="identifier" qualifier="uri" language="" mdschema="dc">http://hdl.handle.net/10255/dryad.1885</dim:field>
<dim:field element="description" language="en" mdschema="dc">Microsatellite data of the four jaguar populations studied in Atlantic Forest.</dim:field>
<dim:field element="relation" qualifier="ispartof" language="en" mdschema="dc">doi:10.5061/dryad.1884</dim:field>
<dim:field element="rights" qualifier="uri" language="en" mdschema="dc">http://creativecommons.org/publicdomain/zero/1.0/</dim:field>
<dim:field element="subject" language="en" mdschema="dc">population structure</dim:field>
<dim:field element="subject" language="en" mdschema="dc">Atlantic Forest</dim:field>
<dim:field element="subject" language="en" mdschema="dc">13 microsatellite loci</dim:field>
<dim:field element="title" language="en" mdschema="dc">Microsatellite data of the Atlantic Forest jaguar populations</dim:field>
<dim:field element="type" language="en" mdschema="dc">Dataset</dim:field>
<dim:field element="ScientificName" language="en" mdschema="dwc">Panthera onca</dim:field>
<dim:field element="dryad" qualifier="pageviews">213</dim:field>
<dim:field element="dryad" qualifier="downloads">109</dim:field>
</dim:dim>
</mets:xmlData>
</mets:mdWrap>
</mets:dmdSec>
<mets:fileSec>
<mets:fileGrp USE="CONTENT">
<mets:file CHECKSUMTYPE="MD5" GROUPID="group_file_1643" ID="file_1643" MIMETYPE="application/vnd.ms-excel" SIZE="29184" CHECKSUM="dbff8bfa326645e01d8972da72f843f2">
<mets:FLocat LOCTYPE="URL" xlink:title="MicrosatelliteData.xls" xlink:type="locator" xlink:href="/bitstream/handle/10255/dryad.1885/MicrosatelliteData.xls?sequence=1"/>
</mets:file>
</mets:fileGrp>
</mets:fileSec>
<mets:structMap LABEL="DSpace" TYPE="LOGICAL">
<mets:div DMDID="dmd_1" TYPE="DSpace Item">
<mets:div ID="div_2" TYPE="DSpace Content Bitstream">
<mets:fptr FILEID="file_1643"/>
</mets:div>
</mets:div>
</mets:structMap>
</mets:METS>
