<?xml version="1.0" encoding="UTF-8"?>
<mets:METS xmlns:mets="http://www.loc.gov/METS/" xmlns:xlink="http://www.w3.org/TR/xlink/" xmlns:xsi="http://www.w3.org/2001/XMLSchema-instance" xmlns:dim="http://www.dspace.org/xmlns/dspace/dim" OBJEDIT="/admin/item?itemID=36792" OBJID="/handle/10255/dryad.34671" PROFILE="DSPACE METS SIP Profile 1.0" LABEL="DSpace Item" ID="hdl:10255/dryad.34671">
<mets:dmdSec GROUPID="group_dmd_0" ID="dmd_1">
<mets:mdWrap MDTYPE="OTHER" OTHERMDTYPE="DIM">
<mets:xmlData>
<dim:dim dspaceType="ITEM">
<dim:field element="contributor" qualifier="author" language="" mdschema="dc">Fowler-Finn, Kasey D</dim:field>
<dim:field element="contributor" qualifier="author" language="" mdschema="dc">Rodríguez, Rafael Lucas</dim:field>
<dim:field element="coverage" qualifier="spatial" language="en" mdschema="dc">Missouri</dim:field>
<dim:field element="date" qualifier="accessioned" language="" mdschema="dc">2011-08-11T22:56:57Z</dim:field>
<dim:field element="date" qualifier="available" mdschema="dc">2011-08-25T16:34:21Z</dim:field>
<dim:field element="date" qualifier="issued" language="" mdschema="dc">2011-08-11</dim:field>
<dim:field element="identifier" mdschema="dc">doi:10.5061/dryad.1cc18/4</dim:field>
<dim:field element="identifier" qualifier="uri" language="" mdschema="dc">http://hdl.handle.net/10255/dryad.34671</dim:field>
<dim:field element="description" language="en" mdschema="dc">Raw response data collected in the lab. Female ID refers to the individual within treatment. Stimulus freq refers to the frequency of the stimulus. # responses refers to the number of times the female responded to a given stimulus frequency.</dim:field>
<dim:field element="relation" qualifier="ispartof" language="" mdschema="dc">doi:10.5061/dryad.1cc18</dim:field>
<dim:field element="rights" qualifier="uri" language="" mdschema="dc">http://creativecommons.org/publicdomain/zero/1.0/</dim:field>
<dim:field element="subject" language="en" mdschema="dc">Enchenopa</dim:field>
<dim:field element="subject" language="en" mdschema="dc">form of selection</dim:field>
<dim:field element="subject" language="en" mdschema="dc">maintenance of variation</dim:field>
<dim:field element="subject" language="en" mdschema="dc">mate choice</dim:field>
<dim:field element="subject" language="en" mdschema="dc">strength of preference</dim:field>
<dim:field element="title" language="en" mdschema="dc">ptelea09responsedata</dim:field>
<dim:field element="type" language="*" mdschema="dc">Dataset</dim:field>
<dim:field element="ScientificName" language="en" mdschema="dwc">Enchenopa binotata</dim:field>
<dim:field element="type" qualifier="embargo" language="en" mdschema="dc">untilArticleAppears</dim:field>
<dim:field element="dryad" qualifier="pageviews">59</dim:field>
<dim:field element="dryad" qualifier="downloads">34</dim:field>
</dim:dim>
</mets:xmlData>
</mets:mdWrap>
</mets:dmdSec>
<mets:fileSec>
<mets:fileGrp USE="CONTENT">
<mets:file CHECKSUMTYPE="MD5" GROUPID="group_file_115660" ID="file_115660" MIMETYPE="application/vnd.ms-excel" SIZE="69120" CHECKSUM="bcc885e743d367f678566158ee7bc2c1">
<mets:FLocat LOCTYPE="URL" xlink:title="ptelea09responsedata.xls" xlink:label="dataset-file" xlink:type="locator" xlink:href="/bitstream/handle/10255/dryad.34671/ptelea09responsedata.xls?sequence=1"/>
</mets:file>
</mets:fileGrp>
</mets:fileSec>
<mets:structMap LABEL="DSpace" TYPE="LOGICAL">
<mets:div DMDID="dmd_1" TYPE="DSpace Item">
<mets:div ID="div_2" TYPE="DSpace Content Bitstream">
<mets:fptr FILEID="file_115660"/>
</mets:div>
</mets:div>
</mets:structMap>
</mets:METS>
