<?xml version="1.0" encoding="UTF-8"?>
<mets:METS xmlns:mets="http://www.loc.gov/METS/" xmlns:xlink="http://www.w3.org/TR/xlink/" xmlns:xsi="http://www.w3.org/2001/XMLSchema-instance" xmlns:dim="http://www.dspace.org/xmlns/dspace/dim" OBJEDIT="/admin/item?itemID=1404" OBJID="/handle/10255/dryad.1232" PROFILE="DSPACE METS SIP Profile 1.0" LABEL="DSpace Item" ID="hdl:10255/dryad.1232">
<mets:dmdSec GROUPID="group_dmd_0" ID="dmd_1">
<mets:mdWrap MDTYPE="OTHER" OTHERMDTYPE="DIM">
<mets:xmlData>
<dim:dim dspaceType="ITEM">
<dim:field element="contributor" qualifier="author" language="en" mdschema="dc">Thurber, Carrie</dim:field>
<dim:field element="contributor" qualifier="author" language="en" mdschema="dc">Reagon, Michael</dim:field>
<dim:field element="contributor" qualifier="author" language="en" mdschema="dc">Gross, Briana</dim:field>
<dim:field element="contributor" qualifier="author" language="en" mdschema="dc">Olsen, Kenneth</dim:field>
<dim:field element="contributor" qualifier="author" language="en" mdschema="dc">Jia, Yulin</dim:field>
<dim:field element="contributor" qualifier="author" language="en" mdschema="dc">Caicedo, Ana</dim:field>
<dim:field element="date" qualifier="accessioned" mdschema="dc">2010-02-23T18:39:47Z</dim:field>
<dim:field element="date" qualifier="available" mdschema="dc">2010-02-23T18:39:47Z</dim:field>
<dim:field element="date" qualifier="issued" mdschema="dc">2010-02-23T18:39:47Z</dim:field>
<dim:field element="identifier" mdschema="dc">doi:10.5061/dryad.1231/1</dim:field>
<dim:field element="identifier" qualifier="uri" mdschema="dc">http://hdl.handle.net/10255/dryad.1232</dim:field>
<dim:field element="description" language="en" mdschema="dc">Shattering (BTS) measurements collect from growth chamber grown Oryza.  Individual names match those provided in manuscript's Supplemental Table 1.  Replicates are labled _1, _2 or _3.  Average, Median and Standard Deviation included.</dim:field>
<dim:field element="relation" qualifier="ispartof" language="en" mdschema="dc">doi:10.5061/dryad.1231</dim:field>
<dim:field element="rights" qualifier="uri" language="en" mdschema="dc">http://creativecommons.org/publicdomain/zero/1.0/</dim:field>
<dim:field element="subject" language="en" mdschema="dc">Abscission</dim:field>
<dim:field element="subject" language="en" mdschema="dc">red rice</dim:field>
<dim:field element="subject" language="en" mdschema="dc">Oryza sativa</dim:field>
<dim:field element="subject" language="en" mdschema="dc">candidate gene</dim:field>
<dim:field element="subject" language="en" mdschema="dc">seed dispersal</dim:field>
<dim:field element="title" language="en" mdschema="dc">Shattering_Data.xls</dim:field>
<dim:field element="type" language="en" mdschema="dc">Dataset</dim:field>
<dim:field element="status" language="" mdschema="dryad">scanned</dim:field>
<dim:field element="dryad" qualifier="pageviews">126</dim:field>
<dim:field element="dryad" qualifier="downloads">61</dim:field>
</dim:dim>
</mets:xmlData>
</mets:mdWrap>
</mets:dmdSec>
<mets:fileSec>
<mets:fileGrp USE="CONTENT">
<mets:file CHECKSUMTYPE="MD5" GROUPID="group_file_996" ID="file_996" MIMETYPE="application/vnd.ms-excel" SIZE="59904" CHECKSUM="7ac391d537627c5978bb4d4db2c799ad">
<mets:FLocat LOCTYPE="URL" xlink:title="Shattering_Data.xls" xlink:type="locator" xlink:href="/bitstream/handle/10255/dryad.1232/Shattering_Data.xls?sequence=1"/>
</mets:file>
</mets:fileGrp>
</mets:fileSec>
<mets:structMap LABEL="DSpace" TYPE="LOGICAL">
<mets:div DMDID="dmd_1" TYPE="DSpace Item">
<mets:div ID="div_2" TYPE="DSpace Content Bitstream">
<mets:fptr FILEID="file_996"/>
</mets:div>
</mets:div>
</mets:structMap>
</mets:METS>
