<?xml version="1.0" encoding="UTF-8"?>
<mets:METS xmlns:mets="http://www.loc.gov/METS/" xmlns:xlink="http://www.w3.org/TR/xlink/" xmlns:xsi="http://www.w3.org/2001/XMLSchema-instance" xmlns:dim="http://www.dspace.org/xmlns/dspace/dim" OBJEDIT="/admin/item?itemID=1880" OBJID="/handle/10255/dryad.1651" PROFILE="DSPACE METS SIP Profile 1.0" LABEL="DSpace Item" ID="hdl:10255/dryad.1651">
<mets:dmdSec GROUPID="group_dmd_0" ID="dmd_1">
<mets:mdWrap MDTYPE="OTHER" OTHERMDTYPE="DIM">
<mets:xmlData>
<dim:dim dspaceType="ITEM">
<dim:field element="contributor" qualifier="author" language="en" mdschema="dc">Smith, Carl</dim:field>
<dim:field element="contributor" qualifier="author" language="en" mdschema="dc">Greig, Duncan</dim:field>
<dim:field element="date" qualifier="accessioned" language="" mdschema="dc">2010-06-11T10:36:37Z</dim:field>
<dim:field element="date" qualifier="available" language="" mdschema="dc">2010-06-11T10:36:37Z</dim:field>
<dim:field element="date" qualifier="issued" language="" mdschema="dc">2010-06-11</dim:field>
<dim:field element="identifier" mdschema="dc">doi:10.5061/dryad.1647/4</dim:field>
<dim:field element="identifier" qualifier="uri" language="" mdschema="dc">http://hdl.handle.net/10255/dryad.1651</dim:field>
<dim:field element="relation" qualifier="ispartof" language="en" mdschema="dc">doi:10.5061/dryad.1647</dim:field>
<dim:field element="rights" qualifier="uri" language="en" mdschema="dc">http://creativecommons.org/publicdomain/zero/1.0/</dim:field>
<dim:field element="subject" language="en" mdschema="dc">Selection - Sexual</dim:field>
<dim:field element="subject" language="en" mdschema="dc">Signaling/Courtship</dim:field>
<dim:field element="subject" language="en" mdschema="dc">Fitness</dim:field>
<dim:field element="subject" language="en" mdschema="dc">Reproductive Strategies</dim:field>
<dim:field element="title" language="en" mdschema="dc">S7 S8 Effects of genetic fitness on signalling strength</dim:field>
<dim:field element="type" language="en" mdschema="dc">Dataset</dim:field>
<dim:field element="dryad" qualifier="pageviews">135</dim:field>
<dim:field element="dryad" qualifier="downloads">54</dim:field>
</dim:dim>
</mets:xmlData>
</mets:mdWrap>
</mets:dmdSec>
<mets:fileSec>
<mets:fileGrp USE="CONTENT">
<mets:file CHECKSUMTYPE="MD5" GROUPID="group_file_1195" ID="file_1195" MIMETYPE="application/vnd.ms-excel" SIZE="32256" CHECKSUM="f01b0df04cf34cf7a8898fe910086ba3">
<mets:FLocat LOCTYPE="URL" xlink:title="S7S8Effectsofgeneticfitnessonsignallingstrength.xls" xlink:type="locator" xlink:href="/bitstream/handle/10255/dryad.1651/S7S8Effectsofgeneticfitnessonsignallingstrength.xls?sequence=1"/>
</mets:file>
</mets:fileGrp>
</mets:fileSec>
<mets:structMap LABEL="DSpace" TYPE="LOGICAL">
<mets:div DMDID="dmd_1" TYPE="DSpace Item">
<mets:div ID="div_2" TYPE="DSpace Content Bitstream">
<mets:fptr FILEID="file_1195"/>
</mets:div>
</mets:div>
</mets:structMap>
</mets:METS>
