<?xml version="1.0" encoding="UTF-8"?>
<mets:METS xmlns:mets="http://www.loc.gov/METS/" xmlns:xlink="http://www.w3.org/TR/xlink/" xmlns:xsi="http://www.w3.org/2001/XMLSchema-instance" xmlns:dim="http://www.dspace.org/xmlns/dspace/dim" OBJEDIT="/admin/item?itemID=59026" OBJID="/handle/10255/dryad.49328" PROFILE="DSPACE METS SIP Profile 1.0" LABEL="DSpace Item" ID="hdl:10255/dryad.49328">
<mets:dmdSec GROUPID="group_dmd_0" ID="dmd_1">
<mets:mdWrap MDTYPE="OTHER" OTHERMDTYPE="DIM">
<mets:xmlData>
<dim:dim dspaceType="ITEM">
<dim:field element="contributor" qualifier="author" mdschema="dc">Pinto, Joao</dim:field>
<dim:field element="contributor" qualifier="author" mdschema="dc">Yawson, Alexander</dim:field>
<dim:field element="contributor" qualifier="author" mdschema="dc">Vicente, José</dim:field>
<dim:field element="contributor" qualifier="author" mdschema="dc">Gomes, Bruno</dim:field>
<dim:field element="contributor" qualifier="author" mdschema="dc">Santalomazza, Federica</dim:field>
<dim:field element="contributor" qualifier="author" mdschema="dc">Moreno, Marta</dim:field>
<dim:field element="contributor" qualifier="author" mdschema="dc">Charlwood, Jacques</dim:field>
<dim:field element="contributor" qualifier="author" mdschema="dc">Simard, Frederic</dim:field>
<dim:field element="contributor" qualifier="author" mdschema="dc">Elissa, Nohal</dim:field>
<dim:field element="contributor" qualifier="author" mdschema="dc">Weetman, David</dim:field>
<dim:field element="contributor" qualifier="author" mdschema="dc">Donnelly, Martin</dim:field>
<dim:field element="contributor" qualifier="author" mdschema="dc">Caccone, Adalgisa</dim:field>
<dim:field element="contributor" qualifier="author" mdschema="dc">della Torre, Alessandra</dim:field>
<dim:field element="coverage" qualifier="spatial" language="" mdschema="dc">Sub-Saharan Africa</dim:field>
<dim:field element="identifier" mdschema="dc">doi:10.5061/dryad.11rg6</dim:field>
<dim:field element="description" language="" mdschema="dc">The primary Afrotropical malaria mosquito vector Anopheles gambiae sensu stricto has a complex population structure. In western Africa, this species is split into two molecular forms and displays local and regional variation in chromosomal arrangements and behaviours. To investigate patterns of macro-geographic population substructure, 25 An. gambiae samples from 12 African countries were genotyped at 13 microsatellite loci. This analysis detected the presence of additional population structuring, with the M-form being subdivided into distinct west, central and southern African genetic clusters. These clusters are coincident with the central African rainforest belt and northern and southern savannah biomes, which suggests restrictions to gene flow associated with the transition between these biomes. By contrast geographically patterned population substructure appears much weaker within the S-form.</dim:field>
<dim:field element="subject" confidence="NOVALUE" language="" mdschema="dc">Population Genetics - Empirical</dim:field>
<dim:field element="subject" confidence="NOVALUE" language="" mdschema="dc">Parasitology</dim:field>
<dim:field element="subject" confidence="NOVALUE" language="" mdschema="dc">Speciation</dim:field>
<dim:field element="title" language="" mdschema="dc">Data from: Geographic population structure of the African malaria vector Anopheles gambiae suggests a role for the forest-savannah biome transition as a barrier to gene flow</dim:field>
<dim:field element="type" language="*" mdschema="dc">Article</dim:field>
<dim:field element="ScientificName" confidence="ACCEPTED" language="" mdschema="dwc">Anopheles gambiae</dim:field>
<dim:field element="identifier" qualifier="manuscriptNumber" mdschema="dc">EvolApp-11612878EVA-2013-024-OA.R1</dim:field>
<dim:field element="publicationName" confidence="NOVALUE" language="" mdschema="prism">Evolutionary Applications</dim:field>
<dim:field element="archive" qualifier="mailUsers" mdschema="workflow">sunderwood@wiley.com</dim:field>
<dim:field element="archive" qualifier="mailUsers" mdschema="workflow">evolappl@zoology.ubc.ca</dim:field>
<dim:field element="archive" qualifier="mailUsers" mdschema="workflow">admin@datadryad.org</dim:field>
<dim:field element="archive" qualifier="mailUsers" mdschema="workflow">curator@datadryad.org</dim:field>
<dim:field element="submit" qualifier="skipReviewStage" mdschema="workflow">true</dim:field>
<dim:field element="workflow" qualifier="submitted" mdschema="internal">true</dim:field>
<dim:field element="review" qualifier="mailUsers" mdschema="workflow"/>
</dim:dim>
</mets:xmlData>
</mets:mdWrap>
</mets:dmdSec>
<mets:fileSec/>
<mets:structMap LABEL="DSpace" TYPE="LOGICAL">
<mets:div DMDID="dmd_1" TYPE="DSpace Item"/>
</mets:structMap>
</mets:METS>
