<?xml version="1.0" encoding="UTF-8"?>
<mets:METS xmlns:mets="http://www.loc.gov/METS/" xmlns:xlink="http://www.w3.org/TR/xlink/" xmlns:xsi="http://www.w3.org/2001/XMLSchema-instance" xmlns:dim="http://www.dspace.org/xmlns/dspace/dim" OBJEDIT="/admin/item?itemID=36864" OBJID="/handle/10255/dryad.34714" PROFILE="DSPACE METS SIP Profile 1.0" LABEL="DSpace Item" ID="hdl:10255/dryad.34714">
<mets:dmdSec GROUPID="group_dmd_0" ID="dmd_1">
<mets:mdWrap MDTYPE="OTHER" OTHERMDTYPE="DIM">
<mets:xmlData>
<dim:dim dspaceType="ITEM">
<dim:field element="contributor" qualifier="author" mdschema="dc">Preuss, Kevin M.</dim:field>
<dim:field element="contributor" qualifier="author" mdschema="dc">Nijhout, H. Frederik</dim:field>
<dim:field element="identifier" mdschema="dc">doi:10.5061/dryad.11rj1/1</dim:field>
<dim:field element="description" language="en" mdschema="dc">Data collected during the course of the growth experiment.  All data have been separated onto different worksheets within the excel file so that each worksheet pertains to a particular aspect studied.</dim:field>
<dim:field element="relation" qualifier="ispartof" mdschema="dc">doi:10.5061/dryad.11rj1</dim:field>
<dim:field element="rights" qualifier="uri" mdschema="dc">http://creativecommons.org/publicdomain/zero/1.0/</dim:field>
<dim:field element="subject" language="en" mdschema="dc">competence threshold</dim:field>
<dim:field element="subject" language="en" mdschema="dc">Tribolium</dim:field>
<dim:field element="subject" language="en" mdschema="dc">castaneum</dim:field>
<dim:field element="subject" language="en" mdschema="dc">instar</dim:field>
<dim:field element="subject" language="en" mdschema="dc">metamorphosis</dim:field>
<dim:field element="title" language="en" mdschema="dc">Instar data for archive</dim:field>
<dim:field element="type" language="*" mdschema="dc">Dataset</dim:field>
<dim:field element="ScientificName" language="en" mdschema="dwc">Tribolium castaneum</dim:field>
<dim:field element="type" qualifier="embargo" language="en" mdschema="dc">untilArticleAppears</dim:field>
<dim:field element="dryad" qualifier="pageviews">0</dim:field>
<dim:field element="dryad" qualifier="downloads">0</dim:field>
</dim:dim>
</mets:xmlData>
</mets:mdWrap>
</mets:dmdSec>
<mets:fileSec/>
<mets:structMap LABEL="DSpace" TYPE="LOGICAL">
<mets:div DMDID="dmd_1" TYPE="DSpace Item"/>
</mets:structMap>
</mets:METS>
