<?xml version="1.0" encoding="UTF-8"?>
<mets:METS xmlns:mets="http://www.loc.gov/METS/" xmlns:xlink="http://www.w3.org/TR/xlink/" xmlns:xsi="http://www.w3.org/2001/XMLSchema-instance" xmlns:dim="http://www.dspace.org/xmlns/dspace/dim" OBJEDIT="/admin/item?itemID=2126" OBJID="/handle/10255/dryad.1890" PROFILE="DSPACE METS SIP Profile 1.0" LABEL="DSpace Item" ID="hdl:10255/dryad.1890">
<mets:dmdSec GROUPID="group_dmd_0" ID="dmd_1">
<mets:mdWrap MDTYPE="OTHER" OTHERMDTYPE="DIM">
<mets:xmlData>
<dim:dim dspaceType="ITEM">
<dim:field element="contributor" qualifier="author" language="en" mdschema="dc">Goldberg, Emma E</dim:field>
<dim:field element="contributor" qualifier="author" language="en" mdschema="dc">Kohn, Joshua R</dim:field>
<dim:field element="contributor" qualifier="author" language="en" mdschema="dc">Lande, Russell</dim:field>
<dim:field element="contributor" qualifier="author" language="en" mdschema="dc">Robertson, Kelly A</dim:field>
<dim:field element="contributor" qualifier="author" language="en" mdschema="dc">Smith, Stephen A</dim:field>
<dim:field element="contributor" qualifier="author" language="en" mdschema="dc">Igic, Boris</dim:field>
<dim:field element="date" qualifier="accessioned" language="" mdschema="dc">2010-08-21T02:04:23Z</dim:field>
<dim:field element="date" qualifier="available" mdschema="dc">2010-11-06T06:30:05Z</dim:field>
<dim:field element="date" qualifier="issued" language="" mdschema="dc">2010-08-20</dim:field>
<dim:field element="identifier" mdschema="dc">doi:10.5061/dryad.1888/2</dim:field>
<dim:field element="identifier" qualifier="uri" language="" mdschema="dc">http://hdl.handle.net/10255/dryad.1890</dim:field>
<dim:field element="description" language="en" mdschema="dc">Rate-smoothed ML tree of 356 Solanaceae species.</dim:field>
<dim:field element="relation" qualifier="ispartof" language="en" mdschema="dc">doi:10.5061/dryad.1888</dim:field>
<dim:field element="rights" qualifier="uri" language="en" mdschema="dc">http://creativecommons.org/publicdomain/zero/1.0/</dim:field>
<dim:field element="subject" language="en" mdschema="dc">species selection</dim:field>
<dim:field element="subject" language="en" mdschema="dc">speciation</dim:field>
<dim:field element="subject" language="en" mdschema="dc">extinction</dim:field>
<dim:field element="subject" language="en" mdschema="dc">self-incompatibility</dim:field>
<dim:field element="title" language="en" mdschema="dc">NicSolPLML.tre</dim:field>
<dim:field element="type" language="en" mdschema="dc">Dataset</dim:field>
<dim:field element="ScientificName" language="en" mdschema="dwc">Solanaceae</dim:field>
<dim:field element="dryad" qualifier="pageviews">498</dim:field>
<dim:field element="dryad" qualifier="downloads">207</dim:field>
</dim:dim>
</mets:xmlData>
</mets:mdWrap>
</mets:dmdSec>
<mets:fileSec>
<mets:fileGrp USE="CONTENT">
<mets:file CHECKSUMTYPE="MD5" GROUPID="group_file_1646" ID="file_1646" MIMETYPE="text/plain" SIZE="13969" CHECKSUM="81517d153f4ccc00d6b0e40ccf46a4a2">
<mets:FLocat LOCTYPE="URL" xlink:title="NicSolPLML.tre" xlink:type="locator" xlink:href="/bitstream/handle/10255/dryad.1890/NicSolPLML.tre?sequence=1"/>
</mets:file>
</mets:fileGrp>
</mets:fileSec>
<mets:structMap LABEL="DSpace" TYPE="LOGICAL">
<mets:div DMDID="dmd_1" TYPE="DSpace Item">
<mets:div ID="div_2" TYPE="DSpace Content Bitstream">
<mets:fptr FILEID="file_1646"/>
</mets:div>
</mets:div>
</mets:structMap>
</mets:METS>
