<?xml version="1.0" encoding="UTF-8"?>
<mets:METS xmlns:mets="http://www.loc.gov/METS/" xmlns:xlink="http://www.w3.org/TR/xlink/" xmlns:xsi="http://www.w3.org/2001/XMLSchema-instance" xmlns:dim="http://www.dspace.org/xmlns/dspace/dim" OBJEDIT="/admin/item?itemID=48996" OBJID="/handle/10255/dryad.42621" PROFILE="DSPACE METS SIP Profile 1.0" LABEL="DSpace Item" ID="hdl:10255/dryad.42621">
<mets:dmdSec GROUPID="group_dmd_0" ID="dmd_1">
<mets:mdWrap MDTYPE="OTHER" OTHERMDTYPE="DIM">
<mets:xmlData>
<dim:dim dspaceType="ITEM">
<dim:field element="contributor" qualifier="author" mdschema="dc">Wood, Todd</dim:field>
<dim:field element="identifier" mdschema="dc">doi:10.5061/dryad.02hp8</dim:field>
<dim:field element="description" language="" mdschema="dc">Over the past ten years, creationists have produced numerous statistical analyses of discrete taxonomic character data with the intention of identifying “created kinds.” In response, Senter (2010, J. Evol. Biol. 23: 1732-1743) attempted to show that the methods used by creationists could also be used to support widespread evolution among dinosaurs and especially the common ancestry of birds and nonavian theropods. Following the standard creationist methodology, Senter used a technique called taxon distance correlation, which is purported to reveal clustering patterns from a distance matrix. Here, that method is critically evaluated. Correlations calculated from distances between points on simple drawings reveal separate clusters only in one configuration, when there are two, well-separated clusters. An evaluation of 512 discrete character sets using the distance correlation method does not reveal any significant frequency of clustering. These results indicate that taxon distance correlation is a poor method for clustering taxa. Consequently, future refutations of creationist claims should take methodological problems into account before attempting to use creationist methods.</dim:field>
<dim:field element="subject" confidence="NOVALUE" language="" mdschema="dc">Creationism</dim:field>
<dim:field element="subject" confidence="NOVALUE" language="" mdschema="dc">Simulation</dim:field>
<dim:field element="subject" confidence="NOVALUE" language="" mdschema="dc">Taxonomy</dim:field>
<dim:field element="title" language="" mdschema="dc">Data from: Taxon Distance Correlation is a Poor Method for Clustering Taxa</dim:field>
<dim:field element="type" language="*" mdschema="dc">Article</dim:field>
<dim:field element="contributor" qualifier="correspondingAuthor" language="" mdschema="dc">Wood, Todd</dim:field>
<dim:field element="identifier" qualifier="manuscriptNumber" mdschema="dc">SystBiol-USYB-2012-184</dim:field>
<dim:field authority="dd817da09ac5e93cb836865366840655" element="publicationName" confidence="UNCERTAIN" language="" mdschema="prism">Systematic Biology</dim:field>
<dim:field element="archive" qualifier="mailUsers" mdschema="workflow">ron.debry@uc.edu</dim:field>
<dim:field element="archive" qualifier="mailUsers" mdschema="workflow">sysbio.editorialoffice@oup.com</dim:field>
<dim:field element="archive" qualifier="mailUsers" mdschema="workflow">systbiol@uconn.edu</dim:field>
<dim:field element="archive" qualifier="mailUsers" mdschema="workflow">sysbio@oxfordjournals.org</dim:field>
<dim:field element="archive" qualifier="mailUsers" mdschema="workflow">Caitlyn.Haase@oup.com</dim:field>
<dim:field element="archive" qualifier="mailUsers" mdschema="workflow">Cathy.Kennedy@oup.com</dim:field>
<dim:field element="archive" qualifier="mailUsers" mdschema="workflow">admin@datadryad.org</dim:field>
<dim:field element="archive" qualifier="mailUsers" mdschema="workflow">curator@datadryad.org</dim:field>
<dim:field element="submit" qualifier="skipReviewStage" mdschema="workflow">false</dim:field>
<dim:field element="workflow" qualifier="submitted" mdschema="internal">true</dim:field>
<dim:field element="submit" qualifier="showEmbargo" mdschema="internal">false</dim:field>
<dim:field element="review" qualifier="mailUsers" mdschema="workflow">ron.debry@uc.edu</dim:field>
<dim:field element="review" qualifier="mailUsers" mdschema="workflow">sysbio.editorialoffice@oup.com</dim:field>
<dim:field element="review" qualifier="mailUsers" mdschema="workflow">systbiol@uconn.edu</dim:field>
<dim:field element="review" qualifier="mailUsers" mdschema="workflow">admin@datadryad.org</dim:field>
<dim:field element="review" qualifier="mailUsers" mdschema="workflow">curator@datadryad.org</dim:field>
</dim:dim>
</mets:xmlData>
</mets:mdWrap>
</mets:dmdSec>
<mets:fileSec/>
<mets:structMap LABEL="DSpace" TYPE="LOGICAL">
<mets:div DMDID="dmd_1" TYPE="DSpace Item"/>
</mets:structMap>
</mets:METS>
