<?xml version="1.0" encoding="UTF-8"?>
<mets:METS xmlns:mets="http://www.loc.gov/METS/" xmlns:xlink="http://www.w3.org/TR/xlink/" xmlns:xsi="http://www.w3.org/2001/XMLSchema-instance" xmlns:dim="http://www.dspace.org/xmlns/dspace/dim" OBJEDIT="/admin/item?itemID=1418" OBJID="/handle/10255/dryad.1243" PROFILE="DSPACE METS SIP Profile 1.0" LABEL="DSpace Item" ID="hdl:10255/dryad.1243">
<mets:dmdSec GROUPID="group_dmd_0" ID="dmd_1">
<mets:mdWrap MDTYPE="OTHER" OTHERMDTYPE="DIM">
<mets:xmlData>
<dim:dim dspaceType="ITEM">
<dim:field element="contributor" qualifier="author" language="en" mdschema="dc">Beekman, Madeleine</dim:field>
<dim:field element="contributor" qualifier="author" language="en" mdschema="dc">Oldroyd, Ben</dim:field>
<dim:field element="contributor" qualifier="author" language="en" mdschema="dc">Allsopp, Michael</dim:field>
<dim:field element="contributor" qualifier="author" language="en" mdschema="dc">Jordan, Alex</dim:field>
<dim:field element="contributor" qualifier="author" language="en" mdschema="dc">Lim, Julianne</dim:field>
<dim:field element="date" qualifier="accessioned" mdschema="dc">2010-02-25T06:47:47Z</dim:field>
<dim:field element="date" qualifier="available" mdschema="dc">2010-02-25T06:47:47Z</dim:field>
<dim:field element="date" qualifier="issued" mdschema="dc">2010-02-25T06:47:47Z</dim:field>
<dim:field element="identifier" mdschema="dc">doi:10.5061/dryad.1241/2</dim:field>
<dim:field element="identifier" qualifier="uri" mdschema="dc">http://hdl.handle.net/10255/dryad.1243</dim:field>
<dim:field element="description" language="en" mdschema="dc">Genotypes of pre-emergent drones (PED) of all 8 colonies</dim:field>
<dim:field element="relation" qualifier="ispartof" language="en" mdschema="dc">doi:10.5061/dryad.1241</dim:field>
<dim:field element="rights" qualifier="uri" language="en" mdschema="dc">http://creativecommons.org/publicdomain/zero/1.0/</dim:field>
<dim:field element="subject" language="en" mdschema="dc">arrhenotoky</dim:field>
<dim:field element="subject" language="en" mdschema="dc">inclusive fitness</dim:field>
<dim:field element="subject" language="en" mdschema="dc">kin-selection</dim:field>
<dim:field element="subject" language="en" mdschema="dc">thelytoky</dim:field>
<dim:field element="title" language="en" mdschema="dc">Table S2.pdf</dim:field>
<dim:field element="type" language="en" mdschema="dc">Dataset</dim:field>
<dim:field element="status" language="" mdschema="dryad">scanned</dim:field>
<dim:field element="dryad" qualifier="pageviews">140</dim:field>
<dim:field element="dryad" qualifier="downloads">62</dim:field>
</dim:dim>
</mets:xmlData>
</mets:mdWrap>
</mets:dmdSec>
<mets:fileSec>
<mets:fileGrp USE="CONTENT">
<mets:file CHECKSUMTYPE="MD5" GROUPID="group_file_1001" ID="file_1001" MIMETYPE="application/pdf" SIZE="148328" CHECKSUM="9f9b0c33b6da47574bd42184e663aabc">
<mets:FLocat LOCTYPE="URL" xlink:title="Table S2.pdf" xlink:type="locator" xlink:href="/bitstream/handle/10255/dryad.1243/Table%20S2.pdf?sequence=1"/>
</mets:file>
</mets:fileGrp>
<mets:fileGrp USE="TEXT">
<mets:file CHECKSUMTYPE="MD5" GROUPID="group_file_1001" ID="file_1382" MIMETYPE="text/plain" SIZE="23736" CHECKSUM="cc524284ee52b872f3ea44e56124373d">
<mets:FLocat LOCTYPE="URL" xlink:title="Table S2.pdf.txt" xlink:label="Extracted text" xlink:type="locator" xlink:href="/bitstream/handle/10255/dryad.1243/Table%20S2.pdf.txt?sequence=2"/>
</mets:file>
</mets:fileGrp>
</mets:fileSec>
<mets:structMap LABEL="DSpace" TYPE="LOGICAL">
<mets:div DMDID="dmd_1" TYPE="DSpace Item">
<mets:div ID="div_2" TYPE="DSpace Content Bitstream">
<mets:fptr FILEID="file_1001"/>
</mets:div>
</mets:div>
</mets:structMap>
</mets:METS>
