<?xml version="1.0" encoding="UTF-8"?>
<mets:METS xmlns:mets="http://www.loc.gov/METS/" xmlns:xlink="http://www.w3.org/TR/xlink/" xmlns:xsi="http://www.w3.org/2001/XMLSchema-instance" xmlns:dim="http://www.dspace.org/xmlns/dspace/dim" OBJEDIT="/admin/item?itemID=163" OBJID="/handle/10255/dryad.151" PROFILE="DSPACE METS SIP Profile 1.0" LABEL="DSpace Item" ID="hdl:10255/dryad.151">
<mets:dmdSec GROUPID="group_dmd_0" ID="dmd_1">
<mets:mdWrap MDTYPE="OTHER" OTHERMDTYPE="DIM">
<mets:xmlData>
<dim:dim dspaceType="ITEM">
<dim:field element="contributor" qualifier="author" language="" mdschema="dc">Snodgrass, Robert Evans</dim:field>
<dim:field element="contributor" qualifier="author" language="" mdschema="dc">Heller, Edmund</dim:field>
<dim:field element="date" qualifier="accessioned" language="" mdschema="dc">2008-05-30T02:54:45Z</dim:field>
<dim:field element="date" qualifier="available" language="" mdschema="dc">2008-05-30T02:54:45Z</dim:field>
<dim:field element="date" qualifier="issued" language="" mdschema="dc">1999</dim:field>
<dim:field element="identifier" mdschema="dc">doi:10.5061/dryad.152/1</dim:field>
<dim:field element="identifier" qualifier="uri" language="" mdschema="dc">http://hdl.handle.net/10255/dryad.151</dim:field>
<dim:field element="description" language="en_US" mdschema="dc">A large collection of morphological measurements for Galapagos finches.</dim:field>
<dim:field element="relation" qualifier="ispartof" language="" mdschema="dc">http://hdl.handle.net/10255/dryad.152</dim:field>
<dim:field element="rights" qualifier="uri" language="" mdschema="dc">http://datadryad.org/bitstream/handle/10255/dryad.151/license.txt?sequence=2</dim:field>
<dim:field element="subject" language="en_US" mdschema="dc">beak</dim:field>
<dim:field element="subject" language="en_US" mdschema="dc">Galapagos finches</dim:field>
<dim:field element="title" language="en_US" mdschema="dc">Morphological Measurements of Galapagos Finches</dim:field>
<dim:field element="type" language="en_US" mdschema="dc">Dataset</dim:field>
<dim:field element="ScientificName" language="" mdschema="dwc">Geospizinae</dim:field>
<dim:field element="dryad" qualifier="pageviews">264</dim:field>
<dim:field element="dryad" qualifier="downloads">183</dim:field>
</dim:dim>
</mets:xmlData>
</mets:mdWrap>
</mets:dmdSec>
<mets:fileSec>
<mets:fileGrp USE="CONTENT">
<mets:file CHECKSUMTYPE="MD5" GROUPID="group_file_298" ID="file_298" MIMETYPE="application/octet-stream" SIZE="76720" CHECKSUM="d75d69429cee48d32dc2aea2edaba9b6">
<mets:FLocat LOCTYPE="URL" xlink:title="morphSnodgrassHeller.TAB" xlink:type="locator" xlink:href="/bitstream/handle/10255/dryad.151/morphSnodgrassHeller.TAB?sequence=1"/>
</mets:file>
<mets:file CHECKSUMTYPE="MD5" GROUPID="group_file_1584" ID="file_1584" MIMETYPE="application/vnd.ms-excel" SIZE="179200" CHECKSUM="a75bd395ff4d978ed1e31d50daaf52f7">
<mets:FLocat LOCTYPE="URL" xlink:title="morphSnodgrassHeller.xls" xlink:label="" xlink:type="locator" xlink:href="/bitstream/handle/10255/dryad.151/morphSnodgrassHeller.xls?sequence=3"/>
</mets:file>
</mets:fileGrp>
<mets:fileGrp USE="LICENSE">
<mets:file CHECKSUMTYPE="MD5" GROUPID="group_file_299" ID="file_299" MIMETYPE="text/plain" SIZE="790" CHECKSUM="9c24126c228f6a858c2c417352e050f7">
<mets:FLocat LOCTYPE="URL" xlink:title="license.txt" xlink:type="locator" xlink:href="/bitstream/handle/10255/dryad.151/license.txt?sequence=2"/>
</mets:file>
</mets:fileGrp>
</mets:fileSec>
<mets:structMap LABEL="DSpace" TYPE="LOGICAL">
<mets:div DMDID="dmd_1" TYPE="DSpace Item">
<mets:div ID="div_2" TYPE="DSpace Content Bitstream">
<mets:fptr FILEID="file_298"/>
</mets:div>
<mets:div ID="div_3" TYPE="DSpace Content Bitstream">
<mets:fptr FILEID="file_1584"/>
</mets:div>
</mets:div>
</mets:structMap>
</mets:METS>
