<?xml version="1.0" encoding="UTF-8"?>
<mets:METS xmlns:mets="http://www.loc.gov/METS/" xmlns:xlink="http://www.w3.org/TR/xlink/" xmlns:xsi="http://www.w3.org/2001/XMLSchema-instance" xmlns:dim="http://www.dspace.org/xmlns/dspace/dim" OBJEDIT="/admin/item?itemID=41557" OBJID="/handle/10255/dryad.37739" PROFILE="DSPACE METS SIP Profile 1.0" LABEL="DSpace Item" ID="hdl:10255/dryad.37739">
<mets:dmdSec GROUPID="group_dmd_0" ID="dmd_1">
<mets:mdWrap MDTYPE="OTHER" OTHERMDTYPE="DIM">
<mets:xmlData>
<dim:dim dspaceType="ITEM">
<dim:field element="contributor" qualifier="author" language="" mdschema="dc">Bernhardsson, Carolina</dim:field>
<dim:field element="contributor" qualifier="author" language="" mdschema="dc">Ingvarsson, Pär</dim:field>
<dim:field element="date" qualifier="accessioned" language="" mdschema="dc">2012-02-09T22:28:11Z</dim:field>
<dim:field element="date" qualifier="available" mdschema="dc">2012-03-16T21:01:38Z</dim:field>
<dim:field element="date" qualifier="issued" language="" mdschema="dc">2012-02-09</dim:field>
<dim:field element="identifier" mdschema="dc">doi:10.5061/dryad.0vr6m66t/4</dim:field>
<dim:field element="identifier" qualifier="uri" language="" mdschema="dc">http://hdl.handle.net/10255/dryad.37739</dim:field>
<dim:field element="description" language="" mdschema="dc">Cumulative distribution of Tracy-Widom statistic used in calculating significance of population structure using PCA method of Patterson et al (2006).</dim:field>
<dim:field element="relation" qualifier="ispartof" language="" mdschema="dc">doi:10.5061/dryad.0vr6m66t</dim:field>
<dim:field element="rights" qualifier="uri" language="" mdschema="dc">http://creativecommons.org/publicdomain/zero/1.0/</dim:field>
<dim:field element="subject" language="" mdschema="dc">Adaptation</dim:field>
<dim:field element="subject" language="" mdschema="dc">Population Genetics - Empirical</dim:field>
<dim:field element="subject" language="" mdschema="dc">Population structure</dim:field>
<dim:field element="subject" language="" mdschema="dc">Herbivore defense</dim:field>
<dim:field element="title" language="" mdschema="dc">TW table</dim:field>
<dim:field element="type" language="*" mdschema="dc">Dataset</dim:field>
<dim:field element="ScientificName" language="" mdschema="dwc">Populus</dim:field>
<dim:field element="ScientificName" language="" mdschema="dwc">Populus tremula L.</dim:field>
<dim:field element="type" qualifier="embargo" language="" mdschema="dc">untilArticleAppears</dim:field>
<dim:field element="dryad" qualifier="pageviews">83</dim:field>
<dim:field element="dryad" qualifier="downloads">25</dim:field>
</dim:dim>
</mets:xmlData>
</mets:mdWrap>
</mets:dmdSec>
<mets:fileSec>
<mets:fileGrp USE="CONTENT">
<mets:file CHECKSUMTYPE="MD5" GROUPID="group_file_120003" ID="file_120003" MIMETYPE="application/octet-stream" SIZE="5957" CHECKSUM="b1098d9fa33f830451dabe3fd5b901fb">
<mets:FLocat LOCTYPE="URL" xlink:title="twtable" xlink:label="dataset-file" xlink:type="locator" xlink:href="/bitstream/handle/10255/dryad.37739/twtable?sequence=1"/>
</mets:file>
</mets:fileGrp>
</mets:fileSec>
<mets:structMap LABEL="DSpace" TYPE="LOGICAL">
<mets:div DMDID="dmd_1" TYPE="DSpace Item">
<mets:div ID="div_2" TYPE="DSpace Content Bitstream">
<mets:fptr FILEID="file_120003"/>
</mets:div>
</mets:div>
</mets:structMap>
</mets:METS>
