<?xml version="1.0" encoding="UTF-8"?>
<mets:METS xmlns:mets="http://www.loc.gov/METS/" xmlns:xlink="http://www.w3.org/TR/xlink/" xmlns:xsi="http://www.w3.org/2001/XMLSchema-instance" xmlns:dim="http://www.dspace.org/xmlns/dspace/dim" OBJEDIT="/admin/item?itemID=1270" OBJID="/handle/10255/dryad.1111" PROFILE="DSPACE METS SIP Profile 1.0" LABEL="DSpace Item" ID="hdl:10255/dryad.1111">
<mets:dmdSec GROUPID="group_dmd_0" ID="dmd_1">
<mets:mdWrap MDTYPE="OTHER" OTHERMDTYPE="DIM">
<mets:xmlData>
<dim:dim dspaceType="ITEM">
<dim:field element="contributor" qualifier="author" language="en" mdschema="dc">Beamonte-Barrientos, René</dim:field>
<dim:field element="contributor" qualifier="author" language="en" mdschema="dc">Velando, Alberto</dim:field>
<dim:field element="contributor" qualifier="author" language="en" mdschema="dc">Drummond, Hugh</dim:field>
<dim:field element="contributor" qualifier="author" language="en" mdschema="dc">Torres, Roxana</dim:field>
<dim:field element="coverage" qualifier="spatial" language="en" mdschema="dc">Isla Isabel</dim:field>
<dim:field element="coverage" qualifier="spatial" language="en" mdschema="dc">Nayarit</dim:field>
<dim:field element="coverage" qualifier="spatial" language="en" mdschema="dc">Mexico</dim:field>
<dim:field element="coverage" qualifier="spatial" language="en" mdschema="dc">North America</dim:field>
<dim:field element="date" qualifier="accessioned" language="" mdschema="dc">2009-11-25T00:12:04Z</dim:field>
<dim:field element="date" qualifier="available" language="" mdschema="dc">2009-11-25T00:12:04Z</dim:field>
<dim:field element="date" qualifier="issued" language="" mdschema="dc">2009-11-25T00:12:04Z</dim:field>
<dim:field element="identifier" mdschema="dc">doi:10.5061/dryad.1109/2</dim:field>
<dim:field element="identifier" qualifier="uri" language="" mdschema="dc">http://hdl.handle.net/10255/dryad.1111</dim:field>
<dim:field element="relation" qualifier="ispartof" language="en" mdschema="dc">doi:10.5061/dryad.1109</dim:field>
<dim:field element="rights" qualifier="uri" language="en" mdschema="dc">http://creativecommons.org/publicdomain/zero/1.0/</dim:field>
<dim:field element="subject" language="en" mdschema="dc">life history: aging</dim:field>
<dim:field element="subject" language="en" mdschema="dc">maternal effects</dim:field>
<dim:field element="subject" language="en" mdschema="dc">senescence</dim:field>
<dim:field element="title" language="en" mdschema="dc">Beamonte-Barrientos et al Data Set 2</dim:field>
<dim:field element="type" language="en" mdschema="dc">Dataset</dim:field>
<dim:field element="status" language="" mdschema="dryad">scanned</dim:field>
<dim:field element="dryad" qualifier="pageviews">169</dim:field>
<dim:field element="dryad" qualifier="downloads">95</dim:field>
</dim:dim>
</mets:xmlData>
</mets:mdWrap>
</mets:dmdSec>
<mets:fileSec>
<mets:fileGrp USE="CONTENT">
<mets:file CHECKSUMTYPE="MD5" GROUPID="group_file_947" ID="file_947" MIMETYPE="text/plain" SIZE="6141" CHECKSUM="a1d258644d88359e4734a0ff37b1e552">
<mets:FLocat LOCTYPE="URL" xlink:title="mixedcrias.txt" xlink:type="locator" xlink:href="/bitstream/handle/10255/dryad.1111/mixedcrias.txt?sequence=1"/>
</mets:file>
</mets:fileGrp>
<mets:fileGrp USE="TEXT">
<mets:file CHECKSUMTYPE="MD5" GROUPID="group_file_947" ID="file_1262" MIMETYPE="text/plain" SIZE="6084" CHECKSUM="341f6d375cbec0bab2ce5b62d2d3eb18">
<mets:FLocat LOCTYPE="URL" xlink:title="mixedcrias.txt.txt" xlink:label="Extracted text" xlink:type="locator" xlink:href="/bitstream/handle/10255/dryad.1111/mixedcrias.txt.txt?sequence=2"/>
</mets:file>
</mets:fileGrp>
</mets:fileSec>
<mets:structMap LABEL="DSpace" TYPE="LOGICAL">
<mets:div DMDID="dmd_1" TYPE="DSpace Item">
<mets:div ID="div_2" TYPE="DSpace Content Bitstream">
<mets:fptr FILEID="file_947"/>
</mets:div>
</mets:div>
</mets:structMap>
</mets:METS>
