<?xml version="1.0" encoding="UTF-8"?>
<mets:METS xmlns:mets="http://www.loc.gov/METS/" xmlns:xlink="http://www.w3.org/TR/xlink/" xmlns:xsi="http://www.w3.org/2001/XMLSchema-instance" xmlns:dim="http://www.dspace.org/xmlns/dspace/dim" OBJEDIT="/admin/item?itemID=60184" OBJID="/handle/10255/dryad.50065" PROFILE="DSPACE METS SIP Profile 1.0" LABEL="DSpace Item" ID="hdl:10255/dryad.50065">
<mets:dmdSec GROUPID="group_dmd_0" ID="dmd_1">
<mets:mdWrap MDTYPE="OTHER" OTHERMDTYPE="DIM">
<mets:xmlData>
<dim:dim dspaceType="ITEM">
<dim:field element="contributor" qualifier="author" language="" mdschema="dc">Helsen, Kenny</dim:field>
<dim:field element="contributor" qualifier="author" language="" mdschema="dc">Jacquemyn, Hans</dim:field>
<dim:field element="contributor" qualifier="author" language="" mdschema="dc">Hermy, Martin</dim:field>
<dim:field element="contributor" qualifier="author" language="" mdschema="dc">Vandepitte, Katrien</dim:field>
<dim:field element="contributor" qualifier="author" language="" mdschema="dc">Honnay, Olivier</dim:field>
<dim:field element="coverage" qualifier="spatial" language="" mdschema="dc">Viroin Valley</dim:field>
<dim:field element="coverage" qualifier="spatial" language="" mdschema="dc">Belgium</dim:field>
<dim:field element="date" qualifier="accessioned" language="" mdschema="dc">2013-06-24T20:30:47Z</dim:field>
<dim:field element="date" qualifier="available" language="" mdschema="dc">2013-06-24T20:30:47Z</dim:field>
<dim:field element="date" qualifier="issued" language="" mdschema="dc">2013-06-19</dim:field>
<dim:field element="identifier" language="" mdschema="dc">doi:10.5061/dryad.08gc2/2</dim:field>
<dim:field element="identifier" language="" mdschema="dc">doi:10.5061/dryad.08gc2/2</dim:field>
<dim:field element="identifier" qualifier="uri" language="" mdschema="dc">http://hdl.handle.net/10255/dryad.50065</dim:field>
<dim:field element="description" language="" mdschema="dc">This file contains information on the 27 populations. %F denotes the percentage of female plants (opposed to hermaphroditic ones) in the population. Pop. size is the populations size expressed in the number of individual plants. Age is the age of the population. n=new (founder): o=old (established).</dim:field>
<dim:field element="relation" qualifier="ispartof" language="" mdschema="dc">doi:10.5061/dryad.08gc2</dim:field>
<dim:field element="rights" qualifier="uri" language="" mdschema="dc">http://creativecommons.org/publicdomain/zero/1.0/</dim:field>
<dim:field element="subject" confidence="NOVALUE" language="" mdschema="dc">founder effects</dim:field>
<dim:field element="subject" confidence="NOVALUE" language="" mdschema="dc">microsatellite data</dim:field>
<dim:field element="title" language="" mdschema="dc">population information</dim:field>
<dim:field element="type" language="*" mdschema="dc">Dataset</dim:field>
<dim:field element="ScientificName" confidence="NOVALUE" language="" mdschema="dwc">Origanum vulgare</dim:field>
<dim:field element="type" qualifier="embargo" language="en" mdschema="dc">none</dim:field>
<dim:field element="dryad" qualifier="pageviews">102</dim:field>
<dim:field element="dryad" qualifier="downloads">14</dim:field>
</dim:dim>
</mets:xmlData>
</mets:mdWrap>
</mets:dmdSec>
<mets:fileSec>
<mets:fileGrp USE="CONTENT">
<mets:file CHECKSUMTYPE="MD5" GROUPID="group_file_133100" ID="file_133100" MIMETYPE="text/csv" SIZE="729" CHECKSUM="8a40375b686b41d322160316dbe3021a">
<mets:FLocat LOCTYPE="URL" xlink:title="population information.csv" xlink:label="dataset-file" xlink:type="locator" xlink:href="/bitstream/handle/10255/dryad.50065/population%20information.csv?sequence=1"/>
</mets:file>
</mets:fileGrp>
</mets:fileSec>
<mets:structMap LABEL="DSpace" TYPE="LOGICAL">
<mets:div DMDID="dmd_1" TYPE="DSpace Item">
<mets:div ID="div_2" TYPE="DSpace Content Bitstream">
<mets:fptr FILEID="file_133100"/>
</mets:div>
</mets:div>
</mets:structMap>
</mets:METS>
