<?xml version="1.0" encoding="UTF-8"?>
<mets:METS xmlns:mets="http://www.loc.gov/METS/" xmlns:xlink="http://www.w3.org/TR/xlink/" xmlns:xsi="http://www.w3.org/2001/XMLSchema-instance" xmlns:dim="http://www.dspace.org/xmlns/dspace/dim" OBJEDIT="/admin/item?itemID=1858" OBJID="/handle/10255/dryad.1629" PROFILE="DSPACE METS SIP Profile 1.0" LABEL="DSpace Item" ID="hdl:10255/dryad.1629">
<mets:dmdSec GROUPID="group_dmd_0" ID="dmd_1">
<mets:mdWrap MDTYPE="OTHER" OTHERMDTYPE="DIM">
<mets:xmlData>
<dim:dim dspaceType="ITEM">
<dim:field element="contributor" qualifier="author" language="en" mdschema="dc">Reusch, Thorsten</dim:field>
<dim:field element="contributor" qualifier="author" language="en" mdschema="dc">Bolte, Sören</dim:field>
<dim:field element="contributor" qualifier="author" language="en" mdschema="dc">Sparwel, Maximiliane</dim:field>
<dim:field element="contributor" qualifier="author" language="en" mdschema="dc">Moss, Anthony</dim:field>
<dim:field element="contributor" qualifier="author" language="en" mdschema="dc">Javidpour, Jamileh</dim:field>
<dim:field element="date" qualifier="accessioned" language="" mdschema="dc">2010-06-04T17:04:01Z</dim:field>
<dim:field element="date" qualifier="available" mdschema="dc">2011-06-04T06:30:16Z</dim:field>
<dim:field element="date" qualifier="issued" language="" mdschema="dc">2010-06-04</dim:field>
<dim:field element="identifier" mdschema="dc">doi:10.5061/dryad.1593/1</dim:field>
<dim:field element="identifier" qualifier="uri" language="" mdschema="dc">http://hdl.handle.net/10255/dryad.1629</dim:field>
<dim:field element="relation" qualifier="ispartof" language="en" mdschema="dc">doi:10.5061/dryad.1593</dim:field>
<dim:field element="rights" qualifier="uri" language="en" mdschema="dc">http://creativecommons.org/publicdomain/zero/1.0/</dim:field>
<dim:field element="subject" language="en" mdschema="dc">marine invasion</dim:field>
<dim:field element="subject" language="en" mdschema="dc">Bayesian clustering</dim:field>
<dim:field element="subject" language="en" mdschema="dc">gelatinous plankton</dim:field>
<dim:field element="subject" language="en" mdschema="dc">founder event</dim:field>
<dim:field element="title" language="en" mdschema="dc">MnemiopsisMsatDataGENETIXDryad.xls</dim:field>
<dim:field element="type" language="en" mdschema="dc">Dataset</dim:field>
<dim:field element="ScientificName" language="" mdschema="dwc">Mnemiopsis leidyi</dim:field>
<dim:field element="dryad" qualifier="pageviews">110</dim:field>
<dim:field element="dryad" qualifier="downloads">20</dim:field>
</dim:dim>
</mets:xmlData>
</mets:mdWrap>
</mets:dmdSec>
<mets:fileSec>
<mets:fileGrp USE="CONTENT">
<mets:file CHECKSUMTYPE="MD5" GROUPID="group_file_1181" ID="file_1181" MIMETYPE="application/vnd.ms-excel" SIZE="225280" CHECKSUM="d33ecb5277c70f66b8de0af86db9f3c5">
<mets:FLocat LOCTYPE="URL" xlink:title="MnemiopsisMsatDataGENETIXDryad.xls" xlink:type="locator" xlink:href="/bitstream/handle/10255/dryad.1629/MnemiopsisMsatDataGENETIXDryad.xls?sequence=1"/>
</mets:file>
</mets:fileGrp>
</mets:fileSec>
<mets:structMap LABEL="DSpace" TYPE="LOGICAL">
<mets:div DMDID="dmd_1" TYPE="DSpace Item">
<mets:div ID="div_2" TYPE="DSpace Content Bitstream">
<mets:fptr FILEID="file_1181"/>
</mets:div>
</mets:div>
</mets:structMap>
</mets:METS>
