<?xml version="1.0" encoding="UTF-8"?>
<mets:METS xmlns:mets="http://www.loc.gov/METS/" xmlns:xlink="http://www.w3.org/TR/xlink/" xmlns:xsi="http://www.w3.org/2001/XMLSchema-instance" xmlns:dim="http://www.dspace.org/xmlns/dspace/dim" OBJEDIT="/admin/item?itemID=1953" OBJID="/handle/10255/dryad.1720" PROFILE="DSPACE METS SIP Profile 1.0" LABEL="DSpace Item" ID="hdl:10255/dryad.1720">
<mets:dmdSec GROUPID="group_dmd_0" ID="dmd_1">
<mets:mdWrap MDTYPE="OTHER" OTHERMDTYPE="DIM">
<mets:xmlData>
<dim:dim dspaceType="ITEM">
<dim:field element="contributor" qualifier="author" language="en" mdschema="dc">Yeaman, Sam</dim:field>
<dim:field element="contributor" qualifier="author" language="en" mdschema="dc">Chen, Yukon</dim:field>
<dim:field element="contributor" qualifier="author" language="en" mdschema="dc">Whitlock, Michael C</dim:field>
<dim:field element="date" qualifier="accessioned" language="" mdschema="dc">2010-07-01T18:38:54Z</dim:field>
<dim:field element="date" qualifier="available" mdschema="dc">2011-07-28T06:30:10Z</dim:field>
<dim:field element="date" qualifier="issued" language="" mdschema="dc">2010-07-01</dim:field>
<dim:field element="identifier" mdschema="dc">doi:10.5061/dryad.1719/1</dim:field>
<dim:field element="identifier" qualifier="uri" language="" mdschema="dc">http://hdl.handle.net/10255/dryad.1720</dim:field>
<dim:field element="relation" qualifier="ispartof" language="en" mdschema="dc">doi:10.5061/dryad.1719</dim:field>
<dim:field element="rights" qualifier="uri" language="en" mdschema="dc">http://creativecommons.org/publicdomain/zero/1.0/</dim:field>
<dim:field element="subject" language="en" mdschema="dc">environmental heterogeneity</dim:field>
<dim:field element="subject" language="en" mdschema="dc">Gene Flow</dim:field>
<dim:field element="subject" language="en" mdschema="dc">fluctuating allelic effects</dim:field>
<dim:field element="subject" language="en" mdschema="dc">laboratory natural selection</dim:field>
<dim:field element="subject" language="en" mdschema="dc">maintenance of variation</dim:field>
<dim:field element="subject" language="en" mdschema="dc">genetic diversity</dim:field>
<dim:field element="title" language="en" mdschema="dc">Wing landmarks and traits for parents and offspring</dim:field>
<dim:field element="type" language="en" mdschema="dc">Dataset</dim:field>
<dim:field element="ScientificName" language="en" mdschema="dwc">Drosophila melanogaster</dim:field>
<dim:field element="dryad" qualifier="pageviews">166</dim:field>
<dim:field element="dryad" qualifier="downloads">78</dim:field>
</dim:dim>
</mets:xmlData>
</mets:mdWrap>
</mets:dmdSec>
<mets:fileSec>
<mets:fileGrp USE="CONTENT">
<mets:file CHECKSUMTYPE="MD5" GROUPID="group_file_1543" ID="file_1543" MIMETYPE="text/csv" SIZE="9641639" CHECKSUM="418f59af4fe22b7a9ee66a774441b204">
<mets:FLocat LOCTYPE="URL" xlink:title="yeamanchenwhitlock2010rawdata.csv" xlink:type="locator" xlink:href="/bitstream/handle/10255/dryad.1720/yeamanchenwhitlock2010rawdata.csv?sequence=1"/>
</mets:file>
<mets:file CHECKSUMTYPE="MD5" GROUPID="group_file_115385" ID="file_115385" MIMETYPE="text/plain" SIZE="1795" CHECKSUM="69ca80859f76056256431231caae4efc">
<mets:FLocat LOCTYPE="URL" xlink:title="README.txt" xlink:label="dc_readme" xlink:type="locator" xlink:href="/bitstream/handle/10255/dryad.1720/README.txt?sequence=2"/>
</mets:file>
</mets:fileGrp>
<mets:fileGrp USE="TEXT">
<mets:file CHECKSUMTYPE="MD5" GROUPID="group_file_115385" ID="file_115387" MIMETYPE="text/plain" SIZE="1788" CHECKSUM="7c079cbfd1cf0813da7e16a66e91028c">
<mets:FLocat LOCTYPE="URL" xlink:title="README.txt.txt" xlink:label="Extracted text" xlink:type="locator" xlink:href="/bitstream/handle/10255/dryad.1720/README.txt.txt?sequence=3"/>
</mets:file>
</mets:fileGrp>
</mets:fileSec>
<mets:structMap LABEL="DSpace" TYPE="LOGICAL">
<mets:div DMDID="dmd_1" TYPE="DSpace Item">
<mets:div ID="div_2" TYPE="DSpace Content Bitstream">
<mets:fptr FILEID="file_1543"/>
</mets:div>
<mets:div ID="div_3" TYPE="DSpace Content Bitstream">
<mets:fptr FILEID="file_115385"/>
</mets:div>
</mets:div>
</mets:structMap>
</mets:METS>
