<?xml version="1.0" encoding="UTF-8"?>
<mets:METS xmlns:mets="http://www.loc.gov/METS/" xmlns:xlink="http://www.w3.org/TR/xlink/" xmlns:xsi="http://www.w3.org/2001/XMLSchema-instance" xmlns:dim="http://www.dspace.org/xmlns/dspace/dim" OBJEDIT="/admin/item?itemID=1669" OBJID="/handle/10255/dryad.1456" PROFILE="DSPACE METS SIP Profile 1.0" LABEL="DSpace Item" ID="hdl:10255/dryad.1456">
<mets:dmdSec GROUPID="group_dmd_0" ID="dmd_1">
<mets:mdWrap MDTYPE="OTHER" OTHERMDTYPE="DIM">
<mets:xmlData>
<dim:dim dspaceType="ITEM">
<dim:field element="contributor" qualifier="author" language="en" mdschema="dc">Hoffman, Joseph I</dim:field>
<dim:field element="contributor" qualifier="author" language="en" mdschema="dc">Forcada, Jaume</dim:field>
<dim:field element="contributor" qualifier="author" language="en" mdschema="dc">Amos, William</dim:field>
<dim:field element="coverage" qualifier="spatial" language="en" mdschema="dc">Antarctica</dim:field>
<dim:field element="coverage" qualifier="temporal" language="en" mdschema="dc">Present day</dim:field>
<dim:field element="date" qualifier="accessioned" language="" mdschema="dc">2010-04-08T13:37:45Z</dim:field>
<dim:field element="date" qualifier="available" language="" mdschema="dc">2010-04-08T13:37:45Z</dim:field>
<dim:field element="date" qualifier="issued" language="" mdschema="dc">2010-04-08T13:37:45Z</dim:field>
<dim:field element="identifier" mdschema="dc">doi:10.5061/dryad.1455/1</dim:field>
<dim:field element="identifier" qualifier="uri" language="" mdschema="dc">http://hdl.handle.net/10255/dryad.1456</dim:field>
<dim:field element="description" language="en" mdschema="dc">Multilocus genotypes of 84 dead male Antarctic fur seals</dim:field>
<dim:field element="relation" qualifier="ispartof" language="en" mdschema="dc">doi:10.5061/dryad.1455</dim:field>
<dim:field element="rights" qualifier="uri" language="en" mdschema="dc">http://creativecommons.org/publicdomain/zero/1.0/</dim:field>
<dim:field element="subject" language="en" mdschema="dc">Heterozygosity-fitness correlation (HFC)</dim:field>
<dim:field element="subject" language="en" mdschema="dc">local effect</dim:field>
<dim:field element="subject" language="en" mdschema="dc">associative overdominance</dim:field>
<dim:field element="subject" language="en" mdschema="dc">cross-amplification</dim:field>
<dim:field element="subject" language="en" mdschema="dc">otariid</dim:field>
<dim:field element="subject" language="en" mdschema="dc">pinniped</dim:field>
<dim:field element="title" language="en" mdschema="dc">Fur seal genotypes</dim:field>
<dim:field element="type" language="en" mdschema="dc">Dataset</dim:field>
<dim:field element="ScientificName" language="en" mdschema="dwc">Arctocephalus gazella</dim:field>
<dim:field element="status" language="" mdschema="dryad">scanned</dim:field>
<dim:field element="dryad" qualifier="pageviews">201</dim:field>
<dim:field element="dryad" qualifier="downloads">63</dim:field>
</dim:dim>
</mets:xmlData>
</mets:mdWrap>
</mets:dmdSec>
<mets:fileSec>
<mets:fileGrp USE="CONTENT">
<mets:file CHECKSUMTYPE="MD5" GROUPID="group_file_1101" ID="file_1101" MIMETYPE="application/vnd.ms-excel" SIZE="110080" CHECKSUM="b858313d3754ef8fd10cbdec9c4e607c">
<mets:FLocat LOCTYPE="URL" xlink:title="supplementary datafile.xls" xlink:type="locator" xlink:href="/bitstream/handle/10255/dryad.1456/supplementary%20datafile.xls?sequence=1"/>
</mets:file>
</mets:fileGrp>
</mets:fileSec>
<mets:structMap LABEL="DSpace" TYPE="LOGICAL">
<mets:div DMDID="dmd_1" TYPE="DSpace Item">
<mets:div ID="div_2" TYPE="DSpace Content Bitstream">
<mets:fptr FILEID="file_1101"/>
</mets:div>
</mets:div>
</mets:structMap>
</mets:METS>
