<?xml version="1.0" encoding="UTF-8"?>
<mets:METS xmlns:mets="http://www.loc.gov/METS/" xmlns:xlink="http://www.w3.org/TR/xlink/" xmlns:xsi="http://www.w3.org/2001/XMLSchema-instance" xmlns:dim="http://www.dspace.org/xmlns/dspace/dim" OBJEDIT="/admin/item?itemID=55429" OBJID="/handle/10255/dryad.46899" PROFILE="DSPACE METS SIP Profile 1.0" LABEL="DSpace Item" ID="hdl:10255/dryad.46899">
<mets:dmdSec GROUPID="group_dmd_0" ID="dmd_1">
<mets:mdWrap MDTYPE="OTHER" OTHERMDTYPE="DIM">
<mets:xmlData>
<dim:dim dspaceType="ITEM">
<dim:field element="contributor" qualifier="author" language="" mdschema="dc">Stevens, Jamie R.</dim:field>
<dim:field element="contributor" qualifier="author" language="" mdschema="dc">Finnegan, Anna K.</dim:field>
<dim:field element="contributor" qualifier="author" language="" mdschema="dc">Griffiths, Andrew M.</dim:field>
<dim:field element="contributor" qualifier="author" language="" mdschema="dc">King, R. A.</dim:field>
<dim:field element="contributor" qualifier="author" language="" mdschema="dc">Machado-Schiaffino, Gonzalo</dim:field>
<dim:field element="contributor" qualifier="author" language="" mdschema="dc">Porcher, Jean-Pierre</dim:field>
<dim:field element="contributor" qualifier="author" language="" mdschema="dc">Garcia-Vazquez, Eva</dim:field>
<dim:field element="contributor" qualifier="author" language="" mdschema="dc">Bright, Dylan</dim:field>
<dim:field element="coverage" qualifier="spatial" language="" mdschema="dc">Northwest France</dim:field>
<dim:field element="coverage" qualifier="spatial" language="" mdschema="dc">Northern Spain</dim:field>
<dim:field element="coverage" qualifier="spatial" language="" mdschema="dc">Southwest Britain and Ireland</dim:field>
<dim:field element="coverage" qualifier="temporal" language="" mdschema="dc">Pleistocene</dim:field>
<dim:field element="coverage" qualifier="temporal" language="" mdschema="dc">Holocene</dim:field>
<dim:field element="date" qualifier="accessioned" language="" mdschema="dc">2013-02-20T16:18:32Z</dim:field>
<dim:field element="date" qualifier="available" mdschema="dc">2013-06-07T17:30:44Z</dim:field>
<dim:field element="date" qualifier="issued" language="" mdschema="dc">2013-02-20</dim:field>
<dim:field element="identifier" language="" mdschema="dc">doi:10.5061/dryad.0hj6g/1</dim:field>
<dim:field element="identifier" language="" mdschema="dc">doi:10.5061/dryad.0hj6g/1</dim:field>
<dim:field element="identifier" qualifier="uri" language="" mdschema="dc">http://hdl.handle.net/10255/dryad.46899</dim:field>
<dim:field element="description" language="" mdschema="dc">Raw data for microsatellite loci and RFLP-derived ND1 haplotypes. Excel spreadsheet, msats in standard 2-column format.  Corresponding ND1 sequence data available in EMBL (Accn No.s HF586486 – HF586505)</dim:field>
<dim:field element="relation" qualifier="ispartof" language="" mdschema="dc">doi:10.5061/dryad.0hj6g</dim:field>
<dim:field element="rights" qualifier="uri" language="" mdschema="dc">http://creativecommons.org/publicdomain/zero/1.0/</dim:field>
<dim:field element="subject" confidence="NOVALUE" language="" mdschema="dc">phylogeography</dim:field>
<dim:field element="subject" confidence="NOVALUE" language="" mdschema="dc">refugia</dim:field>
<dim:field element="subject" confidence="NOVALUE" language="" mdschema="dc">microsatellite</dim:field>
<dim:field element="subject" confidence="NOVALUE" language="" mdschema="dc">haplotype</dim:field>
<dim:field element="subject" confidence="NOVALUE" language="" mdschema="dc">ND1 gene</dim:field>
<dim:field element="title" language="" mdschema="dc">MICROS_&amp;_RFLPFINAL2new copy</dim:field>
<dim:field element="type" language="*" mdschema="dc">Dataset</dim:field>
<dim:field element="ScientificName" confidence="NOVALUE" language="" mdschema="dwc">Salmo salar</dim:field>
<dim:field element="type" qualifier="embargo" language="" mdschema="dc">untilArticleAppears</dim:field>
<dim:field element="dryad" qualifier="pageviews">55</dim:field>
<dim:field element="dryad" qualifier="downloads">14</dim:field>
</dim:dim>
</mets:xmlData>
</mets:mdWrap>
</mets:dmdSec>
<mets:fileSec>
<mets:fileGrp USE="CONTENT">
<mets:file CHECKSUMTYPE="MD5" GROUPID="group_file_130023" ID="file_130023" MIMETYPE="application/vnd.openxmlformats-officedocument.spreadsheetml.sheet" SIZE="117814" CHECKSUM="9fa9c0e359b21d027e13e380752e6720">
<mets:FLocat LOCTYPE="URL" xlink:title="MICROS_&amp;_RFLPFINAL2new copy.xlsx" xlink:label="dataset-file" xlink:type="locator" xlink:href="/bitstream/handle/10255/dryad.46899/MICROS_%26_RFLPFINAL2new%20copy.xlsx?sequence=1"/>
</mets:file>
</mets:fileGrp>
</mets:fileSec>
<mets:structMap LABEL="DSpace" TYPE="LOGICAL">
<mets:div DMDID="dmd_1" TYPE="DSpace Item">
<mets:div ID="div_2" TYPE="DSpace Content Bitstream">
<mets:fptr FILEID="file_130023"/>
</mets:div>
</mets:div>
</mets:structMap>
</mets:METS>
