<?xml version="1.0" encoding="UTF-8"?>
<mets:METS xmlns:mets="http://www.loc.gov/METS/" xmlns:xlink="http://www.w3.org/TR/xlink/" xmlns:xsi="http://www.w3.org/2001/XMLSchema-instance" xmlns:dim="http://www.dspace.org/xmlns/dspace/dim" OBJEDIT="/admin/item?itemID=64342" OBJID="/handle/10255/dryad.52806" PROFILE="DSPACE METS SIP Profile 1.0" LABEL="DSpace Item" ID="hdl:10255/dryad.52806">
<mets:dmdSec GROUPID="group_dmd_0" ID="dmd_1">
<mets:mdWrap MDTYPE="OTHER" OTHERMDTYPE="DIM">
<mets:xmlData>
<dim:dim dspaceType="ITEM">
<dim:field element="contributor" qualifier="author" language="" mdschema="dc">Chazot, Nicolas</dim:field>
<dim:field element="contributor" qualifier="author" language="" mdschema="dc">Willmott, Keith R.</dim:field>
<dim:field element="contributor" qualifier="author" language="" mdschema="dc">Santacruz Endara, Paola G.</dim:field>
<dim:field element="contributor" qualifier="author" language="" mdschema="dc">Toporov, Alexandre</dim:field>
<dim:field element="contributor" qualifier="author" language="" mdschema="dc">Hill, Ryan I.</dim:field>
<dim:field element="contributor" qualifier="author" language="" mdschema="dc">Jiggins, Chris D.</dim:field>
<dim:field element="contributor" qualifier="author" language="" mdschema="dc">Elias, Marianne</dim:field>
<dim:field element="coverage" qualifier="spatial" language="" mdschema="dc">Ecuador</dim:field>
<dim:field element="coverage" qualifier="spatial" language="" mdschema="dc">Andes</dim:field>
<dim:field element="coverage" qualifier="temporal" language="" mdschema="dc">Holocene</dim:field>
<dim:field element="date" qualifier="accessioned" mdschema="dc">2013-08-09T17:01:36Z</dim:field>
<dim:field element="date" qualifier="issued" mdschema="dc">2013-08-09</dim:field>
<dim:field element="identifier" language="" mdschema="dc">doi:10.5061/dryad.1534j/3</dim:field>
<dim:field element="identifier" mdschema="dc">doi:10.5061/dryad.1534j/3</dim:field>
<dim:field element="identifier" qualifier="uri" mdschema="dc">http://hdl.handle.net/10255/dryad.52806</dim:field>
<dim:field element="description" language="" mdschema="dc">GenBank accession numbers, locality and references of sequences used in the study.</dim:field>
<dim:field element="relation" qualifier="ispartof" language="" mdschema="dc">doi:10.5061/dryad.1534j</dim:field>
<dim:field element="rights" qualifier="uri" language="" mdschema="dc">http://creativecommons.org/publicdomain/zero/1.0/</dim:field>
<dim:field element="subject" confidence="NOVALUE" language="" mdschema="dc">community ecology</dim:field>
<dim:field element="subject" confidence="NOVALUE" language="" mdschema="dc">altitudinal gradient</dim:field>
<dim:field element="subject" confidence="NOVALUE" language="" mdschema="dc">Müllerian mimicry</dim:field>
<dim:field element="subject" confidence="NOVALUE" language="" mdschema="dc">phylogenetic structure</dim:field>
<dim:field element="title" language="" mdschema="dc">Genbank accession numbers</dim:field>
<dim:field element="type" language="*" mdschema="dc">Dataset</dim:field>
<dim:field element="ScientificName" confidence="NOVALUE" language="" mdschema="dwc">Ithomiini</dim:field>
<dim:field element="ScientificName" confidence="NOVALUE" language="" mdschema="dwc">Danainae</dim:field>
<dim:field element="ScientificName" confidence="NOVALUE" language="" mdschema="dwc">Nymphalidae</dim:field>
<dim:field element="date" qualifier="embargoedUntil" mdschema="dc">9999-01-01</dim:field>
<dim:field element="type" qualifier="embargo" language="" mdschema="dc">untilArticleAppears</dim:field>
<dim:field element="dryad" qualifier="pageviews">14</dim:field>
<dim:field element="dryad" qualifier="downloads">1</dim:field>
</dim:dim>
</mets:xmlData>
</mets:mdWrap>
</mets:dmdSec>
<mets:fileSec/>
<mets:structMap LABEL="DSpace" TYPE="LOGICAL">
<mets:div DMDID="dmd_1" TYPE="DSpace Item"/>
</mets:structMap>
</mets:METS>
