<?xml version="1.0" encoding="UTF-8"?>
<mets:METS xmlns:mets="http://www.loc.gov/METS/" xmlns:xlink="http://www.w3.org/TR/xlink/" xmlns:xsi="http://www.w3.org/2001/XMLSchema-instance" xmlns:dim="http://www.dspace.org/xmlns/dspace/dim" OBJEDIT="/admin/item?itemID=36575" OBJID="/handle/10255/dryad.34534" PROFILE="DSPACE METS SIP Profile 1.0" LABEL="DSpace Item" ID="hdl:10255/dryad.34534">
<mets:dmdSec GROUPID="group_dmd_0" ID="dmd_1">
<mets:mdWrap MDTYPE="OTHER" OTHERMDTYPE="DIM">
<mets:xmlData>
<dim:dim dspaceType="ITEM">
<dim:field element="contributor" qualifier="author" language="" mdschema="dc">Jørgensen, Tina</dim:field>
<dim:field element="contributor" qualifier="author" language="" mdschema="dc">Haile, James</dim:field>
<dim:field element="contributor" qualifier="author" language="" mdschema="dc">Möller, Per</dim:field>
<dim:field element="contributor" qualifier="author" language="" mdschema="dc">Andreev, Andrei</dim:field>
<dim:field element="contributor" qualifier="author" language="" mdschema="dc">Boessenkool, Sanne</dim:field>
<dim:field element="contributor" qualifier="author" language="" mdschema="dc">Rasmussen, Morten</dim:field>
<dim:field element="contributor" qualifier="author" language="" mdschema="dc">Kienast, Frank</dim:field>
<dim:field element="contributor" qualifier="author" language="" mdschema="dc">Coissac, Eric</dim:field>
<dim:field element="contributor" qualifier="author" language="" mdschema="dc">Taberlet, Pierre</dim:field>
<dim:field element="contributor" qualifier="author" language="" mdschema="dc">Brochmann, Christian</dim:field>
<dim:field element="contributor" qualifier="author" language="" mdschema="dc">Bigelow, Nancy H.</dim:field>
<dim:field element="contributor" qualifier="author" language="" mdschema="dc">Andersen, Kenneth</dim:field>
<dim:field element="contributor" qualifier="author" language="" mdschema="dc">Orlando, Ludovic</dim:field>
<dim:field element="contributor" qualifier="author" language="" mdschema="dc">Gilbert, M. Thomas P.</dim:field>
<dim:field element="contributor" qualifier="author" language="" mdschema="dc">Willerslev, Eske</dim:field>
<dim:field element="coverage" qualifier="spatial" language="en" mdschema="dc">Taymyr Peninsula</dim:field>
<dim:field element="coverage" qualifier="spatial" language="en" mdschema="dc">Siberia</dim:field>
<dim:field element="coverage" qualifier="temporal" language="en" mdschema="dc">Late Pleistocene</dim:field>
<dim:field element="date" qualifier="accessioned" language="" mdschema="dc">2011-07-29T19:18:03Z</dim:field>
<dim:field element="date" qualifier="available" mdschema="dc">2011-10-04T19:10:30Z</dim:field>
<dim:field element="date" qualifier="issued" language="" mdschema="dc">2011-07-29</dim:field>
<dim:field element="identifier" mdschema="dc">doi:10.5061/dryad.09p3k/19</dim:field>
<dim:field element="identifier" qualifier="uri" language="" mdschema="dc">http://hdl.handle.net/10255/dryad.34534</dim:field>
<dim:field element="relation" qualifier="ispartof" language="" mdschema="dc">doi:10.5061/dryad.09p3k</dim:field>
<dim:field element="rights" qualifier="uri" language="" mdschema="dc">http://creativecommons.org/publicdomain/zero/1.0/</dim:field>
<dim:field element="subject" language="en" mdschema="dc">palaeoecology</dim:field>
<dim:field element="subject" language="en" mdschema="dc">ancient sedimentary plant DNA</dim:field>
<dim:field element="subject" language="en" mdschema="dc">macrofossils</dim:field>
<dim:field element="subject" language="en" mdschema="dc">pollen</dim:field>
<dim:field element="title" language="en" mdschema="dc">Blank_Control</dim:field>
<dim:field element="type" language="*" mdschema="dc">Dataset</dim:field>
<dim:field element="ScientificName" language="en" mdschema="dwc">Spermatophyta</dim:field>
<dim:field element="type" qualifier="embargo" language="en" mdschema="dc">untilArticleAppears</dim:field>
<dim:field element="dryad" qualifier="pageviews">94</dim:field>
<dim:field element="dryad" qualifier="downloads">40</dim:field>
</dim:dim>
</mets:xmlData>
</mets:mdWrap>
</mets:dmdSec>
<mets:fileSec>
<mets:fileGrp USE="CONTENT">
<mets:file CHECKSUMTYPE="MD5" GROUPID="group_file_115501" ID="file_115501" MIMETYPE="application/x-fasta" SIZE="554" CHECKSUM="898423191176155e8fac30a00373cb2d">
<mets:FLocat LOCTYPE="URL" xlink:title="Blank_Control.fasta" xlink:label="dataset-file" xlink:type="locator" xlink:href="/bitstream/handle/10255/dryad.34534/Blank_Control.fasta?sequence=1"/>
</mets:file>
</mets:fileGrp>
</mets:fileSec>
<mets:structMap LABEL="DSpace" TYPE="LOGICAL">
<mets:div DMDID="dmd_1" TYPE="DSpace Item">
<mets:div ID="div_2" TYPE="DSpace Content Bitstream">
<mets:fptr FILEID="file_115501"/>
</mets:div>
</mets:div>
</mets:structMap>
</mets:METS>
