<?xml version="1.0" encoding="UTF-8"?>
<mets:METS xmlns:mets="http://www.loc.gov/METS/" xmlns:xlink="http://www.w3.org/TR/xlink/" xmlns:xsi="http://www.w3.org/2001/XMLSchema-instance" xmlns:dim="http://www.dspace.org/xmlns/dspace/dim" OBJEDIT="/admin/item?itemID=63222" OBJID="/handle/10255/dryad.52101" PROFILE="DSPACE METS SIP Profile 1.0" LABEL="DSpace Item" ID="hdl:10255/dryad.52101">
<mets:dmdSec GROUPID="group_dmd_0" ID="dmd_1">
<mets:mdWrap MDTYPE="OTHER" OTHERMDTYPE="DIM">
<mets:xmlData>
<dim:dim dspaceType="ITEM">
<dim:field element="contributor" qualifier="author" mdschema="dc">Betancur-R., Ricardo</dim:field>
<dim:field element="contributor" qualifier="author" mdschema="dc">Naylor, Gavin</dim:field>
<dim:field element="contributor" qualifier="author" mdschema="dc">Ortí, Guillermo</dim:field>
<dim:field element="contributor" qualifier="author" mdschema="dc">Rokas, Antonis</dim:field>
<dim:field element="identifier" mdschema="dc">doi:10.5061/dryad.157d7/1</dim:field>
<dim:field element="description" language="" mdschema="dc">The files include individual gene (protein) alignments for the 1070 genes as well as RAxML gene trees</dim:field>
<dim:field element="relation" qualifier="ispartof" mdschema="dc">doi:10.5061/dryad.157d7</dim:field>
<dim:field element="rights" qualifier="uri" mdschema="dc">http://creativecommons.org/publicdomain/zero/1.0/</dim:field>
<dim:field element="subject" confidence="NOVALUE" language="" mdschema="dc">Phylogenomics</dim:field>
<dim:field element="subject" confidence="NOVALUE" language="" mdschema="dc">Slowly-evolving genes</dim:field>
<dim:field element="subject" confidence="NOVALUE" language="" mdschema="dc">Strong phylogenetic signal</dim:field>
<dim:field element="subject" confidence="NOVALUE" language="" mdschema="dc">Sampling error</dim:field>
<dim:field element="subject" confidence="NOVALUE" language="" mdschema="dc">Incongruence</dim:field>
<dim:field element="subject" confidence="NOVALUE" language="" mdschema="dc">Systematic error</dim:field>
<dim:field element="subject" confidence="NOVALUE" language="" mdschema="dc">Yeast</dim:field>
<dim:field element="title" language="" mdschema="dc">Datasets from Salichos &amp; Rokas (2013)</dim:field>
<dim:field element="type" language="*" mdschema="dc">Dataset</dim:field>
<dim:field element="dryad" qualifier="pageviews">0</dim:field>
<dim:field element="dryad" qualifier="downloads">0</dim:field>
</dim:dim>
</mets:xmlData>
</mets:mdWrap>
</mets:dmdSec>
<mets:fileSec/>
<mets:structMap LABEL="DSpace" TYPE="LOGICAL">
<mets:div DMDID="dmd_1" TYPE="DSpace Item"/>
</mets:structMap>
</mets:METS>
