<?xml version="1.0" encoding="UTF-8"?>
<mets:METS xmlns:mets="http://www.loc.gov/METS/" xmlns:xlink="http://www.w3.org/TR/xlink/" xmlns:xsi="http://www.w3.org/2001/XMLSchema-instance" xmlns:dim="http://www.dspace.org/xmlns/dspace/dim" OBJEDIT="/admin/item?itemID=1603" OBJID="/handle/10255/dryad.1403" PROFILE="DSPACE METS SIP Profile 1.0" LABEL="DSpace Item" ID="hdl:10255/dryad.1403">
<mets:dmdSec GROUPID="group_dmd_0" ID="dmd_1">
<mets:mdWrap MDTYPE="OTHER" OTHERMDTYPE="DIM">
<mets:xmlData>
<dim:dim dspaceType="ITEM">
<dim:field element="contributor" qualifier="author" language="en" mdschema="dc">Lee, Jared</dim:field>
<dim:field element="contributor" qualifier="author" language="en" mdschema="dc">Johnson, Jerald</dim:field>
<dim:field element="date" qualifier="accessioned" mdschema="dc">2010-03-22T01:09:31Z</dim:field>
<dim:field element="date" qualifier="available" mdschema="dc">2010-03-22T01:09:31Z</dim:field>
<dim:field element="date" qualifier="issued" mdschema="dc">2010-03-22T01:09:31Z</dim:field>
<dim:field element="identifier" mdschema="dc">doi:10.5061/dryad.1400/3</dim:field>
<dim:field element="identifier" qualifier="uri" mdschema="dc">http://hdl.handle.net/10255/dryad.1403</dim:field>
<dim:field element="description" language="en" mdschema="dc">This spreadsheet contains three worksheets.  The first is labeled 'Localities' and gives the province, locality number, locality name, Field ID, and Drainage for each locality.  the first three columns are available in the publication and associated online supplementary material.  The Field ID corresponds to the taxa labels used in the nexus files.  The first two numbers are the year they were collected and the last numbers are the collection number.  Thus, a taxa label that reads 'PG0701.04' would be the species Poecilia gillii collected in 2007 in the first collection locality and the fourth fish from that locality.  The second and third worksheet provide the taxa labels with their associated haplotype as found in the publication for each of the respective loci.</dim:field>
<dim:field element="relation" qualifier="ispartof" language="en" mdschema="dc">doi:10.5061/dryad.1400</dim:field>
<dim:field element="rights" qualifier="uri" language="en" mdschema="dc">http://creativecommons.org/publicdomain/zero/1.0/</dim:field>
<dim:field element="subject" language="en" mdschema="dc">community assembly</dim:field>
<dim:field element="subject" language="en" mdschema="dc">Poeciliidae</dim:field>
<dim:field element="subject" language="en" mdschema="dc">vicariance</dim:field>
<dim:field element="subject" language="en" mdschema="dc">Phylogeography</dim:field>
<dim:field element="title" language="en" mdschema="dc">redundanttaxa.xls</dim:field>
<dim:field element="type" language="en" mdschema="dc">Dataset</dim:field>
<dim:field element="ScientificName" language="" mdschema="dwc">Poecilia gillii</dim:field>
<dim:field element="status" language="" mdschema="dryad">scanned</dim:field>
<dim:field element="dryad" qualifier="pageviews">196</dim:field>
<dim:field element="dryad" qualifier="downloads">56</dim:field>
</dim:dim>
</mets:xmlData>
</mets:mdWrap>
</mets:dmdSec>
<mets:fileSec>
<mets:fileGrp USE="CONTENT">
<mets:file CHECKSUMTYPE="MD5" GROUPID="group_file_1077" ID="file_1077" MIMETYPE="application/vnd.ms-excel" SIZE="57344" CHECKSUM="cd6f25b1af3ccc992f83548decae7f9d">
<mets:FLocat LOCTYPE="URL" xlink:title="redundanttaxa.xls" xlink:type="locator" xlink:href="/bitstream/handle/10255/dryad.1403/redundanttaxa.xls?sequence=1"/>
</mets:file>
</mets:fileGrp>
</mets:fileSec>
<mets:structMap LABEL="DSpace" TYPE="LOGICAL">
<mets:div DMDID="dmd_1" TYPE="DSpace Item">
<mets:div ID="div_2" TYPE="DSpace Content Bitstream">
<mets:fptr FILEID="file_1077"/>
</mets:div>
</mets:div>
</mets:structMap>
</mets:METS>
