<?xml version="1.0" encoding="UTF-8"?>
<mets:METS xmlns:mets="http://www.loc.gov/METS/" xmlns:xlink="http://www.w3.org/TR/xlink/" xmlns:xsi="http://www.w3.org/2001/XMLSchema-instance" xmlns:dim="http://www.dspace.org/xmlns/dspace/dim" OBJEDIT="/admin/item?itemID=49503" OBJID="/handle/10255/dryad.42963" PROFILE="DSPACE METS SIP Profile 1.0" LABEL="DSpace Item" ID="hdl:10255/dryad.42963">
<mets:dmdSec GROUPID="group_dmd_0" ID="dmd_1">
<mets:mdWrap MDTYPE="OTHER" OTHERMDTYPE="DIM">
<mets:xmlData>
<dim:dim dspaceType="ITEM">
<dim:field element="contributor" qualifier="author" mdschema="dc">Royle, Nick J.</dim:field>
<dim:field element="contributor" qualifier="author" mdschema="dc">Pike, Thomas W.</dim:field>
<dim:field element="contributor" qualifier="author" mdschema="dc">Heeb, Phillip</dim:field>
<dim:field element="contributor" qualifier="author" mdschema="dc">Richner, Heinz</dim:field>
<dim:field element="contributor" qualifier="author" mdschema="dc">Kölliker, Mathias</dim:field>
<dim:field element="date" qualifier="accessioned" mdschema="dc">2013-02-22T19:24:06Z</dim:field>
<dim:field element="date" qualifier="available" mdschema="dc">2013-02-22T19:24:06Z</dim:field>
<dim:field element="date" qualifier="issued" mdschema="dc">2013-02-22</dim:field>
<dim:field element="identifier" mdschema="dc">doi:10.5061/dryad.01ph1/3</dim:field>
<dim:field element="identifier" qualifier="uri" mdschema="dc">http://hdl.handle.net/10255/dryad.42963</dim:field>
<dim:field element="description" language="" mdschema="dc">Data file on social network structure, begging behaviour of nestlings in broods and feeding behaviour of parents</dim:field>
<dim:field element="relation" qualifier="ispartof" mdschema="dc">doi:10.5061/dryad.01ph1</dim:field>
<dim:field element="rights" qualifier="uri" mdschema="dc">http://creativecommons.org/publicdomain/zero/1.0/</dim:field>
<dim:field element="subject" confidence="NOVALUE" language="" mdschema="dc">social networks</dim:field>
<dim:field element="subject" confidence="NOVALUE" language="" mdschema="dc">sexual conflict</dim:field>
<dim:field element="subject" confidence="NOVALUE" language="" mdschema="dc">parent-offspring conflict</dim:field>
<dim:field element="subject" confidence="NOVALUE" language="" mdschema="dc">begging</dim:field>
<dim:field element="subject" confidence="NOVALUE" language="" mdschema="dc">social evolution</dim:field>
<dim:field element="title" language="" mdschema="dc">GTs_Begging_Feeding_Royle et al_Proc B</dim:field>
<dim:field element="type" language="*" mdschema="dc">Dataset</dim:field>
<dim:field element="ScientificName" confidence="NOVALUE" language="" mdschema="dwc">Parus major</dim:field>
<dim:field element="type" qualifier="embargo" language="en" mdschema="dc">none</dim:field>
<dim:field element="dryad" qualifier="pageviews">65</dim:field>
<dim:field element="dryad" qualifier="downloads">51</dim:field>
</dim:dim>
</mets:xmlData>
</mets:mdWrap>
</mets:dmdSec>
<mets:fileSec>
<mets:fileGrp USE="CONTENT">
<mets:file CHECKSUMTYPE="MD5" GROUPID="group_file_125790" ID="file_125790" MIMETYPE="application/vnd.ms-excel" SIZE="47616" CHECKSUM="97d9b763c5003aaf6688b341fc0ca31b">
<mets:FLocat LOCTYPE="URL" xlink:title="GTs_Begging_Feeding_Royle et al_Proc B.xls" xlink:label="dataset-file" xlink:type="locator" xlink:href="/bitstream/handle/10255/dryad.42963/GTs_Begging_Feeding_Royle%20et%20al_Proc%20B.xls?sequence=1"/>
</mets:file>
<mets:file CHECKSUMTYPE="MD5" GROUPID="group_file_125856" ID="file_125856" MIMETYPE="text/plain" SIZE="2639" CHECKSUM="ccc4e1e553b09f92189ca9587f377f2b">
<mets:FLocat LOCTYPE="URL" xlink:title="README.txt" xlink:label="dc_readme" xlink:type="locator" xlink:href="/bitstream/handle/10255/dryad.42963/README.txt?sequence=2"/>
</mets:file>
</mets:fileGrp>
</mets:fileSec>
<mets:structMap LABEL="DSpace" TYPE="LOGICAL">
<mets:div DMDID="dmd_1" TYPE="DSpace Item">
<mets:div ID="div_2" TYPE="DSpace Content Bitstream">
<mets:fptr FILEID="file_125790"/>
</mets:div>
<mets:div ID="div_3" TYPE="DSpace Content Bitstream">
<mets:fptr FILEID="file_125856"/>
</mets:div>
</mets:div>
</mets:structMap>
</mets:METS>
