<?xml version="1.0" encoding="UTF-8"?>
<mets:METS xmlns:mets="http://www.loc.gov/METS/" xmlns:xlink="http://www.w3.org/TR/xlink/" xmlns:xsi="http://www.w3.org/2001/XMLSchema-instance" xmlns:dim="http://www.dspace.org/xmlns/dspace/dim" OBJEDIT="/admin/item?itemID=56216" OBJID="/handle/10255/dryad.47407" PROFILE="DSPACE METS SIP Profile 1.0" LABEL="DSpace Item" ID="hdl:10255/dryad.47407">
<mets:dmdSec GROUPID="group_dmd_0" ID="dmd_1">
<mets:mdWrap MDTYPE="OTHER" OTHERMDTYPE="DIM">
<mets:xmlData>
<dim:dim dspaceType="ITEM">
<dim:field element="contributor" qualifier="author" language="" mdschema="dc">Granroth-Wilding, Hanna M. V.</dim:field>
<dim:field element="contributor" qualifier="author" language="" mdschema="dc">Magurran, Anne E.</dim:field>
<dim:field element="date" qualifier="accessioned" mdschema="dc">2013-04-11T13:55:07Z</dim:field>
<dim:field element="date" qualifier="available" mdschema="dc">2013-04-11T13:55:07Z</dim:field>
<dim:field element="date" qualifier="issued" mdschema="dc">2013-04-11</dim:field>
<dim:field element="identifier" language="" mdschema="dc">doi:10.5061/dryad.00s51/1</dim:field>
<dim:field element="identifier" mdschema="dc">doi:10.5061/dryad.00s51/1</dim:field>
<dim:field element="identifier" qualifier="uri" mdschema="dc">http://hdl.handle.net/10255/dryad.47407</dim:field>
<dim:field element="description" language="" mdschema="dc">This file contains the data for all three experiments in the paper: behaviour under predation threat, competing for food and competing for mates. Each experiment is in a separate tab of an Excel file. Column heading should be clear with reference to the manuscript. All data was collected experimentally using a lab-bred population.</dim:field>
<dim:field element="relation" qualifier="ispartof" language="" mdschema="dc">doi:10.5061/dryad.00s51</dim:field>
<dim:field element="rights" qualifier="uri" language="" mdschema="dc">http://creativecommons.org/publicdomain/zero/1.0/</dim:field>
<dim:field element="subject" confidence="NOVALUE" language="" mdschema="dc">reciprocity</dim:field>
<dim:field element="subject" confidence="NOVALUE" language="" mdschema="dc">fish</dim:field>
<dim:field element="subject" confidence="NOVALUE" language="" mdschema="dc">by-product mutualism</dim:field>
<dim:field element="subject" confidence="NOVALUE" language="" mdschema="dc">decision making</dim:field>
<dim:field element="subject" confidence="ACCEPTED" language="" mdschema="dc">competition</dim:field>
<dim:field element="title" language="" mdschema="dc">Context-dependent male familiarity data</dim:field>
<dim:field element="type" language="*" mdschema="dc">Dataset</dim:field>
<dim:field element="ScientificName" confidence="NOVALUE" language="" mdschema="dwc">Poecilia reticulata</dim:field>
<dim:field element="type" qualifier="embargo" language="en" mdschema="dc">none</dim:field>
<dim:field element="dryad" qualifier="pageviews">100</dim:field>
<dim:field element="dryad" qualifier="downloads">27</dim:field>
</dim:dim>
</mets:xmlData>
</mets:mdWrap>
</mets:dmdSec>
<mets:fileSec>
<mets:fileGrp USE="CONTENT">
<mets:file CHECKSUMTYPE="MD5" GROUPID="group_file_130549" ID="file_130549" MIMETYPE="application/vnd.ms-excel" SIZE="25088" CHECKSUM="39a945cf5587d5915f5e1f926ee18c44">
<mets:FLocat LOCTYPE="URL" xlink:title="ContextDependentMaleFamiliarity.xls" xlink:label="dataset-file" xlink:type="locator" xlink:href="/bitstream/handle/10255/dryad.47407/ContextDependentMaleFamiliarity.xls?sequence=1"/>
</mets:file>
</mets:fileGrp>
</mets:fileSec>
<mets:structMap LABEL="DSpace" TYPE="LOGICAL">
<mets:div DMDID="dmd_1" TYPE="DSpace Item">
<mets:div ID="div_2" TYPE="DSpace Content Bitstream">
<mets:fptr FILEID="file_130549"/>
</mets:div>
</mets:div>
</mets:structMap>
</mets:METS>
