<?xml version="1.0" encoding="UTF-8"?>
<mets:METS xmlns:mets="http://www.loc.gov/METS/" xmlns:xlink="http://www.w3.org/TR/xlink/" xmlns:xsi="http://www.w3.org/2001/XMLSchema-instance" xmlns:dim="http://www.dspace.org/xmlns/dspace/dim" OBJEDIT="/admin/item?itemID=38646" OBJID="/handle/10255/dryad.35818" PROFILE="DSPACE METS SIP Profile 1.0" LABEL="DSpace Item" ID="hdl:10255/dryad.35818">
<mets:dmdSec GROUPID="group_dmd_0" ID="dmd_1">
<mets:mdWrap MDTYPE="OTHER" OTHERMDTYPE="DIM">
<mets:xmlData>
<dim:dim dspaceType="ITEM">
<dim:field element="contributor" qualifier="author" mdschema="dc">Beck, James Benjamin</dim:field>
<dim:field element="contributor" qualifier="author" mdschema="dc">Alexander, Patrick J.</dim:field>
<dim:field element="contributor" qualifier="author" mdschema="dc">Allphin, Loreen</dim:field>
<dim:field element="contributor" qualifier="author" mdschema="dc">Al-Shehbaz, Ihsan A.</dim:field>
<dim:field element="contributor" qualifier="author" mdschema="dc">Rushworth, Catherine</dim:field>
<dim:field element="contributor" qualifier="author" mdschema="dc">Bailey, C. Donovan</dim:field>
<dim:field element="contributor" qualifier="author" mdschema="dc">Windham, Michael D.</dim:field>
<dim:field element="date" qualifier="accessioned" mdschema="dc">2011-11-02T18:53:59Z</dim:field>
<dim:field element="date" qualifier="available" mdschema="dc">2011-12-02T00:12:52Z</dim:field>
<dim:field element="date" qualifier="issued" mdschema="dc">2011-11-02</dim:field>
<dim:field element="identifier" mdschema="dc">doi:10.5061/dryad.11p757m0/2</dim:field>
<dim:field element="identifier" qualifier="uri" mdschema="dc">http://hdl.handle.net/10255/dryad.35818</dim:field>
<dim:field element="description" language="" mdschema="dc">Sample information for the 1393 diploids analyzed in this study.</dim:field>
<dim:field element="relation" qualifier="ispartof" mdschema="dc">doi:10.5061/dryad.11p757m0</dim:field>
<dim:field element="rights" qualifier="uri" mdschema="dc">http://creativecommons.org/publicdomain/zero/1.0/</dim:field>
<dim:field element="subject" language="" mdschema="dc">apomixis</dim:field>
<dim:field element="subject" language="" mdschema="dc">"genomic-collision"</dim:field>
<dim:field element="subject" language="" mdschema="dc">heterozygosity</dim:field>
<dim:field element="subject" language="" mdschema="dc">polyploidy</dim:field>
<dim:field element="subject" language="" mdschema="dc">microsatellites</dim:field>
<dim:field element="title" language="" mdschema="dc">1393_diploids_data</dim:field>
<dim:field element="type" language="*" mdschema="dc">Dataset</dim:field>
<dim:field element="ScientificName" language="" mdschema="dwc">Boechera</dim:field>
<dim:field element="ScientificName" language="" mdschema="dwc">Brassicaceae</dim:field>
<dim:field element="type" qualifier="embargo" language="" mdschema="dc">untilArticleAppears</dim:field>
<dim:field element="dryad" qualifier="pageviews">89</dim:field>
<dim:field element="dryad" qualifier="downloads">62</dim:field>
</dim:dim>
</mets:xmlData>
</mets:mdWrap>
</mets:dmdSec>
<mets:fileSec>
<mets:fileGrp USE="CONTENT">
<mets:file CHECKSUMTYPE="MD5" GROUPID="group_file_117247" ID="file_117247" MIMETYPE="text/csv" SIZE="208524" CHECKSUM="3d8ae36d3fee3fb42da22039da5e2a60">
<mets:FLocat LOCTYPE="URL" xlink:title="1393_diploids_data.csv" xlink:label="dataset-file" xlink:type="locator" xlink:href="/bitstream/handle/10255/dryad.35818/1393_diploids_data.csv?sequence=1"/>
</mets:file>
<mets:file CHECKSUMTYPE="MD5" GROUPID="group_file_117248" ID="file_117248" MIMETYPE="text/plain" SIZE="1132" CHECKSUM="98d4cf295378c3d304f3af7b4c65f228">
<mets:FLocat LOCTYPE="URL" xlink:title="README.txt" xlink:label="dc_readme" xlink:type="locator" xlink:href="/bitstream/handle/10255/dryad.35818/README.txt?sequence=2"/>
</mets:file>
</mets:fileGrp>
<mets:fileGrp USE="TEXT">
<mets:file CHECKSUMTYPE="MD5" GROUPID="group_file_117248" ID="file_117325" MIMETYPE="text/plain" SIZE="1120" CHECKSUM="6f8513efc221c0327dcd5755092801fb">
<mets:FLocat LOCTYPE="URL" xlink:title="README.txt.txt" xlink:label="Extracted text" xlink:type="locator" xlink:href="/bitstream/handle/10255/dryad.35818/README.txt.txt?sequence=3"/>
</mets:file>
</mets:fileGrp>
</mets:fileSec>
<mets:structMap LABEL="DSpace" TYPE="LOGICAL">
<mets:div DMDID="dmd_1" TYPE="DSpace Item">
<mets:div ID="div_2" TYPE="DSpace Content Bitstream">
<mets:fptr FILEID="file_117247"/>
</mets:div>
<mets:div ID="div_3" TYPE="DSpace Content Bitstream">
<mets:fptr FILEID="file_117248"/>
</mets:div>
</mets:div>
</mets:structMap>
</mets:METS>
