<?xml version="1.0" encoding="UTF-8"?>
<mets:METS xmlns:mets="http://www.loc.gov/METS/" xmlns:xlink="http://www.w3.org/TR/xlink/" xmlns:xsi="http://www.w3.org/2001/XMLSchema-instance" xmlns:dim="http://www.dspace.org/xmlns/dspace/dim" OBJEDIT="/admin/item?itemID=58147" OBJID="/handle/10255/dryad.48704" PROFILE="DSPACE METS SIP Profile 1.0" LABEL="DSpace Item" ID="hdl:10255/dryad.48704">
<mets:dmdSec GROUPID="group_dmd_0" ID="dmd_1">
<mets:mdWrap MDTYPE="OTHER" OTHERMDTYPE="DIM">
<mets:xmlData>
<dim:dim dspaceType="ITEM">
<dim:field element="contributor" qualifier="author" mdschema="dc">Kerr, Kevin C. R.</dim:field>
<dim:field element="contributor" qualifier="author" mdschema="dc">Dove, Carla J.</dim:field>
<dim:field element="coverage" qualifier="spatial" language="" mdschema="dc">Holarctic</dim:field>
<dim:field element="coverage" qualifier="spatial" language="" mdschema="dc">Pacific Ocean</dim:field>
<dim:field element="coverage" qualifier="spatial" language="" mdschema="dc">Atlantic Ocean</dim:field>
<dim:field element="coverage" qualifier="temporal" language="" mdschema="dc">Pleistocene</dim:field>
<dim:field element="coverage" qualifier="temporal" language="" mdschema="dc">Pliocene</dim:field>
<dim:field element="coverage" qualifier="temporal" language="" mdschema="dc">Miocene</dim:field>
<dim:field element="date" qualifier="accessioned" mdschema="dc">2013-05-22T19:58:56Z</dim:field>
<dim:field element="date" qualifier="available" mdschema="dc">2013-05-22T19:58:56Z</dim:field>
<dim:field element="date" qualifier="issued" mdschema="dc">2013-05-22</dim:field>
<dim:field element="identifier" mdschema="dc">doi:10.5061/dryad.0520f/1</dim:field>
<dim:field element="identifier" qualifier="uri" mdschema="dc">http://hdl.handle.net/10255/dryad.48704</dim:field>
<dim:field element="description" language="" mdschema="dc">Multiple sequence alignment of melanocortin-1 receptor (MC1R) and myoglobin intron II (MYOII) DNA sequences from Fulmarus glacialis and closely allied species. Sequences were phased either: i) in silico using the program PHASE version 2.1, or ii) via cloning using the TOPO TA Cloning kit (Invitrogen). The file is in NEXUS format.</dim:field>
<dim:field element="relation" qualifier="ispartof" mdschema="dc">doi:10.5061/dryad.0520f</dim:field>
<dim:field element="rights" qualifier="uri" mdschema="dc">http://creativecommons.org/publicdomain/zero/1.0/</dim:field>
<dim:field element="subject" confidence="NOVALUE" language="" mdschema="dc">MC1R</dim:field>
<dim:field element="subject" confidence="NOVALUE" language="" mdschema="dc">polymorphism</dim:field>
<dim:field element="subject" confidence="NOVALUE" language="" mdschema="dc">Atlantic</dim:field>
<dim:field element="subject" confidence="NOVALUE" language="" mdschema="dc">Pacific</dim:field>
<dim:field element="subject" confidence="NOVALUE" language="" mdschema="dc">Arctic</dim:field>
<dim:field element="subject" confidence="NOVALUE" language="" mdschema="dc">DNA barcodes</dim:field>
<dim:field element="title" language="" mdschema="dc">Fulmarini_PhasedNuclearHaplotypes</dim:field>
<dim:field element="type" language="*" mdschema="dc">Dataset</dim:field>
<dim:field element="ScientificName" confidence="NOVALUE" language="" mdschema="dwc">Fulmarus glacialis</dim:field>
<dim:field element="ScientificName" confidence="NOVALUE" language="" mdschema="dwc">Fulmarus glacialoides</dim:field>
<dim:field element="ScientificName" confidence="NOVALUE" language="" mdschema="dwc">Pagodroma nivea</dim:field>
<dim:field element="ScientificName" confidence="NOVALUE" language="" mdschema="dwc">Thalassoica antarctica</dim:field>
<dim:field element="type" qualifier="embargo" language="en" mdschema="dc">none</dim:field>
<dim:field element="dryad" qualifier="pageviews">87</dim:field>
<dim:field element="dryad" qualifier="downloads">22</dim:field>
</dim:dim>
</mets:xmlData>
</mets:mdWrap>
</mets:dmdSec>
<mets:fileSec>
<mets:fileGrp USE="CONTENT">
<mets:file CHECKSUMTYPE="MD5" GROUPID="group_file_131779" ID="file_131779" MIMETYPE="text/plain" SIZE="401447" CHECKSUM="1db56fe32726a793574963bd358e8f0d">
<mets:FLocat LOCTYPE="URL" xlink:title="Fulmarini_PhasedNuclearHaplotypes.nex" xlink:label="dataset-file" xlink:type="locator" xlink:href="/bitstream/handle/10255/dryad.48704/Fulmarini_PhasedNuclearHaplotypes.nex?sequence=1"/>
</mets:file>
</mets:fileGrp>
</mets:fileSec>
<mets:structMap LABEL="DSpace" TYPE="LOGICAL">
<mets:div DMDID="dmd_1" TYPE="DSpace Item">
<mets:div ID="div_2" TYPE="DSpace Content Bitstream">
<mets:fptr FILEID="file_131779"/>
</mets:div>
</mets:div>
</mets:structMap>
</mets:METS>
