<?xml version="1.0" encoding="UTF-8"?>
<mets:METS xmlns:mets="http://www.loc.gov/METS/" xmlns:xlink="http://www.w3.org/TR/xlink/" xmlns:xsi="http://www.w3.org/2001/XMLSchema-instance" xmlns:dim="http://www.dspace.org/xmlns/dspace/dim" OBJEDIT="/admin/item?itemID=1933" OBJID="/handle/10255/dryad.1702" PROFILE="DSPACE METS SIP Profile 1.0" LABEL="DSpace Item" ID="hdl:10255/dryad.1702">
<mets:dmdSec GROUPID="group_dmd_0" ID="dmd_1">
<mets:mdWrap MDTYPE="OTHER" OTHERMDTYPE="DIM">
<mets:xmlData>
<dim:dim dspaceType="ITEM">
<dim:field element="contributor" qualifier="author" language="en" mdschema="dc">Du, Bo</dim:field>
<dim:field element="contributor" qualifier="author" language="en" mdschema="dc">Lu, Xin</dim:field>
<dim:field element="coverage" qualifier="spatial" language="en" mdschema="dc">Gahai wetland</dim:field>
<dim:field element="coverage" qualifier="spatial" language="en" mdschema="dc">Gansu Province</dim:field>
<dim:field element="date" qualifier="accessioned" language="" mdschema="dc">2010-06-25T01:41:27Z</dim:field>
<dim:field element="date" qualifier="available" mdschema="dc">2010-12-08T07:30:10Z</dim:field>
<dim:field element="date" qualifier="issued" language="" mdschema="dc">2010-06-24</dim:field>
<dim:field element="identifier" mdschema="dc">doi:10.5061/dryad.1701/1</dim:field>
<dim:field element="identifier" qualifier="uri" language="" mdschema="dc">http://hdl.handle.net/10255/dryad.1702</dim:field>
<dim:field element="description" language="en" mdschema="dc">body parameters of paired birds used in this study. We collected them in the field.</dim:field>
<dim:field element="relation" qualifier="ispartof" language="en" mdschema="dc">doi:10.5061/dryad.1701</dim:field>
<dim:field element="rights" qualifier="uri" language="en" mdschema="dc">http://creativecommons.org/publicdomain/zero/1.0/</dim:field>
<dim:field element="subject" language="en" mdschema="dc">bi-parental breeding</dim:field>
<dim:field element="subject" language="en" mdschema="dc">cooperative breeding</dim:field>
<dim:field element="subject" language="en" mdschema="dc">extra-pair fertilization</dim:field>
<dim:field element="subject" language="en" mdschema="dc">inclusive fitness</dim:field>
<dim:field element="subject" language="en" mdschema="dc">reproductive success</dim:field>
<dim:field element="subject" language="en" mdschema="dc">Tibetan ground tit</dim:field>
<dim:field element="title" language="en" mdschema="dc">bodyparametersofpairedbirdsusedinthisstudy.xls</dim:field>
<dim:field element="type" language="en" mdschema="dc">Dataset</dim:field>
<dim:field element="ScientificName" language="en" mdschema="dwc">Pseudopodoces humilis</dim:field>
<dim:field element="dryad" qualifier="pageviews">152</dim:field>
<dim:field element="dryad" qualifier="downloads">56</dim:field>
</dim:dim>
</mets:xmlData>
</mets:mdWrap>
</mets:dmdSec>
<mets:fileSec>
<mets:fileGrp USE="CONTENT">
<mets:file CHECKSUMTYPE="MD5" GROUPID="group_file_1528" ID="file_1528" MIMETYPE="application/vnd.ms-excel" SIZE="30208" CHECKSUM="246fbb4ba907228c12e414b7c892b0d4">
<mets:FLocat LOCTYPE="URL" xlink:title="bodyparametersofpairedbirdsusedinthisstudy.xls" xlink:type="locator" xlink:href="/bitstream/handle/10255/dryad.1702/bodyparametersofpairedbirdsusedinthisstudy.xls?sequence=1"/>
</mets:file>
</mets:fileGrp>
</mets:fileSec>
<mets:structMap LABEL="DSpace" TYPE="LOGICAL">
<mets:div DMDID="dmd_1" TYPE="DSpace Item">
<mets:div ID="div_2" TYPE="DSpace Content Bitstream">
<mets:fptr FILEID="file_1528"/>
</mets:div>
</mets:div>
</mets:structMap>
</mets:METS>
