<?xml version="1.0" encoding="UTF-8"?>
<mets:METS xmlns:mets="http://www.loc.gov/METS/" xmlns:xlink="http://www.w3.org/TR/xlink/" xmlns:xsi="http://www.w3.org/2001/XMLSchema-instance" xmlns:dim="http://www.dspace.org/xmlns/dspace/dim" OBJEDIT="/admin/item?itemID=1965" OBJID="/handle/10255/dryad.1732" PROFILE="DSPACE METS SIP Profile 1.0" LABEL="DSpace Item" ID="hdl:10255/dryad.1732">
<mets:dmdSec GROUPID="group_dmd_0" ID="dmd_1">
<mets:mdWrap MDTYPE="OTHER" OTHERMDTYPE="DIM">
<mets:xmlData>
<dim:dim dspaceType="ITEM">
<dim:field element="contributor" qualifier="author" language="en" mdschema="dc">Nunes, Maria</dim:field>
<dim:field element="contributor" qualifier="author" language="en" mdschema="dc">Orozco-Ter Wengel, Pablo</dim:field>
<dim:field element="contributor" qualifier="author" language="en" mdschema="dc">Kreissl, Michaela</dim:field>
<dim:field element="contributor" qualifier="author" language="en" mdschema="dc">Schlötterer, Christian</dim:field>
<dim:field element="date" qualifier="accessioned" language="" mdschema="dc">2010-07-05T12:34:03Z</dim:field>
<dim:field element="date" qualifier="available" mdschema="dc">2011-10-07T06:30:13Z</dim:field>
<dim:field element="date" qualifier="issued" language="" mdschema="dc">2010-07-05</dim:field>
<dim:field element="identifier" mdschema="dc">doi:10.5061/dryad.1731/1</dim:field>
<dim:field element="identifier" qualifier="uri" language="" mdschema="dc">http://hdl.handle.net/10255/dryad.1732</dim:field>
<dim:field element="relation" qualifier="ispartof" language="en" mdschema="dc">doi:10.5061/dryad.1731</dim:field>
<dim:field element="rights" qualifier="uri" language="en" mdschema="dc">http://creativecommons.org/publicdomain/zero/1.0/</dim:field>
<dim:field element="subject" language="en" mdschema="dc">Hybridization</dim:field>
<dim:field element="subject" language="en" mdschema="dc">Insects</dim:field>
<dim:field element="subject" language="en" mdschema="dc">Population Genetics - Empirical</dim:field>
<dim:field element="subject" language="en" mdschema="dc">Speciation</dim:field>
<dim:field element="title" language="en" mdschema="dc">Nunesetal2010MSAmatrixMolEcol.txt</dim:field>
<dim:field element="type" language="en" mdschema="dc">Dataset</dim:field>
<dim:field element="ScientificName" language="en" mdschema="dwc">Drosophila mauritiana</dim:field>
<dim:field element="ScientificName" language="en" mdschema="dwc">Drosophila simulans</dim:field>
<dim:field element="ScientificName" language="en" mdschema="dwc">Drosophila melanogaster</dim:field>
<dim:field element="dryad" qualifier="pageviews">145</dim:field>
<dim:field element="dryad" qualifier="downloads">72</dim:field>
</dim:dim>
</mets:xmlData>
</mets:mdWrap>
</mets:dmdSec>
<mets:fileSec>
<mets:fileGrp USE="CONTENT">
<mets:file CHECKSUMTYPE="MD5" GROUPID="group_file_1550" ID="file_1550" MIMETYPE="text/plain" SIZE="34166" CHECKSUM="3adf5c749ee1d6dd36ac7876d017ed9f">
<mets:FLocat LOCTYPE="URL" xlink:title="Nunesetal2010MSAmatrixMolEcol.txt" xlink:type="locator" xlink:href="/bitstream/handle/10255/dryad.1732/Nunesetal2010MSAmatrixMolEcol.txt?sequence=1"/>
</mets:file>
<mets:file CHECKSUMTYPE="MD5" GROUPID="group_file_1551" ID="file_1551" MIMETYPE="text/plain" SIZE="984" CHECKSUM="6085efb0d012d3f9a25b49277f105ba5">
<mets:FLocat LOCTYPE="URL" xlink:title="README.txt" xlink:type="locator" xlink:href="/bitstream/handle/10255/dryad.1732/README.txt?sequence=2"/>
</mets:file>
</mets:fileGrp>
<mets:fileGrp USE="TEXT">
<mets:file CHECKSUMTYPE="MD5" GROUPID="group_file_1551" ID="file_1552" MIMETYPE="text/plain" SIZE="937" CHECKSUM="6dd56bdc8cd8c12c5b68a5e50291b720">
<mets:FLocat LOCTYPE="URL" xlink:title="README.txt.txt" xlink:label="Extracted text" xlink:type="locator" xlink:href="/bitstream/handle/10255/dryad.1732/README.txt.txt?sequence=3"/>
</mets:file>
<mets:file CHECKSUMTYPE="MD5" GROUPID="group_file_1550" ID="file_1553" MIMETYPE="text/plain" SIZE="33941" CHECKSUM="1d04bcbc022a83624d2ce16929381426">
<mets:FLocat LOCTYPE="URL" xlink:title="Nunesetal2010MSAmatrixMolEcol.txt.txt" xlink:label="Extracted text" xlink:type="locator" xlink:href="/bitstream/handle/10255/dryad.1732/Nunesetal2010MSAmatrixMolEcol.txt.txt?sequence=4"/>
</mets:file>
</mets:fileGrp>
</mets:fileSec>
<mets:structMap LABEL="DSpace" TYPE="LOGICAL">
<mets:div DMDID="dmd_1" TYPE="DSpace Item">
<mets:div ID="div_2" TYPE="DSpace Content Bitstream">
<mets:fptr FILEID="file_1550"/>
</mets:div>
<mets:div ID="div_3" TYPE="DSpace Content Bitstream">
<mets:fptr FILEID="file_1551"/>
</mets:div>
</mets:div>
</mets:structMap>
</mets:METS>
