<?xml version="1.0" encoding="UTF-8"?>
<mets:METS xmlns:mets="http://www.loc.gov/METS/" xmlns:xlink="http://www.w3.org/TR/xlink/" xmlns:xsi="http://www.w3.org/2001/XMLSchema-instance" xmlns:dim="http://www.dspace.org/xmlns/dspace/dim" OBJEDIT="/admin/item?itemID=64927" OBJID="/handle/10255/dryad.53166" PROFILE="DSPACE METS SIP Profile 1.0" LABEL="DSpace Item" ID="hdl:10255/dryad.53166">
<mets:dmdSec GROUPID="group_dmd_0" ID="dmd_1">
<mets:mdWrap MDTYPE="OTHER" OTHERMDTYPE="DIM">
<mets:xmlData>
<dim:dim dspaceType="ITEM">
<dim:field element="contributor" qualifier="author" mdschema="dc">Mader, Geraldo</dim:field>
<dim:field element="contributor" qualifier="author" mdschema="dc">Fregonezi, Jeferson N.</dim:field>
<dim:field element="contributor" qualifier="author" mdschema="dc">Lorenz-Lemke, Aline P.</dim:field>
<dim:field element="contributor" qualifier="author" mdschema="dc">Bonatto, Sandro L.</dim:field>
<dim:field element="contributor" qualifier="author" mdschema="dc">Freitas, Loreta B.</dim:field>
<dim:field element="coverage" qualifier="spatial" language="" mdschema="dc">South America; Brazil; Rio Grande do Sul</dim:field>
<dim:field element="coverage" qualifier="temporal" language="" mdschema="dc">Pleistocene; Holocene; Quaternary</dim:field>
<dim:field element="identifier" mdschema="dc">doi:10.5061/dryad.10v90/1</dim:field>
<dim:field element="description" language="" mdschema="dc">trnH-psbA - trnS-trnG alignment   [trnh-psba:1-457pb; trns-trng:458-1243pb]</dim:field>
<dim:field element="relation" qualifier="ispartof" mdschema="dc">doi:10.5061/dryad.10v90</dim:field>
<dim:field element="rights" qualifier="uri" mdschema="dc">http://creativecommons.org/publicdomain/zero/1.0/</dim:field>
<dim:field element="subject" confidence="NOVALUE" language="" mdschema="dc">South-Atlantic Coastal Plain; phylogeography; Pleistocene; Quaternary; genetic diversity; climatic changes; petunia</dim:field>
<dim:field element="title" language="" mdschema="dc">Alignment</dim:field>
<dim:field element="type" language="*" mdschema="dc">Dataset</dim:field>
<dim:field element="ScientificName" confidence="NOVALUE" language="" mdschema="dwc">Calibrachoa heterophylla; Petunia</dim:field>
<dim:field element="type" qualifier="embargo" language="" mdschema="dc">untilArticleAppears</dim:field>
<dim:field element="dryad" qualifier="pageviews">4</dim:field>
<dim:field element="dryad" qualifier="downloads">3</dim:field>
</dim:dim>
</mets:xmlData>
</mets:mdWrap>
</mets:dmdSec>
<mets:fileSec/>
<mets:structMap LABEL="DSpace" TYPE="LOGICAL">
<mets:div DMDID="dmd_1" TYPE="DSpace Item"/>
</mets:structMap>
</mets:METS>
