<?xml version="1.0" encoding="UTF-8"?>
<mets:METS xmlns:mets="http://www.loc.gov/METS/" xmlns:xlink="http://www.w3.org/TR/xlink/" xmlns:xsi="http://www.w3.org/2001/XMLSchema-instance" xmlns:dim="http://www.dspace.org/xmlns/dspace/dim" OBJEDIT="/admin/item?itemID=48566" OBJID="/handle/10255/dryad.42323" PROFILE="DSPACE METS SIP Profile 1.0" LABEL="DSpace Item" ID="hdl:10255/dryad.42323">
<mets:dmdSec GROUPID="group_dmd_0" ID="dmd_1">
<mets:mdWrap MDTYPE="OTHER" OTHERMDTYPE="DIM">
<mets:xmlData>
<dim:dim dspaceType="ITEM">
<dim:field element="contributor" qualifier="author" language="" mdschema="dc">Santos, Josiane</dim:field>
<dim:field element="contributor" qualifier="author" language="" mdschema="dc">Pascual, Marta</dim:field>
<dim:field element="contributor" qualifier="author" language="" mdschema="dc">Simões, Pedro</dim:field>
<dim:field element="contributor" qualifier="author" language="" mdschema="dc">Fragata, Inês</dim:field>
<dim:field element="contributor" qualifier="author" language="" mdschema="dc">Lima, Margarida</dim:field>
<dim:field element="contributor" qualifier="author" language="" mdschema="dc">Kellen, Bárbara</dim:field>
<dim:field element="contributor" qualifier="author" language="" mdschema="dc">Santos, Marta</dim:field>
<dim:field element="contributor" qualifier="author" language="" mdschema="dc">Marques, Ana</dim:field>
<dim:field element="contributor" qualifier="author" language="" mdschema="dc">Rose, Michael</dim:field>
<dim:field element="contributor" qualifier="author" language="" mdschema="dc">Matos, Margarida</dim:field>
<dim:field element="date" qualifier="accessioned" mdschema="dc">2012-09-11T18:35:17Z</dim:field>
<dim:field element="date" qualifier="available" mdschema="dc">2012-11-20T15:58:15Z</dim:field>
<dim:field element="date" qualifier="issued" mdschema="dc">2012-09-11</dim:field>
<dim:field element="identifier" language="" mdschema="dc">doi:10.5061/dryad.0fm71/2</dim:field>
<dim:field element="identifier" mdschema="dc">doi:10.5061/dryad.0fm71/2</dim:field>
<dim:field element="identifier" qualifier="uri" mdschema="dc">http://hdl.handle.net/10255/dryad.42323</dim:field>
<dim:field element="description" language="" mdschema="dc">Mean values of life-history traits per generation and foundation that were used to trace evolutionary trajectories. Mean values were obtained as the difference between each replicate value and the control replicate with the same randomly defined number.</dim:field>
<dim:field element="relation" qualifier="ispartof" language="" mdschema="dc">doi:10.5061/dryad.0fm71</dim:field>
<dim:field element="rights" qualifier="uri" language="" mdschema="dc">http://creativecommons.org/publicdomain/zero/1.0/</dim:field>
<dim:field element="subject" confidence="NOVALUE" language="" mdschema="dc">Adaptation</dim:field>
<dim:field element="subject" confidence="NOVALUE" language="" mdschema="dc">Laboratory Populations</dim:field>
<dim:field element="subject" confidence="NOVALUE" language="" mdschema="dc">Molecular evolution</dim:field>
<dim:field element="subject" confidence="NOVALUE" language="" mdschema="dc">Founder Effects</dim:field>
<dim:field element="subject" confidence="NOVALUE" language="" mdschema="dc">Life history evolution</dim:field>
<dim:field element="title" language="" mdschema="dc">Phenotypic data for the 6 Foundations_Dryad</dim:field>
<dim:field element="type" language="*" mdschema="dc">Dataset</dim:field>
<dim:field element="ScientificName" confidence="FAILED" language="" mdschema="dwc">Drosophila subobscura</dim:field>
<dim:field element="type" qualifier="embargo" language="" mdschema="dc">untilArticleAppears</dim:field>
<dim:field element="workflow" qualifier="submitted" language="" mdschema="internal">true</dim:field>
<dim:field element="dryad" qualifier="pageviews">52</dim:field>
<dim:field element="dryad" qualifier="downloads">27</dim:field>
</dim:dim>
</mets:xmlData>
</mets:mdWrap>
</mets:dmdSec>
<mets:fileSec>
<mets:fileGrp USE="CONTENT">
<mets:file CHECKSUMTYPE="MD5" GROUPID="group_file_125139" ID="file_125139" MIMETYPE="text/plain" SIZE="3235" CHECKSUM="ff56dcdf387f3c05c6a07c9c55223934">
<mets:FLocat LOCTYPE="URL" xlink:title="Phenotypic data for the 6 Foundations_Dryad.txt" xlink:label="dataset-file" xlink:type="locator" xlink:href="/bitstream/handle/10255/dryad.42323/Phenotypic%20data%20for%20the%206%20Foundations_Dryad.txt?sequence=1"/>
</mets:file>
</mets:fileGrp>
</mets:fileSec>
<mets:structMap LABEL="DSpace" TYPE="LOGICAL">
<mets:div DMDID="dmd_1" TYPE="DSpace Item">
<mets:div ID="div_2" TYPE="DSpace Content Bitstream">
<mets:fptr FILEID="file_125139"/>
</mets:div>
</mets:div>
</mets:structMap>
</mets:METS>
