<?xml version="1.0" encoding="UTF-8"?>
<mets:METS xmlns:mets="http://www.loc.gov/METS/" xmlns:xlink="http://www.w3.org/TR/xlink/" xmlns:xsi="http://www.w3.org/2001/XMLSchema-instance" xmlns:dim="http://www.dspace.org/xmlns/dspace/dim" OBJEDIT="/admin/item?itemID=40898" OBJID="/handle/10255/dryad.37288" PROFILE="DSPACE METS SIP Profile 1.0" LABEL="DSpace Item" ID="hdl:10255/dryad.37288">
<mets:dmdSec GROUPID="group_dmd_0" ID="dmd_1">
<mets:mdWrap MDTYPE="OTHER" OTHERMDTYPE="DIM">
<mets:xmlData>
<dim:dim dspaceType="ITEM">
<dim:field element="contributor" qualifier="author" mdschema="dc">Barker, Daniel</dim:field>
<dim:field element="contributor" qualifier="author" mdschema="dc">Karimpour-Fard, Anis</dim:field>
<dim:field element="contributor" qualifier="author" mdschema="dc">Hunter, Lawrence</dim:field>
<dim:field element="identifier" mdschema="dc">doi:10.5061/dryad.17fs8s99/5</dim:field>
<dim:field element="relation" qualifier="ispartof" mdschema="dc">doi:10.5061/dryad.17fs8s99</dim:field>
<dim:field element="rights" qualifier="uri" mdschema="dc">http://creativecommons.org/publicdomain/zero/1.0/</dim:field>
<dim:field element="subject" language="" mdschema="dc">bioinformatics</dim:field>
<dim:field element="subject" language="" mdschema="dc">genomics</dim:field>
<dim:field element="subject" language="" mdschema="dc">genome evolution</dim:field>
<dim:field element="subject" language="" mdschema="dc">functional annotation</dim:field>
<dim:field element="subject" language="" mdschema="dc">phylogeny</dim:field>
<dim:field element="subject" language="" mdschema="dc">comparative method</dim:field>
<dim:field element="subject" language="" mdschema="dc">phylogenetic profiles</dim:field>
<dim:field element="title" language="" mdschema="dc">TestingResults</dim:field>
<dim:field element="type" language="*" mdschema="dc">Dataset</dim:field>
<dim:field element="ScientificName" language="" mdschema="dwc">Mus musculus</dim:field>
<dim:field element="ScientificName" language="" mdschema="dwc">Eukaryota</dim:field>
<dim:field element="dryad" qualifier="pageviews">0</dim:field>
<dim:field element="dryad" qualifier="downloads">0</dim:field>
</dim:dim>
</mets:xmlData>
</mets:mdWrap>
</mets:dmdSec>
<mets:fileSec/>
<mets:structMap LABEL="DSpace" TYPE="LOGICAL">
<mets:div DMDID="dmd_1" TYPE="DSpace Item"/>
</mets:structMap>
</mets:METS>
