<?xml version="1.0" encoding="UTF-8"?>
<mets:METS xmlns:mets="http://www.loc.gov/METS/" xmlns:xlink="http://www.w3.org/TR/xlink/" xmlns:xsi="http://www.w3.org/2001/XMLSchema-instance" xmlns:dim="http://www.dspace.org/xmlns/dspace/dim" OBJEDIT="/admin/item?itemID=2310" OBJID="/handle/10255/dryad.1986" PROFILE="DSPACE METS SIP Profile 1.0" LABEL="DSpace Item" ID="hdl:10255/dryad.1986">
<mets:dmdSec GROUPID="group_dmd_0" ID="dmd_1">
<mets:mdWrap MDTYPE="OTHER" OTHERMDTYPE="DIM">
<mets:xmlData>
<dim:dim dspaceType="ITEM">
<dim:field element="contributor" language="" mdschema="dc">Morris, William F</dim:field>
<dim:field element="contributor" language="" mdschema="dc">Altmann, Jeanne</dim:field>
<dim:field element="contributor" language="" mdschema="dc">Brockman, Diane K</dim:field>
<dim:field element="contributor" language="" mdschema="dc">Cords, Marina</dim:field>
<dim:field element="contributor" language="" mdschema="dc">Fedigan, Linda M</dim:field>
<dim:field element="contributor" language="" mdschema="dc">Pusey, Anne E</dim:field>
<dim:field element="contributor" language="" mdschema="dc">Stoinski, Tara S</dim:field>
<dim:field element="contributor" language="" mdschema="dc">Bronikowski, Anne M</dim:field>
<dim:field element="contributor" language="" mdschema="dc">Alberts, Susan C.</dim:field>
<dim:field element="contributor" language="" mdschema="dc">Strier, Karen B</dim:field>
<dim:field element="date" qualifier="accessioned" language="" mdschema="dc">2010-09-16T16:14:09Z</dim:field>
<dim:field element="date" qualifier="available" language="" mdschema="dc">2010-12-02T07:30:07Z</dim:field>
<dim:field element="date" qualifier="issued" language="" mdschema="dc">2010-09-16</dim:field>
<dim:field element="identifier" mdschema="dc">doi:10.5061/dryad.1985/1</dim:field>
<dim:field element="identifier" qualifier="uri" language="" mdschema="dc">http://hdl.handle.net/10255/dryad.1986</dim:field>
<dim:field element="relation" qualifier="ispartof" language="" mdschema="dc">doi:10.5061/dryad.1985</dim:field>
<dim:field element="rights" qualifier="uri" language="" mdschema="dc">http://creativecommons.org/publicdomain/zero/1.0/</dim:field>
<dim:field element="subject" language="en" mdschema="dc">Demography</dim:field>
<dim:field element="subject" language="en" mdschema="dc">Life history</dim:field>
<dim:field element="subject" language="en" mdschema="dc">Stochastic environments</dim:field>
<dim:field element="title" language="en" mdschema="dc">multiyear vital rates for seven primates</dim:field>
<dim:field element="ScientificName" language="en" mdschema="dwc">Primates</dim:field>
<dim:field element="type" qualifier="embargo" language="en" mdschema="dc">untilArticleAppears</dim:field>
<dim:field element="dryad" qualifier="pageviews">200</dim:field>
<dim:field element="dryad" qualifier="downloads">161</dim:field>
</dim:dim>
</mets:xmlData>
</mets:mdWrap>
</mets:dmdSec>
<mets:fileSec>
<mets:fileGrp USE="CONTENT">
<mets:file CHECKSUMTYPE="MD5" GROUPID="group_file_1758" ID="file_1758" MIMETYPE="text/csv" SIZE="13797" CHECKSUM="e7e7e079ef0ef58ac5f54ced06175bf8">
<mets:FLocat LOCTYPE="URL" xlink:title="multiyear vital rates for seven primates.csv" xlink:label="dataset-file" xlink:type="locator" xlink:href="/bitstream/handle/10255/dryad.1986/multiyear%20vital%20rates%20for%20seven%20primates.csv?sequence=1"/>
</mets:file>
<mets:file CHECKSUMTYPE="MD5" GROUPID="group_file_1759" ID="file_1759" MIMETYPE="text/plain" SIZE="3019" CHECKSUM="b0a7d8d9e280ceb8cde2b105b0cf82b2">
<mets:FLocat LOCTYPE="URL" xlink:title="README.txt" xlink:label="dc_readme" xlink:type="locator" xlink:href="/bitstream/handle/10255/dryad.1986/README.txt?sequence=2"/>
</mets:file>
</mets:fileGrp>
<mets:fileGrp USE="TEXT">
<mets:file CHECKSUMTYPE="MD5" GROUPID="group_file_1759" ID="file_1769" MIMETYPE="text/plain" SIZE="2900" CHECKSUM="6ef23e1da80b2003aeb7b64d179d83cc">
<mets:FLocat LOCTYPE="URL" xlink:title="README.txt.txt" xlink:label="Extracted text" xlink:type="locator" xlink:href="/bitstream/handle/10255/dryad.1986/README.txt.txt?sequence=3"/>
</mets:file>
</mets:fileGrp>
</mets:fileSec>
<mets:structMap LABEL="DSpace" TYPE="LOGICAL">
<mets:div DMDID="dmd_1" TYPE="DSpace Item">
<mets:div ID="div_2" TYPE="DSpace Content Bitstream">
<mets:fptr FILEID="file_1758"/>
</mets:div>
<mets:div ID="div_3" TYPE="DSpace Content Bitstream">
<mets:fptr FILEID="file_1759"/>
</mets:div>
</mets:div>
</mets:structMap>
</mets:METS>
