<?xml version="1.0" encoding="UTF-8"?>
<mets:METS xmlns:mets="http://www.loc.gov/METS/" xmlns:xlink="http://www.w3.org/TR/xlink/" xmlns:xsi="http://www.w3.org/2001/XMLSchema-instance" xmlns:dim="http://www.dspace.org/xmlns/dspace/dim" OBJEDIT="/admin/item?itemID=2016" OBJID="/handle/10255/dryad.1780" PROFILE="DSPACE METS SIP Profile 1.0" LABEL="DSpace Item" ID="hdl:10255/dryad.1780">
<mets:dmdSec GROUPID="group_dmd_0" ID="dmd_1">
<mets:mdWrap MDTYPE="OTHER" OTHERMDTYPE="DIM">
<mets:xmlData>
<dim:dim dspaceType="ITEM">
<dim:field element="contributor" qualifier="author" language="en" mdschema="dc">Crispo, Erika</dim:field>
<dim:field element="contributor" qualifier="author" language="en" mdschema="dc">Chapman, Lauren</dim:field>
<dim:field element="coverage" qualifier="spatial" language="en" mdschema="dc">Uganda</dim:field>
<dim:field element="coverage" qualifier="temporal" language="en" mdschema="dc">2006-2009</dim:field>
<dim:field element="date" qualifier="accessioned" language="" mdschema="dc">2010-07-18T23:53:21Z</dim:field>
<dim:field element="date" qualifier="available" mdschema="dc">2010-09-15T06:30:06Z</dim:field>
<dim:field element="date" qualifier="issued" language="" mdschema="dc">2010-07-18</dim:field>
<dim:field element="identifier" mdschema="dc">doi:10.5061/dryad.1779/1</dim:field>
<dim:field element="identifier" qualifier="uri" language="" mdschema="dc">http://hdl.handle.net/10255/dryad.1780</dim:field>
<dim:field element="description" language="en" mdschema="dc">The measurements of the gill metrics are described in detail in the manuscript. The size standardized values are also included in the spreadsheet, with the formulas for calculation. The data is for fish raised in a split-brood rearing experiment, with F1 offspring raised under high (normoxia) or low (hypoxia) oxygen conditions.</dim:field>
<dim:field element="relation" qualifier="ispartof" language="en" mdschema="dc">doi:10.5061/dryad.1779</dim:field>
<dim:field element="rights" qualifier="uri" language="en" mdschema="dc">http://creativecommons.org/publicdomain/zero/1.0/</dim:field>
<dim:field element="subject" language="en" mdschema="dc">dispersal</dim:field>
<dim:field element="subject" language="en" mdschema="dc">gene flow</dim:field>
<dim:field element="subject" language="en" mdschema="dc">adaptive plasticity</dim:field>
<dim:field element="subject" language="en" mdschema="dc">adaptive divergence</dim:field>
<dim:field element="subject" language="en" mdschema="dc">natural selection</dim:field>
<dim:field element="subject" language="en" mdschema="dc">local adaptation</dim:field>
<dim:field element="subject" language="en" mdschema="dc">reaction norms</dim:field>
<dim:field element="subject" language="en" mdschema="dc">gills</dim:field>
<dim:field element="subject" language="en" mdschema="dc">brain</dim:field>
<dim:field element="subject" language="en" mdschema="dc">hypoxia</dim:field>
<dim:field element="title" language="en" mdschema="dc">CrispoChapman-JEB-Dryad.xls</dim:field>
<dim:field element="type" language="en" mdschema="dc">Dataset</dim:field>
<dim:field element="ScientificName" language="en" mdschema="dwc">Pseudocrenilabrus multicolor victoriae</dim:field>
<dim:field element="dryad" qualifier="pageviews">163</dim:field>
<dim:field element="dryad" qualifier="downloads">63</dim:field>
</dim:dim>
</mets:xmlData>
</mets:mdWrap>
</mets:dmdSec>
<mets:fileSec>
<mets:fileGrp USE="CONTENT">
<mets:file CHECKSUMTYPE="MD5" GROUPID="group_file_1586" ID="file_1586" MIMETYPE="application/vnd.ms-excel" SIZE="124416" CHECKSUM="9d9ea709a00b1dfe1e04d6e446d8eded">
<mets:FLocat LOCTYPE="URL" xlink:title="CrispoChapman-JEB-Dryad.xls" xlink:type="locator" xlink:href="/bitstream/handle/10255/dryad.1780/CrispoChapman-JEB-Dryad.xls?sequence=1"/>
</mets:file>
</mets:fileGrp>
</mets:fileSec>
<mets:structMap LABEL="DSpace" TYPE="LOGICAL">
<mets:div DMDID="dmd_1" TYPE="DSpace Item">
<mets:div ID="div_2" TYPE="DSpace Content Bitstream">
<mets:fptr FILEID="file_1586"/>
</mets:div>
</mets:div>
</mets:structMap>
</mets:METS>
