<?xml version="1.0" encoding="UTF-8"?>
<mets:METS xmlns:mets="http://www.loc.gov/METS/" xmlns:xlink="http://www.w3.org/TR/xlink/" xmlns:xsi="http://www.w3.org/2001/XMLSchema-instance" xmlns:dim="http://www.dspace.org/xmlns/dspace/dim" OBJEDIT="/admin/item?itemID=2147" OBJID="/handle/10255/dryad.1905" PROFILE="DSPACE METS SIP Profile 1.0" LABEL="DSpace Item" ID="hdl:10255/dryad.1905">
<mets:dmdSec GROUPID="group_dmd_0" ID="dmd_1">
<mets:mdWrap MDTYPE="OTHER" OTHERMDTYPE="DIM">
<mets:xmlData>
<dim:dim dspaceType="ITEM">
<dim:field element="contributor" language="" mdschema="dc">Bocak, Ladislav</dim:field>
<dim:field element="contributor" language="" mdschema="dc">Malohlava, Vladimir</dim:field>
<dim:field element="coverage" qualifier="spatial" language="en" mdschema="dc">Southeast Asia</dim:field>
<dim:field element="date" language="en" mdschema="dc">Holocene</dim:field>
<dim:field element="date" qualifier="accessioned" language="" mdschema="dc">2010-08-26T15:46:54Z</dim:field>
<dim:field element="date" qualifier="available" language="" mdschema="dc">2010-10-08T06:31:10Z</dim:field>
<dim:field element="date" qualifier="issued" language="" mdschema="dc">2010-08-26</dim:field>
<dim:field element="identifier" mdschema="dc">doi:10.5061/dryad.1904/1</dim:field>
<dim:field element="identifier" qualifier="uri" language="" mdschema="dc">http://hdl.handle.net/10255/dryad.1905</dim:field>
<dim:field element="description" language="en" mdschema="dc">The nexus matrices containing all sequences used for the phylogenetic analysis</dim:field>
<dim:field element="relation" qualifier="ispartof" language="" mdschema="dc">doi:10.5061/dryad.1904</dim:field>
<dim:field element="subject" language="en" mdschema="dc">Speciation</dim:field>
<dim:field element="subject" language="en" mdschema="dc">Phylogeography</dim:field>
<dim:field element="subject" language="en" mdschema="dc">Insects</dim:field>
<dim:field element="subject" language="en" mdschema="dc">Conservation Biology</dim:field>
<dim:field element="title" language="en" mdschema="dc">ScarelusNEXUSMolEcol</dim:field>
<dim:field element="ScientificName" language="en" mdschema="dwc">Insecta</dim:field>
<dim:field element="ScientificName" language="en" mdschema="dwc">Coleoptera</dim:field>
<dim:field element="ScientificName" language="en" mdschema="dwc">Lycidae</dim:field>
<dim:field element="ScientificName" language="en" mdschema="dwc">Ateliinae</dim:field>
<dim:field element="ScientificName" language="en" mdschema="dwc">Scarelus</dim:field>
<dim:field element="type" qualifier="embargo" language="en" mdschema="dc">untilArticleAppears</dim:field>
<dim:field element="dryad" qualifier="pageviews">127</dim:field>
<dim:field element="dryad" qualifier="downloads">52</dim:field>
</dim:dim>
</mets:xmlData>
</mets:mdWrap>
</mets:dmdSec>
<mets:fileSec>
<mets:fileGrp USE="CONTENT">
<mets:file CHECKSUMTYPE="MD5" GROUPID="group_file_1654" ID="file_1654" MIMETYPE="text/plain" SIZE="395536" CHECKSUM="8e5e2557a2c53476e21a724a23a6ce05">
<mets:FLocat LOCTYPE="URL" xlink:title="ScarelusNEXUSMolEcol.txt" xlink:label="dataset-file" xlink:type="locator" xlink:href="/bitstream/handle/10255/dryad.1905/ScarelusNEXUSMolEcol.txt?sequence=1"/>
</mets:file>
</mets:fileGrp>
<mets:fileGrp USE="TEXT">
<mets:file CHECKSUMTYPE="MD5" GROUPID="group_file_1654" ID="file_1662" MIMETYPE="text/plain" SIZE="394960" CHECKSUM="8806f04202d82be78f61a2d14f994fe0">
<mets:FLocat LOCTYPE="URL" xlink:title="ScarelusNEXUSMolEcol.txt.txt" xlink:label="Extracted text" xlink:type="locator" xlink:href="/bitstream/handle/10255/dryad.1905/ScarelusNEXUSMolEcol.txt.txt?sequence=2"/>
</mets:file>
</mets:fileGrp>
</mets:fileSec>
<mets:structMap LABEL="DSpace" TYPE="LOGICAL">
<mets:div DMDID="dmd_1" TYPE="DSpace Item">
<mets:div ID="div_2" TYPE="DSpace Content Bitstream">
<mets:fptr FILEID="file_1654"/>
</mets:div>
</mets:div>
</mets:structMap>
</mets:METS>
