<?xml version="1.0" encoding="UTF-8"?>
<mets:METS xmlns:mets="http://www.loc.gov/METS/" xmlns:xlink="http://www.w3.org/TR/xlink/" xmlns:xsi="http://www.w3.org/2001/XMLSchema-instance" xmlns:dim="http://www.dspace.org/xmlns/dspace/dim" OBJEDIT="/admin/item?itemID=2337" OBJID="/handle/10255/dryad.2000" PROFILE="DSPACE METS SIP Profile 1.0" LABEL="DSpace Item" ID="hdl:10255/dryad.2000">
<mets:dmdSec GROUPID="group_dmd_0" ID="dmd_1">
<mets:mdWrap MDTYPE="OTHER" OTHERMDTYPE="DIM">
<mets:xmlData>
<dim:dim dspaceType="ITEM">
<dim:field element="contributor" language="" mdschema="dc">Davis, Emily</dim:field>
<dim:field element="contributor" language="" mdschema="dc">Murray, Tomás</dim:field>
<dim:field element="contributor" language="" mdschema="dc">Fitzpatrick, Una</dim:field>
<dim:field element="contributor" language="" mdschema="dc">Brown, Mark</dim:field>
<dim:field element="contributor" language="" mdschema="dc">Paxton, Robert</dim:field>
<dim:field element="date" qualifier="accessioned" language="" mdschema="dc">2010-09-21T15:28:19Z</dim:field>
<dim:field element="date" qualifier="available" mdschema="dc">2010-10-13T06:30:07Z</dim:field>
<dim:field element="date" qualifier="issued" language="" mdschema="dc">2010-09-21</dim:field>
<dim:field element="identifier" mdschema="dc">doi:10.5061/dryad.1999/1</dim:field>
<dim:field element="identifier" qualifier="uri" language="" mdschema="dc">http://hdl.handle.net/10255/dryad.2000</dim:field>
<dim:field element="description" language="en" mdschema="dc">Genepop file of 12 populations used for genetic analysis. Individuals were collected in the field. DNA was extracted and analysed by authors (ED &amp; TM).</dim:field>
<dim:field element="relation" qualifier="ispartof" language="" mdschema="dc">doi:10.5061/dryad.1999</dim:field>
<dim:field element="subject" language="en" mdschema="dc">landscape genetics</dim:field>
<dim:field element="subject" language="en" mdschema="dc">mining bee</dim:field>
<dim:field element="subject" language="en" mdschema="dc">population structure</dim:field>
<dim:field element="subject" language="en" mdschema="dc">dispersal</dim:field>
<dim:field element="subject" language="en" mdschema="dc">management unit</dim:field>
<dim:field element="subject" language="en" mdschema="dc">conservation</dim:field>
<dim:field element="title" language="en" mdschema="dc">Genepop file of 12 populations</dim:field>
<dim:field element="type" qualifier="embargo" language="en" mdschema="dc">untilArticleAppears</dim:field>
<dim:field element="dryad" qualifier="pageviews">208</dim:field>
<dim:field element="dryad" qualifier="downloads">98</dim:field>
</dim:dim>
</mets:xmlData>
</mets:mdWrap>
</mets:dmdSec>
<mets:fileSec>
<mets:fileGrp USE="CONTENT">
<mets:file CHECKSUMTYPE="MD5" GROUPID="group_file_1778" ID="file_1778" MIMETYPE="text/plain" SIZE="33563" CHECKSUM="c6facae70bdcdb6c682d9627faf48077">
<mets:FLocat LOCTYPE="URL" xlink:title="All 12 pops.txt" xlink:label="dataset-file" xlink:type="locator" xlink:href="/bitstream/handle/10255/dryad.2000/All%2012%20pops.txt?sequence=1"/>
</mets:file>
</mets:fileGrp>
<mets:fileGrp USE="TEXT">
<mets:file CHECKSUMTYPE="MD5" GROUPID="group_file_1778" ID="file_1781" MIMETYPE="text/plain" SIZE="32845" CHECKSUM="2a8bbeafbbfc7ae7d8da4f0e0cfb93e8">
<mets:FLocat LOCTYPE="URL" xlink:title="All 12 pops.txt.txt" xlink:label="Extracted text" xlink:type="locator" xlink:href="/bitstream/handle/10255/dryad.2000/All%2012%20pops.txt.txt?sequence=2"/>
</mets:file>
</mets:fileGrp>
</mets:fileSec>
<mets:structMap LABEL="DSpace" TYPE="LOGICAL">
<mets:div DMDID="dmd_1" TYPE="DSpace Item">
<mets:div ID="div_2" TYPE="DSpace Content Bitstream">
<mets:fptr FILEID="file_1778"/>
</mets:div>
</mets:div>
</mets:structMap>
</mets:METS>
