<?xml version="1.0" encoding="UTF-8"?>
<mets:METS xmlns:mets="http://www.loc.gov/METS/" xmlns:xlink="http://www.w3.org/TR/xlink/" xmlns:xsi="http://www.w3.org/2001/XMLSchema-instance" xmlns:dim="http://www.dspace.org/xmlns/dspace/dim" OBJEDIT="/admin/item?itemID=40545" OBJID="/handle/10255/dryad.37026" PROFILE="DSPACE METS SIP Profile 1.0" LABEL="DSpace Item" ID="hdl:10255/dryad.37026">
<mets:dmdSec GROUPID="group_dmd_0" ID="dmd_1">
<mets:mdWrap MDTYPE="OTHER" OTHERMDTYPE="DIM">
<mets:xmlData>
<dim:dim dspaceType="ITEM">
<dim:field element="contributor" qualifier="author" language="" mdschema="dc">Frederickson, Megan E.</dim:field>
<dim:field element="contributor" qualifier="author" language="" mdschema="dc">Ravenscraft, Alison</dim:field>
<dim:field element="contributor" qualifier="author" language="" mdschema="dc">Miller, Gabriel A.</dim:field>
<dim:field element="contributor" qualifier="author" language="" mdschema="dc">Arcila Hernández, Lina Maria</dim:field>
<dim:field element="contributor" qualifier="author" language="" mdschema="dc">Booth, Gregory</dim:field>
<dim:field element="coverage" qualifier="spatial" language="" mdschema="dc">Los Amigos Research Center</dim:field>
<dim:field element="coverage" qualifier="spatial" language="" mdschema="dc">Madre de Dios</dim:field>
<dim:field element="coverage" qualifier="spatial" language="" mdschema="dc">Peru</dim:field>
<dim:field element="coverage" qualifier="spatial" language="" mdschema="dc">12°34’ S</dim:field>
<dim:field element="coverage" qualifier="spatial" language="" mdschema="dc">70°05’ W</dim:field>
<dim:field element="coverage" qualifier="temporal" language="" mdschema="dc">Holocene</dim:field>
<dim:field element="date" qualifier="accessioned" language="" mdschema="dc">2012-02-01T17:50:43Z</dim:field>
<dim:field element="date" qualifier="available" mdschema="dc">2013-04-25T06:30:09Z</dim:field>
<dim:field element="date" qualifier="issued" language="" mdschema="dc">2012-02-01</dim:field>
<dim:field element="identifier" mdschema="dc">doi:10.5061/dryad.144v45c6/2</dim:field>
<dim:field element="identifier" mdschema="dc">doi:10.5061/dryad.144v45c6/2</dim:field>
<dim:field element="identifier" qualifier="uri" language="" mdschema="dc">http://hdl.handle.net/10255/dryad.37026</dim:field>
<dim:field element="relation" qualifier="ispartof" language="" mdschema="dc">doi:10.5061/dryad.144v45c6</dim:field>
<dim:field element="rights" qualifier="uri" language="" mdschema="dc">http://creativecommons.org/publicdomain/zero/1.0/</dim:field>
<dim:field element="subject" language="" mdschema="dc">Ant-plant interactions</dim:field>
<dim:field element="subject" language="" mdschema="dc">Cheating</dim:field>
<dim:field element="subject" language="" mdschema="dc">Costs of resistance</dim:field>
<dim:field element="subject" language="" mdschema="dc">Evolution of mutualism</dim:field>
<dim:field element="subject" language="" mdschema="dc">Indirect plant defense</dim:field>
<dim:field element="title" language="" mdschema="dc">DataAmNat53179file1</dim:field>
<dim:field element="type" language="*" mdschema="dc">Dataset</dim:field>
<dim:field element="ScientificName" language="" mdschema="dwc">Cordia nodosa</dim:field>
<dim:field element="ScientificName" language="" mdschema="dwc">Allomerus octoarticulatus</dim:field>
<dim:field element="ScientificName" language="" mdschema="dwc">Coccoidea</dim:field>
<dim:field element="type" qualifier="embargo" language="" mdschema="dc">oneyear</dim:field>
<dim:field element="dryad" qualifier="pageviews">70</dim:field>
<dim:field element="dryad" qualifier="downloads">39</dim:field>
</dim:dim>
</mets:xmlData>
</mets:mdWrap>
</mets:dmdSec>
<mets:fileSec>
<mets:fileGrp USE="CONTENT">
<mets:file CHECKSUMTYPE="MD5" GROUPID="group_file_119007" ID="file_119007" MIMETYPE="text/plain" SIZE="7061" CHECKSUM="580e3f2a6d59678633bf9440e81f25f1">
<mets:FLocat LOCTYPE="URL" xlink:title="DataAmNat53179file1.txt" xlink:label="dataset-file" xlink:type="locator" xlink:href="/bitstream/handle/10255/dryad.37026/DataAmNat53179file1.txt?sequence=1"/>
</mets:file>
<mets:file CHECKSUMTYPE="MD5" GROUPID="group_file_119008" ID="file_119008" MIMETYPE="text/plain" SIZE="7756" CHECKSUM="2bd95ccd2f46c4560bcdb8dee0c618a2">
<mets:FLocat LOCTYPE="URL" xlink:title="README.txt" xlink:label="dc_readme" xlink:type="locator" xlink:href="/bitstream/handle/10255/dryad.37026/README.txt?sequence=2"/>
</mets:file>
</mets:fileGrp>
<mets:fileGrp USE="TEXT">
<mets:file CHECKSUMTYPE="MD5" GROUPID="group_file_119008" ID="file_119906" MIMETYPE="text/plain" SIZE="7637" CHECKSUM="3f2715cf352d0064cb1236d165b617c6">
<mets:FLocat LOCTYPE="URL" xlink:title="README.txt.txt" xlink:label="Extracted text" xlink:type="locator" xlink:href="/bitstream/handle/10255/dryad.37026/README.txt.txt?sequence=3"/>
</mets:file>
<mets:file CHECKSUMTYPE="MD5" GROUPID="group_file_119007" ID="file_119907" MIMETYPE="text/plain" SIZE="6675" CHECKSUM="784607959ac17f31c3d9bbf9348e2421">
<mets:FLocat LOCTYPE="URL" xlink:title="DataAmNat53179file1.txt.txt" xlink:label="Extracted text" xlink:type="locator" xlink:href="/bitstream/handle/10255/dryad.37026/DataAmNat53179file1.txt.txt?sequence=4"/>
</mets:file>
</mets:fileGrp>
</mets:fileSec>
<mets:structMap LABEL="DSpace" TYPE="LOGICAL">
<mets:div DMDID="dmd_1" TYPE="DSpace Item">
<mets:div ID="div_2" TYPE="DSpace Content Bitstream">
<mets:fptr FILEID="file_119007"/>
</mets:div>
<mets:div ID="div_3" TYPE="DSpace Content Bitstream">
<mets:fptr FILEID="file_119008"/>
</mets:div>
</mets:div>
</mets:structMap>
</mets:METS>
