<?xml version="1.0" encoding="UTF-8"?>
<mets:METS xmlns:mets="http://www.loc.gov/METS/" xmlns:xlink="http://www.w3.org/TR/xlink/" xmlns:xsi="http://www.w3.org/2001/XMLSchema-instance" xmlns:dim="http://www.dspace.org/xmlns/dspace/dim" OBJEDIT="/admin/item?itemID=54898" OBJID="/handle/10255/dryad.46491" PROFILE="DSPACE METS SIP Profile 1.0" LABEL="DSpace Item" ID="hdl:10255/dryad.46491">
<mets:dmdSec GROUPID="group_dmd_0" ID="dmd_1">
<mets:mdWrap MDTYPE="OTHER" OTHERMDTYPE="DIM">
<mets:xmlData>
<dim:dim dspaceType="ITEM">
<dim:field element="contributor" qualifier="author" language="" mdschema="dc">Varghese, Joe</dim:field>
<dim:field element="contributor" qualifier="author" language="" mdschema="dc">Kutty, V.</dim:field>
<dim:field element="contributor" qualifier="author" language="" mdschema="dc">Ramanathan, Mala</dim:field>
<dim:field element="coverage" qualifier="spatial" language="" mdschema="dc">India</dim:field>
<dim:field element="coverage" qualifier="spatial" language="" mdschema="dc">Kerala Tamil Nadu</dim:field>
<dim:field element="identifier" language="" mdschema="dc">doi:10.5061/dryad.03r46/1</dim:field>
<dim:field element="description" language="" mdschema="dc">Transcripts of interviews, FGDs and feild note of observations</dim:field>
<dim:field element="relation" qualifier="ispartof" language="" mdschema="dc">doi:10.5061/dryad.03r46</dim:field>
<dim:field element="rights" qualifier="uri" language="" mdschema="dc">http://creativecommons.org/publicdomain/zero/1.0/</dim:field>
<dim:field element="subject" confidence="NOVALUE" language="" mdschema="dc">ETHICS (see Medical Ethics)</dim:field>
<dim:field element="subject" confidence="NOVALUE" language="" mdschema="dc">Health &amp; safety</dim:field>
<dim:field element="subject" confidence="NOVALUE" language="" mdschema="dc">Organisation of health services</dim:field>
<dim:field element="subject" confidence="NOVALUE" language="" mdschema="dc">Paediatric infectious disease &amp; immunisation</dim:field>
<dim:field element="subject" confidence="NOVALUE" language="" mdschema="dc">PRIMARY CARE</dim:field>
<dim:field element="subject" confidence="NOVALUE" language="" mdschema="dc">SOCIAL MEDICINE</dim:field>
<dim:field element="title" language="" mdschema="dc">Transcripts_TN_Kerala</dim:field>
<dim:field element="type" language="*" mdschema="dc">Dataset</dim:field>
<dim:field element="dryad" qualifier="pageviews">3</dim:field>
<dim:field element="dryad" qualifier="downloads">1</dim:field>
</dim:dim>
</mets:xmlData>
</mets:mdWrap>
</mets:dmdSec>
<mets:fileSec/>
<mets:structMap LABEL="DSpace" TYPE="LOGICAL">
<mets:div DMDID="dmd_1" TYPE="DSpace Item"/>
</mets:structMap>
</mets:METS>
