<?xml version="1.0" encoding="UTF-8"?>
<mets:METS xmlns:mets="http://www.loc.gov/METS/" xmlns:xlink="http://www.w3.org/TR/xlink/" xmlns:xsi="http://www.w3.org/2001/XMLSchema-instance" xmlns:dim="http://www.dspace.org/xmlns/dspace/dim" OBJEDIT="/admin/item?itemID=62319" OBJID="/handle/10255/dryad.51492" PROFILE="DSPACE METS SIP Profile 1.0" LABEL="DSpace Item" ID="hdl:10255/dryad.51492">
<mets:dmdSec GROUPID="group_dmd_0" ID="dmd_1">
<mets:mdWrap MDTYPE="OTHER" OTHERMDTYPE="DIM">
<mets:xmlData>
<dim:dim dspaceType="ITEM">
<dim:field element="contributor" qualifier="author" mdschema="dc">Botero, Carlos</dim:field>
<dim:field element="contributor" qualifier="author" mdschema="dc">Dor, Roi</dim:field>
<dim:field element="contributor" qualifier="author" mdschema="dc">McCain, Christy</dim:field>
<dim:field element="contributor" qualifier="author" mdschema="dc">Safran, Rebecca</dim:field>
<dim:field element="coverage" qualifier="spatial" language="" mdschema="dc">Global coverage</dim:field>
<dim:field element="identifier" mdschema="dc">doi:10.5061/dryad.147tv</dim:field>
<dim:field element="description" language="" mdschema="dc">Life on Earth is conspicuously more diverse in the tropics. Although this intriguing geographic pattern has been linked to many biotic and abiotic factors, their relative importance and potential interactions are still poorly understood. The way in which latitudinal changes in ecological conditions influence evolutionary processes is particularly controversial, as there is evidence for both a positive and a negative latitudinal gradient in speciation rates. Here we identify and address some methodological issues (how patterns are analyzed and how latitude is quantified) that could lead to such conflicting results. To address these issues, we assemble a comprehensive dataset of the environmental correlates of latitude (including climate, net primary productivity, and habitat heterogeneity) and combine it with biological and historical data to explore global patterns in recent divergence events (subspeciation). Surprisingly, we find that the abiotic conditions that typify temperate habitats (i.e., lower net primary productivity, decreased rainfall, and more variable, and unpredictable temperatures) are positively correlated with greater subspecies richness in terrestrial mammals (2365 species) and birds (6694 species). Thus, the potential for intraspecific divergence is greater in species that currently occupy regions with lower biodiversity. Upon considering the possible ways in which subspecies divergence may relate to speciation and evaluating the robustness of this pattern to latitudinal biases in taxonomic knowledge, we conclude that our findings are consistent with a latitudinal increase in the potential for speciation and with recent indications that diversity is likely to accumulate in the tropics through higher species turnover in more temperate regions.</dim:field>
<dim:field element="subject" confidence="NOVALUE" language="" mdschema="dc">latitudinal diversity gradients</dim:field>
<dim:field element="subject" confidence="NOVALUE" language="" mdschema="dc">climate and evolution</dim:field>
<dim:field element="subject" confidence="NOVALUE" language="" mdschema="dc">subspecies richness</dim:field>
<dim:field element="subject" confidence="NOVALUE" language="" mdschema="dc">subspeciation</dim:field>
<dim:field element="subject" confidence="NOVALUE" language="" mdschema="dc">raciation</dim:field>
<dim:field element="subject" confidence="NOVALUE" language="" mdschema="dc">Comparative Biology</dim:field>
<dim:field element="title" language="" mdschema="dc">Data from: Environmental harshness is positively correlated with intraspecific divergence in mammals and birds</dim:field>
<dim:field element="type" language="*" mdschema="dc">Article</dim:field>
<dim:field element="ScientificName" confidence="ACCEPTED" language="" mdschema="dwc">Aves</dim:field>
<dim:field element="ScientificName" confidence="ACCEPTED" language="" mdschema="dwc">Mammalia</dim:field>
<dim:field element="identifier" qualifier="manuscriptNumber" mdschema="dc">MolEcol-MEC-13-0712</dim:field>
<dim:field authority="a312d903f9cad07f83f0a5bbf0b27791" element="publicationName" confidence="UNCERTAIN" language="" mdschema="prism">Molecular Ecology</dim:field>
<dim:field element="archive" qualifier="mailUsers" mdschema="workflow">editorial.office@molecol.com</dim:field>
<dim:field element="archive" qualifier="mailUsers" mdschema="workflow">admin@datadryad.org</dim:field>
<dim:field element="archive" qualifier="mailUsers" mdschema="workflow">curator@datadryad.org</dim:field>
<dim:field element="submit" qualifier="skipReviewStage" mdschema="workflow">false</dim:field>
<dim:field element="workflow" qualifier="submitted" mdschema="internal">true</dim:field>
<dim:field element="review" qualifier="mailUsers" mdschema="workflow">editorial.office@molecol.com</dim:field>
<dim:field element="review" qualifier="mailUsers" mdschema="workflow">managing.editor@molecol.com</dim:field>
<dim:field element="review" qualifier="mailUsers" mdschema="workflow">admin@datadryad.org</dim:field>
<dim:field element="review" qualifier="mailUsers" mdschema="workflow">curator@datadryad.org</dim:field>
</dim:dim>
</mets:xmlData>
</mets:mdWrap>
</mets:dmdSec>
<mets:fileSec/>
<mets:structMap LABEL="DSpace" TYPE="LOGICAL">
<mets:div DMDID="dmd_1" TYPE="DSpace Item"/>
</mets:structMap>
</mets:METS>
