<?xml version="1.0" encoding="UTF-8"?>
<mets:METS xmlns:mets="http://www.loc.gov/METS/" xmlns:xlink="http://www.w3.org/TR/xlink/" xmlns:xsi="http://www.w3.org/2001/XMLSchema-instance" xmlns:dim="http://www.dspace.org/xmlns/dspace/dim" OBJEDIT="/admin/item?itemID=53021" OBJID="/handle/10255/dryad.45235" PROFILE="DSPACE METS SIP Profile 1.0" LABEL="DSpace Item" ID="hdl:10255/dryad.45235">
<mets:dmdSec GROUPID="group_dmd_0" ID="dmd_1">
<mets:mdWrap MDTYPE="OTHER" OTHERMDTYPE="DIM">
<mets:xmlData>
<dim:dim dspaceType="ITEM">
<dim:field element="contributor" qualifier="author" language="" mdschema="dc">Honkola, Terhi</dim:field>
<dim:field element="contributor" qualifier="author" language="" mdschema="dc">Vesakoski, Outi</dim:field>
<dim:field element="contributor" qualifier="author" language="" mdschema="dc">Korhonen, Kalle</dim:field>
<dim:field element="contributor" qualifier="author" language="" mdschema="dc">Lehtinen, Jyri</dim:field>
<dim:field element="contributor" qualifier="author" language="" mdschema="dc">Syrjänen, Kaj</dim:field>
<dim:field element="contributor" qualifier="author" language="" mdschema="dc">Wahlberg, Niklas</dim:field>
<dim:field element="date" qualifier="accessioned" language="" mdschema="dc">2012-12-20T20:16:33Z</dim:field>
<dim:field element="date" qualifier="available" language="" mdschema="dc">2013-05-20T17:01:21Z</dim:field>
<dim:field element="date" qualifier="issued" language="" mdschema="dc">2013-05-16</dim:field>
<dim:field element="identifier" language="" mdschema="dc">doi:10.5061/dryad.057mv/1</dim:field>
<dim:field element="identifier" qualifier="uri" language="" mdschema="dc">http://hdl.handle.net/10255/dryad.45235</dim:field>
<dim:field element="description" language="" mdschema="dc">Binary cognate data from 17 Uralic languages.</dim:field>
<dim:field element="relation" qualifier="ispartof" language="" mdschema="dc">doi:10.5061/dryad.057mv</dim:field>
<dim:field element="rights" qualifier="uri" language="" mdschema="dc">http://creativecommons.org/publicdomain/zero/1.0/</dim:field>
<dim:field element="subject" confidence="NOVALUE" language="" mdschema="dc">Phylogenetics</dim:field>
<dim:field element="subject" confidence="NOVALUE" language="" mdschema="dc">Speciation</dim:field>
<dim:field element="subject" confidence="ACCEPTED" language="" mdschema="dc">Uralic languages</dim:field>
<dim:field element="title" language="" mdschema="dc">Ura100</dim:field>
<dim:field element="type" language="*" mdschema="dc">Dataset</dim:field>
<dim:field element="type" qualifier="embargo" language="" mdschema="dc">oneyear</dim:field>
<dim:field element="dryad" qualifier="pageviews">79</dim:field>
<dim:field element="dryad" qualifier="downloads">17</dim:field>
</dim:dim>
</mets:xmlData>
</mets:mdWrap>
</mets:dmdSec>
<mets:fileSec>
<mets:fileGrp USE="CONTENT">
<mets:file CHECKSUMTYPE="MD5" GROUPID="group_file_128182" ID="file_128182" MIMETYPE="text/plain" SIZE="11917" CHECKSUM="9f50c168b9f03f61f604e6a256bf4686">
<mets:FLocat LOCTYPE="URL" xlink:title="Ura100_beauti.nex" xlink:label="dataset-file" xlink:type="locator" xlink:href="/bitstream/handle/10255/dryad.45235/Ura100_beauti.nex?sequence=1"/>
</mets:file>
</mets:fileGrp>
</mets:fileSec>
<mets:structMap LABEL="DSpace" TYPE="LOGICAL">
<mets:div DMDID="dmd_1" TYPE="DSpace Item">
<mets:div ID="div_2" TYPE="DSpace Content Bitstream">
<mets:fptr FILEID="file_128182"/>
</mets:div>
</mets:div>
</mets:structMap>
</mets:METS>
