<?xml version="1.0" encoding="UTF-8"?>
<mets:METS xmlns:mets="http://www.loc.gov/METS/" xmlns:xlink="http://www.w3.org/TR/xlink/" xmlns:xsi="http://www.w3.org/2001/XMLSchema-instance" xmlns:dim="http://www.dspace.org/xmlns/dspace/dim" OBJEDIT="/admin/item?itemID=65189" OBJID="/handle/10255/dryad.53364" PROFILE="DSPACE METS SIP Profile 1.0" LABEL="DSpace Item" ID="hdl:10255/dryad.53364">
<mets:dmdSec GROUPID="group_dmd_0" ID="dmd_1">
<mets:mdWrap MDTYPE="OTHER" OTHERMDTYPE="DIM">
<mets:xmlData>
<dim:dim dspaceType="ITEM">
<dim:field element="contributor" qualifier="author" mdschema="dc">Heintzman, Peter</dim:field>
<dim:field element="contributor" qualifier="author" mdschema="dc">Elias, Scott</dim:field>
<dim:field element="contributor" qualifier="author" mdschema="dc">Moore, Karen</dim:field>
<dim:field element="contributor" qualifier="author" mdschema="dc">Paszkiewicz, Konrad</dim:field>
<dim:field element="contributor" qualifier="author" mdschema="dc">Barnes, Ian</dim:field>
<dim:field element="coverage" qualifier="spatial" language="" mdschema="dc">Scandinavia</dim:field>
<dim:field element="coverage" qualifier="spatial" language="" mdschema="dc">North America</dim:field>
<dim:field element="coverage" qualifier="spatial" language="" mdschema="dc">Russia</dim:field>
<dim:field element="coverage" qualifier="spatial" language="" mdschema="dc">Canada</dim:field>
<dim:field element="coverage" qualifier="spatial" language="" mdschema="dc">Sweden</dim:field>
<dim:field element="coverage" qualifier="temporal" language="" mdschema="dc">Quaternary</dim:field>
<dim:field element="coverage" qualifier="temporal" language="" mdschema="dc">Late Pleistocene</dim:field>
<dim:field element="coverage" qualifier="temporal" language="" mdschema="dc">Holocene</dim:field>
<dim:field element="coverage" qualifier="temporal" language="" mdschema="dc">Recent</dim:field>
<dim:field element="identifier" mdschema="dc">doi:10.5061/dryad.0179t</dim:field>
<dim:field element="description" language="" mdschema="dc">DNA preserved in degraded beetle (Coleoptera) specimens, including those derived from dry-stored museum and ancient permafrost-preserved environments, could provide a valuable resource for researchers interested in species and population histories over timescales from decades to millenia. However, the potential of these samples as genetic resources is currently unassessed. Here, using Sanger and Illumina shotgun sequence data, we explored DNA preservation in specimens of the ground beetle &lt;i&gt;Amara alpina&lt;/i&gt;, from both museum and ancient environments. Nearly all museum specimens had amplifiable DNA, with the maximum amplifiable fragment length decreasing with age. Amplification of DNA was only possible in 45% of ancient specimens. Preserved mitochondrial DNA fragments were significantly longer than those of nuclear DNA in both museum and ancient specimens. Metagenomic characterisation of extracted DNA demonstrated that parasite-derived sequences, including &lt;i&gt;Wolbachia&lt;/i&gt; and &lt;i&gt;Spiroplasma&lt;/i&gt;, are recoverable from museum beetle specimens. Ancient DNA extracts contained beetle DNA in amounts comparable to museum specimens. Overall, our data demonstrate that there is great potential for both museum and ancient beetle specimens in future genetic studies.</dim:field>
<dim:field element="subject" confidence="NOVALUE" language="" mdschema="dc">DNA preservation</dim:field>
<dim:field element="subject" confidence="NOVALUE" language="" mdschema="dc">Coleoptera</dim:field>
<dim:field element="subject" confidence="NOVALUE" language="" mdschema="dc">ancient DNA</dim:field>
<dim:field element="subject" confidence="NOVALUE" language="" mdschema="dc">museum DNA</dim:field>
<dim:field element="subject" confidence="NOVALUE" language="" mdschema="dc">shotgun sequencing</dim:field>
<dim:field element="subject" confidence="NOVALUE" language="" mdschema="dc">Metagenomics</dim:field>
<dim:field element="title" language="" mdschema="dc">Data from: Characterising DNA preservation in degraded specimens of &lt;i&gt;Amara alpina&lt;/i&gt; (Carabidae: Coleoptera)</dim:field>
<dim:field element="type" language="*" mdschema="dc">Article</dim:field>
<dim:field element="ScientificName" confidence="ACCEPTED" language="" mdschema="dwc">Amara alpina</dim:field>
<dim:field element="ScientificName" confidence="ACCEPTED" language="" mdschema="dwc">Wolbachia</dim:field>
<dim:field element="ScientificName" confidence="ACCEPTED" language="" mdschema="dwc">Spiroplasma</dim:field>
<dim:field element="ScientificName" confidence="ACCEPTED" language="" mdschema="dwc">Carabidae</dim:field>
<dim:field element="ScientificName" confidence="ACCEPTED" language="" mdschema="dwc">Coleoptera</dim:field>
<dim:field element="ScientificName" confidence="ACCEPTED" language="" mdschema="dwc">Insecta</dim:field>
<dim:field element="identifier" qualifier="manuscriptNumber" mdschema="dc">MolEcolRes-MER-13-0299</dim:field>
<dim:field element="publicationName" confidence="NOVALUE" language="" mdschema="prism">Molecular Ecology Resources</dim:field>
<dim:field element="archive" qualifier="mailUsers" mdschema="workflow">editorial.office@molecol.com</dim:field>
<dim:field element="archive" qualifier="mailUsers" mdschema="workflow">admin@datadryad.org</dim:field>
<dim:field element="archive" qualifier="mailUsers" mdschema="workflow">curator@datadryad.org</dim:field>
<dim:field element="submit" qualifier="skipReviewStage" mdschema="workflow">false</dim:field>
<dim:field element="workflow" qualifier="submitted" mdschema="internal">true</dim:field>
<dim:field element="review" qualifier="mailUsers" mdschema="workflow">editorial.office@molecol.com</dim:field>
<dim:field element="review" qualifier="mailUsers" mdschema="workflow">managing.editor@molecol.com</dim:field>
<dim:field element="review" qualifier="mailUsers" mdschema="workflow">admin@datadryad.org</dim:field>
<dim:field element="review" qualifier="mailUsers" mdschema="workflow">curator@datadryad.org</dim:field>
</dim:dim>
</mets:xmlData>
</mets:mdWrap>
</mets:dmdSec>
<mets:fileSec/>
<mets:structMap LABEL="DSpace" TYPE="LOGICAL">
<mets:div DMDID="dmd_1" TYPE="DSpace Item"/>
</mets:structMap>
</mets:METS>
