<?xml version="1.0" encoding="UTF-8"?>
<mets:METS xmlns:mets="http://www.loc.gov/METS/" xmlns:xlink="http://www.w3.org/TR/xlink/" xmlns:xsi="http://www.w3.org/2001/XMLSchema-instance" xmlns:dim="http://www.dspace.org/xmlns/dspace/dim" OBJEDIT="/admin/item?itemID=36055" OBJID="/handle/10255/dryad.34200" PROFILE="DSPACE METS SIP Profile 1.0" LABEL="DSpace Item" ID="hdl:10255/dryad.34200">
<mets:dmdSec GROUPID="group_dmd_0" ID="dmd_1">
<mets:mdWrap MDTYPE="OTHER" OTHERMDTYPE="DIM">
<mets:xmlData>
<dim:dim dspaceType="ITEM">
<dim:field element="contributor" qualifier="author" language="" mdschema="dc">Hoffman, Joe I</dim:field>
<dim:field element="contributor" qualifier="author" language="" mdschema="dc">Grant, Suzie M</dim:field>
<dim:field element="contributor" qualifier="author" language="" mdschema="dc">Forcada, Jaume</dim:field>
<dim:field element="contributor" qualifier="author" language="" mdschema="dc">Phillips, Caleb D</dim:field>
<dim:field element="coverage" qualifier="spatial" language="en" mdschema="dc">South Georgia</dim:field>
<dim:field element="coverage" qualifier="spatial" language="en" mdschema="dc">Antarctica</dim:field>
<dim:field element="coverage" qualifier="temporal" language="en" mdschema="dc">Contemporary</dim:field>
<dim:field element="date" qualifier="accessioned" language="" mdschema="dc">2011-06-24T15:19:34Z</dim:field>
<dim:field element="date" qualifier="available" mdschema="dc">2011-09-20T19:44:08Z</dim:field>
<dim:field element="date" qualifier="issued" language="" mdschema="dc">2011-06-24</dim:field>
<dim:field element="identifier" mdschema="dc">doi:10.5061/dryad.0kj5n/2</dim:field>
<dim:field element="identifier" qualifier="uri" language="" mdschema="dc">http://hdl.handle.net/10255/dryad.34200</dim:field>
<dim:field element="description" language="en" mdschema="dc">Sequence datafile, sorted by haplotype, with the same individual identifiers as in the microsatellite datafile.</dim:field>
<dim:field element="relation" qualifier="ispartof" language="" mdschema="dc">doi:10.5061/dryad.0kj5n</dim:field>
<dim:field element="rights" qualifier="uri" language="" mdschema="dc">http://creativecommons.org/publicdomain/zero/1.0/</dim:field>
<dim:field element="subject" language="en" mdschema="dc">Conservation Biology</dim:field>
<dim:field element="subject" language="en" mdschema="dc">Conservation Genetics</dim:field>
<dim:field element="subject" language="en" mdschema="dc">Mammals</dim:field>
<dim:field element="subject" language="en" mdschema="dc">Population Dynamics</dim:field>
<dim:field element="subject" language="en" mdschema="dc">Population Genetics - Empirical</dim:field>
<dim:field element="subject" language="en" mdschema="dc">Wildlife Management</dim:field>
<dim:field element="title" language="en" mdschema="dc">Hoffman sequence data</dim:field>
<dim:field element="type" language="*" mdschema="dc">Dataset</dim:field>
<dim:field element="ScientificName" language="en" mdschema="dwc">Arctocephalus gazella</dim:field>
<dim:field element="type" qualifier="embargo" language="en" mdschema="dc">untilArticleAppears</dim:field>
<dim:field element="dryad" qualifier="pageviews">100</dim:field>
<dim:field element="dryad" qualifier="downloads">72</dim:field>
</dim:dim>
</mets:xmlData>
</mets:mdWrap>
</mets:dmdSec>
<mets:fileSec>
<mets:fileGrp USE="TEXT">
<mets:file CHECKSUMTYPE="MD5" GROUPID="group_file_115052" ID="file_115055" MIMETYPE="text/plain" SIZE="67556" CHECKSUM="ff704b52f3b4936e6860f277a6f0a25a">
<mets:FLocat LOCTYPE="URL" xlink:title="Hoffman sequence data.txt.txt" xlink:label="Extracted text" xlink:type="locator" xlink:href="/bitstream/handle/10255/dryad.34200/Hoffman%20sequence%20data.txt.txt?sequence=2"/>
</mets:file>
</mets:fileGrp>
<mets:fileGrp USE="CONTENT">
<mets:file CHECKSUMTYPE="MD5" GROUPID="group_file_115052" ID="file_115052" MIMETYPE="text/plain" SIZE="67812" CHECKSUM="2c7fdc8250fe263352cf9ae3f14251e1">
<mets:FLocat LOCTYPE="URL" xlink:title="Hoffman sequence data.txt" xlink:label="dataset-file" xlink:type="locator" xlink:href="/bitstream/handle/10255/dryad.34200/Hoffman%20sequence%20data.txt?sequence=1"/>
</mets:file>
</mets:fileGrp>
</mets:fileSec>
<mets:structMap LABEL="DSpace" TYPE="LOGICAL">
<mets:div DMDID="dmd_1" TYPE="DSpace Item">
<mets:div ID="div_2" TYPE="DSpace Content Bitstream">
<mets:fptr FILEID="file_115052"/>
</mets:div>
</mets:div>
</mets:structMap>
</mets:METS>
