<?xml version="1.0" encoding="UTF-8"?>
<mets:METS xmlns:mets="http://www.loc.gov/METS/" xmlns:xlink="http://www.w3.org/TR/xlink/" xmlns:xsi="http://www.w3.org/2001/XMLSchema-instance" xmlns:dim="http://www.dspace.org/xmlns/dspace/dim" OBJEDIT="/admin/item?itemID=218" OBJID="/handle/10255/dryad.198" PROFILE="DSPACE METS SIP Profile 1.0" LABEL="DSpace Item" ID="hdl:10255/dryad.198">
<mets:dmdSec GROUPID="group_dmd_0" ID="dmd_1">
<mets:mdWrap MDTYPE="OTHER" OTHERMDTYPE="DIM">
<mets:xmlData>
<dim:dim dspaceType="ITEM">
<dim:field element="contributor" qualifier="author" language="" mdschema="dc">Newton, Alicia</dim:field>
<dim:field element="contributor" qualifier="author" language="" mdschema="dc">Pistiner, Janna</dim:field>
<dim:field element="coverage" qualifier="temporal" language="" mdschema="dc">Date:  8/12/1999        &#13;
Time: 6:00 AM</dim:field>
<dim:field element="date" qualifier="accessioned" language="" mdschema="dc">2008-10-02T16:48:46Z</dim:field>
<dim:field element="date" qualifier="available" language="" mdschema="dc">2008-10-02T16:48:46Z</dim:field>
<dim:field element="date" qualifier="issued" language="" mdschema="dc">1999-08</dim:field>
<dim:field element="identifier" mdschema="dc">doi:10.5061/dryad.159/17</dim:field>
<dim:field element="identifier" qualifier="uri" language="" mdschema="dc">http://hdl.handle.net/10255/dryad.198</dim:field>
<dim:field element="description" language="en_US" mdschema="dc">Elev: 2 m &#13;
Date:  8/12/1999        &#13;
Time: 6:00 AM&#13;
Lat:	S 00° 44.70’    &#13;
Long:	W 90° 18.93’&#13;
&#13;
This is a partial panorama -- it does not revolve completely.</dim:field>
<dim:field element="relation" qualifier="ispartof" language="" mdschema="dc">http://hdl.handle.net/10255/dryad.159</dim:field>
<dim:field element="rights" qualifier="uri" language="" mdschema="dc">http://datadryad.org/bitstream/handle/10255/dryad.198/license.txt?sequence=2</dim:field>
<dim:field element="subject" language="en_US" mdschema="dc">human impact</dim:field>
<dim:field element="subject" language="en_US" mdschema="dc">Puerto Ayora</dim:field>
<dim:field element="title" language="en_US" mdschema="dc">Partial Panorama of Puerto Ayora at Sunrise</dim:field>
<dim:field element="type" language="en_US" mdschema="dc">Image</dim:field>
<dim:field element="dryad" qualifier="pageviews">510</dim:field>
<dim:field element="dryad" qualifier="downloads">286</dim:field>
</dim:dim>
</mets:xmlData>
</mets:mdWrap>
</mets:dmdSec>
<mets:fileSec>
<mets:fileGrp USE="CONTENT">
<mets:file CHECKSUMTYPE="MD5" GROUPID="group_file_401" ID="file_401" MIMETYPE="video/quicktime" SIZE="2447306" CHECKSUM="dacaeb6e0bf3a69c1355013c4b5b3682">
<mets:FLocat LOCTYPE="URL" xlink:title="PAyora_L.mov" xlink:type="locator" xlink:href="/bitstream/handle/10255/dryad.198/PAyora_L.mov?sequence=1"/>
</mets:file>
</mets:fileGrp>
<mets:fileGrp USE="LICENSE">
<mets:file CHECKSUMTYPE="MD5" GROUPID="group_file_402" ID="file_402" MIMETYPE="text/plain" SIZE="784" CHECKSUM="c2365a8825ed6ac1d25aff0c4c387dcc">
<mets:FLocat LOCTYPE="URL" xlink:title="license.txt" xlink:type="locator" xlink:href="/bitstream/handle/10255/dryad.198/license.txt?sequence=2"/>
</mets:file>
</mets:fileGrp>
</mets:fileSec>
<mets:structMap LABEL="DSpace" TYPE="LOGICAL">
<mets:div DMDID="dmd_1" TYPE="DSpace Item">
<mets:div ID="div_2" TYPE="DSpace Content Bitstream">
<mets:fptr FILEID="file_401"/>
</mets:div>
</mets:div>
</mets:structMap>
</mets:METS>
