<?xml version="1.0" encoding="UTF-8"?>
<mets:METS xmlns:mets="http://www.loc.gov/METS/" xmlns:xlink="http://www.w3.org/TR/xlink/" xmlns:xsi="http://www.w3.org/2001/XMLSchema-instance" xmlns:dim="http://www.dspace.org/xmlns/dspace/dim" OBJEDIT="/admin/item?itemID=2008" OBJID="/handle/10255/dryad.1772" PROFILE="DSPACE METS SIP Profile 1.0" LABEL="DSpace Item" ID="hdl:10255/dryad.1772">
<mets:dmdSec GROUPID="group_dmd_0" ID="dmd_1">
<mets:mdWrap MDTYPE="OTHER" OTHERMDTYPE="DIM">
<mets:xmlData>
<dim:dim dspaceType="ITEM">
<dim:field element="contributor" qualifier="author" language="en" mdschema="dc">Holsbeek, Griet</dim:field>
<dim:field element="contributor" qualifier="author" language="en" mdschema="dc">Mergeay, Joachim</dim:field>
<dim:field element="contributor" qualifier="author" language="en" mdschema="dc">Hotz, Hansjürg</dim:field>
<dim:field element="contributor" qualifier="author" language="en" mdschema="dc">Plötner, Jörg</dim:field>
<dim:field element="contributor" qualifier="author" language="en" mdschema="dc">Volckaert, Filip</dim:field>
<dim:field element="contributor" qualifier="author" language="en" mdschema="dc">De Meester, Luc</dim:field>
<dim:field element="date" qualifier="accessioned" language="" mdschema="dc">2010-07-14T14:02:22Z</dim:field>
<dim:field element="date" qualifier="available" mdschema="dc">2010-12-08T07:30:11Z</dim:field>
<dim:field element="date" qualifier="issued" language="" mdschema="dc">2010-07-14</dim:field>
<dim:field element="identifier" mdschema="dc">doi:10.5061/dryad.1771/1</dim:field>
<dim:field element="identifier" qualifier="uri" language="" mdschema="dc">http://hdl.handle.net/10255/dryad.1772</dim:field>
<dim:field element="description" language="en" mdschema="dc">Sequence information of the samples included in the paper</dim:field>
<dim:field element="relation" qualifier="ispartof" language="en" mdschema="dc">doi:10.5061/dryad.1771</dim:field>
<dim:field element="rights" qualifier="uri" language="en" mdschema="dc">http://creativecommons.org/publicdomain/zero/1.0/</dim:field>
<dim:field element="subject" language="en" mdschema="dc">Amphibians</dim:field>
<dim:field element="subject" language="en" mdschema="dc">Conservation Biology</dim:field>
<dim:field element="subject" language="en" mdschema="dc">Conservation Genetics</dim:field>
<dim:field element="subject" language="en" mdschema="dc">Hybridization</dim:field>
<dim:field element="title" language="en" mdschema="dc">InvasionNoteND1SequinGenbank.txt</dim:field>
<dim:field element="type" language="en" mdschema="dc">Dataset</dim:field>
<dim:field element="dryad" qualifier="pageviews">141</dim:field>
<dim:field element="dryad" qualifier="downloads">42</dim:field>
</dim:dim>
</mets:xmlData>
</mets:mdWrap>
</mets:dmdSec>
<mets:fileSec>
<mets:fileGrp USE="CONTENT">
<mets:file CHECKSUMTYPE="MD5" GROUPID="group_file_1577" ID="file_1577" MIMETYPE="text/plain" SIZE="44453" CHECKSUM="c635e9f16c213e60710f0be029e9d58f">
<mets:FLocat LOCTYPE="URL" xlink:title="InvasionNoteND1SequinGenbank.txt" xlink:type="locator" xlink:href="/bitstream/handle/10255/dryad.1772/InvasionNoteND1SequinGenbank.txt?sequence=1"/>
</mets:file>
</mets:fileGrp>
<mets:fileGrp USE="TEXT">
<mets:file CHECKSUMTYPE="MD5" GROUPID="group_file_1577" ID="file_1581" MIMETYPE="text/plain" SIZE="44301" CHECKSUM="46468b64f27da3c42411dc2813fe81cf">
<mets:FLocat LOCTYPE="URL" xlink:title="InvasionNoteND1SequinGenbank.txt.txt" xlink:label="Extracted text" xlink:type="locator" xlink:href="/bitstream/handle/10255/dryad.1772/InvasionNoteND1SequinGenbank.txt.txt?sequence=2"/>
</mets:file>
</mets:fileGrp>
</mets:fileSec>
<mets:structMap LABEL="DSpace" TYPE="LOGICAL">
<mets:div DMDID="dmd_1" TYPE="DSpace Item">
<mets:div ID="div_2" TYPE="DSpace Content Bitstream">
<mets:fptr FILEID="file_1577"/>
</mets:div>
</mets:div>
</mets:structMap>
</mets:METS>
