<?xml version="1.0" encoding="UTF-8"?>
<mets:METS xmlns:mets="http://www.loc.gov/METS/" xmlns:xlink="http://www.w3.org/TR/xlink/" xmlns:xsi="http://www.w3.org/2001/XMLSchema-instance" xmlns:dim="http://www.dspace.org/xmlns/dspace/dim" OBJEDIT="/admin/item?itemID=50487" OBJID="/handle/10255/dryad.43632" PROFILE="DSPACE METS SIP Profile 1.0" LABEL="DSpace Item" ID="hdl:10255/dryad.43632">
<mets:dmdSec GROUPID="group_dmd_0" ID="dmd_1">
<mets:mdWrap MDTYPE="OTHER" OTHERMDTYPE="DIM">
<mets:xmlData>
<dim:dim dspaceType="ITEM">
<dim:field element="contributor" qualifier="author" mdschema="dc">Tolley, Krystal A.</dim:field>
<dim:field element="contributor" qualifier="author" mdschema="dc">Townsend, Ted M.</dim:field>
<dim:field element="contributor" qualifier="author" mdschema="dc">Vences, Miguel</dim:field>
<dim:field element="coverage" qualifier="spatial" language="" mdschema="dc">Africa</dim:field>
<dim:field element="coverage" qualifier="spatial" language="" mdschema="dc">Madagascar</dim:field>
<dim:field element="coverage" qualifier="spatial" language="" mdschema="dc">Seychelles</dim:field>
<dim:field element="coverage" qualifier="temporal" language="" mdschema="dc">Eocene</dim:field>
<dim:field element="coverage" qualifier="temporal" language="" mdschema="dc">Oligocene</dim:field>
<dim:field element="coverage" qualifier="temporal" language="" mdschema="dc">Holocene</dim:field>
<dim:field element="date" qualifier="accessioned" mdschema="dc">2013-04-11T14:43:33Z</dim:field>
<dim:field element="date" qualifier="available" mdschema="dc">2013-04-11T14:43:33Z</dim:field>
<dim:field element="date" qualifier="issued" mdschema="dc">2013-04-11</dim:field>
<dim:field element="identifier" mdschema="dc">doi:10.5061/dryad.11350/12</dim:field>
<dim:field element="identifier" qualifier="uri" mdschema="dc">http://hdl.handle.net/10255/dryad.43632</dim:field>
<dim:field element="description" language="" mdschema="dc">NEXUS format file of 13-gene alignment with command block incluzding settings for MrBayes Bayesian Inference phylogenetic analysis.</dim:field>
<dim:field element="relation" qualifier="ispartof" mdschema="dc">doi:10.5061/dryad.11350</dim:field>
<dim:field element="rights" qualifier="uri" mdschema="dc">http://creativecommons.org/publicdomain/zero/1.0/</dim:field>
<dim:field element="subject" confidence="NOVALUE" language="" mdschema="dc">phylogeny</dim:field>
<dim:field element="subject" confidence="NOVALUE" language="" mdschema="dc">biogeography</dim:field>
<dim:field element="subject" confidence="NOVALUE" language="" mdschema="dc">overeseas dispersal</dim:field>
<dim:field element="title" language="" mdschema="dc">13 gene Alignment with MrBayes block</dim:field>
<dim:field element="type" language="*" mdschema="dc">Dataset</dim:field>
<dim:field element="ScientificName" confidence="NOVALUE" language="" mdschema="dwc">Squamata</dim:field>
<dim:field element="ScientificName" confidence="NOVALUE" language="" mdschema="dwc">Chamaeleonidae</dim:field>
<dim:field element="type" qualifier="embargo" language="en" mdschema="dc">none</dim:field>
<dim:field element="dryad" qualifier="pageviews">36</dim:field>
<dim:field element="dryad" qualifier="downloads">29</dim:field>
</dim:dim>
</mets:xmlData>
</mets:mdWrap>
</mets:dmdSec>
<mets:fileSec>
<mets:fileGrp USE="CONTENT">
<mets:file CHECKSUMTYPE="MD5" GROUPID="group_file_126490" ID="file_126490" MIMETYPE="text/plain" SIZE="825626" CHECKSUM="00eb39e9240711535414b67a6c1721e2">
<mets:FLocat LOCTYPE="URL" xlink:title="ChamsReduced_13genesMBbygene_20110229.nex" xlink:label="dataset-file" xlink:type="locator" xlink:href="/bitstream/handle/10255/dryad.43632/ChamsReduced_13genesMBbygene_20110229.nex?sequence=1"/>
</mets:file>
</mets:fileGrp>
</mets:fileSec>
<mets:structMap LABEL="DSpace" TYPE="LOGICAL">
<mets:div DMDID="dmd_1" TYPE="DSpace Item">
<mets:div ID="div_2" TYPE="DSpace Content Bitstream">
<mets:fptr FILEID="file_126490"/>
</mets:div>
</mets:div>
</mets:structMap>
</mets:METS>
