<?xml version="1.0" encoding="UTF-8"?>
<mets:METS xmlns:mets="http://www.loc.gov/METS/" xmlns:xlink="http://www.w3.org/TR/xlink/" xmlns:xsi="http://www.w3.org/2001/XMLSchema-instance" xmlns:dim="http://www.dspace.org/xmlns/dspace/dim" OBJEDIT="/admin/item?itemID=46462" OBJID="/handle/10255/dryad.40939" PROFILE="DSPACE METS SIP Profile 1.0" LABEL="DSpace Item" ID="hdl:10255/dryad.40939">
<mets:dmdSec GROUPID="group_dmd_0" ID="dmd_1">
<mets:mdWrap MDTYPE="OTHER" OTHERMDTYPE="DIM">
<mets:xmlData>
<dim:dim dspaceType="ITEM">
<dim:field element="contributor" qualifier="author" mdschema="dc">Robinson, John</dim:field>
<dim:field element="contributor" qualifier="author" mdschema="dc">Haag, Christoph</dim:field>
<dim:field element="contributor" qualifier="author" mdschema="dc">Hall, David</dim:field>
<dim:field element="contributor" qualifier="author" mdschema="dc">Pajunen, V.</dim:field>
<dim:field element="contributor" qualifier="author" mdschema="dc">Wares, John</dim:field>
<dim:field element="coverage" qualifier="spatial" language="" mdschema="dc">Tvarminne</dim:field>
<dim:field element="coverage" qualifier="spatial" language="" mdschema="dc">Finland</dim:field>
<dim:field element="date" qualifier="accessioned" mdschema="dc">2012-07-11T19:49:56Z</dim:field>
<dim:field element="date" qualifier="available" mdschema="dc">2012-11-20T17:24:01Z</dim:field>
<dim:field element="date" qualifier="issued" mdschema="dc">2012-07-11</dim:field>
<dim:field element="identifier" mdschema="dc">doi:10.5061/dryad.0dn7s/3</dim:field>
<dim:field element="identifier" qualifier="uri" mdschema="dc">http://hdl.handle.net/10255/dryad.40939</dim:field>
<dim:field element="description" language="" mdschema="dc">GPS coordinates for each of the 14 sampled Daphnia magna populations from Storgrundet, a rocky island in the Tvarminne archipelago of Finland.</dim:field>
<dim:field element="relation" qualifier="ispartof" mdschema="dc">doi:10.5061/dryad.0dn7s</dim:field>
<dim:field element="rights" qualifier="uri" mdschema="dc">http://creativecommons.org/publicdomain/zero/1.0/</dim:field>
<dim:field element="subject" confidence="NOVALUE" language="" mdschema="dc">microsatellites</dim:field>
<dim:field element="subject" confidence="NOVALUE" language="" mdschema="dc">metapopulation</dim:field>
<dim:field element="subject" confidence="NOVALUE" language="" mdschema="dc">mismatch distribution</dim:field>
<dim:field element="subject" confidence="NOVALUE" language="" mdschema="dc">population expansion</dim:field>
<dim:field element="subject" confidence="NOVALUE" language="" mdschema="dc">colonization</dim:field>
<dim:field element="title" language="" mdschema="dc">Sample locations</dim:field>
<dim:field element="type" language="*" mdschema="dc">Dataset</dim:field>
<dim:field element="ScientificName" confidence="NOVALUE" language="" mdschema="dwc">Daphnia magna</dim:field>
<dim:field element="type" qualifier="embargo" language="" mdschema="dc">untilArticleAppears</dim:field>
<dim:field element="dryad" qualifier="pageviews">75</dim:field>
<dim:field element="dryad" qualifier="downloads">36</dim:field>
</dim:dim>
</mets:xmlData>
</mets:mdWrap>
</mets:dmdSec>
<mets:fileSec>
<mets:fileGrp USE="CONTENT">
<mets:file CHECKSUMTYPE="MD5" GROUPID="group_file_123649" ID="file_123649" MIMETYPE="application/vnd.ms-excel" SIZE="15872" CHECKSUM="f5c9bde77c300a185d025a90751ebd2e">
<mets:FLocat LOCTYPE="URL" xlink:title="SampleSites.xls" xlink:label="dataset-file" xlink:type="locator" xlink:href="/bitstream/handle/10255/dryad.40939/SampleSites.xls?sequence=1"/>
</mets:file>
<mets:file CHECKSUMTYPE="MD5" GROUPID="group_file_123651" ID="file_123651" MIMETYPE="text/plain" SIZE="1757" CHECKSUM="a39f38811a9585624635ac35145fd4ed">
<mets:FLocat LOCTYPE="URL" xlink:title="README.txt" xlink:label="dc_readme" xlink:type="locator" xlink:href="/bitstream/handle/10255/dryad.40939/README.txt?sequence=2"/>
</mets:file>
</mets:fileGrp>
</mets:fileSec>
<mets:structMap LABEL="DSpace" TYPE="LOGICAL">
<mets:div DMDID="dmd_1" TYPE="DSpace Item">
<mets:div ID="div_2" TYPE="DSpace Content Bitstream">
<mets:fptr FILEID="file_123649"/>
</mets:div>
<mets:div ID="div_3" TYPE="DSpace Content Bitstream">
<mets:fptr FILEID="file_123651"/>
</mets:div>
</mets:div>
</mets:structMap>
</mets:METS>
