<?xml version="1.0" encoding="UTF-8"?>
<mets:METS xmlns:mets="http://www.loc.gov/METS/" xmlns:xlink="http://www.w3.org/TR/xlink/" xmlns:xsi="http://www.w3.org/2001/XMLSchema-instance" xmlns:dim="http://www.dspace.org/xmlns/dspace/dim" OBJEDIT="/admin/item?itemID=55683" OBJID="/handle/10255/dryad.47062" PROFILE="DSPACE METS SIP Profile 1.0" LABEL="DSpace Item" ID="hdl:10255/dryad.47062">
<mets:dmdSec GROUPID="group_dmd_0" ID="dmd_1">
<mets:mdWrap MDTYPE="OTHER" OTHERMDTYPE="DIM">
<mets:xmlData>
<dim:dim dspaceType="ITEM">
<dim:field element="contributor" qualifier="author" mdschema="dc">Ekman, Stefan</dim:field>
<dim:field element="contributor" qualifier="author" mdschema="dc">Jørgensen, Per Magnus</dim:field>
<dim:field element="contributor" qualifier="author" mdschema="dc">Lindblom, Louise</dim:field>
<dim:field element="contributor" qualifier="author" mdschema="dc">Wedin, Mats</dim:field>
<dim:field element="identifier" mdschema="dc">doi:10.5061/dryad.199ks</dim:field>
<dim:field element="description" language="" mdschema="dc">Models that capture essential evolutionary processes but minimize parameter number to retain predictive power are central to phylogenetics. Phylogeneticists often select among a finite set of models using a criterion that rewards likelihood score improvements but penalizes the addition of parameters, often within the framework of the general time-reversible (GTR) model and its special cases, with or without spatial rate heterogeneity. On the other hand, too little attention is often given to model adequacy, the absolute power of the model to recreate the footprint of the processes that affected the data. However, if the primary target of a phylogenetic investigation is to infer relationships, none of the above-mentioned tasks are worthwhile unless they affect tree topology. Our aims were to estimate phylogeny in the lichen-forming ascomycete family Pannariaceae and to explicitly assess the influence of spatially and temporally heterogeneous processes, beyond the GTR, on our data and specifically how modelling such processes affects tree topologies sampled by Bayesian Markov chain Monte Carlo (MCMC). We show that our data are likely to have been affected by spatial heterogeneity in nucleotide frequencies and substitution rate matrices as well as temporal heterogeneity in nucleotide frequencies, rates (heterotachy), and substitution rate matrices (heteropecilly). The most dramatic gains in likelihood and model adequacy were obtained by modelling spatial heterogeneity in nucleotide frequencies. Previous investigations have indicated that models not incorporating such heterogeneity tend to overestimate site diversity (alphabet size) in amino acid data. We show that the same problem applies to the much smaller nucleotide alphabet size, even when data sets are of relatively modest size. Adding spatial heterogeneity in nucleotide frequencies to the model often has significant influence on MCMC topology sampling. Furthermore, our results suggest spatial heterogeneity in the substitution rate matrix may sometimes be fruitful to model, because likelihood improvements are considerable, more than one rate matrix is inferred, and, above all, because the MCMC tree topology sample is often significantly different compared to a model dictating spatial rate matrix homogeneity. Modelling temporal heterogeneity in nucleotide frequencies or the substitution rate matrix, on the other hand, had no measurable effect on the MCMC tree topology sample even when substantial marginal likelihood improvements had indicated deviations from homogeneous nucleotide frequencies and uneven codon usage bias across taxa, respectively. Similarly, modelling heterotachy by allowing multiple branch length sets conferred substantial likelihood gains but did not seem to affect the MCMC tree topology sample. Finally, we demonstrate that overparameterization within the GTR family (including a proportion of invariable sites and rate heterogeneity across sites) beyond the model selected by commonly used model selection tools has negligible effects on the MCMC tree topology sample. The general message is that modelling spatially heterogeneous processes appears to be far more productive than modelling temporally heterogeneous processes or reducing parameter space within the GTR family when tree topology inference is of primary interest and when the data consist of nucleotide sequences from a reasonable sample of taxa at family level.</dim:field>
<dim:field element="subject" confidence="NOVALUE" language="" mdschema="dc">model adequacy</dim:field>
<dim:field element="subject" confidence="NOVALUE" language="" mdschema="dc">model selection</dim:field>
<dim:field element="subject" confidence="NOVALUE" language="" mdschema="dc">tree space</dim:field>
<dim:field element="subject" confidence="NOVALUE" language="" mdschema="dc">spatial heterogeneity</dim:field>
<dim:field element="subject" confidence="NOVALUE" language="" mdschema="dc">temporal heterogeneity</dim:field>
<dim:field element="subject" confidence="NOVALUE" language="" mdschema="dc">ascomycetes</dim:field>
<dim:field element="subject" confidence="NOVALUE" language="" mdschema="dc">lichens</dim:field>
<dim:field element="subject" confidence="NOVALUE" language="" mdschema="dc">Pannariaceae</dim:field>
<dim:field element="title" language="" mdschema="dc">Data from: Effects of Model Choice on Tree Space Exploration in the Phylogeny of the Pannariaceae</dim:field>
<dim:field element="type" language="*" mdschema="dc">Article</dim:field>
<dim:field element="contributor" qualifier="correspondingAuthor" language="" mdschema="dc">Ekman, Stefan</dim:field>
<dim:field element="identifier" qualifier="manuscriptNumber" mdschema="dc">SystBiol-USYB-2013-045</dim:field>
<dim:field authority="c3bd375bfb431ad1c5323c78cb6594fd" element="publicationName" confidence="UNCERTAIN" language="" mdschema="prism">Systematic Biology</dim:field>
<dim:field element="archive" qualifier="mailUsers" mdschema="workflow">ron.debry@uc.edu</dim:field>
<dim:field element="archive" qualifier="mailUsers" mdschema="workflow">sysbio.editorialoffice@oup.com</dim:field>
<dim:field element="archive" qualifier="mailUsers" mdschema="workflow">systbiol@uconn.edu</dim:field>
<dim:field element="archive" qualifier="mailUsers" mdschema="workflow">sysbio@oxfordjournals.org</dim:field>
<dim:field element="archive" qualifier="mailUsers" mdschema="workflow">Caitlyn.Haase@oup.com</dim:field>
<dim:field element="archive" qualifier="mailUsers" mdschema="workflow">Cathy.Kennedy@oup.com</dim:field>
<dim:field element="archive" qualifier="mailUsers" mdschema="workflow">admin@datadryad.org</dim:field>
<dim:field element="archive" qualifier="mailUsers" mdschema="workflow">curator@datadryad.org</dim:field>
<dim:field element="submit" qualifier="skipReviewStage" mdschema="workflow">false</dim:field>
<dim:field element="workflow" qualifier="submitted" mdschema="internal">true</dim:field>
<dim:field element="submit" qualifier="showEmbargo" mdschema="internal">false</dim:field>
<dim:field element="review" qualifier="mailUsers" mdschema="workflow">ron.debry@uc.edu</dim:field>
<dim:field element="review" qualifier="mailUsers" mdschema="workflow">sysbio.editorialoffice@oup.com</dim:field>
<dim:field element="review" qualifier="mailUsers" mdschema="workflow">systbiol@uconn.edu</dim:field>
<dim:field element="review" qualifier="mailUsers" mdschema="workflow">admin@datadryad.org</dim:field>
<dim:field element="review" qualifier="mailUsers" mdschema="workflow">curator@datadryad.org</dim:field>
</dim:dim>
</mets:xmlData>
</mets:mdWrap>
</mets:dmdSec>
<mets:fileSec/>
<mets:structMap LABEL="DSpace" TYPE="LOGICAL">
<mets:div DMDID="dmd_1" TYPE="DSpace Item"/>
</mets:structMap>
</mets:METS>
