<?xml version="1.0" encoding="UTF-8"?>
<mets:METS xmlns:mets="http://www.loc.gov/METS/" xmlns:xlink="http://www.w3.org/TR/xlink/" xmlns:xsi="http://www.w3.org/2001/XMLSchema-instance" xmlns:dim="http://www.dspace.org/xmlns/dspace/dim" OBJEDIT="/admin/item?itemID=1974" OBJID="/handle/10255/dryad.1739" PROFILE="DSPACE METS SIP Profile 1.0" LABEL="DSpace Item" ID="hdl:10255/dryad.1739">
<mets:dmdSec GROUPID="group_dmd_0" ID="dmd_1">
<mets:mdWrap MDTYPE="OTHER" OTHERMDTYPE="DIM">
<mets:xmlData>
<dim:dim dspaceType="ITEM">
<dim:field element="contributor" qualifier="author" language="en" mdschema="dc">Lucek, Kay</dim:field>
<dim:field element="contributor" qualifier="author" language="en" mdschema="dc">Roy, Denis</dim:field>
<dim:field element="contributor" qualifier="author" language="en" mdschema="dc">Bezault, Etienne</dim:field>
<dim:field element="contributor" qualifier="author" language="en" mdschema="dc">Sivasundar, Arjun</dim:field>
<dim:field element="contributor" qualifier="author" language="en" mdschema="dc">Seehausen, Ole</dim:field>
<dim:field element="coverage" qualifier="spatial" language="en" mdschema="dc">Switzerland</dim:field>
<dim:field element="coverage" qualifier="temporal" language="en" mdschema="dc">Holocene</dim:field>
<dim:field element="date" qualifier="accessioned" language="" mdschema="dc">2010-07-06T23:31:26Z</dim:field>
<dim:field element="date" qualifier="available" mdschema="dc">2010-08-25T06:30:06Z</dim:field>
<dim:field element="date" qualifier="issued" language="" mdschema="dc">2010-07-06</dim:field>
<dim:field element="identifier" mdschema="dc">doi:10.5061/dryad.1736/3</dim:field>
<dim:field element="identifier" qualifier="uri" language="" mdschema="dc">http://hdl.handle.net/10255/dryad.1739</dim:field>
<dim:field element="description" language="en" mdschema="dc">The file contains the internal sample code, the population site abbreviated as in table 1 and the STN381 loci for each individual.</dim:field>
<dim:field element="relation" qualifier="ispartof" language="en" mdschema="dc">doi:10.5061/dryad.1736</dim:field>
<dim:field element="rights" qualifier="uri" language="en" mdschema="dc">http://creativecommons.org/publicdomain/zero/1.0/</dim:field>
<dim:field element="subject" language="en" mdschema="dc">Hybridization</dim:field>
<dim:field element="subject" language="en" mdschema="dc">Invasive Species</dim:field>
<dim:field element="subject" language="en" mdschema="dc">Phylogeography</dim:field>
<dim:field element="subject" language="en" mdschema="dc">Adaptation</dim:field>
<dim:field element="title" language="en" mdschema="dc">Swiss Stn381 survey</dim:field>
<dim:field element="type" language="en" mdschema="dc">Dataset</dim:field>
<dim:field element="ScientificName" language="en" mdschema="dwc">Gasterosteus aculeatus</dim:field>
<dim:field element="dryad" qualifier="pageviews">152</dim:field>
<dim:field element="dryad" qualifier="downloads">46</dim:field>
</dim:dim>
</mets:xmlData>
</mets:mdWrap>
</mets:dmdSec>
<mets:fileSec>
<mets:fileGrp USE="CONTENT">
<mets:file CHECKSUMTYPE="MD5" GROUPID="group_file_1556" ID="file_1556" MIMETYPE="text/plain" SIZE="14272" CHECKSUM="aa355dba15c1d84fdb5b84e081d08f78">
<mets:FLocat LOCTYPE="URL" xlink:title="stn.txt" xlink:type="locator" xlink:href="/bitstream/handle/10255/dryad.1739/stn.txt?sequence=1"/>
</mets:file>
</mets:fileGrp>
<mets:fileGrp USE="TEXT">
<mets:file CHECKSUMTYPE="MD5" GROUPID="group_file_1556" ID="file_1559" MIMETYPE="text/plain" SIZE="14272" CHECKSUM="9c88645ce5f62c2d8eefec8825559d95">
<mets:FLocat LOCTYPE="URL" xlink:title="stn.txt.txt" xlink:label="Extracted text" xlink:type="locator" xlink:href="/bitstream/handle/10255/dryad.1739/stn.txt.txt?sequence=2"/>
</mets:file>
</mets:fileGrp>
</mets:fileSec>
<mets:structMap LABEL="DSpace" TYPE="LOGICAL">
<mets:div DMDID="dmd_1" TYPE="DSpace Item">
<mets:div ID="div_2" TYPE="DSpace Content Bitstream">
<mets:fptr FILEID="file_1556"/>
</mets:div>
</mets:div>
</mets:structMap>
</mets:METS>
