<?xml version="1.0" encoding="UTF-8"?>
<mets:METS xmlns:mets="http://www.loc.gov/METS/" xmlns:xlink="http://www.w3.org/TR/xlink/" xmlns:xsi="http://www.w3.org/2001/XMLSchema-instance" xmlns:dim="http://www.dspace.org/xmlns/dspace/dim" OBJEDIT="/admin/item?itemID=39738" OBJID="/handle/10255/dryad.36482" PROFILE="DSPACE METS SIP Profile 1.0" LABEL="DSpace Item" ID="hdl:10255/dryad.36482">
<mets:dmdSec GROUPID="group_dmd_0" ID="dmd_1">
<mets:mdWrap MDTYPE="OTHER" OTHERMDTYPE="DIM">
<mets:xmlData>
<dim:dim dspaceType="ITEM">
<dim:field element="contributor" qualifier="author" language="" mdschema="dc">Ritterbush, Kathleen A.</dim:field>
<dim:field element="contributor" qualifier="author" language="" mdschema="dc">Bottjer, David J.</dim:field>
<dim:field element="coverage" qualifier="temporal" language="" mdschema="dc">Triassic</dim:field>
<dim:field element="coverage" qualifier="temporal" language="" mdschema="dc">Jurassic</dim:field>
<dim:field element="date" qualifier="accessioned" language="" mdschema="dc">2011-12-07T21:08:14Z</dim:field>
<dim:field element="date" qualifier="available" mdschema="dc">2012-06-27T15:43:57Z</dim:field>
<dim:field element="date" qualifier="issued" language="" mdschema="dc">2011-12-07</dim:field>
<dim:field element="identifier" mdschema="dc">doi:10.5061/dryad.034jq765/2</dim:field>
<dim:field element="identifier" qualifier="uri" language="" mdschema="dc">http://hdl.handle.net/10255/dryad.36482</dim:field>
<dim:field element="description" language="" mdschema="dc">This appendix discusses details of the scaling of Westermann Morphospace, particularly the use of Appendix B.</dim:field>
<dim:field element="relation" qualifier="ispartof" language="" mdschema="dc">doi:10.5061/dryad.034jq765</dim:field>
<dim:field element="rights" qualifier="uri" language="" mdschema="dc">http://creativecommons.org/publicdomain/zero/1.0/</dim:field>
<dim:field element="subject" language="" mdschema="dc">ammonoid</dim:field>
<dim:field element="subject" language="" mdschema="dc">morphometrics</dim:field>
<dim:field element="subject" language="" mdschema="dc">paleoecology</dim:field>
<dim:field element="subject" language="" mdschema="dc">mass extinctions</dim:field>
<dim:field element="title" language="" mdschema="dc">Westermann Morphospace Appendix C</dim:field>
<dim:field element="type" language="*" mdschema="dc">Dataset</dim:field>
<dim:field element="type" qualifier="embargo" language="" mdschema="dc">untilArticleAppears</dim:field>
<dim:field element="dryad" qualifier="pageviews">64</dim:field>
<dim:field element="dryad" qualifier="downloads">33</dim:field>
</dim:dim>
</mets:xmlData>
</mets:mdWrap>
</mets:dmdSec>
<mets:fileSec>
<mets:fileGrp USE="CONTENT">
<mets:file CHECKSUMTYPE="MD5" GROUPID="group_file_118165" ID="file_118165" MIMETYPE="application/pdf" SIZE="96013" CHECKSUM="fc0ac15980dc8e15cf228cc255793018">
<mets:FLocat LOCTYPE="URL" xlink:title="Westermann Morphospace Appendix C.pdf" xlink:label="dataset-file" xlink:type="locator" xlink:href="/bitstream/handle/10255/dryad.36482/Westermann%20Morphospace%20Appendix%20C.pdf?sequence=1"/>
</mets:file>
</mets:fileGrp>
</mets:fileSec>
<mets:structMap LABEL="DSpace" TYPE="LOGICAL">
<mets:div DMDID="dmd_1" TYPE="DSpace Item">
<mets:div ID="div_2" TYPE="DSpace Content Bitstream">
<mets:fptr FILEID="file_118165"/>
</mets:div>
</mets:div>
</mets:structMap>
</mets:METS>
