<?xml version="1.0" encoding="UTF-8"?>
<mets:METS xmlns:mets="http://www.loc.gov/METS/" xmlns:xlink="http://www.w3.org/TR/xlink/" xmlns:xsi="http://www.w3.org/2001/XMLSchema-instance" xmlns:dim="http://www.dspace.org/xmlns/dspace/dim" OBJEDIT="/admin/item?itemID=1797" OBJID="/handle/10255/dryad.1571" PROFILE="DSPACE METS SIP Profile 1.0" LABEL="DSpace Item" ID="hdl:10255/dryad.1571">
<mets:dmdSec GROUPID="group_dmd_0" ID="dmd_1">
<mets:mdWrap MDTYPE="OTHER" OTHERMDTYPE="DIM">
<mets:xmlData>
<dim:dim dspaceType="ITEM">
<dim:field element="contributor" qualifier="author" language="en" mdschema="dc">Daly, Marymegan</dim:field>
<dim:field element="contributor" qualifier="author" language="en" mdschema="dc">Gusmão, Luciana C.</dim:field>
<dim:field element="contributor" qualifier="author" language="en" mdschema="dc">Reft, Abigail J.</dim:field>
<dim:field element="contributor" qualifier="author" language="en" mdschema="dc">Rodríguez, Estefanía</dim:field>
<dim:field element="date" qualifier="accessioned" language="" mdschema="dc">2010-05-13T19:25:52Z</dim:field>
<dim:field element="date" qualifier="available" mdschema="dc">2011-07-02T06:30:07Z</dim:field>
<dim:field element="date" qualifier="issued" language="" mdschema="dc">2010-05-13</dim:field>
<dim:field element="identifier" mdschema="dc">doi:10.5061/dryad.1563/8</dim:field>
<dim:field element="identifier" qualifier="uri" language="" mdschema="dc">http://hdl.handle.net/10255/dryad.1571</dim:field>
<dim:field element="relation" qualifier="ispartof" language="en" mdschema="dc">doi:10.5061/dryad.1563</dim:field>
<dim:field element="rights" qualifier="uri" language="en" mdschema="dc">http://creativecommons.org/publicdomain/zero/1.0/</dim:field>
<dim:field element="subject" language="en" mdschema="dc">hexacoral</dim:field>
<dim:field element="subject" language="en" mdschema="dc">DNA</dim:field>
<dim:field element="subject" language="en" mdschema="dc">molecular phylogeny</dim:field>
<dim:field element="title" language="en" mdschema="dc">focused 28</dim:field>
<dim:field element="type" language="en" mdschema="dc">Dataset</dim:field>
<dim:field element="dryad" qualifier="pageviews">126</dim:field>
<dim:field element="dryad" qualifier="downloads">32</dim:field>
</dim:dim>
</mets:xmlData>
</mets:mdWrap>
</mets:dmdSec>
<mets:fileSec>
<mets:fileGrp USE="CONTENT">
<mets:file CHECKSUMTYPE="MD5" GROUPID="group_file_1148" ID="file_1148" MIMETYPE="application/octet-stream" SIZE="68477" CHECKSUM="cee3e4b339577842f38ae2ada4904283">
<mets:FLocat LOCTYPE="URL" xlink:title="focused28" xlink:type="locator" xlink:href="/bitstream/handle/10255/dryad.1571/focused28?sequence=1"/>
</mets:file>
</mets:fileGrp>
</mets:fileSec>
<mets:structMap LABEL="DSpace" TYPE="LOGICAL">
<mets:div DMDID="dmd_1" TYPE="DSpace Item">
<mets:div ID="div_2" TYPE="DSpace Content Bitstream">
<mets:fptr FILEID="file_1148"/>
</mets:div>
</mets:div>
</mets:structMap>
</mets:METS>
