<?xml version="1.0" encoding="UTF-8"?>
<mets:METS xmlns:mets="http://www.loc.gov/METS/" xmlns:xlink="http://www.w3.org/TR/xlink/" xmlns:xsi="http://www.w3.org/2001/XMLSchema-instance" xmlns:dim="http://www.dspace.org/xmlns/dspace/dim" OBJEDIT="/admin/item?itemID=54670" OBJID="/handle/10255/dryad.46351" PROFILE="DSPACE METS SIP Profile 1.0" LABEL="DSpace Item" ID="hdl:10255/dryad.46351">
<mets:dmdSec GROUPID="group_dmd_0" ID="dmd_1">
<mets:mdWrap MDTYPE="OTHER" OTHERMDTYPE="DIM">
<mets:xmlData>
<dim:dim dspaceType="ITEM">
<dim:field element="contributor" qualifier="author" language="" mdschema="dc">Maldonado-Coelho, Marcos</dim:field>
<dim:field element="contributor" qualifier="author" language="" mdschema="dc">Blake, John G.</dim:field>
<dim:field element="contributor" qualifier="author" language="" mdschema="dc">Silveira, Luis F.</dim:field>
<dim:field element="contributor" qualifier="author" language="" mdschema="dc">Batalha-Filho, Henrique</dim:field>
<dim:field element="contributor" qualifier="author" language="" mdschema="dc">Ricklefs, Robert E.</dim:field>
<dim:field element="coverage" qualifier="spatial" language="" mdschema="dc">Amazon Basin</dim:field>
<dim:field element="coverage" qualifier="temporal" language="" mdschema="dc">Pleistocene</dim:field>
<dim:field element="date" qualifier="accessioned" language="" mdschema="dc">2013-02-04T19:58:39Z</dim:field>
<dim:field element="date" qualifier="issued" language="" mdschema="dc">2013-02-04</dim:field>
<dim:field element="identifier" language="" mdschema="dc">doi:10.5061/dryad.120f8/3</dim:field>
<dim:field element="identifier" qualifier="uri" language="" mdschema="dc">http://hdl.handle.net/10255/dryad.46351</dim:field>
<dim:field element="description" language="" mdschema="dc">nexus file with all mtDNA ND2 sequences. Please contact the first author for any further details.</dim:field>
<dim:field element="relation" qualifier="ispartof" language="" mdschema="dc">doi:10.5061/dryad.120f8</dim:field>
<dim:field element="rights" qualifier="uri" language="" mdschema="dc">http://creativecommons.org/publicdomain/zero/1.0/</dim:field>
<dim:field element="subject" confidence="NOVALUE" language="" mdschema="dc">Birds</dim:field>
<dim:field element="subject" confidence="NOVALUE" language="" mdschema="dc">Experimental evolution</dim:field>
<dim:field element="subject" confidence="NOVALUE" language="" mdschema="dc">Phylogeography</dim:field>
<dim:field element="subject" confidence="NOVALUE" language="" mdschema="dc">Population genetics</dim:field>
<dim:field element="subject" confidence="NOVALUE" language="" mdschema="dc">Speciation</dim:field>
<dim:field element="subject" confidence="NOVALUE" language="" mdschema="dc">Phylogenetics</dim:field>
<dim:field element="title" language="" mdschema="dc">Pyriglenaleuconotaallsequen</dim:field>
<dim:field element="type" language="*" mdschema="dc">Dataset</dim:field>
<dim:field element="ScientificName" confidence="NOVALUE" language="" mdschema="dwc">Pyriglena leuconota Thamnophilidae Suboscines</dim:field>
<dim:field element="date" qualifier="embargoedUntil" mdschema="dc">2014-04-26</dim:field>
<dim:field element="type" qualifier="embargo" language="" mdschema="dc">oneyear</dim:field>
<dim:field element="dryad" qualifier="pageviews">28</dim:field>
<dim:field element="dryad" qualifier="downloads">1</dim:field>
</dim:dim>
</mets:xmlData>
</mets:mdWrap>
</mets:dmdSec>
<mets:fileSec/>
<mets:structMap LABEL="DSpace" TYPE="LOGICAL">
<mets:div DMDID="dmd_1" TYPE="DSpace Item"/>
</mets:structMap>
</mets:METS>
