<?xml version="1.0" encoding="UTF-8"?>
<mets:METS xmlns:mets="http://www.loc.gov/METS/" xmlns:xlink="http://www.w3.org/TR/xlink/" xmlns:xsi="http://www.w3.org/2001/XMLSchema-instance" xmlns:dim="http://www.dspace.org/xmlns/dspace/dim" OBJEDIT="/admin/item?itemID=1576" OBJID="/handle/10255/dryad.1378" PROFILE="DSPACE METS SIP Profile 1.0" LABEL="DSpace Item" ID="hdl:10255/dryad.1378">
<mets:dmdSec GROUPID="group_dmd_0" ID="dmd_1">
<mets:mdWrap MDTYPE="OTHER" OTHERMDTYPE="DIM">
<mets:xmlData>
<dim:dim dspaceType="ITEM">
<dim:field element="contributor" qualifier="author" language="en" mdschema="dc">Morgan, Katy</dim:field>
<dim:field element="contributor" qualifier="author" language="en" mdschema="dc">Linton, Yvonne-Marie</dim:field>
<dim:field element="contributor" qualifier="author" language="en" mdschema="dc">Somboon, Pradya</dim:field>
<dim:field element="contributor" qualifier="author" language="en" mdschema="dc">Saikia, Prasanta</dim:field>
<dim:field element="contributor" qualifier="author" language="en" mdschema="dc">Dev, Vas</dim:field>
<dim:field element="contributor" qualifier="author" language="en" mdschema="dc">Socheat, Duong</dim:field>
<dim:field element="contributor" qualifier="author" language="en" mdschema="dc">Walton, Catherine</dim:field>
<dim:field element="coverage" qualifier="spatial" language="en" mdschema="dc">Thailand</dim:field>
<dim:field element="date" qualifier="accessioned" mdschema="dc">2010-03-16T20:32:43Z</dim:field>
<dim:field element="date" qualifier="available" mdschema="dc">2010-03-16T20:32:43Z</dim:field>
<dim:field element="date" qualifier="issued" mdschema="dc">2010-03-16T20:32:43Z</dim:field>
<dim:field element="identifier" mdschema="dc">doi:10.5061/dryad.1369/9</dim:field>
<dim:field element="identifier" qualifier="uri" mdschema="dc">http://hdl.handle.net/10255/dryad.1378</dim:field>
<dim:field element="relation" qualifier="ispartof" language="en" mdschema="dc">doi:10.5061/dryad.1369</dim:field>
<dim:field element="rights" qualifier="uri" language="en" mdschema="dc">http://creativecommons.org/publicdomain/zero/1.0/</dim:field>
<dim:field element="subject" language="en" mdschema="dc">Speciation</dim:field>
<dim:field element="subject" language="en" mdschema="dc">isolation with migration</dim:field>
<dim:field element="subject" language="en" mdschema="dc">Anopheles</dim:field>
<dim:field element="subject" language="en" mdschema="dc">Southeast Asia</dim:field>
<dim:field element="subject" language="en" mdschema="dc">Phylogeography</dim:field>
<dim:field element="subject" language="en" mdschema="dc">malaria</dim:field>
<dim:field element="title" language="en" mdschema="dc">Sequenced fragments of the NinaE gene for Anopheles scanloni mosquitoes</dim:field>
<dim:field element="type" language="en" mdschema="dc">Dataset</dim:field>
<dim:field element="ScientificName" language="en" mdschema="dwc">Anopheles scanloni</dim:field>
<dim:field element="status" language="" mdschema="dryad">scanned</dim:field>
<dim:field element="dryad" qualifier="pageviews">201</dim:field>
<dim:field element="dryad" qualifier="downloads">55</dim:field>
</dim:dim>
</mets:xmlData>
</mets:mdWrap>
</mets:dmdSec>
<mets:fileSec>
<mets:fileGrp USE="CONTENT">
<mets:file CHECKSUMTYPE="MD5" GROUPID="group_file_1063" ID="file_1063" MIMETYPE="text/plain" SIZE="9760" CHECKSUM="44e382be60695cc09dd35f9948899188">
<mets:FLocat LOCTYPE="URL" xlink:title="scanloni_nina_unphased.txt" xlink:type="locator" xlink:href="/bitstream/handle/10255/dryad.1378/scanloni_nina_unphased.txt?sequence=1"/>
</mets:file>
</mets:fileGrp>
<mets:fileGrp USE="TEXT">
<mets:file CHECKSUMTYPE="MD5" GROUPID="group_file_1063" ID="file_1471" MIMETYPE="text/plain" SIZE="9730" CHECKSUM="021cfba11e63dfd7915d86ec3fb5650f">
<mets:FLocat LOCTYPE="URL" xlink:title="scanloni_nina_unphased.txt.txt" xlink:label="Extracted text" xlink:type="locator" xlink:href="/bitstream/handle/10255/dryad.1378/scanloni_nina_unphased.txt.txt?sequence=2"/>
</mets:file>
</mets:fileGrp>
</mets:fileSec>
<mets:structMap LABEL="DSpace" TYPE="LOGICAL">
<mets:div DMDID="dmd_1" TYPE="DSpace Item">
<mets:div ID="div_2" TYPE="DSpace Content Bitstream">
<mets:fptr FILEID="file_1063"/>
</mets:div>
</mets:div>
</mets:structMap>
</mets:METS>
