<?xml version="1.0" encoding="UTF-8"?>
<mets:METS xmlns:mets="http://www.loc.gov/METS/" xmlns:xlink="http://www.w3.org/TR/xlink/" xmlns:xsi="http://www.w3.org/2001/XMLSchema-instance" xmlns:dim="http://www.dspace.org/xmlns/dspace/dim" OBJEDIT="/admin/item?itemID=1489" OBJID="/handle/10255/dryad.1304" PROFILE="DSPACE METS SIP Profile 1.0" LABEL="DSpace Item" ID="hdl:10255/dryad.1304">
<mets:dmdSec GROUPID="group_dmd_0" ID="dmd_1">
<mets:mdWrap MDTYPE="OTHER" OTHERMDTYPE="DIM">
<mets:xmlData>
<dim:dim dspaceType="ITEM">
<dim:field element="contributor" qualifier="author" language="en" mdschema="dc">Liedvogel, Miriam</dim:field>
<dim:field element="contributor" qualifier="author" language="en" mdschema="dc">Szulkin, Marta</dim:field>
<dim:field element="contributor" qualifier="author" language="en" mdschema="dc">Knowles, Sarah</dim:field>
<dim:field element="contributor" qualifier="author" language="en" mdschema="dc">Wood, Matt</dim:field>
<dim:field element="contributor" qualifier="author" language="en" mdschema="dc">Sheldon, Ben</dim:field>
<dim:field element="coverage" qualifier="spatial" language="en" mdschema="dc">Wytham woods</dim:field>
<dim:field element="coverage" qualifier="spatial" language="en" mdschema="dc">Oxford</dim:field>
<dim:field element="coverage" qualifier="spatial" language="en" mdschema="dc">UK</dim:field>
<dim:field element="date" qualifier="accessioned" mdschema="dc">2010-03-08T09:30:38Z</dim:field>
<dim:field element="date" qualifier="available" mdschema="dc">2010-03-08T09:30:38Z</dim:field>
<dim:field element="date" qualifier="issued" mdschema="dc">2010-03-08T09:30:38Z</dim:field>
<dim:field element="identifier" mdschema="dc">doi:10.5061/dryad.1303/1</dim:field>
<dim:field element="identifier" qualifier="uri" mdschema="dc">http://hdl.handle.net/10255/dryad.1304</dim:field>
<dim:field element="description" language="en" mdschema="dc">The file contains genotyping data and relevant covariates for the blue tit population breeding in Wytham woods 2006 and 2007.</dim:field>
<dim:field element="relation" qualifier="ispartof" language="en" mdschema="dc">doi:10.5061/dryad.1303</dim:field>
<dim:field element="rights" qualifier="uri" language="en" mdschema="dc">http://creativecommons.org/publicdomain/zero/1.0/</dim:field>
<dim:field element="subject" language="en" mdschema="dc">circadian clock</dim:field>
<dim:field element="subject" language="en" mdschema="dc">polymorphism</dim:field>
<dim:field element="subject" language="en" mdschema="dc">breeding</dim:field>
<dim:field element="subject" language="en" mdschema="dc">timing</dim:field>
<dim:field element="subject" language="en" mdschema="dc">polyglutamine</dim:field>
<dim:field element="subject" language="en" mdschema="dc">natural selection</dim:field>
<dim:field element="title" language="en" mdschema="dc">Clock genotype for blue tit breeding population 2006-2007</dim:field>
<dim:field element="type" language="en" mdschema="dc">Dataset</dim:field>
<dim:field element="ScientificName" language="en" mdschema="dwc">Cyanistes caeruleus</dim:field>
<dim:field element="status" language="" mdschema="dryad">scanned</dim:field>
<dim:field element="dryad" qualifier="pageviews">262</dim:field>
<dim:field element="dryad" qualifier="downloads">66</dim:field>
</dim:dim>
</mets:xmlData>
</mets:mdWrap>
</mets:dmdSec>
<mets:fileSec>
<mets:fileGrp USE="CONTENT">
<mets:file CHECKSUMTYPE="MD5" GROUPID="group_file_1024" ID="file_1024" MIMETYPE="application/vnd.ms-excel" SIZE="324096" CHECKSUM="cd34b64da981841f50560240151bd356">
<mets:FLocat LOCTYPE="URL" xlink:title="Dryad_MolEcol_BT-clock.xls" xlink:type="locator" xlink:href="/bitstream/handle/10255/dryad.1304/Dryad_MolEcol_BT-clock.xls?sequence=1"/>
</mets:file>
</mets:fileGrp>
</mets:fileSec>
<mets:structMap LABEL="DSpace" TYPE="LOGICAL">
<mets:div DMDID="dmd_1" TYPE="DSpace Item">
<mets:div ID="div_2" TYPE="DSpace Content Bitstream">
<mets:fptr FILEID="file_1024"/>
</mets:div>
</mets:div>
</mets:structMap>
</mets:METS>
