<?xml version="1.0" encoding="UTF-8"?>
<mets:METS xmlns:mets="http://www.loc.gov/METS/" xmlns:xlink="http://www.w3.org/TR/xlink/" xmlns:xsi="http://www.w3.org/2001/XMLSchema-instance" xmlns:dim="http://www.dspace.org/xmlns/dspace/dim" OBJEDIT="/admin/item?itemID=38825" OBJID="/handle/10255/dryad.35909" PROFILE="DSPACE METS SIP Profile 1.0" LABEL="DSpace Item" ID="hdl:10255/dryad.35909">
<mets:dmdSec GROUPID="group_dmd_0" ID="dmd_1">
<mets:mdWrap MDTYPE="OTHER" OTHERMDTYPE="DIM">
<mets:xmlData>
<dim:dim dspaceType="ITEM">
<dim:field element="contributor" qualifier="author" mdschema="dc">Ajawatanawong, Pravech</dim:field>
<dim:field element="contributor" qualifier="author" mdschema="dc">Atkinson, Gemma</dim:field>
<dim:field element="contributor" qualifier="author" mdschema="dc">Watson-Haigh, Nathan</dim:field>
<dim:field element="contributor" qualifier="author" mdschema="dc">Mackenzie, Bryony</dim:field>
<dim:field element="contributor" qualifier="author" mdschema="dc">Baldauf, Sandra</dim:field>
<dim:field element="identifier" mdschema="dc">doi:10.5061/dryad.0r6d6mb0/2</dim:field>
<dim:field element="description" language="" mdschema="dc">Methodology used in the conserved block module in SeqFIRE</dim:field>
<dim:field element="relation" qualifier="ispartof" mdschema="dc">doi:10.5061/dryad.0r6d6mb0</dim:field>
<dim:field element="rights" qualifier="uri" mdschema="dc">http://creativecommons.org/publicdomain/zero/1.0/</dim:field>
<dim:field element="subject" language="" mdschema="dc">sequence feature</dim:field>
<dim:field element="subject" language="" mdschema="dc">indel</dim:field>
<dim:field element="subject" language="" mdschema="dc">conserved region</dim:field>
<dim:field element="subject" language="" mdschema="dc">fast site removal</dim:field>
<dim:field element="subject" language="" mdschema="dc">multiple alignment</dim:field>
<dim:field element="subject" language="" mdschema="dc">phylogeny</dim:field>
<dim:field element="subject" language="" mdschema="dc">phylogenomic</dim:field>
<dim:field element="subject" language="" mdschema="dc">pipeline</dim:field>
<dim:field element="title" language="" mdschema="dc">Appendix2</dim:field>
<dim:field element="type" language="*" mdschema="dc">Dataset</dim:field>
<dim:field element="dryad" qualifier="pageviews">0</dim:field>
<dim:field element="dryad" qualifier="downloads">0</dim:field>
</dim:dim>
</mets:xmlData>
</mets:mdWrap>
</mets:dmdSec>
<mets:fileSec/>
<mets:structMap LABEL="DSpace" TYPE="LOGICAL">
<mets:div DMDID="dmd_1" TYPE="DSpace Item"/>
</mets:structMap>
</mets:METS>
