<?xml version="1.0" encoding="UTF-8"?>
<mets:METS xmlns:mets="http://www.loc.gov/METS/" xmlns:xlink="http://www.w3.org/TR/xlink/" xmlns:xsi="http://www.w3.org/2001/XMLSchema-instance" xmlns:dim="http://www.dspace.org/xmlns/dspace/dim" OBJEDIT="/admin/item?itemID=43017" OBJID="/handle/10255/dryad.38735" PROFILE="DSPACE METS SIP Profile 1.0" LABEL="DSpace Item" ID="hdl:10255/dryad.38735">
<mets:dmdSec GROUPID="group_dmd_0" ID="dmd_1">
<mets:mdWrap MDTYPE="OTHER" OTHERMDTYPE="DIM">
<mets:xmlData>
<dim:dim dspaceType="ITEM">
<dim:field element="contributor" qualifier="author" language="" mdschema="dc">Whitehorn, Penelope R.</dim:field>
<dim:field element="contributor" qualifier="author" language="" mdschema="dc">O'Connor, Stephanie</dim:field>
<dim:field element="contributor" qualifier="author" language="" mdschema="dc">Wackers, Felix L.</dim:field>
<dim:field element="contributor" qualifier="author" language="" mdschema="dc">Goulson, Dave</dim:field>
<dim:field element="date" qualifier="accessioned" mdschema="dc">2012-04-24T17:35:40Z</dim:field>
<dim:field element="date" qualifier="available" mdschema="dc">2012-04-24T17:35:40Z</dim:field>
<dim:field element="date" qualifier="issued" mdschema="dc">2012-04-24</dim:field>
<dim:field element="identifier" language="" mdschema="dc">doi:10.5061/dryad.1805c973/1</dim:field>
<dim:field element="identifier" mdschema="dc">doi:10.5061/dryad.1805c973/1</dim:field>
<dim:field element="identifier" qualifier="uri" mdschema="dc">http://hdl.handle.net/10255/dryad.38735</dim:field>
<dim:field element="relation" qualifier="ispartof" language="" mdschema="dc">doi:10.5061/dryad.1805c973</dim:field>
<dim:field element="rights" qualifier="uri" language="" mdschema="dc">http://creativecommons.org/publicdomain/zero/1.0/</dim:field>
<dim:field element="title" language="" mdschema="dc">Whitehorn, O'Connor, Wackers, Goulson (2012) Data from 'Neonicotinoid pesticide reduces bumblebee colony growth and queen production'.csv</dim:field>
<dim:field element="type" language="*" mdschema="dc">Dataset</dim:field>
<dim:field element="ScientificName" language="" mdschema="dwc">Bombus terrestris</dim:field>
<dim:field element="type" qualifier="embargo" language="" mdschema="dc">none</dim:field>
<dim:field element="dryad" qualifier="pageviews">134</dim:field>
<dim:field element="dryad" qualifier="downloads">151</dim:field>
</dim:dim>
</mets:xmlData>
</mets:mdWrap>
</mets:dmdSec>
<mets:fileSec>
<mets:fileGrp USE="TEXT">
<mets:file CHECKSUMTYPE="MD5" GROUPID="group_file_121193" ID="file_126430" MIMETYPE="text/plain" SIZE="1786" CHECKSUM="e24d77bfc5f9fbd5990a09693e6b3b71">
<mets:FLocat LOCTYPE="URL" xlink:title="README.txt.txt" xlink:label="Extracted text" xlink:type="locator" xlink:href="/bitstream/handle/10255/dryad.38735/README.txt.txt?sequence=3"/>
</mets:file>
</mets:fileGrp>
<mets:fileGrp USE="CONTENT">
<mets:file CHECKSUMTYPE="MD5" GROUPID="group_file_121192" ID="file_121192" MIMETYPE="text/csv" SIZE="5664" CHECKSUM="0530fbfc5a58437955b2980b6f6b97e7">
<mets:FLocat LOCTYPE="URL" xlink:title="Whitehorn, O'Connor, Wackers, Goulson (2012) Data from 'Neonicotinoid pesticide reduces bumblebee colony growth and queen production'.csv.csv" xlink:label="dataset-file" xlink:type="locator" xlink:href="/bitstream/handle/10255/dryad.38735/Whitehorn%2c%20O%27Connor%2c%20Wackers%2c%20Goulson%20%282012%29%20Data%20from%20%27Neonicotinoid%20pesticide%20reduces%20bumblebee%20colony%20growth%20and%20queen%20production%27.csv.csv?sequence=1"/>
</mets:file>
<mets:file CHECKSUMTYPE="MD5" GROUPID="group_file_121193" ID="file_121193" MIMETYPE="text/plain" SIZE="1822" CHECKSUM="2b817f40e3da7224d3a0e67eacb0dd70">
<mets:FLocat LOCTYPE="URL" xlink:title="README.txt" xlink:label="dc_readme" xlink:type="locator" xlink:href="/bitstream/handle/10255/dryad.38735/README.txt?sequence=2"/>
</mets:file>
</mets:fileGrp>
</mets:fileSec>
<mets:structMap LABEL="DSpace" TYPE="LOGICAL">
<mets:div DMDID="dmd_1" TYPE="DSpace Item">
<mets:div ID="div_2" TYPE="DSpace Content Bitstream">
<mets:fptr FILEID="file_121192"/>
</mets:div>
<mets:div ID="div_3" TYPE="DSpace Content Bitstream">
<mets:fptr FILEID="file_121193"/>
</mets:div>
</mets:div>
</mets:structMap>
</mets:METS>
