<?xml version="1.0" encoding="UTF-8"?>
<mets:METS xmlns:mets="http://www.loc.gov/METS/" xmlns:xlink="http://www.w3.org/TR/xlink/" xmlns:xsi="http://www.w3.org/2001/XMLSchema-instance" xmlns:dim="http://www.dspace.org/xmlns/dspace/dim" OBJEDIT="/admin/item?itemID=39409" OBJID="/handle/10255/dryad.36286" PROFILE="DSPACE METS SIP Profile 1.0" LABEL="DSpace Item" ID="hdl:10255/dryad.36286">
<mets:dmdSec GROUPID="group_dmd_0" ID="dmd_1">
<mets:mdWrap MDTYPE="OTHER" OTHERMDTYPE="DIM">
<mets:xmlData>
<dim:dim dspaceType="ITEM">
<dim:field element="contributor" qualifier="author" language="" mdschema="dc">Katz, Laura A.</dim:field>
<dim:field element="contributor" qualifier="author" language="" mdschema="dc">Grant, Jessica R.</dim:field>
<dim:field element="contributor" qualifier="author" language="" mdschema="dc">Parfrey, Laura Wegener</dim:field>
<dim:field element="contributor" qualifier="author" language="" mdschema="dc">Burleigh, J. Gordon</dim:field>
<dim:field element="date" qualifier="accessioned" language="" mdschema="dc">2012-02-28T21:15:57Z</dim:field>
<dim:field element="date" qualifier="available" language="" mdschema="dc">2012-02-28T21:15:57Z</dim:field>
<dim:field element="date" qualifier="issued" language="" mdschema="dc">2012-02-28</dim:field>
<dim:field element="identifier" mdschema="dc">doi:10.5061/dryad.11vq033v/1</dim:field>
<dim:field element="identifier" mdschema="dc">doi:10.5061/dryad.11vq033v/1</dim:field>
<dim:field element="identifier" qualifier="uri" language="" mdschema="dc">http://hdl.handle.net/10255/dryad.36286</dim:field>
<dim:field element="relation" qualifier="ispartof" language="" mdschema="dc">doi:10.5061/dryad.11vq033v</dim:field>
<dim:field element="rights" qualifier="uri" language="" mdschema="dc">http://creativecommons.org/publicdomain/zero/1.0/</dim:field>
<dim:field element="subject" language="" mdschema="dc">gene tree – species tree reconciliation</dim:field>
<dim:field element="subject" language="" mdschema="dc">tree of life</dim:field>
<dim:field element="subject" language="" mdschema="dc">eukaryotes</dim:field>
<dim:field element="subject" language="" mdschema="dc">molecular systematics</dim:field>
<dim:field element="title" language="" mdschema="dc">DryadEukaryoteData.tar</dim:field>
<dim:field element="type" language="*" mdschema="dc">Dataset</dim:field>
<dim:field element="dryad" qualifier="pageviews">120</dim:field>
<dim:field element="dryad" qualifier="downloads">129</dim:field>
</dim:dim>
</mets:xmlData>
</mets:mdWrap>
</mets:dmdSec>
<mets:fileSec>
<mets:fileGrp USE="CONTENT">
<mets:file CHECKSUMTYPE="MD5" GROUPID="group_file_117910" ID="file_117910" MIMETYPE="application/x-gzip" SIZE="2720413" CHECKSUM="3b9dca835c2071c198e54f613f9719a0">
<mets:FLocat LOCTYPE="URL" xlink:title="DryadEukaryoteData.tar.gz" xlink:label="dataset-file" xlink:type="locator" xlink:href="/bitstream/handle/10255/dryad.36286/DryadEukaryoteData.tar.gz?sequence=1"/>
</mets:file>
<mets:file CHECKSUMTYPE="MD5" GROUPID="group_file_117911" ID="file_117911" MIMETYPE="text/plain" SIZE="1052" CHECKSUM="2ed19f237bf949b84580f1de743e54a9">
<mets:FLocat LOCTYPE="URL" xlink:title="README.txt" xlink:label="dc_readme" xlink:type="locator" xlink:href="/bitstream/handle/10255/dryad.36286/README.txt?sequence=2"/>
</mets:file>
</mets:fileGrp>
<mets:fileGrp USE="TEXT">
<mets:file CHECKSUMTYPE="MD5" GROUPID="group_file_117911" ID="file_120502" MIMETYPE="text/plain" SIZE="1035" CHECKSUM="693efd7543668b3ce7eae16020fde240">
<mets:FLocat LOCTYPE="URL" xlink:title="README.txt.txt" xlink:label="Extracted text" xlink:type="locator" xlink:href="/bitstream/handle/10255/dryad.36286/README.txt.txt?sequence=3"/>
</mets:file>
</mets:fileGrp>
</mets:fileSec>
<mets:structMap LABEL="DSpace" TYPE="LOGICAL">
<mets:div DMDID="dmd_1" TYPE="DSpace Item">
<mets:div ID="div_2" TYPE="DSpace Content Bitstream">
<mets:fptr FILEID="file_117910"/>
</mets:div>
<mets:div ID="div_3" TYPE="DSpace Content Bitstream">
<mets:fptr FILEID="file_117911"/>
</mets:div>
</mets:div>
</mets:structMap>
</mets:METS>
