<?xml version="1.0" encoding="UTF-8"?>
<mets:METS xmlns:mets="http://www.loc.gov/METS/" xmlns:xlink="http://www.w3.org/TR/xlink/" xmlns:xsi="http://www.w3.org/2001/XMLSchema-instance" xmlns:dim="http://www.dspace.org/xmlns/dspace/dim" OBJEDIT="/admin/item?itemID=1429" OBJID="/handle/10255/dryad.1254" PROFILE="DSPACE METS SIP Profile 1.0" LABEL="DSpace Item" ID="hdl:10255/dryad.1254">
<mets:dmdSec GROUPID="group_dmd_0" ID="dmd_1">
<mets:mdWrap MDTYPE="OTHER" OTHERMDTYPE="DIM">
<mets:xmlData>
<dim:dim dspaceType="ITEM">
<dim:field element="contributor" qualifier="author" language="en" mdschema="dc">Pyron, Robert Alexander</dim:field>
<dim:field element="contributor" qualifier="author" language="en" mdschema="dc">Burbrink, Frank T</dim:field>
<dim:field element="coverage" qualifier="spatial" language="en" mdschema="dc">North America</dim:field>
<dim:field element="coverage" qualifier="temporal" language="en" mdschema="dc">Holocene</dim:field>
<dim:field element="date" qualifier="accessioned" language="" mdschema="dc">2010-02-25T19:56:41Z</dim:field>
<dim:field element="date" qualifier="available" language="" mdschema="dc">2010-02-25T19:56:41Z</dim:field>
<dim:field element="date" qualifier="issued" language="" mdschema="dc">2010-02-25T19:56:41Z</dim:field>
<dim:field element="identifier" mdschema="dc">doi:10.5061/dryad.1252/2</dim:field>
<dim:field element="identifier" qualifier="uri" language="" mdschema="dc">http://hdl.handle.net/10255/dryad.1254</dim:field>
<dim:field element="description" language="en" mdschema="dc">Larger presence locality dataset, containing specimens from the molecular analysis as well as older museum records. Used to generate niche models for the separate lineages.</dim:field>
<dim:field element="relation" qualifier="ispartof" language="en" mdschema="dc">doi:10.5061/dryad.1252</dim:field>
<dim:field element="rights" qualifier="uri" language="en" mdschema="dc">http://creativecommons.org/publicdomain/zero/1.0/</dim:field>
<dim:field element="subject" language="en" mdschema="dc">Evolutionary Theory</dim:field>
<dim:field element="subject" language="en" mdschema="dc">Phylogeography</dim:field>
<dim:field element="subject" language="en" mdschema="dc">Reptiles</dim:field>
<dim:field element="subject" language="en" mdschema="dc">Speciation</dim:field>
<dim:field element="title" language="en" mdschema="dc">Presence localities for kingsnakes</dim:field>
<dim:field element="type" language="en" mdschema="dc">Dataset</dim:field>
<dim:field element="ScientificName" language="en" mdschema="dwc">Lampropeltis getula sp.</dim:field>
<dim:field element="status" language="" mdschema="dryad">scanned</dim:field>
<dim:field element="dryad" qualifier="pageviews">268</dim:field>
<dim:field element="dryad" qualifier="downloads">74</dim:field>
</dim:dim>
</mets:xmlData>
</mets:mdWrap>
</mets:dmdSec>
<mets:fileSec>
<mets:fileGrp USE="CONTENT">
<mets:file CHECKSUMTYPE="MD5" GROUPID="group_file_1006" ID="file_1006" MIMETYPE="text/csv" SIZE="49030" CHECKSUM="693892ea2776914809a41af1809945ad">
<mets:FLocat LOCTYPE="URL" xlink:title="Pyron_Burbrink_Supporting_Information2.csv" xlink:type="locator" xlink:href="/bitstream/handle/10255/dryad.1254/Pyron_Burbrink_Supporting_Information2.csv?sequence=1"/>
</mets:file>
</mets:fileGrp>
</mets:fileSec>
<mets:structMap LABEL="DSpace" TYPE="LOGICAL">
<mets:div DMDID="dmd_1" TYPE="DSpace Item">
<mets:div ID="div_2" TYPE="DSpace Content Bitstream">
<mets:fptr FILEID="file_1006"/>
</mets:div>
</mets:div>
</mets:structMap>
</mets:METS>
