<?xml version="1.0" encoding="UTF-8"?>
<mets:METS xmlns:mets="http://www.loc.gov/METS/" xmlns:xlink="http://www.w3.org/TR/xlink/" xmlns:xsi="http://www.w3.org/2001/XMLSchema-instance" xmlns:dim="http://www.dspace.org/xmlns/dspace/dim" OBJEDIT="/admin/item?itemID=1462" OBJID="/handle/10255/dryad.1281" PROFILE="DSPACE METS SIP Profile 1.0" LABEL="DSpace Item" ID="hdl:10255/dryad.1281">
<mets:dmdSec GROUPID="group_dmd_0" ID="dmd_1">
<mets:mdWrap MDTYPE="OTHER" OTHERMDTYPE="DIM">
<mets:xmlData>
<dim:dim dspaceType="ITEM">
<dim:field element="contributor" qualifier="author" language="en" mdschema="dc">de-Lucas, Ana</dim:field>
<dim:field element="contributor" qualifier="author" language="en" mdschema="dc">González-Martínez, Santiago</dim:field>
<dim:field element="contributor" qualifier="author" language="en" mdschema="dc">Vendramin, Giovanni G</dim:field>
<dim:field element="contributor" qualifier="author" language="en" mdschema="dc">Hidalgo, Elena</dim:field>
<dim:field element="contributor" qualifier="author" language="en" mdschema="dc">Heuertz, Myriam</dim:field>
<dim:field element="coverage" qualifier="spatial" language="" mdschema="dc">Iberian Peninsula</dim:field>
<dim:field element="date" qualifier="accessioned" language="" mdschema="dc">2010-03-03T09:50:38Z</dim:field>
<dim:field element="date" qualifier="available" language="" mdschema="dc">2010-03-03T09:50:38Z</dim:field>
<dim:field element="date" qualifier="issued" language="" mdschema="dc">2010-03-03T09:50:38Z</dim:field>
<dim:field element="identifier" mdschema="dc">doi:10.5061/dryad.1280/1</dim:field>
<dim:field element="identifier" qualifier="uri" language="" mdschema="dc">http://hdl.handle.net/10255/dryad.1281</dim:field>
<dim:field element="relation" qualifier="ispartof" language="en" mdschema="dc">doi:10.5061/dryad.1280</dim:field>
<dim:field element="rights" qualifier="uri" language="en" mdschema="dc">http://creativecommons.org/publicdomain/zero/1.0/</dim:field>
<dim:field element="subject" language="en" mdschema="dc">genetic diversity</dim:field>
<dim:field element="subject" language="en" mdschema="dc">SGS</dim:field>
<dim:field element="subject" language="en" mdschema="dc">forest fragmentation</dim:field>
<dim:field element="subject" language="en" mdschema="dc">Iberian Peninsula</dim:field>
<dim:field element="subject" language="en" mdschema="dc">Pinus</dim:field>
<dim:field element="title" language="en" mdschema="dc">Microsatellite genotypes for Pinus pinaster. Spatial genetic structure in Spain</dim:field>
<dim:field element="type" language="en" mdschema="dc">Dataset</dim:field>
<dim:field element="ScientificName" language="" mdschema="dwc">Pinus pinaster Aiton</dim:field>
<dim:field element="status" language="" mdschema="dryad">scanned</dim:field>
<dim:field element="dryad" qualifier="pageviews">151</dim:field>
<dim:field element="dryad" qualifier="downloads">58</dim:field>
</dim:dim>
</mets:xmlData>
</mets:mdWrap>
</mets:dmdSec>
<mets:fileSec>
<mets:fileGrp USE="CONTENT">
<mets:file CHECKSUMTYPE="MD5" GROUPID="group_file_1015" ID="file_1015" MIMETYPE="application/zip" SIZE="27474" CHECKSUM="48de20e3e9767d19f2a2b70a52e0f157">
<mets:FLocat LOCTYPE="URL" xlink:title="SSRs_Pinus_pinaster.zip" xlink:type="locator" xlink:href="/bitstream/handle/10255/dryad.1281/SSRs_Pinus_pinaster.zip?sequence=1"/>
</mets:file>
</mets:fileGrp>
</mets:fileSec>
<mets:structMap LABEL="DSpace" TYPE="LOGICAL">
<mets:div DMDID="dmd_1" TYPE="DSpace Item">
<mets:div ID="div_2" TYPE="DSpace Content Bitstream">
<mets:fptr FILEID="file_1015"/>
</mets:div>
</mets:div>
</mets:structMap>
</mets:METS>
