<?xml version="1.0" encoding="UTF-8"?>
<mets:METS xmlns:mets="http://www.loc.gov/METS/" xmlns:xlink="http://www.w3.org/TR/xlink/" xmlns:xsi="http://www.w3.org/2001/XMLSchema-instance" xmlns:dim="http://www.dspace.org/xmlns/dspace/dim" OBJEDIT="/admin/item?itemID=1324" OBJID="/handle/10255/dryad.1161" PROFILE="DSPACE METS SIP Profile 1.0" LABEL="DSpace Item" ID="hdl:10255/dryad.1161">
<mets:dmdSec GROUPID="group_dmd_0" ID="dmd_1">
<mets:mdWrap MDTYPE="OTHER" OTHERMDTYPE="DIM">
<mets:xmlData>
<dim:dim dspaceType="ITEM">
<dim:field element="contributor" qualifier="author" language="en" mdschema="dc">Wund, Matthew A</dim:field>
<dim:field element="contributor" qualifier="author" language="en" mdschema="dc">Baker, John A</dim:field>
<dim:field element="contributor" qualifier="author" language="en" mdschema="dc">Clancy, Brendan</dim:field>
<dim:field element="contributor" qualifier="author" language="en" mdschema="dc">Golub, Justin L</dim:field>
<dim:field element="contributor" qualifier="author" language="en" mdschema="dc">Foster, Susan A</dim:field>
<dim:field element="coverage" qualifier="spatial" language="en" mdschema="dc">Alaska</dim:field>
<dim:field element="coverage" qualifier="temporal" language="en" mdschema="dc">Holocene</dim:field>
<dim:field element="date" qualifier="accessioned" language="" mdschema="dc">2009-12-21T14:54:17Z</dim:field>
<dim:field element="date" qualifier="available" language="" mdschema="dc">2009-12-21T14:54:17Z</dim:field>
<dim:field element="date" qualifier="issued" language="" mdschema="dc">2009-12-21T14:54:17Z</dim:field>
<dim:field element="identifier" mdschema="dc">doi:10.5061/dryad.1159/2</dim:field>
<dim:field element="identifier" qualifier="uri" language="" mdschema="dc">http://hdl.handle.net/10255/dryad.1161</dim:field>
<dim:field element="description" language="en" mdschema="dc">This data file contains two types of data. First are the lengths of the 3 longest gill rakers on the first gill arch of all specimens.  Second are the Procrustes superimposed x-y coordinates for all specimens (see figure 2 in manuscript for landmark locations). Families are nested within populations, and fish are nested within families. The “TPS Picture #” column corresponds with the order of specimens in the accompanying TPS text file. Thus, if the excel data are sorted by this column, specimens will be in the same order as in the TPS file.</dim:field>
<dim:field element="relation" qualifier="ispartof" language="en" mdschema="dc">doi:10.5061/dryad.1159</dim:field>
<dim:field element="rights" qualifier="uri" language="en" mdschema="dc">http://creativecommons.org/publicdomain/zero/1.0/</dim:field>
<dim:field element="subject" language="en" mdschema="dc">Adaptive radiation</dim:field>
<dim:field element="subject" language="en" mdschema="dc">Morphometrics</dim:field>
<dim:field element="subject" language="en" mdschema="dc">Phenotypic plasticity</dim:field>
<dim:field element="subject" language="en" mdschema="dc">Lakes/ponds</dim:field>
<dim:field element="subject" language="en" mdschema="dc">Ocean</dim:field>
<dim:field element="subject" language="en" mdschema="dc">stickleback</dim:field>
<dim:field element="subject" language="en" mdschema="dc">Baldwin effect</dim:field>
<dim:field element="subject" language="en" mdschema="dc">genetic accommodation</dim:field>
<dim:field element="title" language="en" mdschema="dc">WUND_DRYAD_proclndmrks_rakers.xlsx</dim:field>
<dim:field element="type" language="en" mdschema="dc">Dataset</dim:field>
<dim:field element="ScientificName" language="en" mdschema="dwc">Gasterosteus aculeatus</dim:field>
<dim:field element="status" language="" mdschema="dryad">scanned</dim:field>
<dim:field element="dryad" qualifier="pageviews">148</dim:field>
<dim:field element="dryad" qualifier="downloads">66</dim:field>
</dim:dim>
</mets:xmlData>
</mets:mdWrap>
</mets:dmdSec>
<mets:fileSec>
<mets:fileGrp USE="CONTENT">
<mets:file CHECKSUMTYPE="MD5" GROUPID="group_file_970" ID="file_970" MIMETYPE="application/vnd.openxmlformats-officedocument.spreadsheetml.sheet" SIZE="112791" CHECKSUM="557f66dc701d7238ed5ab9816c760eec">
<mets:FLocat LOCTYPE="URL" xlink:title="WUND_DRYAD_proclndmrks_rakers.xlsx" xlink:type="locator" xlink:href="/bitstream/handle/10255/dryad.1161/WUND_DRYAD_proclndmrks_rakers.xlsx?sequence=1"/>
</mets:file>
</mets:fileGrp>
</mets:fileSec>
<mets:structMap LABEL="DSpace" TYPE="LOGICAL">
<mets:div DMDID="dmd_1" TYPE="DSpace Item">
<mets:div ID="div_2" TYPE="DSpace Content Bitstream">
<mets:fptr FILEID="file_970"/>
</mets:div>
</mets:div>
</mets:structMap>
</mets:METS>
