<?xml version="1.0" encoding="UTF-8"?>
<mets:METS xmlns:mets="http://www.loc.gov/METS/" xmlns:xlink="http://www.w3.org/TR/xlink/" xmlns:xsi="http://www.w3.org/2001/XMLSchema-instance" xmlns:dim="http://www.dspace.org/xmlns/dspace/dim" OBJEDIT="/admin/item?itemID=131" OBJID="/handle/10255/dryad.122" PROFILE="DSPACE METS SIP Profile 1.0" LABEL="DSpace Item" ID="hdl:10255/dryad.122">
<mets:dmdSec GROUPID="group_dmd_0" ID="dmd_1">
<mets:mdWrap MDTYPE="OTHER" OTHERMDTYPE="DIM">
<mets:xmlData>
<dim:dim dspaceType="ITEM">
<dim:field element="contributor" qualifier="author" language="" mdschema="dc">Ree, Richard H.</dim:field>
<dim:field element="contributor" qualifier="author" language="" mdschema="dc">Donoghue, Michael J.</dim:field>
<dim:field element="date" qualifier="accessioned" language="" mdschema="dc">2008-04-08T19:51:42Z</dim:field>
<dim:field element="date" qualifier="available" language="" mdschema="dc">2008-04-08T19:51:42Z</dim:field>
<dim:field element="date" qualifier="issued" language="" mdschema="dc">1998-12-30</dim:field>
<dim:field element="identifier" mdschema="dc">doi:10.5061/dryad.119/2</dim:field>
<dim:field element="identifier" qualifier="uri" language="" mdschema="dc">http://hdl.handle.net/10255/dryad.122</dim:field>
<dim:field element="publisher" language="en_US" mdschema="dc">Taylor &amp; Francis</dim:field>
<dim:field element="relation" qualifier="ispartof" language="" mdschema="dc">doi:10.5061/dryad.119</dim:field>
<dim:field element="rights" qualifier="uri" language="" mdschema="dc">http://creativecommons.org/publicdomain/zero/1.0/</dim:field>
<dim:field element="subject" language="" mdschema="dc">phylogenetic inference</dim:field>
<dim:field element="subject" language="" mdschema="dc">ancestral states</dim:field>
<dim:field element="subject" language="" mdschema="dc">character evolution</dim:field>
<dim:field element="subject" language="" mdschema="dc">parsimony</dim:field>
<dim:field element="subject" language="" mdschema="dc">homoplasy</dim:field>
<dim:field element="title" language="en_US" mdschema="dc">Source Code Readme File</dim:field>
<dim:field element="type" language="en_US" mdschema="dc">Dataset</dim:field>
<dim:field element="status" language="" mdschema="dryad">scanned</dim:field>
<dim:field element="dryad" qualifier="pageviews">185</dim:field>
<dim:field element="dryad" qualifier="downloads">59</dim:field>
</dim:dim>
</mets:xmlData>
</mets:mdWrap>
</mets:dmdSec>
<mets:fileSec>
<mets:fileGrp USE="CONTENT">
<mets:file CHECKSUMTYPE="MD5" GROUPID="group_file_241" ID="file_241" MIMETYPE="text/plain" SIZE="5697" CHECKSUM="ceca23c5506f2ab26fc20085bf6458b3">
<mets:FLocat LOCTYPE="URL" xlink:title="c.readme.txt" xlink:type="locator" xlink:href="/bitstream/handle/10255/dryad.122/c.readme.txt?sequence=1"/>
</mets:file>
</mets:fileGrp>
<mets:fileGrp USE="TEXT">
<mets:file CHECKSUMTYPE="MD5" GROUPID="group_file_241" ID="file_1258" MIMETYPE="text/plain" SIZE="5520" CHECKSUM="e003fe2bb04bd8ec00d42527d791ada6">
<mets:FLocat LOCTYPE="URL" xlink:title="c.readme.txt.txt" xlink:label="Extracted text" xlink:type="locator" xlink:href="/bitstream/handle/10255/dryad.122/c.readme.txt.txt?sequence=2"/>
</mets:file>
</mets:fileGrp>
</mets:fileSec>
<mets:structMap LABEL="DSpace" TYPE="LOGICAL">
<mets:div DMDID="dmd_1" TYPE="DSpace Item">
<mets:div ID="div_2" TYPE="DSpace Content Bitstream">
<mets:fptr FILEID="file_241"/>
</mets:div>
</mets:div>
</mets:structMap>
</mets:METS>
