<?xml version="1.0" encoding="UTF-8"?>
<mets:METS xmlns:mets="http://www.loc.gov/METS/" xmlns:xlink="http://www.w3.org/TR/xlink/" xmlns:xsi="http://www.w3.org/2001/XMLSchema-instance" xmlns:dim="http://www.dspace.org/xmlns/dspace/dim" OBJEDIT="/admin/item?itemID=1767" OBJID="/handle/10255/dryad.1541" PROFILE="DSPACE METS SIP Profile 1.0" LABEL="DSpace Item" ID="hdl:10255/dryad.1541">
<mets:dmdSec GROUPID="group_dmd_0" ID="dmd_1">
<mets:mdWrap MDTYPE="OTHER" OTHERMDTYPE="DIM">
<mets:xmlData>
<dim:dim dspaceType="ITEM">
<dim:field element="contributor" qualifier="author" language="en" mdschema="dc">Mikheyev, Alexander S</dim:field>
<dim:field element="contributor" qualifier="author" language="en" mdschema="dc">Vo, Tanya</dim:field>
<dim:field element="contributor" qualifier="author" language="en" mdschema="dc">Wee, Brian</dim:field>
<dim:field element="contributor" qualifier="author" language="en" mdschema="dc">Singer, Michael C</dim:field>
<dim:field element="contributor" qualifier="author" language="en" mdschema="dc">Parmesan, Camille</dim:field>
<dim:field element="coverage" qualifier="spatial" language="en" mdschema="dc">California</dim:field>
<dim:field element="coverage" qualifier="spatial" language="en" mdschema="dc">Mexico</dim:field>
<dim:field element="coverage" qualifier="spatial" language="en" mdschema="dc">Nevada</dim:field>
<dim:field element="coverage" qualifier="spatial" language="en" mdschema="dc">Colorado</dim:field>
<dim:field element="coverage" qualifier="spatial" language="en" mdschema="dc">Oregon</dim:field>
<dim:field element="date" qualifier="accessioned" language="" mdschema="dc">2010-05-13T10:25:26Z</dim:field>
<dim:field element="date" qualifier="available" mdschema="dc">2011-05-13T06:30:08Z</dim:field>
<dim:field element="date" qualifier="issued" language="" mdschema="dc">2010-05-13</dim:field>
<dim:field element="identifier" mdschema="dc">doi:10.5061/dryad.1540/1</dim:field>
<dim:field element="identifier" qualifier="uri" language="" mdschema="dc">http://hdl.handle.net/10255/dryad.1541</dim:field>
<dim:field element="description" language="en" mdschema="dc">The data file consists of microsatellite allele lengths for 10 loci described in the paper. The data file has individuals organized in rows, with  the name of the population in the first column. The subsequent 20 columns correspond to microsatellite data (two columns per locus). Locations of the populations are given in the last two columns. Missing data are coded by zeros.</dim:field>
<dim:field element="relation" qualifier="ispartof" language="en" mdschema="dc">doi:10.5061/dryad.1540</dim:field>
<dim:field element="rights" qualifier="uri" language="en" mdschema="dc">http://creativecommons.org/publicdomain/zero/1.0/</dim:field>
<dim:field element="subject" language="en" mdschema="dc">454</dim:field>
<dim:field element="subject" language="en" mdschema="dc">EST</dim:field>
<dim:field element="subject" language="en" mdschema="dc">next-generation sequencing</dim:field>
<dim:field element="subject" language="en" mdschema="dc">simple sequence repeats</dim:field>
<dim:field element="subject" language="en" mdschema="dc">SSR</dim:field>
<dim:field element="subject" language="en" mdschema="dc">variable number sequence repeats</dim:field>
<dim:field element="subject" language="en" mdschema="dc">VNTR</dim:field>
<dim:field element="title" language="en" mdschema="dc">euphyrawdata.xls</dim:field>
<dim:field element="type" language="en" mdschema="dc">Dataset</dim:field>
<dim:field element="ScientificName" language="en" mdschema="dwc">Euphydryas editha</dim:field>
<dim:field element="dryad" qualifier="pageviews">172</dim:field>
<dim:field element="dryad" qualifier="downloads">42</dim:field>
</dim:dim>
</mets:xmlData>
</mets:mdWrap>
</mets:dmdSec>
<mets:fileSec>
<mets:fileGrp USE="CONTENT">
<mets:file CHECKSUMTYPE="MD5" GROUPID="group_file_1128" ID="file_1128" MIMETYPE="application/vnd.ms-excel" SIZE="178688" CHECKSUM="3f00015185495462d24b4a2c86a71d16">
<mets:FLocat LOCTYPE="URL" xlink:title="euphyrawdata.xls" xlink:type="locator" xlink:href="/bitstream/handle/10255/dryad.1541/euphyrawdata.xls?sequence=1"/>
</mets:file>
</mets:fileGrp>
</mets:fileSec>
<mets:structMap LABEL="DSpace" TYPE="LOGICAL">
<mets:div DMDID="dmd_1" TYPE="DSpace Item">
<mets:div ID="div_2" TYPE="DSpace Content Bitstream">
<mets:fptr FILEID="file_1128"/>
</mets:div>
</mets:div>
</mets:structMap>
</mets:METS>
