<?xml version="1.0" encoding="UTF-8"?>
<mets:METS xmlns:mets="http://www.loc.gov/METS/" xmlns:xlink="http://www.w3.org/TR/xlink/" xmlns:xsi="http://www.w3.org/2001/XMLSchema-instance" xmlns:dim="http://www.dspace.org/xmlns/dspace/dim" OBJEDIT="/admin/item?itemID=35865" OBJID="/handle/10255/dryad.34073" PROFILE="DSPACE METS SIP Profile 1.0" LABEL="DSpace Item" ID="hdl:10255/dryad.34073">
<mets:dmdSec GROUPID="group_dmd_0" ID="dmd_1">
<mets:mdWrap MDTYPE="OTHER" OTHERMDTYPE="DIM">
<mets:xmlData>
<dim:dim dspaceType="ITEM">
<dim:field element="contributor" qualifier="author" language="" mdschema="dc">Hayward, Adam D</dim:field>
<dim:field element="contributor" qualifier="author" language="" mdschema="dc">Wilson, Alastair J</dim:field>
<dim:field element="contributor" qualifier="author" language="" mdschema="dc">Pilkington, Jill G</dim:field>
<dim:field element="contributor" qualifier="author" language="" mdschema="dc">Clutton-Brock, Tim H</dim:field>
<dim:field element="contributor" qualifier="author" language="" mdschema="dc">Pemberton, Josephine M</dim:field>
<dim:field element="contributor" qualifier="author" language="" mdschema="dc">Kruuk, Loeske E B</dim:field>
<dim:field element="coverage" qualifier="spatial" language="en" mdschema="dc">St Kilda</dim:field>
<dim:field element="coverage" qualifier="spatial" language="en" mdschema="dc">Scotland</dim:field>
<dim:field element="date" qualifier="accessioned" language="" mdschema="dc">2011-06-13T21:49:05Z</dim:field>
<dim:field element="date" qualifier="available" mdschema="dc">2012-12-03T21:54:32Z</dim:field>
<dim:field element="date" qualifier="issued" language="" mdschema="dc">2011-06-13</dim:field>
<dim:field element="identifier" mdschema="dc">doi:10.5061/dryad.0045q/1</dim:field>
<dim:field element="identifier" qualifier="uri" language="" mdschema="dc">http://hdl.handle.net/10255/dryad.34073</dim:field>
<dim:field element="description" language="en" mdschema="dc">This data was collected in the field over a number of years, and represents raw phenotypic observations. Details of treatment of the data prior to analysis are fully explained in the corresponding paper.</dim:field>
<dim:field element="relation" qualifier="ispartof" language="" mdschema="dc">doi:10.5061/dryad.0045q</dim:field>
<dim:field element="rights" qualifier="uri" language="" mdschema="dc">http://creativecommons.org/publicdomain/zero/1.0/</dim:field>
<dim:field element="subject" language="en" mdschema="dc">Host-parasite interaction</dim:field>
<dim:field element="subject" language="en" mdschema="dc">Life history evolution</dim:field>
<dim:field element="subject" language="en" mdschema="dc">Mammals</dim:field>
<dim:field element="subject" language="en" mdschema="dc">Natural selection</dim:field>
<dim:field element="title" language="en" mdschema="dc">Hayward et al JEB Selection on FEC</dim:field>
<dim:field element="type" language="*" mdschema="dc">Dataset</dim:field>
<dim:field element="ScientificName" language="en" mdschema="dwc">Ovis aries</dim:field>
<dim:field element="ScientificName" language="en" mdschema="dwc">Strongylida</dim:field>
<dim:field element="type" qualifier="embargo" language="en" mdschema="dc">untilArticleAppears</dim:field>
<dim:field element="curatorNote" language="" mdschema="dryad">The authors originally submitted this item with an embargo until article publication. The embargo was initially lifted on 2011-07-14. The authors contacted Dryad on 2012-03-01 to request that the embargo be replaced, to expire one year from article publication.</dim:field>
<dim:field element="dryad" qualifier="pageviews">146</dim:field>
<dim:field element="dryad" qualifier="downloads">72</dim:field>
</dim:dim>
</mets:xmlData>
</mets:mdWrap>
</mets:dmdSec>
<mets:fileSec>
<mets:fileGrp USE="CONTENT">
<mets:file CHECKSUMTYPE="MD5" GROUPID="group_file_114852" ID="file_114852" MIMETYPE="application/vnd.ms-excel" SIZE="275968" CHECKSUM="eab08e0a9effd9924c1a87ec6994e3db">
<mets:FLocat LOCTYPE="URL" xlink:title="Hayward et al JEB Selection on FEC.xls" xlink:label="dataset-file" xlink:type="locator" xlink:href="/bitstream/handle/10255/dryad.34073/Hayward%20et%20al%20JEB%20Selection%20on%20FEC.xls?sequence=1"/>
</mets:file>
</mets:fileGrp>
</mets:fileSec>
<mets:structMap LABEL="DSpace" TYPE="LOGICAL">
<mets:div DMDID="dmd_1" TYPE="DSpace Item">
<mets:div ID="div_2" TYPE="DSpace Content Bitstream">
<mets:fptr FILEID="file_114852"/>
</mets:div>
</mets:div>
</mets:structMap>
</mets:METS>
