<?xml version="1.0" encoding="UTF-8"?>
<mets:METS xmlns:mets="http://www.loc.gov/METS/" xmlns:xlink="http://www.w3.org/TR/xlink/" xmlns:xsi="http://www.w3.org/2001/XMLSchema-instance" xmlns:dim="http://www.dspace.org/xmlns/dspace/dim" OBJEDIT="/admin/item?itemID=51869" OBJID="/handle/10255/dryad.44512" PROFILE="DSPACE METS SIP Profile 1.0" LABEL="DSpace Item" ID="hdl:10255/dryad.44512">
<mets:dmdSec GROUPID="group_dmd_0" ID="dmd_1">
<mets:mdWrap MDTYPE="OTHER" OTHERMDTYPE="DIM">
<mets:xmlData>
<dim:dim dspaceType="ITEM">
<dim:field element="contributor" qualifier="author" mdschema="dc">Kokita, Tomoyuki</dim:field>
<dim:field element="contributor" qualifier="author" mdschema="dc">Takahashi, Sayaka</dim:field>
<dim:field element="contributor" qualifier="author" mdschema="dc">Kumada, Hiroki</dim:field>
<dim:field element="identifier" mdschema="dc">doi:10.5061/dryad.16r7g</dim:field>
<dim:field element="description" language="" mdschema="dc">Climate changes on various time scales often shape genetic novelty and adaptive variation in many biotas. We explored molecular signatures of directional selection in populations of the ice goby Leucopsarion petersii inhabiting a unique sea basin, the Sea of Japan, where a wide variety of environments existed in the Pleistocene in relation to shifts in sea level by repeated glaciations. This species consisted of two historically allopatric lineages, the Japan Sea (JS) and Pacific Ocean (PO) lineages, and these have lived under contrasting marine environments and are expected to have imposed different selection regimes caused by past climatic and current oceanographic factors. We applied a limited genome-scan approach using seven candidate genes for phenotypic differences between two lineages in combination to 100 anonymous microsatellite loci. Neuropeptide Y (NPY) gene, which is an important regulator of food intake and potent orexigenic agent, and three anonymous microsatellites were identified as robust outliers, i.e., candidate loci potentially under directional selection, by multiple divergence- and diversity-based outlier tests in comparisons focused on multiple populations of the JS versus PO lineages. For these outlier loci, populations of the JS lineage had putative signals of selective sweeps. Additionally, real-time quantitative PCR analysis using fish reared in a common environment showed a higher expression level for NPY gene in the JS lineage. Thus, this study succeeded in identifying candidate genomic regions under selection across populations of the JS lineage, and provided evidence for lineage-specific adaptive evolution in this unique sea basin.</dim:field>
<dim:field element="subject" confidence="NOVALUE" language="" mdschema="dc">Adaptation</dim:field>
<dim:field element="subject" confidence="NOVALUE" language="" mdschema="dc">Fish</dim:field>
<dim:field element="subject" confidence="NOVALUE" language="" mdschema="dc">Natural Selection and Contemporary Evolution</dim:field>
<dim:field element="subject" confidence="NOVALUE" language="" mdschema="dc">Population Genetics - Empirical</dim:field>
<dim:field element="subject" confidence="NOVALUE" language="" mdschema="dc">Phylogeography</dim:field>
<dim:field element="title" language="" mdschema="dc">Data from: Molecular signatures of lineage-specific adaptive evolution in a unique sea basin: the example of an anadromous goby Leucopsarion petersii</dim:field>
<dim:field element="type" language="*" mdschema="dc">Article</dim:field>
<dim:field element="contributor" qualifier="correspondingAuthor" language="" mdschema="dc">Kokita, Tomoyuki</dim:field>
<dim:field element="identifier" qualifier="manuscriptNumber" mdschema="dc">MolEcol-13267553MEC-12-1199</dim:field>
<dim:field authority="a312d903f9cad07f83f0a5bbf0b27791" element="publicationName" confidence="UNCERTAIN" language="" mdschema="prism">Molecular Ecology</dim:field>
<dim:field element="archive" qualifier="mailUsers" mdschema="workflow">editorial.office@molecol.com</dim:field>
<dim:field element="archive" qualifier="mailUsers" mdschema="workflow">admin@datadryad.org</dim:field>
<dim:field element="archive" qualifier="mailUsers" mdschema="workflow">curator@datadryad.org</dim:field>
<dim:field element="submit" qualifier="skipReviewStage" mdschema="workflow">false</dim:field>
<dim:field element="workflow" qualifier="submitted" mdschema="internal">true</dim:field>
<dim:field element="review" qualifier="mailUsers" mdschema="workflow">editorial.office@molecol.com</dim:field>
<dim:field element="review" qualifier="mailUsers" mdschema="workflow">managing.editor@molecol.com</dim:field>
<dim:field element="review" qualifier="mailUsers" mdschema="workflow">admin@datadryad.org</dim:field>
<dim:field element="review" qualifier="mailUsers" mdschema="workflow">curator@datadryad.org</dim:field>
</dim:dim>
</mets:xmlData>
</mets:mdWrap>
</mets:dmdSec>
<mets:fileSec/>
<mets:structMap LABEL="DSpace" TYPE="LOGICAL">
<mets:div DMDID="dmd_1" TYPE="DSpace Item"/>
</mets:structMap>
</mets:METS>
