<?xml version="1.0" encoding="UTF-8"?>
<mets:METS xmlns:mets="http://www.loc.gov/METS/" xmlns:xlink="http://www.w3.org/TR/xlink/" xmlns:xsi="http://www.w3.org/2001/XMLSchema-instance" xmlns:dim="http://www.dspace.org/xmlns/dspace/dim" OBJEDIT="/admin/item?itemID=1736" OBJID="/handle/10255/dryad.1522" PROFILE="DSPACE METS SIP Profile 1.0" LABEL="DSpace Item" ID="hdl:10255/dryad.1522">
<mets:dmdSec GROUPID="group_dmd_0" ID="dmd_1">
<mets:mdWrap MDTYPE="OTHER" OTHERMDTYPE="DIM">
<mets:xmlData>
<dim:dim dspaceType="ITEM">
<dim:field element="contributor" qualifier="author" language="en" mdschema="dc">Paun, Ovidiu</dim:field>
<dim:field element="coverage" qualifier="spatial" language="en" mdschema="dc">Europe</dim:field>
<dim:field element="coverage" qualifier="spatial" language="en" mdschema="dc">Alps</dim:field>
<dim:field element="coverage" qualifier="spatial" language="en" mdschema="dc">Pyrenees</dim:field>
<dim:field element="coverage" qualifier="spatial" language="en" mdschema="dc">Britain</dim:field>
<dim:field element="coverage" qualifier="spatial" language="en" mdschema="dc">Scandinavia</dim:field>
<dim:field element="date" qualifier="accessioned" language="" mdschema="dc">2010-05-03T18:30:03Z</dim:field>
<dim:field element="date" qualifier="available" language="" mdschema="dc">2010-05-03T18:30:03Z</dim:field>
<dim:field element="date" qualifier="issued" language="" mdschema="dc">2010-05-03</dim:field>
<dim:field element="identifier" mdschema="dc">doi:10.5061/dryad.1521/1</dim:field>
<dim:field element="identifier" qualifier="uri" language="" mdschema="dc">http://hdl.handle.net/10255/dryad.1522</dim:field>
<dim:field element="description" language="en" mdschema="dc">The data is provided in four tabs: the "Original" tab contains the initial information obtained from the two paired profiles per individual (i.e., MspI and HpaII); the "Unmethylated" tab includes fragments present in both profiles simultaneously; the "MeCpG" tab includes the information from MspI; the "hemiMeCpCpG" tab includes the information from HpaII. Redundant information between the last 3 tabs has been retained only once.</dim:field>
<dim:field element="relation" qualifier="ispartof" language="en" mdschema="dc">doi:10.5061/dryad.1521</dim:field>
<dim:field element="rights" qualifier="uri" language="en" mdschema="dc">http://creativecommons.org/publicdomain/zero/1.0/</dim:field>
<dim:field element="subject" language="en" mdschema="dc">adaptation</dim:field>
<dim:field element="subject" language="en" mdschema="dc">epigenetics</dim:field>
<dim:field element="subject" language="en" mdschema="dc">evolution</dim:field>
<dim:field element="subject" language="en" mdschema="dc">hybridization</dim:field>
<dim:field element="subject" language="en" mdschema="dc">polyploidy</dim:field>
<dim:field element="subject" language="en" mdschema="dc">selection</dim:field>
<dim:field element="title" language="en" mdschema="dc">Methylation sensitive AFLP data of Dactylorhiza allopolyploids</dim:field>
<dim:field element="type" language="en" mdschema="dc">Dataset</dim:field>
<dim:field element="ScientificName" language="en" mdschema="dwc">Dactylorhiza</dim:field>
<dim:field element="ScientificName" language="en" mdschema="dwc">Dactylorhiza majalis</dim:field>
<dim:field element="ScientificName" language="en" mdschema="dwc">Dactylorhiza traunsteineri</dim:field>
<dim:field element="ScientificName" language="en" mdschema="dwc">Dactylorhiza ebudensis</dim:field>
<dim:field element="dryad" qualifier="pageviews">346</dim:field>
<dim:field element="dryad" qualifier="downloads">120</dim:field>
</dim:dim>
</mets:xmlData>
</mets:mdWrap>
</mets:dmdSec>
<mets:fileSec>
<mets:fileGrp USE="CONTENT">
<mets:file CHECKSUMTYPE="MD5" GROUPID="group_file_1123" ID="file_1123" MIMETYPE="application/vnd.ms-excel" SIZE="255488" CHECKSUM="005a88178215f12333439caf57e8066b">
<mets:FLocat LOCTYPE="URL" xlink:title="data.xls" xlink:type="locator" xlink:href="/bitstream/handle/10255/dryad.1522/data.xls?sequence=1"/>
</mets:file>
</mets:fileGrp>
</mets:fileSec>
<mets:structMap LABEL="DSpace" TYPE="LOGICAL">
<mets:div DMDID="dmd_1" TYPE="DSpace Item">
<mets:div ID="div_2" TYPE="DSpace Content Bitstream">
<mets:fptr FILEID="file_1123"/>
</mets:div>
</mets:div>
</mets:structMap>
</mets:METS>
