<?xml version="1.0" encoding="UTF-8"?>
<mets:METS xmlns:mets="http://www.loc.gov/METS/" xmlns:xlink="http://www.w3.org/TR/xlink/" xmlns:xsi="http://www.w3.org/2001/XMLSchema-instance" xmlns:dim="http://www.dspace.org/xmlns/dspace/dim" OBJEDIT="/admin/item?itemID=50119" OBJID="/handle/10255/dryad.43376" PROFILE="DSPACE METS SIP Profile 1.0" LABEL="DSpace Item" ID="hdl:10255/dryad.43376">
<mets:dmdSec GROUPID="group_dmd_0" ID="dmd_1">
<mets:mdWrap MDTYPE="OTHER" OTHERMDTYPE="DIM">
<mets:xmlData>
<dim:dim dspaceType="ITEM">
<dim:field element="contributor" qualifier="author" language="" mdschema="dc">James, Tim Y.</dim:field>
<dim:field element="contributor" qualifier="author" language="" mdschema="dc">Malloure, Brian D.</dim:field>
<dim:field element="coverage" qualifier="spatial" language="" mdschema="dc">Michigan</dim:field>
<dim:field element="coverage" qualifier="spatial" language="" mdschema="dc">North America</dim:field>
<dim:field element="coverage" qualifier="spatial" language="" mdschema="dc">Louisiana</dim:field>
<dim:field element="date" qualifier="accessioned" language="" mdschema="dc">2012-10-17T18:17:19Z</dim:field>
<dim:field element="date" qualifier="available" mdschema="dc">2013-03-26T18:57:30Z</dim:field>
<dim:field element="date" qualifier="issued" language="" mdschema="dc">2012-10-17</dim:field>
<dim:field element="identifier" language="" mdschema="dc">doi:10.5061/dryad.0h054/1</dim:field>
<dim:field element="identifier" language="" mdschema="dc">doi:10.5061/dryad.0h054/1</dim:field>
<dim:field element="identifier" qualifier="uri" language="" mdschema="dc">http://hdl.handle.net/10255/dryad.43376</dim:field>
<dim:field element="description" language="" mdschema="dc">File contains clone corrected dataset of microsatellite genotypes divided into the six populations used in the publication. Alleles are represented in three digit format, and missing data is represented by 000000.</dim:field>
<dim:field element="relation" qualifier="ispartof" language="" mdschema="dc">doi:10.5061/dryad.0h054</dim:field>
<dim:field element="rights" qualifier="uri" language="" mdschema="dc">http://creativecommons.org/publicdomain/zero/1.0/</dim:field>
<dim:field element="subject" confidence="NOVALUE" language="" mdschema="dc">dikaryon</dim:field>
<dim:field element="subject" confidence="NOVALUE" language="" mdschema="dc">population structure</dim:field>
<dim:field element="subject" confidence="NOVALUE" language="" mdschema="dc">basidiomycete</dim:field>
<dim:field element="subject" confidence="NOVALUE" language="" mdschema="dc">marker development</dim:field>
<dim:field element="subject" confidence="NOVALUE" language="" mdschema="dc">fungi</dim:field>
<dim:field element="title" language="" mdschema="dc">10 microsatellite locus dataset in Genepop format</dim:field>
<dim:field element="type" language="*" mdschema="dc">Dataset</dim:field>
<dim:field element="ScientificName" confidence="NOVALUE" language="" mdschema="dwc">Cyathus stercoreus</dim:field>
<dim:field element="ScientificName" confidence="NOVALUE" language="" mdschema="dwc">Nidulariaceae</dim:field>
<dim:field element="ScientificName" confidence="NOVALUE" language="" mdschema="dwc">Basidiomycota</dim:field>
<dim:field element="type" qualifier="embargo" language="" mdschema="dc">untilArticleAppears</dim:field>
<dim:field element="dryad" qualifier="pageviews">79</dim:field>
<dim:field element="dryad" qualifier="downloads">9</dim:field>
</dim:dim>
</mets:xmlData>
</mets:mdWrap>
</mets:dmdSec>
<mets:fileSec>
<mets:fileGrp USE="CONTENT">
<mets:file CHECKSUMTYPE="MD5" GROUPID="group_file_126209" ID="file_126209" MIMETYPE="text/plain" SIZE="5207" CHECKSUM="6e54d3ac9d10381c1677866a7c6d788d">
<mets:FLocat LOCTYPE="URL" xlink:title="cyathus_final_genepop.txt" xlink:label="dataset-file" xlink:type="locator" xlink:href="/bitstream/handle/10255/dryad.43376/cyathus_final_genepop.txt?sequence=1"/>
</mets:file>
</mets:fileGrp>
</mets:fileSec>
<mets:structMap LABEL="DSpace" TYPE="LOGICAL">
<mets:div DMDID="dmd_1" TYPE="DSpace Item">
<mets:div ID="div_2" TYPE="DSpace Content Bitstream">
<mets:fptr FILEID="file_126209"/>
</mets:div>
</mets:div>
</mets:structMap>
</mets:METS>
