<?xml version="1.0" encoding="UTF-8"?>
<mets:METS xmlns:mets="http://www.loc.gov/METS/" xmlns:xlink="http://www.w3.org/TR/xlink/" xmlns:xsi="http://www.w3.org/2001/XMLSchema-instance" xmlns:dim="http://www.dspace.org/xmlns/dspace/dim" OBJEDIT="/admin/item?itemID=56351" OBJID="/handle/10255/dryad.47488" PROFILE="DSPACE METS SIP Profile 1.0" LABEL="DSpace Item" ID="hdl:10255/dryad.47488">
<mets:dmdSec GROUPID="group_dmd_0" ID="dmd_1">
<mets:mdWrap MDTYPE="OTHER" OTHERMDTYPE="DIM">
<mets:xmlData>
<dim:dim dspaceType="ITEM">
<dim:field element="contributor" qualifier="author" mdschema="dc">Burgar, Joanna</dim:field>
<dim:field element="coverage" qualifier="spatial" language="" mdschema="dc">South-west Australia</dim:field>
<dim:field element="coverage" qualifier="spatial" language="" mdschema="dc">32°36’S</dim:field>
<dim:field element="coverage" qualifier="spatial" language="" mdschema="dc">116°07’E</dim:field>
<dim:field element="coverage" qualifier="temporal" language="" mdschema="dc">Holocene</dim:field>
<dim:field element="identifier" mdschema="dc">doi:10.5061/dryad.0gq63/7</dim:field>
<dim:field element="description" language="" mdschema="dc">Two fasta files containing all arthropod DNA sequences (seqs.fna) and the representative DNA sequences for each Operational Taxonomic Unit (OTU) (rep_set.fna)</dim:field>
<dim:field element="relation" qualifier="ispartof" mdschema="dc">doi:10.5061/dryad.0gq63</dim:field>
<dim:field element="rights" qualifier="uri" mdschema="dc">http://creativecommons.org/publicdomain/zero/1.0/</dim:field>
<dim:field element="subject" confidence="NOVALUE" language="" mdschema="dc">Predator Prey Interactions</dim:field>
<dim:field element="subject" confidence="NOVALUE" language="" mdschema="dc">Conservation Biology</dim:field>
<dim:field element="subject" confidence="NOVALUE" language="" mdschema="dc">Diet Analysis</dim:field>
<dim:field element="subject" confidence="NOVALUE" language="" mdschema="dc">Ecological Genetics</dim:field>
<dim:field element="subject" confidence="NOVALUE" language="" mdschema="dc">Environmental DNA</dim:field>
<dim:field element="subject" confidence="NOVALUE" language="" mdschema="dc">Wildlife Management</dim:field>
<dim:field element="title" language="" mdschema="dc">DNA_sequences</dim:field>
<dim:field element="type" language="*" mdschema="dc">Dataset</dim:field>
<dim:field element="ScientificName" confidence="NOVALUE" language="" mdschema="dwc">Chalinobolus gouldii</dim:field>
<dim:field element="ScientificName" confidence="NOVALUE" language="" mdschema="dwc">Nyctophilus gouldi</dim:field>
<dim:field element="ScientificName" confidence="NOVALUE" language="" mdschema="dwc">Vespadelus regulus</dim:field>
<dim:field element="type" qualifier="embargo" language="" mdschema="dc">untilArticleAppears</dim:field>
<dim:field element="dryad" qualifier="pageviews">0</dim:field>
<dim:field element="dryad" qualifier="downloads">1</dim:field>
</dim:dim>
</mets:xmlData>
</mets:mdWrap>
</mets:dmdSec>
<mets:fileSec/>
<mets:structMap LABEL="DSpace" TYPE="LOGICAL">
<mets:div DMDID="dmd_1" TYPE="DSpace Item"/>
</mets:structMap>
</mets:METS>
