<?xml version="1.0" encoding="UTF-8"?>
<mets:METS xmlns:mets="http://www.loc.gov/METS/" xmlns:xlink="http://www.w3.org/TR/xlink/" xmlns:xsi="http://www.w3.org/2001/XMLSchema-instance" xmlns:dim="http://www.dspace.org/xmlns/dspace/dim" OBJEDIT="/admin/item?itemID=1894" OBJID="/handle/10255/dryad.1665" PROFILE="DSPACE METS SIP Profile 1.0" LABEL="DSpace Item" ID="hdl:10255/dryad.1665">
<mets:dmdSec GROUPID="group_dmd_0" ID="dmd_1">
<mets:mdWrap MDTYPE="OTHER" OTHERMDTYPE="DIM">
<mets:xmlData>
<dim:dim dspaceType="ITEM">
<dim:field element="contributor" qualifier="author" language="en" mdschema="dc">Allen, Michael</dim:field>
<dim:field element="contributor" qualifier="author" language="en" mdschema="dc">Thum, Ryan</dim:field>
<dim:field element="contributor" qualifier="author" language="en" mdschema="dc">Cáceres, Carla</dim:field>
<dim:field element="coverage" qualifier="spatial" language="en" mdschema="dc">central Illinois</dim:field>
<dim:field element="coverage" qualifier="spatial" language="en" mdschema="dc">Kickapoo State Park</dim:field>
<dim:field element="coverage" qualifier="spatial" language="en" mdschema="dc">Busey Woods</dim:field>
<dim:field element="coverage" qualifier="spatial" language="en" mdschema="dc">Middle Fork State Game Area</dim:field>
<dim:field element="coverage" qualifier="temporal" language="en" mdschema="dc">present day</dim:field>
<dim:field element="date" qualifier="accessioned" language="" mdschema="dc">2010-06-12T18:01:54Z</dim:field>
<dim:field element="date" qualifier="available" language="" mdschema="dc">2010-06-12T18:01:54Z</dim:field>
<dim:field element="date" qualifier="issued" language="" mdschema="dc">2010-06-12</dim:field>
<dim:field element="identifier" mdschema="dc">doi:10.5061/dryad.1664/1</dim:field>
<dim:field element="identifier" qualifier="uri" language="" mdschema="dc">http://hdl.handle.net/10255/dryad.1665</dim:field>
<dim:field element="description" language="en" mdschema="dc">Microsatellite data for four populations of Daphnia pulex in central Illinois. Individuals were hatched from the sediments in 2008 or obtained from the water column in the early spring. Genotypes were assigned using Genemapper. Each sheet in the file provides data aligned for a different genetic analysis program. The fourth sheet contains only those genotypes which were obtained from water column samples.</dim:field>
<dim:field element="relation" qualifier="ispartof" language="en" mdschema="dc">doi:10.5061/dryad.1664</dim:field>
<dim:field element="rights" qualifier="uri" language="en" mdschema="dc">http://creativecommons.org/publicdomain/zero/1.0/</dim:field>
<dim:field element="subject" language="en" mdschema="dc">Local Adaptation</dim:field>
<dim:field element="subject" language="en" mdschema="dc">Founder effects</dim:field>
<dim:field element="subject" language="en" mdschema="dc">Monopolization hypothesis</dim:field>
<dim:field element="subject" language="en" mdschema="dc">microsatellites</dim:field>
<dim:field element="subject" language="en" mdschema="dc">reciprocal transplant</dim:field>
<dim:field element="subject" language="en" mdschema="dc">dispersal</dim:field>
<dim:field element="title" language="en" mdschema="dc">Microsatellite data of Daphnia in four Illinois populations</dim:field>
<dim:field element="type" language="en" mdschema="dc">Dataset</dim:field>
<dim:field element="ScientificName" language="en" mdschema="dwc">Daphnia pulex</dim:field>
<dim:field element="dryad" qualifier="pageviews">288</dim:field>
<dim:field element="dryad" qualifier="downloads">98</dim:field>
</dim:dim>
</mets:xmlData>
</mets:mdWrap>
</mets:dmdSec>
<mets:fileSec>
<mets:fileGrp USE="CONTENT">
<mets:file CHECKSUMTYPE="MD5" GROUPID="group_file_1203" ID="file_1203" MIMETYPE="application/vnd.ms-excel" SIZE="204288" CHECKSUM="c9b2d725e27bceabaee261bf175c1b48">
<mets:FLocat LOCTYPE="URL" xlink:title="pulexmicrosats.xls" xlink:type="locator" xlink:href="/bitstream/handle/10255/dryad.1665/pulexmicrosats.xls?sequence=1"/>
</mets:file>
</mets:fileGrp>
</mets:fileSec>
<mets:structMap LABEL="DSpace" TYPE="LOGICAL">
<mets:div DMDID="dmd_1" TYPE="DSpace Item">
<mets:div ID="div_2" TYPE="DSpace Content Bitstream">
<mets:fptr FILEID="file_1203"/>
</mets:div>
</mets:div>
</mets:structMap>
</mets:METS>
