<?xml version="1.0" encoding="UTF-8"?>
<mets:METS xmlns:mets="http://www.loc.gov/METS/" xmlns:xlink="http://www.w3.org/TR/xlink/" xmlns:xsi="http://www.w3.org/2001/XMLSchema-instance" xmlns:dim="http://www.dspace.org/xmlns/dspace/dim" OBJEDIT="/admin/item?itemID=2028" OBJID="/handle/10255/dryad.1791" PROFILE="DSPACE METS SIP Profile 1.0" LABEL="DSpace Item" ID="hdl:10255/dryad.1791">
<mets:dmdSec GROUPID="group_dmd_0" ID="dmd_1">
<mets:mdWrap MDTYPE="OTHER" OTHERMDTYPE="DIM">
<mets:xmlData>
<dim:dim dspaceType="ITEM">
<dim:field element="contributor" qualifier="author" language="en" mdschema="dc">Cardoso, Gonçalo C</dim:field>
<dim:field element="contributor" qualifier="author" language="en" mdschema="dc">Atwell, Jonathan W</dim:field>
<dim:field element="date" qualifier="accessioned" language="" mdschema="dc">2010-07-21T19:39:55Z</dim:field>
<dim:field element="date" qualifier="available" mdschema="dc">2010-08-20T06:30:07Z</dim:field>
<dim:field element="date" qualifier="issued" language="" mdschema="dc">2010-07-21</dim:field>
<dim:field element="identifier" mdschema="dc">doi:10.5061/dryad.1790/1</dim:field>
<dim:field element="identifier" qualifier="uri" language="" mdschema="dc">http://hdl.handle.net/10255/dryad.1791</dim:field>
<dim:field element="description" language="en" mdschema="dc">Measurements of minimum song frequency and others, averaged for each bird and song type. From field recordings.</dim:field>
<dim:field element="relation" qualifier="ispartof" language="en" mdschema="dc">doi:10.5061/dryad.1790</dim:field>
<dim:field element="rights" qualifier="uri" language="en" mdschema="dc">http://creativecommons.org/publicdomain/zero/1.0/</dim:field>
<dim:field element="subject" language="en" mdschema="dc">Cultural evolution</dim:field>
<dim:field element="subject" language="en" mdschema="dc">Behavior</dim:field>
<dim:field element="title" language="en" mdschema="dc">Measurements of dark-eyed junco songs</dim:field>
<dim:field element="type" language="en" mdschema="dc">Dataset</dim:field>
<dim:field element="ScientificName" language="en" mdschema="dwc">Junco hyemalis</dim:field>
<dim:field element="dryad" qualifier="pageviews">167</dim:field>
<dim:field element="dryad" qualifier="downloads">69</dim:field>
</dim:dim>
</mets:xmlData>
</mets:mdWrap>
</mets:dmdSec>
<mets:fileSec>
<mets:fileGrp USE="CONTENT">
<mets:file CHECKSUMTYPE="MD5" GROUPID="group_file_1589" ID="file_1589" MIMETYPE="application/vnd.ms-excel" SIZE="80384" CHECKSUM="9cbf05e1cea86d031c3bdb73ad025181">
<mets:FLocat LOCTYPE="URL" xlink:title="CardosoAtwell-dataset.xls" xlink:type="locator" xlink:href="/bitstream/handle/10255/dryad.1791/CardosoAtwell-dataset.xls?sequence=1"/>
</mets:file>
</mets:fileGrp>
</mets:fileSec>
<mets:structMap LABEL="DSpace" TYPE="LOGICAL">
<mets:div DMDID="dmd_1" TYPE="DSpace Item">
<mets:div ID="div_2" TYPE="DSpace Content Bitstream">
<mets:fptr FILEID="file_1589"/>
</mets:div>
</mets:div>
</mets:structMap>
</mets:METS>
