<?xml version="1.0" encoding="UTF-8"?>
<mets:METS xmlns:mets="http://www.loc.gov/METS/" xmlns:xlink="http://www.w3.org/TR/xlink/" xmlns:xsi="http://www.w3.org/2001/XMLSchema-instance" xmlns:dim="http://www.dspace.org/xmlns/dspace/dim" OBJEDIT="/admin/item?itemID=1252" OBJID="/handle/10255/dryad.1093" PROFILE="DSPACE METS SIP Profile 1.0" LABEL="DSpace Item" ID="hdl:10255/dryad.1093">
<mets:dmdSec GROUPID="group_dmd_0" ID="dmd_1">
<mets:mdWrap MDTYPE="OTHER" OTHERMDTYPE="DIM">
<mets:xmlData>
<dim:dim dspaceType="ITEM">
<dim:field element="contributor" qualifier="author" language="en" mdschema="dc">Brown, Jason L.</dim:field>
<dim:field element="contributor" qualifier="author" language="en" mdschema="dc">Morales, Victor R.</dim:field>
<dim:field element="contributor" qualifier="author" language="en" mdschema="dc">Summers, Kyle</dim:field>
<dim:field element="date" qualifier="accessioned" language="" mdschema="dc">2009-11-20T19:20:13Z</dim:field>
<dim:field element="date" qualifier="available" language="" mdschema="dc">2009-11-20T19:20:13Z</dim:field>
<dim:field element="date" qualifier="issued" language="" mdschema="dc">2009-11-20T19:20:13Z</dim:field>
<dim:field element="identifier" mdschema="dc">doi:10.5061/dryad.1092/1</dim:field>
<dim:field element="identifier" qualifier="uri" language="" mdschema="dc">http://hdl.handle.net/10255/dryad.1093</dim:field>
<dim:field element="relation" qualifier="ispartof" language="en" mdschema="dc">doi:10.5061/dryad.1092</dim:field>
<dim:field element="rights" qualifier="uri" language="en" mdschema="dc">http://creativecommons.org/publicdomain/zero/1.0/</dim:field>
<dim:field element="subject" language="en" mdschema="dc">behavior: evolution</dim:field>
<dim:field element="subject" language="en" mdschema="dc">behavior: reproductive</dim:field>
<dim:field element="subject" language="en" mdschema="dc">behavior: social</dim:field>
<dim:field element="subject" language="en" mdschema="dc">kin</dim:field>
<dim:field element="subject" language="en" mdschema="dc">mating systems</dim:field>
<dim:field element="subject" language="en" mdschema="dc">parental care</dim:field>
<dim:field element="subject" language="en" mdschema="dc">phylogenetics: comparative</dim:field>
<dim:field element="subject" language="en" mdschema="dc">selection: sexual</dim:field>
<dim:field element="subject" language="en" mdschema="dc">rainforest</dim:field>
<dim:field element="subject" language="" mdschema="dc">Anurans (frogs and toads)</dim:field>
<dim:field element="title" language="en" mdschema="dc">Presence/Absence Data on Parental Care and Pool Type in Frogs</dim:field>
<dim:field element="type" language="en" mdschema="dc">Dataset</dim:field>
<dim:field element="status" language="" mdschema="dryad">scanned</dim:field>
<dim:field element="dryad" qualifier="pageviews">413</dim:field>
<dim:field element="dryad" qualifier="downloads">158</dim:field>
</dim:dim>
</mets:xmlData>
</mets:mdWrap>
</mets:dmdSec>
<mets:fileSec>
<mets:fileGrp USE="CONTENT">
<mets:file CHECKSUMTYPE="MD5" GROUPID="group_file_935" ID="file_935" MIMETYPE="application/octet-stream" SIZE="28321" CHECKSUM="13bcf06066541637ada3116af332214c">
<mets:FLocat LOCTYPE="URL" xlink:title="BrownAppendS1.prn" xlink:type="locator" xlink:href="/bitstream/handle/10255/dryad.1093/BrownAppendS1.prn?sequence=1"/>
</mets:file>
</mets:fileGrp>
</mets:fileSec>
<mets:structMap LABEL="DSpace" TYPE="LOGICAL">
<mets:div DMDID="dmd_1" TYPE="DSpace Item">
<mets:div ID="div_2" TYPE="DSpace Content Bitstream">
<mets:fptr FILEID="file_935"/>
</mets:div>
</mets:div>
</mets:structMap>
</mets:METS>
