<?xml version="1.0" encoding="UTF-8"?>
<mets:METS xmlns:mets="http://www.loc.gov/METS/" xmlns:xlink="http://www.w3.org/TR/xlink/" xmlns:xsi="http://www.w3.org/2001/XMLSchema-instance" xmlns:dim="http://www.dspace.org/xmlns/dspace/dim" OBJEDIT="/admin/item?itemID=47953" OBJID="/handle/10255/dryad.41915" PROFILE="DSPACE METS SIP Profile 1.0" LABEL="DSpace Item" ID="hdl:10255/dryad.41915">
<mets:dmdSec GROUPID="group_dmd_0" ID="dmd_1">
<mets:mdWrap MDTYPE="OTHER" OTHERMDTYPE="DIM">
<mets:xmlData>
<dim:dim dspaceType="ITEM">
<dim:field element="contributor" qualifier="author" language="" mdschema="dc">Roche, Daniel P.</dim:field>
<dim:field element="contributor" qualifier="author" language="" mdschema="dc">McGhee, Katie E.</dim:field>
<dim:field element="contributor" qualifier="author" language="" mdschema="dc">Bell, Alison M.</dim:field>
<dim:field element="coverage" qualifier="spatial" language="" mdschema="dc">California</dim:field>
<dim:field element="coverage" qualifier="temporal" language="" mdschema="dc">present</dim:field>
<dim:field element="date" qualifier="accessioned" mdschema="dc">2012-10-01T19:24:32Z</dim:field>
<dim:field element="date" qualifier="available" mdschema="dc">2012-10-01T19:24:32Z</dim:field>
<dim:field element="date" qualifier="issued" mdschema="dc">2012-10-01</dim:field>
<dim:field element="identifier" language="" mdschema="dc">doi:10.5061/dryad.12j03/1</dim:field>
<dim:field element="identifier" mdschema="dc">doi:10.5061/dryad.12j03/1</dim:field>
<dim:field element="identifier" qualifier="uri" mdschema="dc">http://hdl.handle.net/10255/dryad.41915</dim:field>
<dim:field element="relation" qualifier="ispartof" language="" mdschema="dc">doi:10.5061/dryad.12j03</dim:field>
<dim:field element="rights" qualifier="uri" language="" mdschema="dc">http://creativecommons.org/publicdomain/zero/1.0/</dim:field>
<dim:field element="subject" confidence="NOVALUE" language="" mdschema="dc">behavioural plasticity</dim:field>
<dim:field element="subject" confidence="NOVALUE" language="" mdschema="dc">colour association</dim:field>
<dim:field element="subject" confidence="NOVALUE" language="" mdschema="dc">discrimination learning</dim:field>
<dim:field element="subject" confidence="NOVALUE" language="" mdschema="dc">maternal effects</dim:field>
<dim:field element="subject" confidence="NOVALUE" language="" mdschema="dc">maternal stress</dim:field>
<dim:field element="subject" confidence="NOVALUE" language="" mdschema="dc">transgenerational plasticity</dim:field>
<dim:field element="subject" confidence="NOVALUE" language="" mdschema="dc">threespined stickleback</dim:field>
<dim:field element="title" language="" mdschema="dc">Roche_etal_2012_maternal_predator_exposure_learning</dim:field>
<dim:field element="type" language="*" mdschema="dc">Dataset</dim:field>
<dim:field element="ScientificName" confidence="NOVALUE" language="" mdschema="dwc">Gasterosteus aculeatus</dim:field>
<dim:field element="type" qualifier="embargo" language="" mdschema="dc">none</dim:field>
<dim:field element="dryad" qualifier="pageviews">67</dim:field>
<dim:field element="dryad" qualifier="downloads">57</dim:field>
</dim:dim>
</mets:xmlData>
</mets:mdWrap>
</mets:dmdSec>
<mets:fileSec>
<mets:fileGrp USE="CONTENT">
<mets:file CHECKSUMTYPE="MD5" GROUPID="group_file_124714" ID="file_124714" MIMETYPE="text/csv" SIZE="1441" CHECKSUM="58960e201c9a465c00155c9fe3f7c6bc">
<mets:FLocat LOCTYPE="URL" xlink:title="Roche_etal_2012_maternal_predator_exposure_learning.csv" xlink:label="dataset-file" xlink:type="locator" xlink:href="/bitstream/handle/10255/dryad.41915/Roche_etal_2012_maternal_predator_exposure_learning.csv?sequence=1"/>
</mets:file>
<mets:file CHECKSUMTYPE="MD5" GROUPID="group_file_124715" ID="file_124715" MIMETYPE="application/vnd.openxmlformats-officedocument.wordprocessingml.document" SIZE="13655" CHECKSUM="563764ab08faa59d38678a33b2eb558f">
<mets:FLocat LOCTYPE="URL" xlink:title="README.docx" xlink:label="dc_readme" xlink:type="locator" xlink:href="/bitstream/handle/10255/dryad.41915/README.docx?sequence=2"/>
</mets:file>
</mets:fileGrp>
</mets:fileSec>
<mets:structMap LABEL="DSpace" TYPE="LOGICAL">
<mets:div DMDID="dmd_1" TYPE="DSpace Item">
<mets:div ID="div_2" TYPE="DSpace Content Bitstream">
<mets:fptr FILEID="file_124714"/>
</mets:div>
<mets:div ID="div_3" TYPE="DSpace Content Bitstream">
<mets:fptr FILEID="file_124715"/>
</mets:div>
</mets:div>
</mets:structMap>
</mets:METS>
