<?xml version="1.0" encoding="UTF-8"?>
<mets:METS xmlns:mets="http://www.loc.gov/METS/" xmlns:xlink="http://www.w3.org/TR/xlink/" xmlns:xsi="http://www.w3.org/2001/XMLSchema-instance" xmlns:dim="http://www.dspace.org/xmlns/dspace/dim" OBJEDIT="/admin/item?itemID=56131" OBJID="/handle/10255/dryad.47341" PROFILE="DSPACE METS SIP Profile 1.0" LABEL="DSpace Item" ID="hdl:10255/dryad.47341">
<mets:dmdSec GROUPID="group_dmd_0" ID="dmd_1">
<mets:mdWrap MDTYPE="OTHER" OTHERMDTYPE="DIM">
<mets:xmlData>
<dim:dim dspaceType="ITEM">
<dim:field element="contributor" qualifier="author" language="" mdschema="dc">Bartomeus, Ignasi</dim:field>
<dim:field element="contributor" qualifier="author" language="" mdschema="dc">Ascher, John S.</dim:field>
<dim:field element="contributor" qualifier="author" language="" mdschema="dc">Gibbs, Jason</dim:field>
<dim:field element="contributor" qualifier="author" language="" mdschema="dc">Danforth, Bryan N.</dim:field>
<dim:field element="contributor" qualifier="author" language="" mdschema="dc">Wagner, David L.</dim:field>
<dim:field element="contributor" qualifier="author" language="" mdschema="dc">Hedtke, Shannon M.</dim:field>
<dim:field element="contributor" qualifier="author" language="" mdschema="dc">Winfree, Rachael</dim:field>
<dim:field element="coverage" qualifier="spatial" language="" mdschema="dc">Northeastern North America</dim:field>
<dim:field element="coverage" qualifier="temporal" language="" mdschema="dc">1870-2011</dim:field>
<dim:field element="date" qualifier="accessioned" mdschema="dc">2013-03-07T14:34:42Z</dim:field>
<dim:field element="date" qualifier="available" mdschema="dc">2013-03-07T14:34:42Z</dim:field>
<dim:field element="date" qualifier="issued" mdschema="dc">2013-03-07</dim:field>
<dim:field element="identifier" language="" mdschema="dc">doi:10.5061/dryad.0nj49/2</dim:field>
<dim:field element="identifier" mdschema="dc">doi:10.5061/dryad.0nj49/2</dim:field>
<dim:field element="identifier" qualifier="uri" mdschema="dc">http://hdl.handle.net/10255/dryad.47341</dim:field>
<dim:field element="description" language="" mdschema="dc">This file contains all bee specimen records included in the final analysis.</dim:field>
<dim:field element="relation" qualifier="ispartof" language="" mdschema="dc">doi:10.5061/dryad.0nj49</dim:field>
<dim:field element="rights" qualifier="uri" language="" mdschema="dc">http://creativecommons.org/publicdomain/zero/1.0/</dim:field>
<dim:field element="subject" confidence="NOVALUE" language="" mdschema="dc">pollination crisis</dim:field>
<dim:field element="subject" confidence="NOVALUE" language="" mdschema="dc">conservation</dim:field>
<dim:field element="title" language="" mdschema="dc">Historical Bee Specimen Data</dim:field>
<dim:field element="type" language="*" mdschema="dc">Dataset</dim:field>
<dim:field element="ScientificName" confidence="NOVALUE" language="" mdschema="dwc">Apoidea</dim:field>
<dim:field element="type" qualifier="embargo" language="" mdschema="dc">none</dim:field>
<dim:field element="dryad" qualifier="pageviews">137</dim:field>
<dim:field element="dryad" qualifier="downloads">79</dim:field>
</dim:dim>
</mets:xmlData>
</mets:mdWrap>
</mets:dmdSec>
<mets:fileSec>
<mets:fileGrp USE="CONTENT">
<mets:file CHECKSUMTYPE="MD5" GROUPID="group_file_130480" ID="file_130480" MIMETYPE="text/csv" SIZE="5015476" CHECKSUM="15c6ae0485332d5bd4fcb2c821fda519">
<mets:FLocat LOCTYPE="URL" xlink:title="Bartomeus_Specimen_Data.csv" xlink:label="dataset-file" xlink:type="locator" xlink:href="/bitstream/handle/10255/dryad.47341/Bartomeus_Specimen_Data.csv?sequence=1"/>
</mets:file>
<mets:file CHECKSUMTYPE="MD5" GROUPID="group_file_130481" ID="file_130481" MIMETYPE="text/plain" SIZE="2707" CHECKSUM="e86aae2385d9596c9182da8d3953311d">
<mets:FLocat LOCTYPE="URL" xlink:title="README.txt" xlink:label="dc_readme" xlink:type="locator" xlink:href="/bitstream/handle/10255/dryad.47341/README.txt?sequence=2"/>
</mets:file>
</mets:fileGrp>
</mets:fileSec>
<mets:structMap LABEL="DSpace" TYPE="LOGICAL">
<mets:div DMDID="dmd_1" TYPE="DSpace Item">
<mets:div ID="div_2" TYPE="DSpace Content Bitstream">
<mets:fptr FILEID="file_130480"/>
</mets:div>
<mets:div ID="div_3" TYPE="DSpace Content Bitstream">
<mets:fptr FILEID="file_130481"/>
</mets:div>
</mets:div>
</mets:structMap>
</mets:METS>
