<?xml version="1.0" encoding="UTF-8"?>
<mets:METS xmlns:mets="http://www.loc.gov/METS/" xmlns:xlink="http://www.w3.org/TR/xlink/" xmlns:xsi="http://www.w3.org/2001/XMLSchema-instance" xmlns:dim="http://www.dspace.org/xmlns/dspace/dim" OBJEDIT="/admin/item?itemID=57206" OBJID="/handle/10255/dryad.48096" PROFILE="DSPACE METS SIP Profile 1.0" LABEL="DSpace Item" ID="hdl:10255/dryad.48096">
<mets:dmdSec GROUPID="group_dmd_0" ID="dmd_1">
<mets:mdWrap MDTYPE="OTHER" OTHERMDTYPE="DIM">
<mets:xmlData>
<dim:dim dspaceType="ITEM">
<dim:field element="contributor" qualifier="author" mdschema="dc">Garroway, Colin</dim:field>
<dim:field element="contributor" qualifier="author" mdschema="dc">Radersma, Reinder</dim:field>
<dim:field element="contributor" qualifier="author" mdschema="dc">Sepil, Irem</dim:field>
<dim:field element="contributor" qualifier="author" mdschema="dc">Santure, Anna W</dim:field>
<dim:field element="contributor" qualifier="author" mdschema="dc">De Cauwer, Isabelle</dim:field>
<dim:field element="contributor" qualifier="author" mdschema="dc">Slate, Jon</dim:field>
<dim:field element="contributor" qualifier="author" mdschema="dc">Sheldon-2012, Ben C.</dim:field>
<dim:field element="identifier" mdschema="dc">doi:10.5061/dryad.00t90</dim:field>
<dim:field element="description" language="" mdschema="dc">Individuals are typically not randomly distributed in space; consequently ecological and evolutionary theory depends heavily on understanding the spatial structure of populations. The central challenge of landscape genetics is therefore to link spatial heterogeneity of environments to population genetic structure. Here, we employ multivariate spatial analyses to identify environmentally induced genetic structures in a single breeding population of 1174 great tits Parus major genotyped at 4701 single-nucleotide polymorphism (SNP) loci. Despite the small spatial scale of the study relative to natal dispersal we found multiple axes of genetic structure. We built distance-based Moran’s eigenvector maps to identify axes of pure spatial variation, which we used for spatial correction of regressions between SNPs and various external traits known to be related to fitness components (avian malaria infection risk, local density of conspecifics, oak tree density and altitude). We found clear evidence of fine-scale genetic structure, with 21, 7 and 9 significant SNPs respectively associated with infection risk by two species of avian malaria (Plasmodium circumflexum and P. relictum) and local conspecific density. Such fine-scale genetic structure relative to dispersal capabilities suggests ecological and evolutionary mechanisms maintain within-population genetic diversity in this population with the potential to drive micro-evolutionary change.</dim:field>
<dim:field element="title" language="" mdschema="dc">Data from: Fine-scale genetic structure in a wild bird population: the role of limited dispersal and environmentally-based selection as causal factors</dim:field>
<dim:field element="type" language="*" mdschema="dc">Article</dim:field>
<dim:field element="contributor" qualifier="correspondingAuthor" language="" mdschema="dc">Garroway, Colin</dim:field>
<dim:field element="identifier" qualifier="manuscriptNumber" mdschema="dc">evolution-12-0736.R1</dim:field>
<dim:field authority="93e8cc2f2c239b286acfcf5d20ffc830" element="publicationName" confidence="UNCERTAIN" language="" mdschema="prism">Evolution</dim:field>
<dim:field element="archive" qualifier="mailUsers" mdschema="workflow">pcress@wiley.com</dim:field>
<dim:field element="archive" qualifier="mailUsers" mdschema="workflow">admin@datadryad.org</dim:field>
<dim:field element="archive" qualifier="mailUsers" mdschema="workflow">curator@datadryad.org</dim:field>
<dim:field element="submit" qualifier="skipReviewStage" mdschema="workflow">true</dim:field>
<dim:field element="workflow" qualifier="submitted" mdschema="internal">true</dim:field>
<dim:field element="review" qualifier="mailUsers" mdschema="workflow"/>
</dim:dim>
</mets:xmlData>
</mets:mdWrap>
</mets:dmdSec>
<mets:fileSec/>
<mets:structMap LABEL="DSpace" TYPE="LOGICAL">
<mets:div DMDID="dmd_1" TYPE="DSpace Item"/>
</mets:structMap>
</mets:METS>
