<?xml version="1.0" encoding="UTF-8"?>
<mets:METS xmlns:mets="http://www.loc.gov/METS/" xmlns:xlink="http://www.w3.org/TR/xlink/" xmlns:xsi="http://www.w3.org/2001/XMLSchema-instance" xmlns:dim="http://www.dspace.org/xmlns/dspace/dim" OBJEDIT="/admin/item?itemID=2004" OBJID="/handle/10255/dryad.1768" PROFILE="DSPACE METS SIP Profile 1.0" LABEL="DSpace Item" ID="hdl:10255/dryad.1768">
<mets:dmdSec GROUPID="group_dmd_0" ID="dmd_1">
<mets:mdWrap MDTYPE="OTHER" OTHERMDTYPE="DIM">
<mets:xmlData>
<dim:dim dspaceType="ITEM">
<dim:field element="contributor" qualifier="author" language="en" mdschema="dc">García-Verdugo, Carlos</dim:field>
<dim:field element="contributor" qualifier="author" language="en" mdschema="dc">Forrest, Alan D</dim:field>
<dim:field element="contributor" qualifier="author" language="en" mdschema="dc">Fay, Michael F</dim:field>
<dim:field element="contributor" qualifier="author" language="en" mdschema="dc">Vargas, Pablo</dim:field>
<dim:field element="coverage" qualifier="spatial" language="en" mdschema="dc">Canary Islands</dim:field>
<dim:field element="coverage" qualifier="spatial" language="en" mdschema="dc">Tenerife</dim:field>
<dim:field element="coverage" qualifier="spatial" language="en" mdschema="dc">La Gomera</dim:field>
<dim:field element="coverage" qualifier="spatial" language="en" mdschema="dc">La Palma</dim:field>
<dim:field element="coverage" qualifier="spatial" language="en" mdschema="dc">El Hierro</dim:field>
<dim:field element="coverage" qualifier="temporal" language="en" mdschema="dc">Pliocene-Pleistocene</dim:field>
<dim:field element="date" qualifier="accessioned" language="" mdschema="dc">2010-07-14T12:58:22Z</dim:field>
<dim:field element="date" qualifier="available" mdschema="dc">2011-07-28T06:30:07Z</dim:field>
<dim:field element="date" qualifier="issued" language="" mdschema="dc">2010-07-14</dim:field>
<dim:field element="identifier" mdschema="dc">doi:10.5061/dryad.1767/1</dim:field>
<dim:field element="identifier" qualifier="uri" language="" mdschema="dc">http://hdl.handle.net/10255/dryad.1768</dim:field>
<dim:field element="description" language="en" mdschema="dc">Matrix containing 105 Olea guanchica individuals sampled on four oceanic islands and genotyped with six nuclear microsatellites. The attached matrix has a SPAGeDI format, but please note that geographical coordinates are not included for some populations. This does not cause a problem when running the program to obtain population differentiation estimates. Also note that allele sizes are detailed without corrections after the M13 amplification technique. For more info on the study system, please contact Carlos García-Verdugo (cgarciav@bio.ucm.es)</dim:field>
<dim:field element="relation" qualifier="ispartof" language="en" mdschema="dc">doi:10.5061/dryad.1767</dim:field>
<dim:field element="rights" qualifier="uri" language="en" mdschema="dc">http://creativecommons.org/publicdomain/zero/1.0/</dim:field>
<dim:field element="subject" language="en" mdschema="dc">Population Structure</dim:field>
<dim:field element="subject" language="en" mdschema="dc">Biogeography</dim:field>
<dim:field element="subject" language="en" mdschema="dc">Genetic Variation</dim:field>
<dim:field element="subject" language="en" mdschema="dc">Gene Flow</dim:field>
<dim:field element="subject" language="en" mdschema="dc">Population Genetics</dim:field>
<dim:field element="subject" language="en" mdschema="dc">Oceanic islands</dim:field>
<dim:field element="title" language="en" mdschema="dc">Nuclear microsatellite data of western Olea europaea subsp guanchica populations</dim:field>
<dim:field element="type" language="en" mdschema="dc">Dataset</dim:field>
<dim:field element="ScientificName" language="en" mdschema="dwc">Oleaceae</dim:field>
<dim:field element="ScientificName" language="en" mdschema="dwc">Olea europaea</dim:field>
<dim:field element="ScientificName" language="en" mdschema="dwc">Olea europaea subsp guanchica</dim:field>
<dim:field element="ScientificName" language="en" mdschema="dwc">Olea cerasiformis</dim:field>
<dim:field element="dryad" qualifier="pageviews">172</dim:field>
<dim:field element="dryad" qualifier="downloads">45</dim:field>
</dim:dim>
</mets:xmlData>
</mets:mdWrap>
</mets:dmdSec>
<mets:fileSec>
<mets:fileGrp USE="CONTENT">
<mets:file CHECKSUMTYPE="MD5" GROUPID="group_file_1576" ID="file_1576" MIMETYPE="text/plain" SIZE="7950" CHECKSUM="a846add8c0f9176152b9d05e8ef2ca21">
<mets:FLocat LOCTYPE="URL" xlink:title="spagediOguan.txt" xlink:type="locator" xlink:href="/bitstream/handle/10255/dryad.1768/spagediOguan.txt?sequence=1"/>
</mets:file>
</mets:fileGrp>
<mets:fileGrp USE="TEXT">
<mets:file CHECKSUMTYPE="MD5" GROUPID="group_file_1576" ID="file_1579" MIMETYPE="text/plain" SIZE="0" CHECKSUM="d41d8cd98f00b204e9800998ecf8427e">
<mets:FLocat LOCTYPE="URL" xlink:title="spagediOguan.txt.txt" xlink:label="Extracted text" xlink:type="locator" xlink:href="/bitstream/handle/10255/dryad.1768/spagediOguan.txt.txt?sequence=2"/>
</mets:file>
</mets:fileGrp>
</mets:fileSec>
<mets:structMap LABEL="DSpace" TYPE="LOGICAL">
<mets:div DMDID="dmd_1" TYPE="DSpace Item">
<mets:div ID="div_2" TYPE="DSpace Content Bitstream">
<mets:fptr FILEID="file_1576"/>
</mets:div>
</mets:div>
</mets:structMap>
</mets:METS>
