<?xml version="1.0" encoding="UTF-8"?>
<mets:METS xmlns:mets="http://www.loc.gov/METS/" xmlns:xlink="http://www.w3.org/TR/xlink/" xmlns:xsi="http://www.w3.org/2001/XMLSchema-instance" xmlns:dim="http://www.dspace.org/xmlns/dspace/dim" OBJEDIT="/admin/item?itemID=2038" OBJID="/handle/10255/dryad.1801" PROFILE="DSPACE METS SIP Profile 1.0" LABEL="DSpace Item" ID="hdl:10255/dryad.1801">
<mets:dmdSec GROUPID="group_dmd_0" ID="dmd_1">
<mets:mdWrap MDTYPE="OTHER" OTHERMDTYPE="DIM">
<mets:xmlData>
<dim:dim dspaceType="ITEM">
<dim:field element="contributor" qualifier="author" language="en" mdschema="dc">Bissett, Andrew</dim:field>
<dim:field element="contributor" qualifier="author" language="en" mdschema="dc">Richardson, Alan E</dim:field>
<dim:field element="contributor" qualifier="author" language="en" mdschema="dc">Baker, Geoff</dim:field>
<dim:field element="contributor" qualifier="author" language="en" mdschema="dc">Wakelin, Steven</dim:field>
<dim:field element="contributor" qualifier="author" language="en" mdschema="dc">Thrall, Peter H</dim:field>
<dim:field element="date" qualifier="accessioned" language="" mdschema="dc">2010-07-27T00:27:38Z</dim:field>
<dim:field element="date" qualifier="available" mdschema="dc">2010-12-08T07:30:11Z</dim:field>
<dim:field element="date" qualifier="issued" language="" mdschema="dc">2010-07-26</dim:field>
<dim:field element="identifier" mdschema="dc">doi:10.5061/dryad.1800/1</dim:field>
<dim:field element="identifier" qualifier="uri" language="" mdschema="dc">http://hdl.handle.net/10255/dryad.1801</dim:field>
<dim:field element="relation" qualifier="ispartof" language="en" mdschema="dc">doi:10.5061/dryad.1800</dim:field>
<dim:field element="rights" qualifier="uri" language="en" mdschema="dc">http://creativecommons.org/publicdomain/zero/1.0/</dim:field>
<dim:field element="subject" language="en" mdschema="dc">Bacteria</dim:field>
<dim:field element="subject" language="en" mdschema="dc">Biogeography</dim:field>
<dim:field element="subject" language="en" mdschema="dc">Soil</dim:field>
<dim:field element="subject" language="en" mdschema="dc">Species-Area relationships</dim:field>
<dim:field element="title" language="en" mdschema="dc">Arraycellfiles.rar</dim:field>
<dim:field element="type" language="en" mdschema="dc">Dataset</dim:field>
<dim:field element="dryad" qualifier="pageviews">117</dim:field>
<dim:field element="dryad" qualifier="downloads">32</dim:field>
</dim:dim>
</mets:xmlData>
</mets:mdWrap>
</mets:dmdSec>
<mets:fileSec>
<mets:fileGrp USE="CONTENT">
<mets:file CHECKSUMTYPE="MD5" GROUPID="group_file_1595" ID="file_1595" MIMETYPE="application/x-rar-compressed" SIZE="34013753" CHECKSUM="a721fcd771c24e034694395e48e49a4e">
<mets:FLocat LOCTYPE="URL" xlink:title="Arraycellfiles.rar" xlink:type="locator" xlink:href="/bitstream/handle/10255/dryad.1801/Arraycellfiles.rar?sequence=1"/>
</mets:file>
</mets:fileGrp>
</mets:fileSec>
<mets:structMap LABEL="DSpace" TYPE="LOGICAL">
<mets:div DMDID="dmd_1" TYPE="DSpace Item">
<mets:div ID="div_2" TYPE="DSpace Content Bitstream">
<mets:fptr FILEID="file_1595"/>
</mets:div>
</mets:div>
</mets:structMap>
</mets:METS>
