<?xml version="1.0" encoding="UTF-8"?>
<mets:METS xmlns:mets="http://www.loc.gov/METS/" xmlns:xlink="http://www.w3.org/TR/xlink/" xmlns:xsi="http://www.w3.org/2001/XMLSchema-instance" xmlns:dim="http://www.dspace.org/xmlns/dspace/dim" OBJEDIT="/admin/item?itemID=198" OBJID="/handle/10255/dryad.180" PROFILE="DSPACE METS SIP Profile 1.0" LABEL="DSpace Item" ID="hdl:10255/dryad.180">
<mets:dmdSec GROUPID="group_dmd_0" ID="dmd_1">
<mets:mdWrap MDTYPE="OTHER" OTHERMDTYPE="DIM">
<mets:xmlData>
<dim:dim dspaceType="ITEM">
<dim:field element="contributor" qualifier="author" language="" mdschema="dc">Newton, Alicia</dim:field>
<dim:field element="contributor" qualifier="author" language="" mdschema="dc">Pistiner, Janna</dim:field>
<dim:field element="coverage" qualifier="spatial" language="" mdschema="dc">Santa Cruz, Bahía Tortuga&#13;
Lat: S 00° 45.82’&#13;
Long: W 90° 20.41’</dim:field>
<dim:field element="coverage" qualifier="temporal" language="" mdschema="dc">Date:	8/12/1999&#13;
Time:	10:45 PM</dim:field>
<dim:field element="date" qualifier="accessioned" language="" mdschema="dc">2008-09-19T18:07:19Z</dim:field>
<dim:field element="date" qualifier="available" language="" mdschema="dc">2008-09-19T18:07:19Z</dim:field>
<dim:field element="date" qualifier="issued" language="" mdschema="dc">1999-08-03</dim:field>
<dim:field element="identifier" mdschema="dc">doi:10.5061/dryad.159/4</dim:field>
<dim:field element="identifier" qualifier="uri" language="" mdschema="dc">http://hdl.handle.net/10255/dryad.180</dim:field>
<dim:field element="description" language="en_US" mdschema="dc">This is a typical protected, sandy shore.&#13;
&#13;
Elev:	1 m&#13;
Zone:	Coastal&#13;
Date:	8/12/1999&#13;
Time:	10:45 PM&#13;
Lat:	S 00° 45.82’&#13;
Long:	W 90° 20.41’</dim:field>
<dim:field element="relation" qualifier="ispartof" language="" mdschema="dc">http://hdl.handle.net/10255/dryad.159</dim:field>
<dim:field element="rights" qualifier="uri" language="" mdschema="dc">http://datadryad.org/bitstream/handle/10255/dryad.180/license.txt?sequence=2</dim:field>
<dim:field element="subject" language="" mdschema="dc">Coast</dim:field>
<dim:field element="subject" language="" mdschema="dc">Habitat</dim:field>
<dim:field element="subject" language="" mdschema="dc">Sandy Shore</dim:field>
<dim:field element="title" language="en_US" mdschema="dc">Panorama of Coastal Zone at Bahía Tortuga</dim:field>
<dim:field element="type" language="en_US" mdschema="dc">Image</dim:field>
<dim:field element="dryad" qualifier="pageviews">223</dim:field>
<dim:field element="dryad" qualifier="downloads">133</dim:field>
</dim:dim>
</mets:xmlData>
</mets:mdWrap>
</mets:dmdSec>
<mets:fileSec>
<mets:fileGrp USE="CONTENT">
<mets:file CHECKSUMTYPE="MD5" GROUPID="group_file_365" ID="file_365" MIMETYPE="video/quicktime" SIZE="687625" CHECKSUM="08c134b61625d59877ef1d6c65f47f5e">
<mets:FLocat LOCTYPE="URL" xlink:title="TortBay.mov" xlink:type="locator" xlink:href="/bitstream/handle/10255/dryad.180/TortBay.mov?sequence=1"/>
</mets:file>
</mets:fileGrp>
<mets:fileGrp USE="LICENSE">
<mets:file CHECKSUMTYPE="MD5" GROUPID="group_file_366" ID="file_366" MIMETYPE="text/plain" SIZE="784" CHECKSUM="2a0076d993a6db34c5e8cbee0996a6a7">
<mets:FLocat LOCTYPE="URL" xlink:title="license.txt" xlink:type="locator" xlink:href="/bitstream/handle/10255/dryad.180/license.txt?sequence=2"/>
</mets:file>
</mets:fileGrp>
</mets:fileSec>
<mets:structMap LABEL="DSpace" TYPE="LOGICAL">
<mets:div DMDID="dmd_1" TYPE="DSpace Item">
<mets:div ID="div_2" TYPE="DSpace Content Bitstream">
<mets:fptr FILEID="file_365"/>
</mets:div>
</mets:div>
</mets:structMap>
</mets:METS>
