<?xml version="1.0" encoding="UTF-8"?>
<mets:METS xmlns:mets="http://www.loc.gov/METS/" xmlns:xlink="http://www.w3.org/TR/xlink/" xmlns:xsi="http://www.w3.org/2001/XMLSchema-instance" xmlns:dim="http://www.dspace.org/xmlns/dspace/dim" OBJEDIT="/admin/item?itemID=2255" OBJID="/handle/10255/dryad.1967" PROFILE="DSPACE METS SIP Profile 1.0" LABEL="DSpace Item" ID="hdl:10255/dryad.1967">
<mets:dmdSec GROUPID="group_dmd_0" ID="dmd_1">
<mets:mdWrap MDTYPE="OTHER" OTHERMDTYPE="DIM">
<mets:xmlData>
<dim:dim dspaceType="ITEM">
<dim:field element="contributor" language="" mdschema="dc">Remeš, Vladimír</dim:field>
<dim:field element="contributor" language="" mdschema="dc">Székely, Tamás</dim:field>
<dim:field element="date" qualifier="accessioned" language="" mdschema="dc">2010-09-08T15:03:42Z</dim:field>
<dim:field element="date" qualifier="available" language="" mdschema="dc">2010-09-08T15:03:42Z</dim:field>
<dim:field element="date" qualifier="issued" language="" mdschema="dc">2010-09-08</dim:field>
<dim:field element="identifier" mdschema="dc">doi:10.5061/dryad.1965/2</dim:field>
<dim:field element="identifier" qualifier="uri" language="" mdschema="dc">http://hdl.handle.net/10255/dryad.1967</dim:field>
<dim:field element="description" language="en" mdschema="dc">Phylogeny of phasianids used for phylogenetically-controlled analyses of sexual dimorphism in wild Phasianidae. In Nexus (=bracket) format. The same phylogeny is also an electronic supplement of the paper as a picture.</dim:field>
<dim:field element="relation" qualifier="ispartof" language="" mdschema="dc">doi:10.5061/dryad.1965</dim:field>
<dim:field element="subject" language="en" mdschema="dc">Birds</dim:field>
<dim:field element="subject" language="en" mdschema="dc">Comparative studies</dim:field>
<dim:field element="subject" language="en" mdschema="dc">Life history evolution</dim:field>
<dim:field element="subject" language="en" mdschema="dc">Sexual selection &amp; conflicts</dim:field>
<dim:field element="title" language="en" mdschema="dc">phylogeny_Phasianidae</dim:field>
<dim:field element="ScientificName" language="en" mdschema="dwc">Phasianidae</dim:field>
<dim:field element="ScientificName" language="en" mdschema="dwc">Gallus gallus</dim:field>
<dim:field element="type" qualifier="embargo" language="en" mdschema="dc">none</dim:field>
<dim:field element="dryad" qualifier="pageviews">141</dim:field>
<dim:field element="dryad" qualifier="downloads">66</dim:field>
</dim:dim>
</mets:xmlData>
</mets:mdWrap>
</mets:dmdSec>
<mets:fileSec>
<mets:fileGrp USE="CONTENT">
<mets:file CHECKSUMTYPE="MD5" GROUPID="group_file_1726" ID="file_1726" MIMETYPE="text/plain" SIZE="1128" CHECKSUM="3f25edde17332d152c01fa19355b9598">
<mets:FLocat LOCTYPE="URL" xlink:title="phylogeny_Phasianidae.txt" xlink:label="dataset-file" xlink:type="locator" xlink:href="/bitstream/handle/10255/dryad.1967/phylogeny_Phasianidae.txt?sequence=1"/>
</mets:file>
</mets:fileGrp>
<mets:fileGrp USE="TEXT">
<mets:file CHECKSUMTYPE="MD5" GROUPID="group_file_1726" ID="file_1733" MIMETYPE="text/plain" SIZE="1129" CHECKSUM="d5babf5f69da28bd4d83f5d283971bc8">
<mets:FLocat LOCTYPE="URL" xlink:title="phylogeny_Phasianidae.txt.txt" xlink:label="Extracted text" xlink:type="locator" xlink:href="/bitstream/handle/10255/dryad.1967/phylogeny_Phasianidae.txt.txt?sequence=2"/>
</mets:file>
</mets:fileGrp>
</mets:fileSec>
<mets:structMap LABEL="DSpace" TYPE="LOGICAL">
<mets:div DMDID="dmd_1" TYPE="DSpace Item">
<mets:div ID="div_2" TYPE="DSpace Content Bitstream">
<mets:fptr FILEID="file_1726"/>
</mets:div>
</mets:div>
</mets:structMap>
</mets:METS>
