<?xml version="1.0" encoding="UTF-8"?>
<mets:METS xmlns:mets="http://www.loc.gov/METS/" xmlns:xlink="http://www.w3.org/TR/xlink/" xmlns:xsi="http://www.w3.org/2001/XMLSchema-instance" xmlns:dim="http://www.dspace.org/xmlns/dspace/dim" OBJEDIT="/admin/item?itemID=35149" OBJID="/handle/10255/dryad.33648" PROFILE="DSPACE METS SIP Profile 1.0" LABEL="DSpace Item" ID="hdl:10255/dryad.33648">
<mets:dmdSec GROUPID="group_dmd_0" ID="dmd_1">
<mets:mdWrap MDTYPE="OTHER" OTHERMDTYPE="DIM">
<mets:xmlData>
<dim:dim dspaceType="ITEM">
<dim:field element="contributor" qualifier="author" language="" mdschema="dc">Lesser, Mark R</dim:field>
<dim:field element="contributor" qualifier="author" language="" mdschema="dc">Jackson, Stephen T</dim:field>
<dim:field element="coverage" qualifier="spatial" language="en" mdschema="dc">West Carrizo Canyon</dim:field>
<dim:field element="coverage" qualifier="spatial" language="" mdschema="dc">Colorado</dim:field>
<dim:field element="coverage" qualifier="spatial" language="" mdschema="dc">USA</dim:field>
<dim:field element="coverage" qualifier="spatial" language="" mdschema="dc">37°6ʹ20.88ʺN</dim:field>
<dim:field element="coverage" qualifier="spatial" language="" mdschema="dc">103°9ʹ7.56ʺW</dim:field>
<dim:field element="date" qualifier="accessioned" mdschema="dc">2011-05-09T18:03:59Z</dim:field>
<dim:field element="date" qualifier="available" mdschema="dc">2011-09-14T19:54:59Z</dim:field>
<dim:field element="date" qualifier="issued" mdschema="dc">2011-05-09</dim:field>
<dim:field element="identifier" mdschema="dc">doi:10.5061/dryad.187k0/1</dim:field>
<dim:field element="identifier" qualifier="uri" mdschema="dc">http://hdl.handle.net/10255/dryad.33648</dim:field>
<dim:field element="description" language="en" mdschema="dc">Table S1. Location, presence/absence of species, abundance (%) of species in 30 metres surrounding midden and distance of nearest individual of a species the midden for 42 collected middens. Table S2. Organs identified in middens for each target species.</dim:field>
<dim:field element="relation" qualifier="ispartof" language="" mdschema="dc">doi:10.5061/dryad.187k0</dim:field>
<dim:field element="rights" qualifier="uri" language="" mdschema="dc">http://creativecommons.org/publicdomain/zero/1.0/</dim:field>
<dim:field element="subject" language="en" mdschema="dc">woodrat middens</dim:field>
<dim:field element="title" language="en" mdschema="dc">10053 Supplementary</dim:field>
<dim:field element="type" language="*" mdschema="dc">Dataset</dim:field>
<dim:field element="ScientificName" language="en" mdschema="dwc">Neotoma spp.</dim:field>
<dim:field element="ScientificName" language="en" mdschema="dwc">Pinus ponderosa</dim:field>
<dim:field element="ScientificName" language="en" mdschema="dwc">Pinus edulis</dim:field>
<dim:field element="type" qualifier="embargo" language="en" mdschema="dc">untilArticleAppears</dim:field>
<dim:field element="dryad" qualifier="pageviews">89</dim:field>
<dim:field element="dryad" qualifier="downloads">38</dim:field>
</dim:dim>
</mets:xmlData>
</mets:mdWrap>
</mets:dmdSec>
<mets:fileSec>
<mets:fileGrp USE="CONTENT">
<mets:file CHECKSUMTYPE="MD5" GROUPID="group_file_114228" ID="file_114228" MIMETYPE="application/vnd.openxmlformats-officedocument.wordprocessingml.document" SIZE="102572" CHECKSUM="89aab47737263e5798d775f1c59c6139">
<mets:FLocat LOCTYPE="URL" xlink:title="10053 Supplementary.docx" xlink:label="dataset-file" xlink:type="locator" xlink:href="/bitstream/handle/10255/dryad.33648/10053%20Supplementary.docx?sequence=1"/>
</mets:file>
</mets:fileGrp>
</mets:fileSec>
<mets:structMap LABEL="DSpace" TYPE="LOGICAL">
<mets:div DMDID="dmd_1" TYPE="DSpace Item">
<mets:div ID="div_2" TYPE="DSpace Content Bitstream">
<mets:fptr FILEID="file_114228"/>
</mets:div>
</mets:div>
</mets:structMap>
</mets:METS>
