<?xml version="1.0" encoding="UTF-8"?>
<mets:METS xmlns:mets="http://www.loc.gov/METS/" xmlns:xlink="http://www.w3.org/TR/xlink/" xmlns:xsi="http://www.w3.org/2001/XMLSchema-instance" xmlns:dim="http://www.dspace.org/xmlns/dspace/dim" OBJEDIT="/admin/item?itemID=108" OBJID="/handle/10255/dryad.101" PROFILE="DSPACE METS SIP Profile 1.0" LABEL="DSpace Item" ID="hdl:10255/dryad.101">
<mets:dmdSec GROUPID="group_dmd_0" ID="dmd_1">
<mets:mdWrap MDTYPE="OTHER" OTHERMDTYPE="DIM">
<mets:xmlData>
<dim:dim dspaceType="ITEM">
<dim:field element="contributor" qualifier="author" language="" mdschema="dc">Davis, Jerrold I.</dim:field>
<dim:field element="contributor" qualifier="author" language="" mdschema="dc">Simmons, Mark P.</dim:field>
<dim:field element="contributor" qualifier="author" language="" mdschema="dc">Stevenson, Dennis W.</dim:field>
<dim:field element="contributor" qualifier="author" language="" mdschema="dc">Wendel, Jonathan F.</dim:field>
<dim:field element="date" qualifier="accessioned" language="" mdschema="dc">2008-03-19T18:57:00Z</dim:field>
<dim:field element="date" qualifier="available" language="" mdschema="dc">2008-03-19T18:57:00Z</dim:field>
<dim:field element="date" qualifier="issued" language="" mdschema="dc">1998-06-01</dim:field>
<dim:field element="identifier" mdschema="dc">doi:10.5061/dryad.100/1</dim:field>
<dim:field element="identifier" qualifier="uri" language="" mdschema="dc">http://hdl.handle.net/10255/dryad.101</dim:field>
<dim:field element="publisher" language="en_US" mdschema="dc">Taylor &amp; Francis</dim:field>
<dim:field element="relation" qualifier="ispartof" language="" mdschema="dc">doi:10.5061/dryad.100</dim:field>
<dim:field element="rights" qualifier="uri" language="" mdschema="dc">http://creativecommons.org/publicdomain/zero/1.0/</dim:field>
<dim:field element="subject" language="" mdschema="dc">atp A</dim:field>
<dim:field element="subject" language="" mdschema="dc">data decisiveness</dim:field>
<dim:field element="subject" language="" mdschema="dc">restriction sites</dim:field>
<dim:field element="subject" language="" mdschema="dc">character incongruence</dim:field>
<dim:field element="subject" language="" mdschema="dc">plant mitochondrial DNA</dim:field>
<dim:field element="subject" language="" mdschema="dc">rbc L</dim:field>
<dim:field element="subject" language="" mdschema="dc">cladistics</dim:field>
<dim:field element="title" language="en_US" mdschema="dc">Davis et al Data Matrix</dim:field>
<dim:field element="type" language="en_US" mdschema="dc">Dataset</dim:field>
<dim:field element="ScientificName" language="" mdschema="dwc">Monocotyledons</dim:field>
<dim:field element="status" language="" mdschema="dryad">scanned</dim:field>
<dim:field element="dryad" qualifier="pageviews">136</dim:field>
<dim:field element="dryad" qualifier="downloads">64</dim:field>
</dim:dim>
</mets:xmlData>
</mets:mdWrap>
</mets:dmdSec>
<mets:fileSec>
<mets:fileGrp USE="CONTENT">
<mets:file CHECKSUMTYPE="MD5" GROUPID="group_file_199" ID="file_199" MIMETYPE="text/plain" SIZE="9357" CHECKSUM="7b19725bc5f96f51617abe0a20014fdf">
<mets:FLocat LOCTYPE="URL" xlink:title="davisarc.ss" xlink:type="locator" xlink:href="/bitstream/handle/10255/dryad.101/davisarc.ss?sequence=1"/>
</mets:file>
</mets:fileGrp>
<mets:fileGrp USE="TEXT">
<mets:file CHECKSUMTYPE="MD5" GROUPID="group_file_199" ID="file_1335" MIMETYPE="text/plain" SIZE="8690" CHECKSUM="2d0d5bba92e31f4a496ee5d281438cbc">
<mets:FLocat LOCTYPE="URL" xlink:title="davisarc.ss.txt" xlink:label="Extracted text" xlink:type="locator" xlink:href="/bitstream/handle/10255/dryad.101/davisarc.ss.txt?sequence=2"/>
</mets:file>
</mets:fileGrp>
</mets:fileSec>
<mets:structMap LABEL="DSpace" TYPE="LOGICAL">
<mets:div DMDID="dmd_1" TYPE="DSpace Item">
<mets:div ID="div_2" TYPE="DSpace Content Bitstream">
<mets:fptr FILEID="file_199"/>
</mets:div>
</mets:div>
</mets:structMap>
</mets:METS>
