<?xml version="1.0" encoding="UTF-8"?>
<mets:METS xmlns:mets="http://www.loc.gov/METS/" xmlns:xlink="http://www.w3.org/TR/xlink/" xmlns:xsi="http://www.w3.org/2001/XMLSchema-instance" xmlns:dim="http://www.dspace.org/xmlns/dspace/dim" OBJEDIT="/admin/item?itemID=53561" OBJID="/handle/10255/dryad.45590" PROFILE="DSPACE METS SIP Profile 1.0" LABEL="DSpace Item" ID="hdl:10255/dryad.45590">
<mets:dmdSec GROUPID="group_dmd_0" ID="dmd_1">
<mets:mdWrap MDTYPE="OTHER" OTHERMDTYPE="DIM">
<mets:xmlData>
<dim:dim dspaceType="ITEM">
<dim:field element="contributor" qualifier="author" language="" mdschema="dc">Barraclough, Timothy G.</dim:field>
<dim:field element="contributor" qualifier="author" language="" mdschema="dc">Fujisawa, Tomochika</dim:field>
<dim:field element="date" qualifier="accessioned" mdschema="dc">2013-06-17T17:19:48Z</dim:field>
<dim:field element="date" qualifier="available" mdschema="dc">2013-06-17T17:19:48Z</dim:field>
<dim:field element="date" qualifier="issued" mdschema="dc">2013-06-17</dim:field>
<dim:field element="identifier" language="" mdschema="dc">doi:10.5061/dryad.0hv88/4</dim:field>
<dim:field element="identifier" mdschema="dc">doi:10.5061/dryad.0hv88/4</dim:field>
<dim:field element="identifier" qualifier="uri" mdschema="dc">http://hdl.handle.net/10255/dryad.45590</dim:field>
<dim:field element="description" language="" mdschema="dc">Simulated trees used in Fujisawa and Barraclough 2013</dim:field>
<dim:field element="relation" qualifier="ispartof" language="" mdschema="dc">doi:10.5061/dryad.0hv88</dim:field>
<dim:field element="rights" qualifier="uri" language="" mdschema="dc">http://creativecommons.org/publicdomain/zero/1.0/</dim:field>
<dim:field element="subject" confidence="NOVALUE" language="" mdschema="dc">species</dim:field>
<dim:field element="subject" confidence="NOVALUE" language="" mdschema="dc">speciation</dim:field>
<dim:field element="subject" confidence="NOVALUE" language="" mdschema="dc">neutral</dim:field>
<dim:field element="subject" confidence="NOVALUE" language="" mdschema="dc">genealogical</dim:field>
<dim:field element="subject" confidence="NOVALUE" language="" mdschema="dc">DNA</dim:field>
<dim:field element="subject" confidence="NOVALUE" language="" mdschema="dc">clusters</dim:field>
<dim:field element="subject" confidence="NOVALUE" language="" mdschema="dc">coalescent</dim:field>
<dim:field element="title" language="" mdschema="dc">Fujisawa.SimulationAtoH.outputs</dim:field>
<dim:field element="type" language="*" mdschema="dc">Dataset</dim:field>
<dim:field element="dryad" qualifier="pageviews">101</dim:field>
<dim:field element="dryad" qualifier="downloads">20</dim:field>
</dim:dim>
</mets:xmlData>
</mets:mdWrap>
</mets:dmdSec>
<mets:fileSec>
<mets:fileGrp USE="CONTENT">
<mets:file CHECKSUMTYPE="MD5" GROUPID="group_file_128538" ID="file_128538" MIMETYPE="application/zip" SIZE="9245408" CHECKSUM="742f43e258d3c53df6f44398310c84cb">
<mets:FLocat LOCTYPE="URL" xlink:title="Fujisawa.SimulationAtoH.outputs.zip" xlink:label="dataset-file" xlink:type="locator" xlink:href="/bitstream/handle/10255/dryad.45590/Fujisawa.SimulationAtoH.outputs.zip?sequence=1"/>
</mets:file>
</mets:fileGrp>
</mets:fileSec>
<mets:structMap LABEL="DSpace" TYPE="LOGICAL">
<mets:div DMDID="dmd_1" TYPE="DSpace Item">
<mets:div ID="div_2" TYPE="DSpace Content Bitstream">
<mets:fptr FILEID="file_128538"/>
</mets:div>
</mets:div>
</mets:structMap>
</mets:METS>
