<?xml version="1.0" encoding="UTF-8"?>
<mets:METS xmlns:mets="http://www.loc.gov/METS/" xmlns:xlink="http://www.w3.org/TR/xlink/" xmlns:xsi="http://www.w3.org/2001/XMLSchema-instance" xmlns:dim="http://www.dspace.org/xmlns/dspace/dim" OBJEDIT="/admin/item?itemID=1655" OBJID="/handle/10255/dryad.1445" PROFILE="DSPACE METS SIP Profile 1.0" LABEL="DSpace Item" ID="hdl:10255/dryad.1445">
<mets:dmdSec GROUPID="group_dmd_0" ID="dmd_1">
<mets:mdWrap MDTYPE="OTHER" OTHERMDTYPE="DIM">
<mets:xmlData>
<dim:dim dspaceType="ITEM">
<dim:field element="contributor" qualifier="author" language="en" mdschema="dc">Valade, Romain</dim:field>
<dim:field element="contributor" qualifier="author" language="" mdschema="dc">Kenis, Marc</dim:field>
<dim:field element="contributor" qualifier="author" language="" mdschema="dc">Hernandez-Lopez, Antonio</dim:field>
<dim:field element="contributor" qualifier="author" language="" mdschema="dc">Augustin, Sylvie</dim:field>
<dim:field element="contributor" qualifier="author" language="" mdschema="dc">Mena, Neus Mari</dim:field>
<dim:field element="contributor" qualifier="author" language="" mdschema="dc">Magnoux, Emmanuelle</dim:field>
<dim:field element="contributor" qualifier="author" language="" mdschema="dc">Rougerie, Rodolphe</dim:field>
<dim:field element="contributor" qualifier="author" language="" mdschema="dc">Lakatos, Ferenc</dim:field>
<dim:field element="contributor" qualifier="author" language="" mdschema="dc">Roques, Alain</dim:field>
<dim:field element="contributor" qualifier="author" language="" mdschema="dc">Lopez-Vaamonde, Carlos</dim:field>
<dim:field element="coverage" qualifier="spatial" language="" mdschema="dc">Europe</dim:field>
<dim:field element="date" qualifier="accessioned" language="" mdschema="dc">2010-04-05T20:25:36Z</dim:field>
<dim:field element="date" qualifier="available" language="" mdschema="dc">2010-04-05T20:25:36Z</dim:field>
<dim:field element="date" qualifier="issued" language="" mdschema="dc">2010-04-05T20:25:36Z</dim:field>
<dim:field element="identifier" mdschema="dc">doi:10.5061/dryad.1271/1</dim:field>
<dim:field element="identifier" qualifier="uri" language="" mdschema="dc">http://hdl.handle.net/10255/dryad.1445</dim:field>
<dim:field element="description" language="en" mdschema="dc">480 individuals from 16 populations from Europe and the southern Balkans were genotyped for 6 polymorphic microsatellite loci.</dim:field>
<dim:field element="relation" qualifier="ispartof" language="en" mdschema="dc">doi:10.5061/dryad.1271</dim:field>
<dim:field element="rights" qualifier="uri" language="en" mdschema="dc">http://creativecommons.org/publicdomain/zero/1.0/</dim:field>
<dim:field element="subject" language="en" mdschema="dc">Ecological Genetics</dim:field>
<dim:field element="subject" language="en" mdschema="dc">Insects</dim:field>
<dim:field element="subject" language="en" mdschema="dc">Invasive Species</dim:field>
<dim:field element="subject" language="en" mdschema="dc">Phylogeography</dim:field>
<dim:field element="subject" language="en" mdschema="dc">Population Genetics - Empirical</dim:field>
<dim:field element="title" language="en" mdschema="dc">data_set_480ind_six_microsat.xls</dim:field>
<dim:field element="type" language="en" mdschema="dc">Dataset</dim:field>
<dim:field element="ScientificName" language="en" mdschema="dwc">Cameraria ohridella</dim:field>
<dim:field element="dryad" qualifier="pageviews">187</dim:field>
<dim:field element="dryad" qualifier="downloads">78</dim:field>
</dim:dim>
</mets:xmlData>
</mets:mdWrap>
</mets:dmdSec>
<mets:fileSec>
<mets:fileGrp USE="CONTENT">
<mets:file CHECKSUMTYPE="MD5" GROUPID="group_file_1096" ID="file_1096" MIMETYPE="application/vnd.ms-excel" SIZE="368640" CHECKSUM="91620634f11c6ff12f24620affcaf6e1">
<mets:FLocat LOCTYPE="URL" xlink:title="data_set_480ind_six_microsat.xls" xlink:type="locator" xlink:href="/bitstream/handle/10255/dryad.1445/data_set_480ind_six_microsat.xls?sequence=1"/>
</mets:file>
</mets:fileGrp>
</mets:fileSec>
<mets:structMap LABEL="DSpace" TYPE="LOGICAL">
<mets:div DMDID="dmd_1" TYPE="DSpace Item">
<mets:div ID="div_2" TYPE="DSpace Content Bitstream">
<mets:fptr FILEID="file_1096"/>
</mets:div>
</mets:div>
</mets:structMap>
</mets:METS>
