<?xml version="1.0" encoding="UTF-8"?>
<mets:METS xmlns:mets="http://www.loc.gov/METS/" xmlns:xlink="http://www.w3.org/TR/xlink/" xmlns:xsi="http://www.w3.org/2001/XMLSchema-instance" xmlns:dim="http://www.dspace.org/xmlns/dspace/dim" OBJEDIT="/admin/item?itemID=39747" OBJID="/handle/10255/dryad.36490" PROFILE="DSPACE METS SIP Profile 1.0" LABEL="DSpace Item" ID="hdl:10255/dryad.36490">
<mets:dmdSec GROUPID="group_dmd_0" ID="dmd_1">
<mets:mdWrap MDTYPE="OTHER" OTHERMDTYPE="DIM">
<mets:xmlData>
<dim:dim dspaceType="ITEM">
<dim:field element="contributor" qualifier="author" language="" mdschema="dc">Moyle, Robert G.</dim:field>
<dim:field element="contributor" qualifier="author" language="" mdschema="dc">Andersen, Michael J.</dim:field>
<dim:field element="contributor" qualifier="author" language="" mdschema="dc">Oliveros, Carl H.</dim:field>
<dim:field element="contributor" qualifier="author" language="" mdschema="dc">Steinheimer, Frank</dim:field>
<dim:field element="contributor" qualifier="author" language="" mdschema="dc">Reddy, Sushma</dim:field>
<dim:field element="coverage" qualifier="spatial" language="" mdschema="dc">Asia</dim:field>
<dim:field element="coverage" qualifier="spatial" language="" mdschema="dc">Africa</dim:field>
<dim:field element="coverage" qualifier="spatial" language="" mdschema="dc">Philippines</dim:field>
<dim:field element="date" qualifier="accessioned" language="" mdschema="dc">2012-01-10T21:00:05Z</dim:field>
<dim:field element="date" qualifier="available" language="" mdschema="dc">2012-01-10T21:00:05Z</dim:field>
<dim:field element="date" qualifier="issued" language="" mdschema="dc">2012-01-10</dim:field>
<dim:field element="identifier" mdschema="dc">doi:10.5061/dryad.100jc764/7</dim:field>
<dim:field element="identifier" qualifier="uri" language="" mdschema="dc">http://hdl.handle.net/10255/dryad.36490</dim:field>
<dim:field element="description" language="" mdschema="dc">Consensus tree from Bayesian analysis of the TGF5 intron alone.</dim:field>
<dim:field element="relation" qualifier="ispartof" language="" mdschema="dc">doi:10.5061/dryad.100jc764</dim:field>
<dim:field element="rights" qualifier="uri" language="" mdschema="dc">http://creativecommons.org/publicdomain/zero/1.0/</dim:field>
<dim:field element="subject" language="" mdschema="dc">babbler</dim:field>
<dim:field element="subject" language="" mdschema="dc">biogeography</dim:field>
<dim:field element="subject" language="" mdschema="dc">convergence</dim:field>
<dim:field element="subject" language="" mdschema="dc">parameter interaction</dim:field>
<dim:field element="subject" language="" mdschema="dc">Timaliidae</dim:field>
<dim:field element="title" language="" mdschema="dc">Supp Fig 5</dim:field>
<dim:field element="type" language="*" mdschema="dc">Dataset</dim:field>
<dim:field element="dryad" qualifier="pageviews">162</dim:field>
<dim:field element="dryad" qualifier="downloads">80</dim:field>
</dim:dim>
</mets:xmlData>
</mets:mdWrap>
</mets:dmdSec>
<mets:fileSec>
<mets:fileGrp USE="CONTENT">
<mets:file CHECKSUMTYPE="MD5" GROUPID="group_file_118174" ID="file_118174" MIMETYPE="application/postscript" SIZE="1031753" CHECKSUM="2cdb0bf02d7b0c033f8d96148da6109d">
<mets:FLocat LOCTYPE="URL" xlink:title="Moyle et al, Supp Fig 5.eps" xlink:label="dataset-file" xlink:type="locator" xlink:href="/bitstream/handle/10255/dryad.36490/Moyle%20et%20al%2c%20Supp%20Fig%205.eps?sequence=1"/>
</mets:file>
</mets:fileGrp>
</mets:fileSec>
<mets:structMap LABEL="DSpace" TYPE="LOGICAL">
<mets:div DMDID="dmd_1" TYPE="DSpace Item">
<mets:div ID="div_2" TYPE="DSpace Content Bitstream">
<mets:fptr FILEID="file_118174"/>
</mets:div>
</mets:div>
</mets:structMap>
</mets:METS>
