<?xml version="1.0" encoding="UTF-8"?>
<mets:METS xmlns:mets="http://www.loc.gov/METS/" xmlns:xlink="http://www.w3.org/TR/xlink/" xmlns:xsi="http://www.w3.org/2001/XMLSchema-instance" xmlns:dim="http://www.dspace.org/xmlns/dspace/dim" OBJEDIT="/admin/item?itemID=2054" OBJID="/handle/10255/dryad.1818" PROFILE="DSPACE METS SIP Profile 1.0" LABEL="DSpace Item" ID="hdl:10255/dryad.1818">
<mets:dmdSec GROUPID="group_dmd_0" ID="dmd_1">
<mets:mdWrap MDTYPE="OTHER" OTHERMDTYPE="DIM">
<mets:xmlData>
<dim:dim dspaceType="ITEM">
<dim:field element="contributor" qualifier="author" language="en" mdschema="dc">Roelofs, Dick</dim:field>
<dim:field element="contributor" qualifier="author" language="en" mdschema="dc">Janssens, Thierry K S</dim:field>
<dim:field element="contributor" qualifier="author" language="en" mdschema="dc">Timmermans, Martijn J T N</dim:field>
<dim:field element="contributor" qualifier="author" language="en" mdschema="dc">Nota, Benjamin</dim:field>
<dim:field element="contributor" qualifier="author" language="en" mdschema="dc">Mariën, Janine</dim:field>
<dim:field element="contributor" qualifier="author" language="en" mdschema="dc">Bochdanovits, Zoltán</dim:field>
<dim:field element="contributor" qualifier="author" language="en" mdschema="dc">Ylstra, Bauke</dim:field>
<dim:field element="contributor" qualifier="author" language="en" mdschema="dc">Van Straalen, Nico M</dim:field>
<dim:field element="coverage" qualifier="spatial" language="en" mdschema="dc">Plombieres</dim:field>
<dim:field element="coverage" qualifier="spatial" language="en" mdschema="dc">Belgium</dim:field>
<dim:field element="coverage" qualifier="spatial" language="en" mdschema="dc">North Western Europe</dim:field>
<dim:field element="date" qualifier="accessioned" language="" mdschema="dc">2010-08-04T06:34:11Z</dim:field>
<dim:field element="date" qualifier="available" language="" mdschema="dc">2010-08-04T06:34:11Z</dim:field>
<dim:field element="date" qualifier="issued" language="" mdschema="dc">2010-08-04</dim:field>
<dim:field element="identifier" mdschema="dc">doi:10.5061/dryad.1817/1</dim:field>
<dim:field element="identifier" qualifier="uri" language="" mdschema="dc">http://hdl.handle.net/10255/dryad.1818</dim:field>
<dim:field element="description" language="en" mdschema="dc">Input file for biostatistical analysis of the microarray data using R package Maanova. ID: DNA sequence identifier for each probe on the array. DNA sequences can be retrieved from www.collembase.org.</dim:field>
<dim:field element="relation" qualifier="ispartof" language="en" mdschema="dc">doi:10.5061/dryad.1817</dim:field>
<dim:field element="rights" qualifier="uri" language="en" mdschema="dc">http://creativecommons.org/publicdomain/zero/1.0/</dim:field>
<dim:field element="subject" language="en" mdschema="dc">cadmium</dim:field>
<dim:field element="subject" language="en" mdschema="dc">collembola</dim:field>
<dim:field element="subject" language="en" mdschema="dc">micro-evolution</dim:field>
<dim:field element="subject" language="en" mdschema="dc">transcription profiling</dim:field>
<dim:field element="subject" language="en" mdschema="dc">suppression subtractive hybridisation</dim:field>
<dim:field element="subject" language="en" mdschema="dc">Adaptation</dim:field>
<dim:field element="title" language="en" mdschema="dc">MaanovainputCadOC.txt</dim:field>
<dim:field element="type" language="en" mdschema="dc">Dataset</dim:field>
<dim:field element="ScientificName" language="en" mdschema="dwc">Orchesella cincta</dim:field>
<dim:field element="dryad" qualifier="pageviews">121</dim:field>
<dim:field element="dryad" qualifier="downloads">117</dim:field>
</dim:dim>
</mets:xmlData>
</mets:mdWrap>
</mets:dmdSec>
<mets:fileSec>
<mets:fileGrp USE="CONTENT">
<mets:file CHECKSUMTYPE="MD5" GROUPID="group_file_1603" ID="file_1603" MIMETYPE="text/plain" SIZE="1907917" CHECKSUM="bea71da99a039ccbf86f629f52a4af7d">
<mets:FLocat LOCTYPE="URL" xlink:title="MaanovainputCadOC.txt" xlink:type="locator" xlink:href="/bitstream/handle/10255/dryad.1818/MaanovainputCadOC.txt?sequence=1"/>
</mets:file>
<mets:file CHECKSUMTYPE="MD5" GROUPID="group_file_1604" ID="file_1604" MIMETYPE="text/plain" SIZE="692" CHECKSUM="19a6f218645bc8e8098d8b6945eab1e0">
<mets:FLocat LOCTYPE="URL" xlink:title="README.txt" xlink:type="locator" xlink:href="/bitstream/handle/10255/dryad.1818/README.txt?sequence=2"/>
</mets:file>
</mets:fileGrp>
<mets:fileGrp USE="TEXT">
<mets:file CHECKSUMTYPE="MD5" GROUPID="group_file_1604" ID="file_1614" MIMETYPE="text/plain" SIZE="659" CHECKSUM="25006d390d974ca5f39be58efaf60571">
<mets:FLocat LOCTYPE="URL" xlink:title="README.txt.txt" xlink:label="Extracted text" xlink:type="locator" xlink:href="/bitstream/handle/10255/dryad.1818/README.txt.txt?sequence=3"/>
</mets:file>
<mets:file CHECKSUMTYPE="MD5" GROUPID="group_file_1603" ID="file_1615" MIMETYPE="text/plain" SIZE="1901288" CHECKSUM="30537763fe26793ffe2a787ba8155286">
<mets:FLocat LOCTYPE="URL" xlink:title="MaanovainputCadOC.txt.txt" xlink:label="Extracted text" xlink:type="locator" xlink:href="/bitstream/handle/10255/dryad.1818/MaanovainputCadOC.txt.txt?sequence=4"/>
</mets:file>
</mets:fileGrp>
</mets:fileSec>
<mets:structMap LABEL="DSpace" TYPE="LOGICAL">
<mets:div DMDID="dmd_1" TYPE="DSpace Item">
<mets:div ID="div_2" TYPE="DSpace Content Bitstream">
<mets:fptr FILEID="file_1603"/>
</mets:div>
<mets:div ID="div_3" TYPE="DSpace Content Bitstream">
<mets:fptr FILEID="file_1604"/>
</mets:div>
</mets:div>
</mets:structMap>
</mets:METS>
