<?xml version="1.0" encoding="UTF-8"?>
<mets:METS xmlns:mets="http://www.loc.gov/METS/" xmlns:xlink="http://www.w3.org/TR/xlink/" xmlns:xsi="http://www.w3.org/2001/XMLSchema-instance" xmlns:dim="http://www.dspace.org/xmlns/dspace/dim" OBJEDIT="/admin/item?itemID=996" OBJID="/handle/10255/dryad.862" PROFILE="DSPACE METS SIP Profile 1.0" LABEL="DSpace Item" ID="hdl:10255/dryad.862">
<mets:dmdSec GROUPID="group_dmd_0" ID="dmd_1">
<mets:mdWrap MDTYPE="OTHER" OTHERMDTYPE="DIM">
<mets:xmlData>
<dim:dim dspaceType="ITEM">
<dim:field element="contributor" qualifier="author" language="en" mdschema="dc">Riju, Aikkal</dim:field>
<dim:field element="contributor" qualifier="author" language="en" mdschema="dc">Rajesh, M.K.</dim:field>
<dim:field element="contributor" qualifier="author" language="en" mdschema="dc">Sherin, P.T.P. Fasila</dim:field>
<dim:field element="contributor" qualifier="author" language="en" mdschema="dc">Chandrasekar, A.</dim:field>
<dim:field element="contributor" qualifier="author" language="en" mdschema="dc">Apshara, S. Elain</dim:field>
<dim:field element="contributor" qualifier="author" language="en" mdschema="dc">Arunachalam, Vadivel</dim:field>
<dim:field element="date" qualifier="accessioned" language="" mdschema="dc">2009-08-20T07:03:05Z</dim:field>
<dim:field element="date" qualifier="available" language="" mdschema="dc">2009-08-20T07:03:05Z</dim:field>
<dim:field element="date" qualifier="issued" language="" mdschema="dc">2009-08-20T07:03:05Z</dim:field>
<dim:field element="identifier" mdschema="dc">doi:10.5061/dryad.179/2</dim:field>
<dim:field element="identifier" qualifier="uri" language="" mdschema="dc">http://hdl.handle.net/10255/dryad.862</dim:field>
<dim:field element="relation" qualifier="ispartof" language="en" mdschema="dc">doi:10.5061/dryad.179</dim:field>
<dim:field element="rights" qualifier="uri" language="en" mdschema="dc">http://creativecommons.org/licenses/by/3.0/</dim:field>
<dim:field element="subject" language="en" mdschema="dc">Microsatellite of cocoa genome</dim:field>
<dim:field element="title" language="en" mdschema="dc">Cocoa all primers riju et al., 2009.xls</dim:field>
<dim:field element="type" language="en" mdschema="dc">Dataset</dim:field>
<dim:field element="status" language="" mdschema="dryad">scanned</dim:field>
<dim:field element="dryad" qualifier="pageviews">181</dim:field>
<dim:field element="dryad" qualifier="downloads">50</dim:field>
</dim:dim>
</mets:xmlData>
</mets:mdWrap>
</mets:dmdSec>
<mets:fileSec>
<mets:fileGrp USE="CONTENT">
<mets:file CHECKSUMTYPE="MD5" GROUPID="group_file_806" ID="file_806" MIMETYPE="application/vnd.ms-excel" SIZE="109568" CHECKSUM="fad53f93f40ee19549b19a8bb3fc173a">
<mets:FLocat LOCTYPE="URL" xlink:title="Cocoa all primers riju et al., 2009.xls" xlink:type="locator" xlink:href="/bitstream/handle/10255/dryad.862/Cocoa%20all%20primers%20riju%20et%20al.%2c%202009.xls?sequence=1"/>
</mets:file>
</mets:fileGrp>
</mets:fileSec>
<mets:structMap LABEL="DSpace" TYPE="LOGICAL">
<mets:div DMDID="dmd_1" TYPE="DSpace Item">
<mets:div ID="div_2" TYPE="DSpace Content Bitstream">
<mets:fptr FILEID="file_806"/>
</mets:div>
</mets:div>
</mets:structMap>
</mets:METS>
