<?xml version="1.0" encoding="UTF-8"?>
<mets:METS xmlns:mets="http://www.loc.gov/METS/" xmlns:xlink="http://www.w3.org/TR/xlink/" xmlns:xsi="http://www.w3.org/2001/XMLSchema-instance" xmlns:dim="http://www.dspace.org/xmlns/dspace/dim" OBJEDIT="/admin/item?itemID=35773" OBJID="/handle/10255/dryad.34022" PROFILE="DSPACE METS SIP Profile 1.0" LABEL="DSpace Item" ID="hdl:10255/dryad.34022">
<mets:dmdSec GROUPID="group_dmd_0" ID="dmd_1">
<mets:mdWrap MDTYPE="OTHER" OTHERMDTYPE="DIM">
<mets:xmlData>
<dim:dim dspaceType="ITEM">
<dim:field element="contributor" qualifier="author" language="" mdschema="dc">Chavez, Andreas S</dim:field>
<dim:field element="contributor" qualifier="author" language="" mdschema="dc">Saltzberg, Carl J</dim:field>
<dim:field element="contributor" qualifier="author" language="" mdschema="dc">Kenagy, G J</dim:field>
<dim:field element="coverage" qualifier="spatial" language="en" mdschema="dc">Pacific Northwest</dim:field>
<dim:field element="coverage" qualifier="spatial" language="en" mdschema="dc">North America</dim:field>
<dim:field element="date" qualifier="accessioned" language="" mdschema="dc">2011-06-07T21:02:26Z</dim:field>
<dim:field element="date" qualifier="available" mdschema="dc">2011-08-01T13:10:47Z</dim:field>
<dim:field element="date" qualifier="issued" language="" mdschema="dc">2011-06-07</dim:field>
<dim:field element="identifier" mdschema="dc">doi:10.5061/dryad.195qg/1</dim:field>
<dim:field element="identifier" qualifier="uri" language="" mdschema="dc">http://hdl.handle.net/10255/dryad.34022</dim:field>
<dim:field element="description" language="en" mdschema="dc">Microsatellite data for 397 individuals</dim:field>
<dim:field element="relation" qualifier="ispartof" language="" mdschema="dc">doi:10.5061/dryad.195qg</dim:field>
<dim:field element="rights" qualifier="uri" language="" mdschema="dc">http://creativecommons.org/publicdomain/zero/1.0/</dim:field>
<dim:field element="rights" qualifier="uri" language="" mdschema="dc">http://creativecommons.org/publicdomain/zero/1.0/</dim:field>
<dim:field element="subject" language="en" mdschema="dc">Hybridization</dim:field>
<dim:field element="subject" language="en" mdschema="dc">Mammals</dim:field>
<dim:field element="subject" language="en" mdschema="dc">Phylogeography</dim:field>
<dim:field element="subject" language="en" mdschema="dc">Speciation</dim:field>
<dim:field element="title" language="en" mdschema="dc">project_data</dim:field>
<dim:field element="type" language="*" mdschema="dc">Dataset</dim:field>
<dim:field element="ScientificName" language="en" mdschema="dwc">Tamiasciurs douglasii</dim:field>
<dim:field element="ScientificName" language="en" mdschema="dwc">Tamiasciurus hudsonicus</dim:field>
<dim:field element="type" qualifier="embargo" language="en" mdschema="dc">untilArticleAppears</dim:field>
<dim:field element="dryad" qualifier="pageviews">102</dim:field>
<dim:field element="dryad" qualifier="downloads">56</dim:field>
</dim:dim>
</mets:xmlData>
</mets:mdWrap>
</mets:dmdSec>
<mets:fileSec>
<mets:fileGrp USE="CONTENT">
<mets:file CHECKSUMTYPE="MD5" GROUPID="group_file_114750" ID="file_114750" MIMETYPE="text/plain" SIZE="31190" CHECKSUM="99a4b790d3bd28575d783e6832a2713e">
<mets:FLocat LOCTYPE="URL" xlink:title="project_data.txt" xlink:label="dataset-file" xlink:type="locator" xlink:href="/bitstream/handle/10255/dryad.34022/project_data.txt?sequence=1"/>
</mets:file>
</mets:fileGrp>
<mets:fileGrp USE="TEXT">
<mets:file CHECKSUMTYPE="MD5" GROUPID="group_file_114750" ID="file_114776" MIMETYPE="text/plain" SIZE="30793" CHECKSUM="c1a27978d14d4004be58768015a3df3d">
<mets:FLocat LOCTYPE="URL" xlink:title="project_data.txt.txt" xlink:label="Extracted text" xlink:type="locator" xlink:href="/bitstream/handle/10255/dryad.34022/project_data.txt.txt?sequence=2"/>
</mets:file>
</mets:fileGrp>
</mets:fileSec>
<mets:structMap LABEL="DSpace" TYPE="LOGICAL">
<mets:div DMDID="dmd_1" TYPE="DSpace Item">
<mets:div ID="div_2" TYPE="DSpace Content Bitstream">
<mets:fptr FILEID="file_114750"/>
</mets:div>
</mets:div>
</mets:structMap>
</mets:METS>
