<?xml version="1.0" encoding="UTF-8"?>
<mets:METS xmlns:mets="http://www.loc.gov/METS/" xmlns:xlink="http://www.w3.org/TR/xlink/" xmlns:xsi="http://www.w3.org/2001/XMLSchema-instance" xmlns:dim="http://www.dspace.org/xmlns/dspace/dim" OBJEDIT="/admin/item?itemID=2060" OBJID="/handle/10255/dryad.1824" PROFILE="DSPACE METS SIP Profile 1.0" LABEL="DSpace Item" ID="hdl:10255/dryad.1824">
<mets:dmdSec GROUPID="group_dmd_0" ID="dmd_1">
<mets:mdWrap MDTYPE="OTHER" OTHERMDTYPE="DIM">
<mets:xmlData>
<dim:dim dspaceType="ITEM">
<dim:field element="contributor" qualifier="author" language="en" mdschema="dc">Eastman, Jonathan M</dim:field>
<dim:field element="contributor" qualifier="author" language="en" mdschema="dc">Storfer, Andrew</dim:field>
<dim:field element="date" qualifier="accessioned" language="" mdschema="dc">2010-08-04T20:58:27Z</dim:field>
<dim:field element="date" qualifier="available" mdschema="dc">2011-02-18T07:30:10Z</dim:field>
<dim:field element="date" qualifier="issued" language="" mdschema="dc">2010-08-04</dim:field>
<dim:field element="identifier" mdschema="dc">doi:10.5061/dryad.1821/3</dim:field>
<dim:field element="identifier" qualifier="uri" language="" mdschema="dc">http://hdl.handle.net/10255/dryad.1824</dim:field>
<dim:field element="relation" qualifier="ispartof" language="en" mdschema="dc">doi:10.5061/dryad.1821</dim:field>
<dim:field element="rights" qualifier="uri" language="en" mdschema="dc">http://creativecommons.org/publicdomain/zero/1.0/</dim:field>
<dim:field element="subject" language="en" mdschema="dc">Heterochrony</dim:field>
<dim:field element="subject" language="en" mdschema="dc">Paedomorphy</dim:field>
<dim:field element="subject" language="en" mdschema="dc">Paedomorphosis</dim:field>
<dim:field element="subject" language="en" mdschema="dc">Geographic Range</dim:field>
<dim:field element="subject" language="en" mdschema="dc">Phylogenetic Heritability</dim:field>
<dim:field element="subject" language="en" mdschema="dc">Species Sorting</dim:field>
<dim:field element="title" language="en" mdschema="dc">trait data by families</dim:field>
<dim:field element="type" language="en" mdschema="dc">Dataset</dim:field>
<dim:field element="ScientificName" language="en" mdschema="dwc">Caudata</dim:field>
<dim:field element="ScientificName" language="en" mdschema="dwc">Urodela</dim:field>
<dim:field element="dryad" qualifier="pageviews">108</dim:field>
<dim:field element="dryad" qualifier="downloads">92</dim:field>
</dim:dim>
</mets:xmlData>
</mets:mdWrap>
</mets:dmdSec>
<mets:fileSec>
<mets:fileGrp USE="CONTENT">
<mets:file CHECKSUMTYPE="MD5" GROUPID="group_file_1608" ID="file_1608" MIMETYPE="text/plain" SIZE="632" CHECKSUM="c80df49bb3246c97329d22f02cbdf7b6">
<mets:FLocat LOCTYPE="URL" xlink:title="data.families.txt" xlink:type="locator" xlink:href="/bitstream/handle/10255/dryad.1824/data.families.txt?sequence=1"/>
</mets:file>
<mets:file CHECKSUMTYPE="MD5" GROUPID="group_file_1609" ID="file_1609" MIMETYPE="text/plain" SIZE="661" CHECKSUM="493c4148ba24033fb7c268f35c724d04">
<mets:FLocat LOCTYPE="URL" xlink:title="README.txt" xlink:type="locator" xlink:href="/bitstream/handle/10255/dryad.1824/README.txt?sequence=2"/>
</mets:file>
</mets:fileGrp>
<mets:fileGrp USE="TEXT">
<mets:file CHECKSUMTYPE="MD5" GROUPID="group_file_1609" ID="file_1612" MIMETYPE="text/plain" SIZE="653" CHECKSUM="99c82d49af53e6f460fbd3df287549ac">
<mets:FLocat LOCTYPE="URL" xlink:title="README.txt.txt" xlink:label="Extracted text" xlink:type="locator" xlink:href="/bitstream/handle/10255/dryad.1824/README.txt.txt?sequence=3"/>
</mets:file>
<mets:file CHECKSUMTYPE="MD5" GROUPID="group_file_1608" ID="file_1613" MIMETYPE="text/plain" SIZE="632" CHECKSUM="a82dcfbce58725715cea16541d670670">
<mets:FLocat LOCTYPE="URL" xlink:title="data.families.txt.txt" xlink:label="Extracted text" xlink:type="locator" xlink:href="/bitstream/handle/10255/dryad.1824/data.families.txt.txt?sequence=4"/>
</mets:file>
</mets:fileGrp>
</mets:fileSec>
<mets:structMap LABEL="DSpace" TYPE="LOGICAL">
<mets:div DMDID="dmd_1" TYPE="DSpace Item">
<mets:div ID="div_2" TYPE="DSpace Content Bitstream">
<mets:fptr FILEID="file_1608"/>
</mets:div>
<mets:div ID="div_3" TYPE="DSpace Content Bitstream">
<mets:fptr FILEID="file_1609"/>
</mets:div>
</mets:div>
</mets:structMap>
</mets:METS>
