<?xml version="1.0" encoding="UTF-8"?>
<mets:METS xmlns:mets="http://www.loc.gov/METS/" xmlns:xlink="http://www.w3.org/TR/xlink/" xmlns:xsi="http://www.w3.org/2001/XMLSchema-instance" xmlns:dim="http://www.dspace.org/xmlns/dspace/dim" OBJEDIT="/admin/item?itemID=64338" OBJID="/handle/10255/dryad.52804" PROFILE="DSPACE METS SIP Profile 1.0" LABEL="DSpace Item" ID="hdl:10255/dryad.52804">
<mets:dmdSec GROUPID="group_dmd_0" ID="dmd_1">
<mets:mdWrap MDTYPE="OTHER" OTHERMDTYPE="DIM">
<mets:xmlData>
<dim:dim dspaceType="ITEM">
<dim:field element="contributor" qualifier="author" mdschema="dc">Zieliński, Piotr</dim:field>
<dim:field element="contributor" qualifier="author" mdschema="dc">Stuglik, Michal</dim:field>
<dim:field element="contributor" qualifier="author" mdschema="dc">Dudek, Katarzyna</dim:field>
<dim:field element="contributor" qualifier="author" mdschema="dc">Konczal, Mateusz</dim:field>
<dim:field element="contributor" qualifier="author" mdschema="dc">Babik, Wieslaw</dim:field>
<dim:field element="identifier" mdschema="dc">doi:10.5061/dryad.16b9d</dim:field>
<dim:field element="description" language="" mdschema="dc">DNA sequences derived from multiple regions of the nuclear genome are essential for historical inferences in the fields of phylogeography and phylogenetics. The appropriate markers should be single-copy, variable, easy to amplify from multiple samples and easy to sequence using high throughput technologies. This task may be difficult to achieve for species lacking sequenced genomes and particularly challenging for species possessing large genomes, which consist mostly of repetitive sequences. Here we present a cost-effective, broadly applicable framework for designing, validating and high throughput sequencing of multiple sequence markers in non-model species without sequenced genomes. We demonstrate its utility in two closely related species of newts, representatives of urodeles, a vertebrate group characterized by large genomes. We show that over 80 markers, ca. 600 bp each, developed mainly from 3’ untranslated transcript regions (3’UTR) may be effectively multiplexed and sequenced using high-throughput technology. Data are further processed using standard, freely available bioinformatic tools, producing phase-resolved sequences. The approach does not require barcoded PCR primers and the cost of library preparation is independent of the number of markers investigated. We hope that this approach will be of broad interest for researchers working at the interface of population genetics and phylogenetics, exploring deep intraspecific genetic structure, species boundaries and phylogeographies of closely related species.</dim:field>
<dim:field element="subject" confidence="NOVALUE" language="" mdschema="dc">Amphibians</dim:field>
<dim:field element="subject" confidence="NOVALUE" language="" mdschema="dc">Bioinfomatics/Phyloinfomatics</dim:field>
<dim:field element="subject" confidence="NOVALUE" language="" mdschema="dc">Hybridization</dim:field>
<dim:field element="subject" confidence="NOVALUE" language="" mdschema="dc">Phylogeography</dim:field>
<dim:field element="subject" confidence="NOVALUE" language="" mdschema="dc">Population Genetics - Empirical</dim:field>
<dim:field element="title" language="" mdschema="dc">Data from: Development, validation and high throughput analysis of sequence markers in non-model species</dim:field>
<dim:field element="type" language="*" mdschema="dc">Article</dim:field>
<dim:field element="identifier" qualifier="manuscriptNumber" mdschema="dc">MolEcolRes-MER-13-0210</dim:field>
<dim:field element="publicationName" confidence="NOVALUE" language="" mdschema="prism">Molecular Ecology Resources</dim:field>
<dim:field element="archive" qualifier="mailUsers" mdschema="workflow">editorial.office@molecol.com</dim:field>
<dim:field element="archive" qualifier="mailUsers" mdschema="workflow">admin@datadryad.org</dim:field>
<dim:field element="archive" qualifier="mailUsers" mdschema="workflow">curator@datadryad.org</dim:field>
<dim:field element="submit" qualifier="skipReviewStage" mdschema="workflow">false</dim:field>
<dim:field element="workflow" qualifier="submitted" mdschema="internal">true</dim:field>
<dim:field element="review" qualifier="mailUsers" mdschema="workflow">editorial.office@molecol.com</dim:field>
<dim:field element="review" qualifier="mailUsers" mdschema="workflow">managing.editor@molecol.com</dim:field>
<dim:field element="review" qualifier="mailUsers" mdschema="workflow">admin@datadryad.org</dim:field>
<dim:field element="review" qualifier="mailUsers" mdschema="workflow">curator@datadryad.org</dim:field>
</dim:dim>
</mets:xmlData>
</mets:mdWrap>
</mets:dmdSec>
<mets:fileSec/>
<mets:structMap LABEL="DSpace" TYPE="LOGICAL">
<mets:div DMDID="dmd_1" TYPE="DSpace Item"/>
</mets:structMap>
</mets:METS>
