<?xml version="1.0" encoding="UTF-8"?>
<mets:METS xmlns:mets="http://www.loc.gov/METS/" xmlns:xlink="http://www.w3.org/TR/xlink/" xmlns:xsi="http://www.w3.org/2001/XMLSchema-instance" xmlns:dim="http://www.dspace.org/xmlns/dspace/dim" OBJEDIT="/admin/item?itemID=38466" OBJID="/handle/10255/dryad.35696" PROFILE="DSPACE METS SIP Profile 1.0" LABEL="DSpace Item" ID="hdl:10255/dryad.35696">
<mets:dmdSec GROUPID="group_dmd_0" ID="dmd_1">
<mets:mdWrap MDTYPE="OTHER" OTHERMDTYPE="DIM">
<mets:xmlData>
<dim:dim dspaceType="ITEM">
<dim:field element="contributor" qualifier="author" language="" mdschema="dc">Singer, Michael S.</dim:field>
<dim:field element="contributor" qualifier="author" language="" mdschema="dc">Farkas, Timothy E.</dim:field>
<dim:field element="contributor" qualifier="author" language="" mdschema="dc">Skorik, Christian M.</dim:field>
<dim:field element="contributor" qualifier="author" language="" mdschema="dc">Mooney, Kailen A.</dim:field>
<dim:field element="date" qualifier="accessioned" language="" mdschema="dc">2011-10-28T16:31:36Z</dim:field>
<dim:field element="date" qualifier="available" mdschema="dc">2012-02-14T17:09:15Z</dim:field>
<dim:field element="date" qualifier="issued" language="" mdschema="dc">2011-10-28</dim:field>
<dim:field element="identifier" mdschema="dc">doi:10.5061/dryad.15535rh1/2</dim:field>
<dim:field element="identifier" qualifier="uri" language="" mdschema="dc">http://hdl.handle.net/10255/dryad.35696</dim:field>
<dim:field element="description" language="" mdschema="dc">This Excel file contains the data from a field experiment evaluating the effect of bird exclusion on the density of generalist caterpillar species. The experiment was conducted over a 3-week caterpillar sampling period period in each of 2 years (2008, 2009). 2008 included 2 additional weeks of sampling (1 and 5) and these were used to obtain an independent estimate of caterpillar density per tree species. The spatial design included 6 complete blocks of 8 tree species at each of 3 field sites in each year. Note that the block identity number at each site was not necessarily consistent from year, thus a unique block2 column is given to designate block identity. Density of generalist caterpillars was calculated for each branch or sapling, designated as bagged or unbagged to indicate the bird exclusion treatment. Density is calculated as the number of generalist caterpillars divided by the estimated total leaf area of the branch or sapling. Total leaf area was originally calculated in square cm, based on the the number of leaves multiplied by the average leaf area from a sample of approximately 10 leaves from each branch.</dim:field>
<dim:field element="relation" qualifier="ispartof" language="" mdschema="dc">doi:10.5061/dryad.15535rh1</dim:field>
<dim:field element="rights" qualifier="uri" language="" mdschema="dc">http://creativecommons.org/publicdomain/zero/1.0/</dim:field>
<dim:field element="subject" language="" mdschema="dc">Ecology: community</dim:field>
<dim:field element="subject" language="" mdschema="dc">Ecology: evolutionary</dim:field>
<dim:field element="subject" language="" mdschema="dc">Food web</dim:field>
<dim:field element="subject" language="" mdschema="dc">Interactions: plant/herbivore</dim:field>
<dim:field element="subject" language="" mdschema="dc">Interactions: predation</dim:field>
<dim:field element="subject" language="" mdschema="dc">Interactions: trophic</dim:field>
<dim:field element="subject" language="" mdschema="dc">Temperate forest</dim:field>
<dim:field element="subject" language="" mdschema="dc">Bird</dim:field>
<dim:field element="subject" language="" mdschema="dc">butterflies</dim:field>
<dim:field element="subject" language="" mdschema="dc">Plant</dim:field>
<dim:field element="title" language="" mdschema="dc">Bird exclusion on gen caterpillars 08-09</dim:field>
<dim:field element="type" language="*" mdschema="dc">Dataset</dim:field>
<dim:field element="type" qualifier="embargo" language="" mdschema="dc">untilArticleAppears</dim:field>
<dim:field element="dryad" qualifier="pageviews">95</dim:field>
<dim:field element="dryad" qualifier="downloads">34</dim:field>
</dim:dim>
</mets:xmlData>
</mets:mdWrap>
</mets:dmdSec>
<mets:fileSec>
<mets:fileGrp USE="CONTENT">
<mets:file CHECKSUMTYPE="MD5" GROUPID="group_file_117107" ID="file_117107" MIMETYPE="application/vnd.ms-excel" SIZE="347648" CHECKSUM="19dca02956d37592a57bcedc32aaca2a">
<mets:FLocat LOCTYPE="URL" xlink:title="Bird exclusion on gen caterpillars 08-09.xls" xlink:label="dataset-file" xlink:type="locator" xlink:href="/bitstream/handle/10255/dryad.35696/Bird%20exclusion%20on%20gen%20caterpillars%2008-09.xls?sequence=1"/>
</mets:file>
</mets:fileGrp>
</mets:fileSec>
<mets:structMap LABEL="DSpace" TYPE="LOGICAL">
<mets:div DMDID="dmd_1" TYPE="DSpace Item">
<mets:div ID="div_2" TYPE="DSpace Content Bitstream">
<mets:fptr FILEID="file_117107"/>
</mets:div>
</mets:div>
</mets:structMap>
</mets:METS>
