<?xml version="1.0" encoding="UTF-8"?>
<mets:METS xmlns:mets="http://www.loc.gov/METS/" xmlns:xlink="http://www.w3.org/TR/xlink/" xmlns:xsi="http://www.w3.org/2001/XMLSchema-instance" xmlns:dim="http://www.dspace.org/xmlns/dspace/dim" OBJEDIT="/admin/item?itemID=60856" OBJID="/handle/10255/dryad.50511" PROFILE="DSPACE METS SIP Profile 1.0" LABEL="DSpace Item" ID="hdl:10255/dryad.50511">
<mets:dmdSec GROUPID="group_dmd_0" ID="dmd_1">
<mets:mdWrap MDTYPE="OTHER" OTHERMDTYPE="DIM">
<mets:xmlData>
<dim:dim dspaceType="ITEM">
<dim:field element="contributor" qualifier="author" mdschema="dc">Liebgold, Eric</dim:field>
<dim:field element="contributor" qualifier="author" mdschema="dc">Gerlach, Nicole</dim:field>
<dim:field element="contributor" qualifier="author" mdschema="dc">Ketterson, Ellen</dim:field>
<dim:field element="coverage" qualifier="spatial" language="" mdschema="dc">Southern Appalachia</dim:field>
<dim:field element="coverage" qualifier="temporal" language="" mdschema="dc">1997-2007</dim:field>
<dim:field element="identifier" mdschema="dc">doi:10.5061/dryad.0cn60/1</dim:field>
<dim:field element="description" language="" mdschema="dc">Microsatellite loci were scored from blood collected in the field. UTM locations collected via GPS. Separate files for each year for each sex. Formatted for GENALEX.</dim:field>
<dim:field element="relation" qualifier="ispartof" mdschema="dc">doi:10.5061/dryad.0cn60</dim:field>
<dim:field element="rights" qualifier="uri" mdschema="dc">http://creativecommons.org/publicdomain/zero/1.0/</dim:field>
<dim:field element="subject" confidence="NOVALUE" language="" mdschema="dc">Ecological Genetics</dim:field>
<dim:field element="subject" confidence="NOVALUE" language="" mdschema="dc">Birds</dim:field>
<dim:field element="subject" confidence="NOVALUE" language="" mdschema="dc">Behavior/Social Evolution</dim:field>
<dim:field element="subject" confidence="NOVALUE" language="" mdschema="dc">Population Ecology</dim:field>
<dim:field element="title" language="" mdschema="dc">Microsatellite data and UTM locations</dim:field>
<dim:field element="type" language="*" mdschema="dc">Dataset</dim:field>
<dim:field element="ScientificName" confidence="NOVALUE" language="" mdschema="dwc">Junco hyemalis</dim:field>
<dim:field element="type" qualifier="embargo" language="" mdschema="dc">untilArticleAppears</dim:field>
<dim:field element="dryad" qualifier="pageviews">0</dim:field>
<dim:field element="dryad" qualifier="downloads">3</dim:field>
</dim:dim>
</mets:xmlData>
</mets:mdWrap>
</mets:dmdSec>
<mets:fileSec/>
<mets:structMap LABEL="DSpace" TYPE="LOGICAL">
<mets:div DMDID="dmd_1" TYPE="DSpace Item"/>
</mets:structMap>
</mets:METS>
