<?xml version="1.0" encoding="UTF-8"?>
<mets:METS xmlns:mets="http://www.loc.gov/METS/" xmlns:xlink="http://www.w3.org/TR/xlink/" xmlns:xsi="http://www.w3.org/2001/XMLSchema-instance" xmlns:dim="http://www.dspace.org/xmlns/dspace/dim" OBJEDIT="/admin/item?itemID=64259" OBJID="/handle/10255/dryad.52746" PROFILE="DSPACE METS SIP Profile 1.0" LABEL="DSpace Item" ID="hdl:10255/dryad.52746">
<mets:dmdSec GROUPID="group_dmd_0" ID="dmd_1">
<mets:mdWrap MDTYPE="OTHER" OTHERMDTYPE="DIM">
<mets:xmlData>
<dim:dim dspaceType="ITEM">
<dim:field element="contributor" qualifier="author" mdschema="dc">Nespolo, Roberto F</dim:field>
<dim:field element="contributor" qualifier="author" mdschema="dc">Bartheld, José Luis</dim:field>
<dim:field element="contributor" qualifier="author" mdschema="dc">Gonzalez, Avia</dim:field>
<dim:field element="contributor" qualifier="author" mdschema="dc">Bruning, Andrea</dim:field>
<dim:field element="contributor" qualifier="author" mdschema="dc">Roff, Derek A</dim:field>
<dim:field element="contributor" qualifier="author" mdschema="dc">Bacigalupe, Leonardo D</dim:field>
<dim:field element="contributor" qualifier="author" mdschema="dc">Gaitan-Espitia, Juan Diego</dim:field>
<dim:field element="coverage" qualifier="spatial" language="" mdschema="dc">Chile</dim:field>
<dim:field element="coverage" qualifier="spatial" language="" mdschema="dc">South America</dim:field>
<dim:field element="identifier" mdschema="dc">doi:10.5061/dryad.0665j/1</dim:field>
<dim:field element="description" language="" mdschema="dc">Data are arranged in columns: animal (one number for each measured individual), Sire ("male" , or donor), Dam ("female" or receptor), Cage, Localidad (population). Then traits: size (lenght, in mm), mb (mass in grams), Bdehy (dehydration rate, in grams), mb_growth (growth rate; grams/day), log10_smr (standard metabolic rate, logarithm), residual SMR (residuals of standard metabolic rate from linear regression with body mass), Digestivilidad (dry-matter digestibility), Mbegg (mass of the egg), MbHatch (mass of the hatchling individual)</dim:field>
<dim:field element="relation" qualifier="ispartof" mdschema="dc">doi:10.5061/dryad.0665j</dim:field>
<dim:field element="rights" qualifier="uri" mdschema="dc">http://creativecommons.org/publicdomain/zero/1.0/</dim:field>
<dim:field element="subject" confidence="NOVALUE" language="" mdschema="dc">heritability</dim:field>
<dim:field element="subject" confidence="NOVALUE" language="" mdschema="dc">non-additive genetic effects</dim:field>
<dim:field element="subject" confidence="NOVALUE" language="" mdschema="dc">land snails</dim:field>
<dim:field element="subject" confidence="NOVALUE" language="" mdschema="dc">metabolic rate</dim:field>
<dim:field element="subject" confidence="NOVALUE" language="" mdschema="dc">maternal effects.</dim:field>
<dim:field element="title" language="" mdschema="dc">Main data used in the paper, a half-sib pedigree where a number of traits are measured</dim:field>
<dim:field element="type" language="*" mdschema="dc">Dataset</dim:field>
<dim:field element="ScientificName" confidence="NOVALUE" language="" mdschema="dwc">Cornu aspersum</dim:field>
<dim:field element="type" qualifier="embargo" language="" mdschema="dc">untilArticleAppears</dim:field>
<dim:field element="dryad" qualifier="pageviews">0</dim:field>
<dim:field element="dryad" qualifier="downloads">0</dim:field>
</dim:dim>
</mets:xmlData>
</mets:mdWrap>
</mets:dmdSec>
<mets:fileSec/>
<mets:structMap LABEL="DSpace" TYPE="LOGICAL">
<mets:div DMDID="dmd_1" TYPE="DSpace Item"/>
</mets:structMap>
</mets:METS>
