<?xml version="1.0" encoding="UTF-8"?>
<mets:METS xmlns:mets="http://www.loc.gov/METS/" xmlns:xlink="http://www.w3.org/TR/xlink/" xmlns:xsi="http://www.w3.org/2001/XMLSchema-instance" xmlns:dim="http://www.dspace.org/xmlns/dspace/dim" OBJEDIT="/admin/item?itemID=61327" OBJID="/handle/10255/dryad.50832" PROFILE="DSPACE METS SIP Profile 1.0" LABEL="DSpace Item" ID="hdl:10255/dryad.50832">
<mets:dmdSec GROUPID="group_dmd_0" ID="dmd_1">
<mets:mdWrap MDTYPE="OTHER" OTHERMDTYPE="DIM">
<mets:xmlData>
<dim:dim dspaceType="ITEM">
<dim:field element="contributor" qualifier="author" language="" mdschema="dc">McClelland, Erin K.</dim:field>
<dim:field element="contributor" qualifier="author" language="" mdschema="dc">Ming, Tobi J.</dim:field>
<dim:field element="contributor" qualifier="author" language="" mdschema="dc">Tabata, Amy</dim:field>
<dim:field element="contributor" qualifier="author" language="" mdschema="dc">Kaukinen, Karia H.</dim:field>
<dim:field element="contributor" qualifier="author" language="" mdschema="dc">Beacham, Terry D.</dim:field>
<dim:field element="contributor" qualifier="author" language="" mdschema="dc">Withler, Ruth E.</dim:field>
<dim:field element="contributor" qualifier="author" language="" mdschema="dc">Miller, Kristina M.</dim:field>
<dim:field element="coverage" qualifier="spatial" language="" mdschema="dc">British Columbia</dim:field>
<dim:field element="coverage" qualifier="spatial" language="" mdschema="dc">Washington State</dim:field>
<dim:field element="coverage" qualifier="spatial" language="" mdschema="dc">Japan</dim:field>
<dim:field element="coverage" qualifier="spatial" language="" mdschema="dc">Kuril Lake</dim:field>
<dim:field element="date" qualifier="accessioned" language="" mdschema="dc">2013-06-19T15:34:44Z</dim:field>
<dim:field element="date" qualifier="available" mdschema="dc">2013-09-06T15:59:43Z</dim:field>
<dim:field element="date" qualifier="issued" language="" mdschema="dc">2013-06-19</dim:field>
<dim:field element="identifier" language="" mdschema="dc">doi:10.5061/dryad.1c14t/1</dim:field>
<dim:field element="identifier" qualifier="uri" language="" mdschema="dc">http://hdl.handle.net/10255/dryad.50832</dim:field>
<dim:field element="description" language="" mdschema="dc">Excel tables containing the two digit genotypes (as used for Genepop) for MHC UBA, MHC DAB and the neutral microsatellites (Oki1a, Oki1b, Oki6, Oki29, Omy77, One8, Ots2, Ots3, Ots107, and Ots108) used to evaluate population diversity and patterns of selection in sockeye salmon. Tissue samples were collected over multiple years as indicated in each table. ID# corresponds to the population numbers given in Table 1 in the manuscript. The number of individuals sampled in each year is given along with the number of individuals with each genotype.  The two digit allele designations for the published names for each DAB (Miller et al. 2001) and UBA (McClelland et al. 2011) allele are defined below the main table for each locus; published names correspond to those given in Figure 2 and throughout the text. For questions regarding genotype data please contact Dr. Kristi Miller (Kristi.Miller@dfo-mpo.gc.ca).</dim:field>
<dim:field element="relation" qualifier="ispartof" language="" mdschema="dc">doi:10.5061/dryad.1c14t</dim:field>
<dim:field element="rights" qualifier="uri" language="" mdschema="dc">http://creativecommons.org/publicdomain/zero/1.0/</dim:field>
<dim:field element="subject" confidence="NOVALUE" language="" mdschema="dc">Population Genetics - Empirical</dim:field>
<dim:field element="subject" confidence="NOVALUE" language="" mdschema="dc">Ecological Genetics</dim:field>
<dim:field element="subject" confidence="NOVALUE" language="" mdschema="dc">Fish</dim:field>
<dim:field element="subject" confidence="NOVALUE" language="" mdschema="dc">Natural Selection and Contemporary Evolution</dim:field>
<dim:field element="title" language="" mdschema="dc">Genotypes</dim:field>
<dim:field element="type" language="*" mdschema="dc">Dataset</dim:field>
<dim:field element="ScientificName" confidence="NOVALUE" language="" mdschema="dwc">Oncorhynchus nerka</dim:field>
<dim:field element="type" qualifier="embargo" language="" mdschema="dc">untilArticleAppears</dim:field>
<dim:field element="dryad" qualifier="pageviews">13</dim:field>
<dim:field element="dryad" qualifier="downloads">1</dim:field>
</dim:dim>
</mets:xmlData>
</mets:mdWrap>
</mets:dmdSec>
<mets:fileSec>
<mets:fileGrp USE="CONTENT">
<mets:file CHECKSUMTYPE="MD5" GROUPID="group_file_133838" ID="file_133838" MIMETYPE="application/vnd.ms-excel" SIZE="1859072" CHECKSUM="9367994e11ebdd614f46494a68d63b24">
<mets:FLocat LOCTYPE="URL" xlink:title="Genotypes.xls" xlink:label="dataset-file" xlink:type="locator" xlink:href="/bitstream/handle/10255/dryad.50832/Genotypes.xls?sequence=1"/>
</mets:file>
</mets:fileGrp>
</mets:fileSec>
<mets:structMap LABEL="DSpace" TYPE="LOGICAL">
<mets:div DMDID="dmd_1" TYPE="DSpace Item">
<mets:div ID="div_2" TYPE="DSpace Content Bitstream">
<mets:fptr FILEID="file_133838"/>
</mets:div>
</mets:div>
</mets:structMap>
</mets:METS>
