<?xml version="1.0" encoding="UTF-8"?>
<mets:METS xmlns:mets="http://www.loc.gov/METS/" xmlns:xlink="http://www.w3.org/TR/xlink/" xmlns:xsi="http://www.w3.org/2001/XMLSchema-instance" xmlns:dim="http://www.dspace.org/xmlns/dspace/dim" OBJEDIT="/admin/item?itemID=63250" OBJID="/handle/10255/dryad.52126" PROFILE="DSPACE METS SIP Profile 1.0" LABEL="DSpace Item" ID="hdl:10255/dryad.52126">
<mets:dmdSec GROUPID="group_dmd_0" ID="dmd_1">
<mets:mdWrap MDTYPE="OTHER" OTHERMDTYPE="DIM">
<mets:xmlData>
<dim:dim dspaceType="ITEM">
<dim:field element="contributor" qualifier="author" mdschema="dc">Perez-Rodriguez, Anton</dim:field>
<dim:field element="contributor" qualifier="author" mdschema="dc">De la Hera, Ivan</dim:field>
<dim:field element="contributor" qualifier="author" mdschema="dc">Bensch, Staffan</dim:field>
<dim:field element="contributor" qualifier="author" mdschema="dc">Perez-Tris, Javier</dim:field>
<dim:field element="identifier" mdschema="dc">doi:10.5061/dryad.07p43/3</dim:field>
<dim:field element="description" language="" mdschema="dc">NEXUS file including all Haemoproteus cyt b sequences of the parasites conforming the H. parabelopolskyi clade; used to ellaborate the trees in which the reconstruction of the ancestral states of host identity and transmission seasonality were based.</dim:field>
<dim:field element="relation" qualifier="ispartof" mdschema="dc">doi:10.5061/dryad.07p43</dim:field>
<dim:field element="rights" qualifier="uri" mdschema="dc">http://creativecommons.org/publicdomain/zero/1.0/</dim:field>
<dim:field element="subject" confidence="NOVALUE" language="" mdschema="dc">Haemoproteus parabelopolskyi</dim:field>
<dim:field element="subject" confidence="NOVALUE" language="" mdschema="dc">Host switching</dim:field>
<dim:field element="subject" confidence="NOVALUE" language="" mdschema="dc">Parasite transmission</dim:field>
<dim:field element="subject" confidence="NOVALUE" language="" mdschema="dc">Seasonality</dim:field>
<dim:field element="subject" confidence="NOVALUE" language="" mdschema="dc">Sylvia atricapilla</dim:field>
<dim:field element="title" language="" mdschema="dc">Haemoproteus_parabelopolskyi</dim:field>
<dim:field element="type" language="*" mdschema="dc">Dataset</dim:field>
<dim:field element="dryad" qualifier="pageviews">0</dim:field>
<dim:field element="dryad" qualifier="downloads">0</dim:field>
</dim:dim>
</mets:xmlData>
</mets:mdWrap>
</mets:dmdSec>
<mets:fileSec/>
<mets:structMap LABEL="DSpace" TYPE="LOGICAL">
<mets:div DMDID="dmd_1" TYPE="DSpace Item"/>
</mets:structMap>
</mets:METS>
