<?xml version="1.0" encoding="UTF-8"?>
<mets:METS xmlns:mets="http://www.loc.gov/METS/" xmlns:xlink="http://www.w3.org/TR/xlink/" xmlns:xsi="http://www.w3.org/2001/XMLSchema-instance" xmlns:dim="http://www.dspace.org/xmlns/dspace/dim" OBJEDIT="/admin/item?itemID=63833" OBJID="/handle/10255/dryad.52509" PROFILE="DSPACE METS SIP Profile 1.0" LABEL="DSpace Item" ID="hdl:10255/dryad.52509">
<mets:dmdSec GROUPID="group_dmd_0" ID="dmd_1">
<mets:mdWrap MDTYPE="OTHER" OTHERMDTYPE="DIM">
<mets:xmlData>
<dim:dim dspaceType="ITEM">
<dim:field element="contributor" qualifier="author" mdschema="dc">Silvestro, Daniele</dim:field>
<dim:field element="contributor" qualifier="author" mdschema="dc">Zizka, Georg</dim:field>
<dim:field element="contributor" qualifier="author" mdschema="dc">Schulte, Katharina</dim:field>
<dim:field element="coverage" qualifier="spatial" language="" mdschema="dc">Neotropics</dim:field>
<dim:field element="coverage" qualifier="temporal" language="" mdschema="dc">Neogene</dim:field>
<dim:field element="date" qualifier="accessioned" mdschema="dc">2013-08-01T14:12:21Z</dim:field>
<dim:field element="date" qualifier="available" mdschema="dc">2013-08-14T15:42:18Z</dim:field>
<dim:field element="date" qualifier="issued" mdschema="dc">2013-08-01</dim:field>
<dim:field element="identifier" mdschema="dc">doi:10.5061/dryad.0dm16/2</dim:field>
<dim:field element="identifier" qualifier="uri" mdschema="dc">http://hdl.handle.net/10255/dryad.52509</dim:field>
<dim:field element="description" language="" mdschema="dc">Random sample of 100 trees from the BEAST relaxed clock analyses (log-normal rates, Yule prior)</dim:field>
<dim:field element="relation" qualifier="ispartof" mdschema="dc">doi:10.5061/dryad.0dm16</dim:field>
<dim:field element="rights" qualifier="uri" mdschema="dc">http://creativecommons.org/publicdomain/zero/1.0/</dim:field>
<dim:field element="subject" confidence="NOVALUE" language="" mdschema="dc">Macroevolution</dim:field>
<dim:field element="subject" confidence="NOVALUE" language="" mdschema="dc">Key Innovation</dim:field>
<dim:field element="subject" confidence="NOVALUE" language="" mdschema="dc">speciation extinction rates</dim:field>
<dim:field element="subject" confidence="NOVALUE" language="" mdschema="dc">BiSSE</dim:field>
<dim:field element="title" language="" mdschema="dc">Bromelioideae 100 BEAST trees</dim:field>
<dim:field element="type" language="*" mdschema="dc">Dataset</dim:field>
<dim:field element="ScientificName" confidence="NOVALUE" language="" mdschema="dwc">Bromeliaceae</dim:field>
<dim:field element="ScientificName" confidence="NOVALUE" language="" mdschema="dwc">Bromelioideae</dim:field>
<dim:field element="type" qualifier="embargo" language="" mdschema="dc">untilArticleAppears</dim:field>
<dim:field element="dryad" qualifier="pageviews">2</dim:field>
<dim:field element="dryad" qualifier="downloads">1</dim:field>
</dim:dim>
</mets:xmlData>
</mets:mdWrap>
</mets:dmdSec>
<mets:fileSec>
<mets:fileGrp USE="CONTENT">
<mets:file CHECKSUMTYPE="MD5" GROUPID="group_file_135469" ID="file_135469" MIMETYPE="application/octet-stream" SIZE="350881" CHECKSUM="77b56f6829f8921fa9bab50983410946">
<mets:FLocat LOCTYPE="URL" xlink:title="Bromelioideae_BEAST.tree" xlink:label="dataset-file" xlink:type="locator" xlink:href="/bitstream/handle/10255/dryad.52509/Bromelioideae_BEAST.tree?sequence=1"/>
</mets:file>
</mets:fileGrp>
</mets:fileSec>
<mets:structMap LABEL="DSpace" TYPE="LOGICAL">
<mets:div DMDID="dmd_1" TYPE="DSpace Item">
<mets:div ID="div_2" TYPE="DSpace Content Bitstream">
<mets:fptr FILEID="file_135469"/>
</mets:div>
</mets:div>
</mets:structMap>
</mets:METS>
