<?xml version="1.0" encoding="UTF-8"?>
<mets:METS xmlns:mets="http://www.loc.gov/METS/" xmlns:xlink="http://www.w3.org/TR/xlink/" xmlns:xsi="http://www.w3.org/2001/XMLSchema-instance" xmlns:dim="http://www.dspace.org/xmlns/dspace/dim" OBJEDIT="/admin/item?itemID=1728" OBJID="/handle/10255/dryad.1514" PROFILE="DSPACE METS SIP Profile 1.0" LABEL="DSpace Item" ID="hdl:10255/dryad.1514">
<mets:dmdSec GROUPID="group_dmd_0" ID="dmd_1">
<mets:mdWrap MDTYPE="OTHER" OTHERMDTYPE="DIM">
<mets:xmlData>
<dim:dim dspaceType="ITEM">
<dim:field element="contributor" qualifier="author" language="en" mdschema="dc">Gonçalves da Silva, Anders</dim:field>
<dim:field element="contributor" qualifier="author" language="en" mdschema="dc">Lalonde, Danielle</dim:field>
<dim:field element="contributor" qualifier="author" language="en" mdschema="dc">Quse, Viviana</dim:field>
<dim:field element="contributor" qualifier="author" language="en" mdschema="dc">Shoemaker, Alan</dim:field>
<dim:field element="contributor" qualifier="author" language="en" mdschema="dc">Russello, Michael</dim:field>
<dim:field element="coverage" qualifier="spatial" language="en" mdschema="dc">Argentina</dim:field>
<dim:field element="coverage" qualifier="spatial" language="en" mdschema="dc">South America</dim:field>
<dim:field element="date" qualifier="accessioned" language="" mdschema="dc">2010-05-01T05:46:26Z</dim:field>
<dim:field element="date" qualifier="available" language="" mdschema="dc">2010-05-01T05:46:26Z</dim:field>
<dim:field element="date" qualifier="issued" language="" mdschema="dc">2010-05-01</dim:field>
<dim:field element="identifier" mdschema="dc">doi:10.5061/dryad.1513/1</dim:field>
<dim:field element="identifier" qualifier="uri" language="" mdschema="dc">http://hdl.handle.net/10255/dryad.1514</dim:field>
<dim:field element="description" language="en" mdschema="dc">Length, in base-pairs, of alleles at 13 microsatellite loci in 41 individuals of captive lowland tapirs. Missing data coded as -9. Data collected with funds from the Copenhagen Zoo, Martha Pipper Research Award, and Canadian Foundation for Innovation.</dim:field>
<dim:field element="relation" qualifier="ispartof" language="en" mdschema="dc">doi:10.5061/dryad.1513</dim:field>
<dim:field element="rights" qualifier="uri" language="en" mdschema="dc">http://creativecommons.org/publicdomain/zero/1.0/</dim:field>
<dim:field element="subject" language="en" mdschema="dc">genetic variation</dim:field>
<dim:field element="subject" language="en" mdschema="dc">mean kinship</dim:field>
<dim:field element="subject" language="en" mdschema="dc">pedigree</dim:field>
<dim:field element="subject" language="en" mdschema="dc">Tapirus</dim:field>
<dim:field element="subject" language="en" mdschema="dc">zoos</dim:field>
<dim:field element="title" language="en" mdschema="dc">Microsatellite genotypes of captive lowland tapirs in Argentina</dim:field>
<dim:field element="type" language="en" mdschema="dc">Dataset</dim:field>
<dim:field element="ScientificName" language="en" mdschema="dwc">Tapirus terrestris</dim:field>
<dim:field element="dryad" qualifier="pageviews">148</dim:field>
<dim:field element="dryad" qualifier="downloads">82</dim:field>
</dim:dim>
</mets:xmlData>
</mets:mdWrap>
</mets:dmdSec>
<mets:fileSec>
<mets:fileGrp USE="CONTENT">
<mets:file CHECKSUMTYPE="MD5" GROUPID="group_file_1121" ID="file_1121" MIMETYPE="application/vnd.ms-excel" SIZE="25600" CHECKSUM="693f28e92b98acd17a4eab27ee8d3524">
<mets:FLocat LOCTYPE="URL" xlink:title="ArgTapirs_genotypes_Final March10.xls" xlink:type="locator" xlink:href="/bitstream/handle/10255/dryad.1514/ArgTapirs_genotypes_Final%20March10.xls?sequence=1"/>
</mets:file>
</mets:fileGrp>
</mets:fileSec>
<mets:structMap LABEL="DSpace" TYPE="LOGICAL">
<mets:div DMDID="dmd_1" TYPE="DSpace Item">
<mets:div ID="div_2" TYPE="DSpace Content Bitstream">
<mets:fptr FILEID="file_1121"/>
</mets:div>
</mets:div>
</mets:structMap>
</mets:METS>
