<?xml version="1.0" encoding="UTF-8"?>
<mets:METS xmlns:mets="http://www.loc.gov/METS/" xmlns:xlink="http://www.w3.org/TR/xlink/" xmlns:xsi="http://www.w3.org/2001/XMLSchema-instance" xmlns:dim="http://www.dspace.org/xmlns/dspace/dim" OBJEDIT="/admin/item?itemID=1544" OBJID="/handle/10255/dryad.1352" PROFILE="DSPACE METS SIP Profile 1.0" LABEL="DSpace Item" ID="hdl:10255/dryad.1352">
<mets:dmdSec GROUPID="group_dmd_0" ID="dmd_1">
<mets:mdWrap MDTYPE="OTHER" OTHERMDTYPE="DIM">
<mets:xmlData>
<dim:dim dspaceType="ITEM">
<dim:field element="contributor" qualifier="author" language="en" mdschema="dc">Matschiner, Michael</dim:field>
<dim:field element="contributor" qualifier="author" language="en" mdschema="dc">Hanel, Reinhold</dim:field>
<dim:field element="contributor" qualifier="author" language="en" mdschema="dc">Salzburger, Walter</dim:field>
<dim:field element="coverage" qualifier="spatial" language="en" mdschema="dc">Scotia Sea</dim:field>
<dim:field element="coverage" qualifier="spatial" language="en" mdschema="dc">South Georgia</dim:field>
<dim:field element="coverage" qualifier="spatial" language="en" mdschema="dc">South Sandwich Islands</dim:field>
<dim:field element="coverage" qualifier="spatial" language="en" mdschema="dc">Elephant Island</dim:field>
<dim:field element="coverage" qualifier="spatial" language="en" mdschema="dc">King George Island</dim:field>
<dim:field element="coverage" qualifier="spatial" language="en" mdschema="dc">Joinville Island</dim:field>
<dim:field element="coverage" qualifier="spatial" language="en" mdschema="dc">Antarctic Peninsula</dim:field>
<dim:field element="coverage" qualifier="spatial" language="en" mdschema="dc">Antarctica</dim:field>
<dim:field element="coverage" qualifier="spatial" language="en" mdschema="dc">South Shetland Islands</dim:field>
<dim:field element="coverage" qualifier="temporal" language="en" mdschema="dc">Pleistocene</dim:field>
<dim:field element="coverage" qualifier="temporal" language="en" mdschema="dc">Holocene</dim:field>
<dim:field element="date" qualifier="accessioned" mdschema="dc">2010-03-12T14:54:18Z</dim:field>
<dim:field element="date" qualifier="available" mdschema="dc">2010-03-12T14:54:18Z</dim:field>
<dim:field element="date" qualifier="issued" mdschema="dc">2010-03-12T14:54:18Z</dim:field>
<dim:field element="identifier" mdschema="dc">doi:10.5061/dryad.1351/1</dim:field>
<dim:field element="identifier" qualifier="uri" mdschema="dc">http://hdl.handle.net/10255/dryad.1352</dim:field>
<dim:field element="description" language="en" mdschema="dc">Data for 9 microsatellite loci for 165 Gobionotothen gibberifrons specimens from six sampling locations (Elephant Island, King George Island, Joinville Island a&amp;b, South Georgia, South Sandwich Islands). The file is in MSA format (MSA=Microsatellite Analyzer: http://i122server.vu-wien.ac.at/MSA/MSA_download.html). Raw microsatellite data was transformed using a beta version of the software tandem (http://evolution.unibas.ch/salzburger/software/tandem.htm).</dim:field>
<dim:field element="relation" qualifier="ispartof" language="en" mdschema="dc">doi:10.5061/dryad.1351</dim:field>
<dim:field element="rights" qualifier="uri" language="en" mdschema="dc">http://creativecommons.org/publicdomain/zero/1.0/</dim:field>
<dim:field element="subject" language="en" mdschema="dc">adaptive radiation</dim:field>
<dim:field element="subject" language="en" mdschema="dc">population genetics</dim:field>
<dim:field element="subject" language="en" mdschema="dc">isolation-with-migration model</dim:field>
<dim:field element="subject" language="en" mdschema="dc">microsatellites</dim:field>
<dim:field element="title" language="en" mdschema="dc">Microsatellite data for Gobionotothen gibberifrons</dim:field>
<dim:field element="type" language="en" mdschema="dc">Dataset</dim:field>
<dim:field element="ScientificName" language="en" mdschema="dwc">Notothenioidei</dim:field>
<dim:field element="ScientificName" language="en" mdschema="dwc">Gobionotothen gibberifrons</dim:field>
<dim:field element="status" language="" mdschema="dryad">scanned</dim:field>
<dim:field element="dryad" qualifier="pageviews">228</dim:field>
<dim:field element="dryad" qualifier="downloads">67</dim:field>
</dim:dim>
</mets:xmlData>
</mets:mdWrap>
</mets:dmdSec>
<mets:fileSec>
<mets:fileGrp USE="CONTENT">
<mets:file CHECKSUMTYPE="MD5" GROUPID="group_file_1045" ID="file_1045" MIMETYPE="text/plain" SIZE="14646" CHECKSUM="07128457499eb8524c87b31097083535">
<mets:FLocat LOCTYPE="URL" xlink:title="Gobgib_microsatellites.txt" xlink:type="locator" xlink:href="/bitstream/handle/10255/dryad.1352/Gobgib_microsatellites.txt?sequence=1"/>
</mets:file>
</mets:fileGrp>
<mets:fileGrp USE="TEXT">
<mets:file CHECKSUMTYPE="MD5" GROUPID="group_file_1045" ID="file_1480" MIMETYPE="text/plain" SIZE="14422" CHECKSUM="b0f7e902497058a34d8046e491854af4">
<mets:FLocat LOCTYPE="URL" xlink:title="Gobgib_microsatellites.txt.txt" xlink:label="Extracted text" xlink:type="locator" xlink:href="/bitstream/handle/10255/dryad.1352/Gobgib_microsatellites.txt.txt?sequence=2"/>
</mets:file>
</mets:fileGrp>
</mets:fileSec>
<mets:structMap LABEL="DSpace" TYPE="LOGICAL">
<mets:div DMDID="dmd_1" TYPE="DSpace Item">
<mets:div ID="div_2" TYPE="DSpace Content Bitstream">
<mets:fptr FILEID="file_1045"/>
</mets:div>
</mets:div>
</mets:structMap>
</mets:METS>
