<?xml version="1.0" encoding="UTF-8"?>
<mets:METS xmlns:mets="http://www.loc.gov/METS/" xmlns:xlink="http://www.w3.org/TR/xlink/" xmlns:xsi="http://www.w3.org/2001/XMLSchema-instance" xmlns:dim="http://www.dspace.org/xmlns/dspace/dim" OBJEDIT="/admin/item?itemID=114" OBJID="/handle/10255/dryad.107" PROFILE="DSPACE METS SIP Profile 1.0" LABEL="DSpace Item" ID="hdl:10255/dryad.107">
<mets:dmdSec GROUPID="group_dmd_0" ID="dmd_1">
<mets:mdWrap MDTYPE="OTHER" OTHERMDTYPE="DIM">
<mets:xmlData>
<dim:dim dspaceType="ITEM">
<dim:field element="contributor" qualifier="author" language="" mdschema="dc">Chombard, Catherine</dim:field>
<dim:field element="contributor" qualifier="author" language="" mdschema="dc">Boury-Esnault, Nicole</dim:field>
<dim:field element="contributor" qualifier="author" language="" mdschema="dc">Tillier, Simon</dim:field>
<dim:field element="date" qualifier="accessioned" language="" mdschema="dc">2008-03-21T14:09:11Z</dim:field>
<dim:field element="date" qualifier="available" language="" mdschema="dc">2008-03-21T14:09:11Z</dim:field>
<dim:field element="date" qualifier="issued" language="" mdschema="dc">1998-09-01</dim:field>
<dim:field element="identifier" mdschema="dc">doi:10.5061/dryad.106/1</dim:field>
<dim:field element="identifier" qualifier="uri" language="" mdschema="dc">http://hdl.handle.net/10255/dryad.107</dim:field>
<dim:field element="publisher" language="en_US" mdschema="dc">Taylor &amp; Francis</dim:field>
<dim:field element="relation" qualifier="ispartof" language="" mdschema="dc">doi:10.5061/dryad.106</dim:field>
<dim:field element="rights" qualifier="uri" language="" mdschema="dc">http://creativecommons.org/publicdomain/zero/1.0/</dim:field>
<dim:field element="subject" language="" mdschema="dc">phylogeny</dim:field>
<dim:field element="subject" language="" mdschema="dc">ribosomal DNA</dim:field>
<dim:field element="subject" language="" mdschema="dc">molecular systematics</dim:field>
<dim:field element="subject" language="" mdschema="dc">skeleton</dim:field>
<dim:field element="subject" language="" mdschema="dc">homology</dim:field>
<dim:field element="subject" language="" mdschema="dc">spicule</dim:field>
<dim:field element="title" language="en_US" mdschema="dc">Chombard et al Data Matrix</dim:field>
<dim:field element="type" language="en_US" mdschema="dc">Dataset</dim:field>
<dim:field element="ScientificName" language="" mdschema="dwc">Tetractinellida</dim:field>
<dim:field element="ScientificName" language="" mdschema="dwc">Demospongiae</dim:field>
<dim:field element="ScientificName" language="" mdschema="dwc">Astrophorida</dim:field>
<dim:field element="status" language="" mdschema="dryad">scanned</dim:field>
<dim:field element="dryad" qualifier="pageviews">163</dim:field>
<dim:field element="dryad" qualifier="downloads">76</dim:field>
</dim:dim>
</mets:xmlData>
</mets:mdWrap>
</mets:dmdSec>
<mets:fileSec>
<mets:fileGrp USE="CONTENT">
<mets:file CHECKSUMTYPE="MD5" GROUPID="group_file_211" ID="file_211" MIMETYPE="text/plain" SIZE="22274" CHECKSUM="f0f7b7dd090540313da908395d747834">
<mets:FLocat LOCTYPE="URL" xlink:title="9HNEXUS.txt" xlink:type="locator" xlink:href="/bitstream/handle/10255/dryad.107/9HNEXUS.txt?sequence=1"/>
</mets:file>
</mets:fileGrp>
<mets:fileGrp USE="TEXT">
<mets:file CHECKSUMTYPE="MD5" GROUPID="group_file_211" ID="file_1208" MIMETYPE="text/plain" SIZE="22220" CHECKSUM="b9eff286caa1f70a7ce8f7bf9d4f3a42">
<mets:FLocat LOCTYPE="URL" xlink:title="9HNEXUS.txt.txt" xlink:label="Extracted text" xlink:type="locator" xlink:href="/bitstream/handle/10255/dryad.107/9HNEXUS.txt.txt?sequence=2"/>
</mets:file>
</mets:fileGrp>
</mets:fileSec>
<mets:structMap LABEL="DSpace" TYPE="LOGICAL">
<mets:div DMDID="dmd_1" TYPE="DSpace Item">
<mets:div ID="div_2" TYPE="DSpace Content Bitstream">
<mets:fptr FILEID="file_211"/>
</mets:div>
</mets:div>
</mets:structMap>
</mets:METS>
