<?xml version="1.0" encoding="UTF-8"?>
<mets:METS xmlns:mets="http://www.loc.gov/METS/" xmlns:xlink="http://www.w3.org/TR/xlink/" xmlns:xsi="http://www.w3.org/2001/XMLSchema-instance" xmlns:dim="http://www.dspace.org/xmlns/dspace/dim" OBJEDIT="/admin/item?itemID=183" OBJID="/handle/10255/dryad.167" PROFILE="DSPACE METS SIP Profile 1.0" LABEL="DSpace Item" ID="hdl:10255/dryad.167">
<mets:dmdSec GROUPID="group_dmd_0" ID="dmd_1">
<mets:mdWrap MDTYPE="OTHER" OTHERMDTYPE="DIM">
<mets:xmlData>
<dim:dim dspaceType="ITEM">
<dim:field element="contributor" qualifier="author" language="" mdschema="dc">Kingsolver, Joel G.</dim:field>
<dim:field element="contributor" qualifier="author" language="" mdschema="dc">Hoekstra, Hopi E.</dim:field>
<dim:field element="contributor" qualifier="author" language="" mdschema="dc">Hoekstra, Jon M.</dim:field>
<dim:field element="contributor" qualifier="author" language="" mdschema="dc">Berrigan, David</dim:field>
<dim:field element="contributor" qualifier="author" language="" mdschema="dc">Vignieri, Sacha N.</dim:field>
<dim:field element="contributor" qualifier="author" language="" mdschema="dc">Hill, Chris E.</dim:field>
<dim:field element="contributor" qualifier="author" language="" mdschema="dc">Hoang, Anhthu</dim:field>
<dim:field element="contributor" qualifier="author" language="" mdschema="dc">Gibert, Patricia</dim:field>
<dim:field element="contributor" qualifier="author" language="" mdschema="dc">Beerli, Peter</dim:field>
<dim:field element="date" qualifier="accessioned" language="" mdschema="dc">2008-07-30T15:04:01Z</dim:field>
<dim:field element="date" qualifier="available" language="" mdschema="dc">2008-07-30T15:04:01Z</dim:field>
<dim:field element="date" qualifier="issued" language="" mdschema="dc">2001</dim:field>
<dim:field element="identifier" mdschema="dc">doi:10.5061/dryad.166/1</dim:field>
<dim:field element="identifier" qualifier="uri" language="" mdschema="dc">http://hdl.handle.net/10255/dryad.167</dim:field>
<dim:field element="description" language="en_US" mdschema="dc">The excel file has both the data, and a worksheet explaining each of the columns/fields.&#13;
&#13;
We would appreciate it if you would bring to our attention any errors or ambiguities that you find in the database (no doubt there are some).   We will periodically update the database as needed. &#13;
&#13;
 &#13;
&#13;
In addition, we are very interested in new insights you may have about selection from your own analyses of this database and relate sources.  We’d appreciate it if you would tell us what you are finding, or papers that have resulted from it.&#13;
&#13;
 &#13;
&#13;
Any questions or comments may be directed to:&#13;
&#13;
 &#13;
&#13;
Joel Kingsolver,&#13;
Department of Biology, CB-3280,&#13;
University of North Carolina,&#13;
Chapel Hill, NC 27599-3280,&#13;
919 843-6291 (phone)&#13;
919 962-1625 (fax)&#13;
jgking@bio.unc.edu</dim:field>
<dim:field element="relation" qualifier="ispartof" language="" mdschema="dc">doi:10.5061/dryad.166</dim:field>
<dim:field element="rights" qualifier="uri" language="" mdschema="dc">http://creativecommons.org/publicdomain/zero/1.0/</dim:field>
<dim:field element="subject" language="" mdschema="dc">microevolution</dim:field>
<dim:field element="subject" language="" mdschema="dc">natural populations</dim:field>
<dim:field element="subject" language="" mdschema="dc">natural selection</dim:field>
<dim:field element="subject" language="" mdschema="dc">phenotypic selection</dim:field>
<dim:field element="subject" language="" mdschema="dc">sexual selection</dim:field>
<dim:field element="title" language="en_US" mdschema="dc">Selection Database</dim:field>
<dim:field element="type" language="en_US" mdschema="dc">Dataset</dim:field>
<dim:field element="status" language="" mdschema="dryad">scanned</dim:field>
<dim:field element="dryad" qualifier="pageviews">979</dim:field>
<dim:field element="dryad" qualifier="downloads">536</dim:field>
</dim:dim>
</mets:xmlData>
</mets:mdWrap>
</mets:dmdSec>
<mets:fileSec>
<mets:fileGrp USE="CONTENT">
<mets:file CHECKSUMTYPE="MD5" GROUPID="group_file_339" ID="file_339" MIMETYPE="application/vnd.ms-excel" SIZE="776704" CHECKSUM="6f2a06541909f8e75272a12b4bcfddf0">
<mets:FLocat LOCTYPE="URL" xlink:title="Kingsolveretal.SelnDatabase.norepdur.3.2001.xls" xlink:type="locator" xlink:href="/bitstream/handle/10255/dryad.167/Kingsolveretal.SelnDatabase.norepdur.3.2001.xls?sequence=1"/>
</mets:file>
</mets:fileGrp>
</mets:fileSec>
<mets:structMap LABEL="DSpace" TYPE="LOGICAL">
<mets:div DMDID="dmd_1" TYPE="DSpace Item">
<mets:div ID="div_2" TYPE="DSpace Content Bitstream">
<mets:fptr FILEID="file_339"/>
</mets:div>
</mets:div>
</mets:structMap>
</mets:METS>
