<?xml version="1.0" encoding="UTF-8"?>
<mets:METS xmlns:mets="http://www.loc.gov/METS/" xmlns:xlink="http://www.w3.org/TR/xlink/" xmlns:xsi="http://www.w3.org/2001/XMLSchema-instance" xmlns:dim="http://www.dspace.org/xmlns/dspace/dim" OBJEDIT="/admin/item?itemID=8531" OBJID="/handle/10255/dryad.7950" PROFILE="DSPACE METS SIP Profile 1.0" LABEL="DSpace Item" ID="hdl:10255/dryad.7950">
<mets:dmdSec GROUPID="group_dmd_0" ID="dmd_1">
<mets:mdWrap MDTYPE="OTHER" OTHERMDTYPE="DIM">
<mets:xmlData>
<dim:dim dspaceType="ITEM">
<dim:field element="contributor" language="" mdschema="dc">Karimi, Roxanne</dim:field>
<dim:field element="contributor" language="" mdschema="dc">Fisher, Nicholas S</dim:field>
<dim:field element="contributor" language="" mdschema="dc">Folt, Carol L</dim:field>
<dim:field element="date" qualifier="accessioned" mdschema="dc">2010-11-09T21:15:01Z</dim:field>
<dim:field element="date" qualifier="available" mdschema="dc">2010-11-09T21:15:01Z</dim:field>
<dim:field element="date" qualifier="issued" mdschema="dc">2010-11-09</dim:field>
<dim:field element="identifier" mdschema="dc">doi:10.5061/dryad.1858/2</dim:field>
<dim:field element="identifier" qualifier="uri" mdschema="dc">http://hdl.handle.net/10255/dryad.7950</dim:field>
<dim:field element="description" language="" mdschema="dc">Tables summarizing bioenergetic rates and element kinetics reported in published studies for select aquatic invertebrate taxa: Daphnia, marine copepods and mytilid mussels. Values include growth rates, ingestion rates, element assimilation efficiencies and element efflux rates.</dim:field>
<dim:field element="relation" qualifier="ispartof" language="" mdschema="dc">doi:10.5061/dryad.1858</dim:field>
<dim:field element="rights" qualifier="uri" language="" mdschema="dc">http://creativecommons.org/publicdomain/zero/1.0/</dim:field>
<dim:field element="subject" language="" mdschema="dc">Stoichiometry</dim:field>
<dim:field element="subject" language="" mdschema="dc">marine</dim:field>
<dim:field element="subject" language="" mdschema="dc">heavy metals</dim:field>
<dim:field element="subject" language="" mdschema="dc">bioenergetics</dim:field>
<dim:field element="title" language="en" mdschema="dc">DryadDataKarimietal2010 corrected</dim:field>
<dim:field element="ScientificName" language="" mdschema="dwc">Daphnia</dim:field>
<dim:field element="type" qualifier="embargo" language="en" mdschema="dc">none</dim:field>
<dim:field element="dryad" qualifier="pageviews">163</dim:field>
<dim:field element="dryad" qualifier="downloads">61</dim:field>
</dim:dim>
</mets:xmlData>
</mets:mdWrap>
</mets:dmdSec>
<mets:fileSec>
<mets:fileGrp USE="CONTENT">
<mets:file CHECKSUMTYPE="MD5" GROUPID="group_file_15058" ID="file_15058" MIMETYPE="application/msword" SIZE="647168" CHECKSUM="9220ec347bf993c1a9bbd01760c91532">
<mets:FLocat LOCTYPE="URL" xlink:title="DryadDataKarimietal2010 corrected.doc" xlink:label="dataset-file" xlink:type="locator" xlink:href="/bitstream/handle/10255/dryad.7950/DryadDataKarimietal2010%20corrected.doc?sequence=1"/>
</mets:file>
</mets:fileGrp>
<mets:fileGrp USE="TEXT">
<mets:file CHECKSUMTYPE="MD5" GROUPID="group_file_15058" ID="file_15059" MIMETYPE="text/plain" SIZE="26808" CHECKSUM="5c6aac95e1fc21294efec81fe1e76932">
<mets:FLocat LOCTYPE="URL" xlink:title="DryadDataKarimietal2010 corrected.doc.txt" xlink:label="Extracted text" xlink:type="locator" xlink:href="/bitstream/handle/10255/dryad.7950/DryadDataKarimietal2010%20corrected.doc.txt?sequence=2"/>
</mets:file>
</mets:fileGrp>
</mets:fileSec>
<mets:structMap LABEL="DSpace" TYPE="LOGICAL">
<mets:div DMDID="dmd_1" TYPE="DSpace Item">
<mets:div ID="div_2" TYPE="DSpace Content Bitstream">
<mets:fptr FILEID="file_15058"/>
</mets:div>
</mets:div>
</mets:structMap>
</mets:METS>
