<?xml version="1.0" encoding="UTF-8"?>
<mets:METS xmlns:mets="http://www.loc.gov/METS/" xmlns:xlink="http://www.w3.org/TR/xlink/" xmlns:xsi="http://www.w3.org/2001/XMLSchema-instance" xmlns:dim="http://www.dspace.org/xmlns/dspace/dim" OBJEDIT="/admin/item?itemID=47949" OBJID="/handle/10255/dryad.41913" PROFILE="DSPACE METS SIP Profile 1.0" LABEL="DSpace Item" ID="hdl:10255/dryad.41913">
<mets:dmdSec GROUPID="group_dmd_0" ID="dmd_1">
<mets:mdWrap MDTYPE="OTHER" OTHERMDTYPE="DIM">
<mets:xmlData>
<dim:dim dspaceType="ITEM">
<dim:field element="contributor" qualifier="author" language="" mdschema="dc">Adams, Dean C.</dim:field>
<dim:field element="date" qualifier="accessioned" language="" mdschema="dc">2012-09-19T14:32:27Z</dim:field>
<dim:field element="date" qualifier="available" language="" mdschema="dc">2012-09-19T14:32:27Z</dim:field>
<dim:field element="date" qualifier="issued" language="" mdschema="dc">2012-09-19</dim:field>
<dim:field element="identifier" language="" mdschema="dc">doi:10.5061/dryad.1117q/2</dim:field>
<dim:field element="identifier" qualifier="uri" language="" mdschema="dc">http://hdl.handle.net/10255/dryad.41913</dim:field>
<dim:field element="description" language="" mdschema="dc">Average linear measurements for three traits from each of 44 Plethodon species used in this study.</dim:field>
<dim:field element="relation" qualifier="ispartof" language="" mdschema="dc">doi:10.5061/dryad.1117q</dim:field>
<dim:field element="rights" qualifier="uri" language="" mdschema="dc">http://creativecommons.org/publicdomain/zero/1.0/</dim:field>
<dim:field element="subject" confidence="NOVALUE" language="" mdschema="dc">macroevolution</dim:field>
<dim:field element="subject" confidence="NOVALUE" language="" mdschema="dc">evolutionary rates</dim:field>
<dim:field element="subject" confidence="NOVALUE" language="" mdschema="dc">phylogeny</dim:field>
<dim:field element="subject" confidence="NOVALUE" language="" mdschema="dc">phenotype</dim:field>
<dim:field element="title" language="" mdschema="dc">Adams2012-SystBiolData</dim:field>
<dim:field element="type" language="*" mdschema="dc">Dataset</dim:field>
<dim:field element="dryad" qualifier="pageviews">80</dim:field>
<dim:field element="dryad" qualifier="downloads">37</dim:field>
</dim:dim>
</mets:xmlData>
</mets:mdWrap>
</mets:dmdSec>
<mets:fileSec>
<mets:fileGrp USE="CONTENT">
<mets:file CHECKSUMTYPE="MD5" GROUPID="group_file_124704" ID="file_124704" MIMETYPE="text/csv" SIZE="1744" CHECKSUM="ea9cfe440d51279c43bf775594da0a78">
<mets:FLocat LOCTYPE="URL" xlink:title="Adams2012-SystBiolData.csv" xlink:label="dataset-file" xlink:type="locator" xlink:href="/bitstream/handle/10255/dryad.41913/Adams2012-SystBiolData.csv?sequence=1"/>
</mets:file>
</mets:fileGrp>
</mets:fileSec>
<mets:structMap LABEL="DSpace" TYPE="LOGICAL">
<mets:div DMDID="dmd_1" TYPE="DSpace Item">
<mets:div ID="div_2" TYPE="DSpace Content Bitstream">
<mets:fptr FILEID="file_124704"/>
</mets:div>
</mets:div>
</mets:structMap>
</mets:METS>
