<?xml version="1.0" encoding="UTF-8"?>
<mets:METS xmlns:mets="http://www.loc.gov/METS/" xmlns:xlink="http://www.w3.org/TR/xlink/" xmlns:xsi="http://www.w3.org/2001/XMLSchema-instance" xmlns:dim="http://www.dspace.org/xmlns/dspace/dim" OBJEDIT="/admin/item?itemID=51349" OBJID="/handle/10255/dryad.44144" PROFILE="DSPACE METS SIP Profile 1.0" LABEL="DSpace Item" ID="hdl:10255/dryad.44144">
<mets:dmdSec GROUPID="group_dmd_0" ID="dmd_1">
<mets:mdWrap MDTYPE="OTHER" OTHERMDTYPE="DIM">
<mets:xmlData>
<dim:dim dspaceType="ITEM">
<dim:field element="contributor" qualifier="author" mdschema="dc">Millerón, Matías</dim:field>
<dim:field element="contributor" qualifier="author" mdschema="dc">López de Heredia, Unai</dim:field>
<dim:field element="contributor" qualifier="author" mdschema="dc">Lorenzo, Zaida</dim:field>
<dim:field element="contributor" qualifier="author" mdschema="dc">Alonso, Jesús</dim:field>
<dim:field element="contributor" qualifier="author" mdschema="dc">Dounavi, Aikaterini</dim:field>
<dim:field element="contributor" qualifier="author" mdschema="dc">Gil, Luis</dim:field>
<dim:field element="contributor" qualifier="author" mdschema="dc">Nanos, Nikos</dim:field>
<dim:field element="coverage" qualifier="spatial" language="" mdschema="dc">Hayedo de Montejo</dim:field>
<dim:field element="coverage" qualifier="spatial" language="" mdschema="dc">Madrid</dim:field>
<dim:field element="coverage" qualifier="spatial" language="" mdschema="dc">Spain</dim:field>
<dim:field element="coverage" qualifier="temporal" language="" mdschema="dc">Contemporary</dim:field>
<dim:field element="date" qualifier="accessioned" mdschema="dc">2012-12-13T18:21:55Z</dim:field>
<dim:field element="date" qualifier="available" mdschema="dc">2013-02-05T15:42:46Z</dim:field>
<dim:field element="date" qualifier="issued" mdschema="dc">2012-12-13</dim:field>
<dim:field element="identifier" mdschema="dc">doi:10.5061/dryad.17829/1</dim:field>
<dim:field element="identifier" qualifier="uri" mdschema="dc">http://hdl.handle.net/10255/dryad.44144</dim:field>
<dim:field element="relation" qualifier="ispartof" mdschema="dc">doi:10.5061/dryad.17829</dim:field>
<dim:field element="rights" qualifier="uri" mdschema="dc">http://creativecommons.org/publicdomain/zero/1.0/</dim:field>
<dim:field element="subject" confidence="NOVALUE" language="" mdschema="dc">Bayesian inference</dim:field>
<dim:field element="subject" confidence="NOVALUE" language="" mdschema="dc">inverse modelling</dim:field>
<dim:field element="subject" confidence="NOVALUE" language="" mdschema="dc">Janzen-Connell effect</dim:field>
<dim:field element="subject" confidence="NOVALUE" language="" mdschema="dc">microsatellites</dim:field>
<dim:field element="subject" confidence="NOVALUE" language="" mdschema="dc">parentage analysis</dim:field>
<dim:field element="subject" confidence="NOVALUE" language="" mdschema="dc">secondary dispersal</dim:field>
<dim:field element="title" language="" mdschema="dc">MilleronMEC121049</dim:field>
<dim:field element="type" language="*" mdschema="dc">Dataset</dim:field>
<dim:field element="ScientificName" confidence="NOVALUE" language="" mdschema="dwc">Fagus sylvatica L.</dim:field>
<dim:field element="type" qualifier="embargo" language="" mdschema="dc">untilArticleAppears</dim:field>
<dim:field element="dryad" qualifier="pageviews">49</dim:field>
<dim:field element="dryad" qualifier="downloads">33</dim:field>
</dim:dim>
</mets:xmlData>
</mets:mdWrap>
</mets:dmdSec>
<mets:fileSec>
<mets:fileGrp USE="CONTENT">
<mets:file CHECKSUMTYPE="MD5" GROUPID="group_file_126997" ID="file_126997" MIMETYPE="text/plain" SIZE="81899" CHECKSUM="25741aff35fcc1a1793efe97237ed7c6">
<mets:FLocat LOCTYPE="URL" xlink:title="MilleronMEC121049.txt" xlink:label="dataset-file" xlink:type="locator" xlink:href="/bitstream/handle/10255/dryad.44144/MilleronMEC121049.txt?sequence=1"/>
</mets:file>
<mets:file CHECKSUMTYPE="MD5" GROUPID="group_file_126998" ID="file_126998" MIMETYPE="text/plain" SIZE="458" CHECKSUM="ffd2dbeb44a4b02a3547f454dc9fb6f3">
<mets:FLocat LOCTYPE="URL" xlink:title="README.txt" xlink:label="dc_readme" xlink:type="locator" xlink:href="/bitstream/handle/10255/dryad.44144/README.txt?sequence=2"/>
</mets:file>
</mets:fileGrp>
</mets:fileSec>
<mets:structMap LABEL="DSpace" TYPE="LOGICAL">
<mets:div DMDID="dmd_1" TYPE="DSpace Item">
<mets:div ID="div_2" TYPE="DSpace Content Bitstream">
<mets:fptr FILEID="file_126997"/>
</mets:div>
<mets:div ID="div_3" TYPE="DSpace Content Bitstream">
<mets:fptr FILEID="file_126998"/>
</mets:div>
</mets:div>
</mets:structMap>
</mets:METS>
