<?xml version="1.0" encoding="UTF-8"?>
<mets:METS xmlns:mets="http://www.loc.gov/METS/" xmlns:xlink="http://www.w3.org/TR/xlink/" xmlns:xsi="http://www.w3.org/2001/XMLSchema-instance" xmlns:dim="http://www.dspace.org/xmlns/dspace/dim" OBJEDIT="/admin/item?itemID=19" OBJID="/handle/10255/dryad.19" PROFILE="DSPACE METS SIP Profile 1.0" LABEL="DSpace Item" ID="hdl:10255/dryad.19">
<mets:dmdSec GROUPID="group_dmd_0" ID="dmd_1">
<mets:mdWrap MDTYPE="OTHER" OTHERMDTYPE="DIM">
<mets:xmlData>
<dim:dim dspaceType="ITEM">
<dim:field element="contributor" qualifier="author" language="" mdschema="dc">Hill, Jessica A.</dim:field>
<dim:field element="contributor" qualifier="author" language="" mdschema="dc">Otto, Sarah P.</dim:field>
<dim:field element="date" qualifier="accessioned" language="" mdschema="dc">2007-12-14T22:32:19Z</dim:field>
<dim:field element="date" qualifier="available" language="" mdschema="dc">2007-12-14T22:32:19Z</dim:field>
<dim:field element="date" qualifier="issued" language="" mdschema="dc">2007-12-14T22:32:19Z</dim:field>
<dim:field element="identifier" mdschema="dc">doi:10.5061/dryad.18/3</dim:field>
<dim:field element="identifier" qualifier="uri" language="" mdschema="dc">http://hdl.handle.net/10255/dryad.19</dim:field>
<dim:field element="relation" qualifier="ispartof" language="" mdschema="dc">doi:10.5061/dryad.18</dim:field>
<dim:field element="rights" qualifier="uri" language="" mdschema="dc">http://datadryad.org/bitstream/handle/10255/dryad.19/license.txt?sequence=2</dim:field>
<dim:field element="title" language="en_US" mdschema="dc">Sporulation Rate Data</dim:field>
<dim:field element="type" language="en_US" mdschema="dc">Dataset</dim:field>
<dim:field element="status" language="" mdschema="dryad">scanned</dim:field>
<dim:field element="dryad" qualifier="pageviews">190</dim:field>
<dim:field element="dryad" qualifier="downloads">150</dim:field>
</dim:dim>
</mets:xmlData>
</mets:mdWrap>
</mets:dmdSec>
<mets:fileSec>
<mets:fileGrp USE="CONTENT">
<mets:file CHECKSUMTYPE="MD5" GROUPID="group_file_35" ID="file_35" MIMETYPE="application/vnd.ms-excel" SIZE="174080" CHECKSUM="fa57e1129933d912fff7994784940cbd">
<mets:FLocat LOCTYPE="URL" xlink:title="sporedata.xls" xlink:type="locator" xlink:href="/bitstream/handle/10255/dryad.19/sporedata.xls?sequence=1"/>
</mets:file>
</mets:fileGrp>
<mets:fileGrp USE="LICENSE">
<mets:file CHECKSUMTYPE="MD5" GROUPID="group_file_36" ID="file_36" MIMETYPE="text/plain" SIZE="1038" CHECKSUM="2d67a484ed330036a71c2af0954298e0">
<mets:FLocat LOCTYPE="URL" xlink:title="license.txt" xlink:type="locator" xlink:href="/bitstream/handle/10255/dryad.19/license.txt?sequence=2"/>
</mets:file>
</mets:fileGrp>
</mets:fileSec>
<mets:structMap LABEL="DSpace" TYPE="LOGICAL">
<mets:div DMDID="dmd_1" TYPE="DSpace Item">
<mets:div ID="div_2" TYPE="DSpace Content Bitstream">
<mets:fptr FILEID="file_35"/>
</mets:div>
</mets:div>
</mets:structMap>
</mets:METS>
