<?xml version="1.0" encoding="UTF-8"?>
<mets:METS xmlns:mets="http://www.loc.gov/METS/" xmlns:xlink="http://www.w3.org/TR/xlink/" xmlns:xsi="http://www.w3.org/2001/XMLSchema-instance" xmlns:dim="http://www.dspace.org/xmlns/dspace/dim" OBJEDIT="/admin/item?itemID=50189" OBJID="/handle/10255/dryad.43430" PROFILE="DSPACE METS SIP Profile 1.0" LABEL="DSpace Item" ID="hdl:10255/dryad.43430">
<mets:dmdSec GROUPID="group_dmd_0" ID="dmd_1">
<mets:mdWrap MDTYPE="OTHER" OTHERMDTYPE="DIM">
<mets:xmlData>
<dim:dim dspaceType="ITEM">
<dim:field element="contributor" qualifier="author" mdschema="dc">Pravosudov, Vladimir</dim:field>
<dim:field element="contributor" qualifier="author" mdschema="dc">Roth II, Timothy</dim:field>
<dim:field element="contributor" qualifier="author" mdschema="dc">Forister, Matthew</dim:field>
<dim:field element="contributor" qualifier="author" mdschema="dc">LaDage, Lara</dim:field>
<dim:field element="contributor" qualifier="author" mdschema="dc">Kramer, Robin</dim:field>
<dim:field element="contributor" qualifier="author" mdschema="dc">Schilkey, Faye</dim:field>
<dim:field element="contributor" qualifier="author" mdschema="dc">van der Linden, Alexander</dim:field>
<dim:field element="coverage" qualifier="spatial" language="" mdschema="dc">Anchorage AK</dim:field>
<dim:field element="coverage" qualifier="spatial" language="" mdschema="dc">Manhattan KS</dim:field>
<dim:field element="identifier" mdschema="dc">doi:10.5061/dryad.05962</dim:field>
<dim:field element="description" language="" mdschema="dc">There is significant and often heritable variation in cognition and its underlying neural mechanisms, yet specific genetic contributions to such variation are not well characterized. Black-capped chickadees present a good model to investigate the genetic basis of cognition because they exhibit tremendous climate-related variation in memory, hippocampal morphology and neurogenesis rates throughout the North American continent and these cognitive traits appear to have a heritable basis. We examined the hippocampal transcriptome profiles of laboratory-reared chickadees from the two most divergent populations to test whether differential gene expression in the hippocampus is associated with population differences in spatial memory, hippocampal morphology and adult hippocampal neurogenesis rates. Using high-resolution mRNA sequencing coupled to a de novo transcriptome assembly, we generated 23,295 consensus sequences, which predicted 16,206 protein sequences with 13,982 showing high similarity to known protein sequences or conserved hypothetical proteins in other species. Of these, we have identified differential expression in nearly 380 genes, with 47 genes specifically linked to neurogenesis, apoptosis, synaptic function, and learning and memory processes. At the same time, many of the differentially expressed genes appear to be associated with other functions that may also be different between these populations. Our study presents the first avian hippocampal transcriptome and it is the first study identifying differential gene expression associated with natural variation in cognition and the hippocampus. Our study provides additional support to the hypothesis that population differences in memory, hippocampal morphology and neurogenesis in chickadees likely resulted from natural selection that appears to be acting on memory and its underlying neural mechanisms via affecting expression of multiple and potentially interacting genes, as the differences were detected in a common garden environment.</dim:field>
<dim:field element="subject" confidence="NOVALUE" language="" mdschema="dc">Birds</dim:field>
<dim:field element="subject" confidence="NOVALUE" language="" mdschema="dc">Transcriptomics</dim:field>
<dim:field element="subject" confidence="ACCEPTED" language="" mdschema="dc">genetics</dim:field>
<dim:field element="subject" confidence="NOVALUE" language="" mdschema="dc">gene expression</dim:field>
<dim:field element="subject" confidence="NOVALUE" language="" mdschema="dc">memory</dim:field>
<dim:field element="subject" confidence="NOVALUE" language="" mdschema="dc">hippocampus</dim:field>
<dim:field element="subject" confidence="NOVALUE" language="" mdschema="dc">food caching</dim:field>
<dim:field element="subject" confidence="NOVALUE" language="" mdschema="dc">chickadee</dim:field>
<dim:field element="subject" confidence="NOVALUE" language="" mdschema="dc">adaptation</dim:field>
<dim:field element="title" language="" mdschema="dc">Data from: Differential Hippocampal Gene Expression Is Associated with Climate-Related Natural Variation in Memory and the Hippocampus in Food-Caching Chickadees</dim:field>
<dim:field element="type" language="*" mdschema="dc">Article</dim:field>
<dim:field element="ScientificName" confidence="ACCEPTED" language="" mdschema="dwc">Poecile atricapillus</dim:field>
<dim:field element="contributor" qualifier="correspondingAuthor" language="" mdschema="dc">Pravosudov, Vladimir</dim:field>
<dim:field element="identifier" qualifier="manuscriptNumber" mdschema="dc">MolEcol-26995808MEC-12-1040</dim:field>
<dim:field authority="5887559c0a7b622c131571cc63914a42" element="publicationName" confidence="UNCERTAIN" language="" mdschema="prism">Molecular Ecology</dim:field>
<dim:field element="archive" qualifier="mailUsers" mdschema="workflow">editorial.office@molecol.com</dim:field>
<dim:field element="archive" qualifier="mailUsers" mdschema="workflow">admin@datadryad.org</dim:field>
<dim:field element="archive" qualifier="mailUsers" mdschema="workflow">curator@datadryad.org</dim:field>
<dim:field element="submit" qualifier="skipReviewStage" mdschema="workflow">false</dim:field>
<dim:field element="workflow" qualifier="submitted" mdschema="internal">true</dim:field>
<dim:field element="review" qualifier="mailUsers" mdschema="workflow">editorial.office@molecol.com</dim:field>
<dim:field element="review" qualifier="mailUsers" mdschema="workflow">managing.editor@molecol.com</dim:field>
<dim:field element="review" qualifier="mailUsers" mdschema="workflow">admin@datadryad.org</dim:field>
<dim:field element="review" qualifier="mailUsers" mdschema="workflow">curator@datadryad.org</dim:field>
</dim:dim>
</mets:xmlData>
</mets:mdWrap>
</mets:dmdSec>
<mets:fileSec/>
<mets:structMap LABEL="DSpace" TYPE="LOGICAL">
<mets:div DMDID="dmd_1" TYPE="DSpace Item"/>
</mets:structMap>
</mets:METS>
