<?xml version="1.0" encoding="UTF-8"?>
<mets:METS xmlns:mets="http://www.loc.gov/METS/" xmlns:xlink="http://www.w3.org/TR/xlink/" xmlns:xsi="http://www.w3.org/2001/XMLSchema-instance" xmlns:dim="http://www.dspace.org/xmlns/dspace/dim" OBJEDIT="/admin/item?itemID=2295" OBJID="/handle/10255/dryad.1982" PROFILE="DSPACE METS SIP Profile 1.0" LABEL="DSpace Item" ID="hdl:10255/dryad.1982">
<mets:dmdSec GROUPID="group_dmd_0" ID="dmd_1">
<mets:mdWrap MDTYPE="OTHER" OTHERMDTYPE="DIM">
<mets:xmlData>
<dim:dim dspaceType="ITEM">
<dim:field element="contributor" language="" mdschema="dc">Sánchez Vilas, Julia</dim:field>
<dim:field element="contributor" language="" mdschema="dc">Pannell, John</dim:field>
<dim:field element="date" qualifier="accessioned" language="" mdschema="dc">2010-09-14T16:10:31Z</dim:field>
<dim:field element="date" qualifier="available" language="" mdschema="dc">2010-09-15T06:30:05Z</dim:field>
<dim:field element="date" qualifier="issued" language="" mdschema="dc">2010-09-14</dim:field>
<dim:field element="identifier" mdschema="dc">doi:10.5061/dryad.1981/1</dim:field>
<dim:field element="identifier" qualifier="uri" language="" mdschema="dc">http://hdl.handle.net/10255/dryad.1982</dim:field>
<dim:field element="description" language="en" mdschema="dc">Excel file</dim:field>
<dim:field element="relation" qualifier="ispartof" language="" mdschema="dc">doi:10.5061/dryad.1981</dim:field>
<dim:field element="subject" language="en" mdschema="dc">sexual dimorphism</dim:field>
<dim:field element="subject" language="en" mdschema="dc">soil nutrients</dim:field>
<dim:field element="subject" language="en" mdschema="dc">resource acquisition</dim:field>
<dim:field element="subject" language="en" mdschema="dc">resource allocation</dim:field>
<dim:field element="title" language="en" mdschema="dc">NicheModificationMercurialis</dim:field>
<dim:field element="ScientificName" language="en" mdschema="dwc">Mercurialis annua</dim:field>
<dim:field element="type" qualifier="embargo" language="en" mdschema="dc">untilArticleAppears</dim:field>
<dim:field element="dryad" qualifier="pageviews">159</dim:field>
<dim:field element="dryad" qualifier="downloads">48</dim:field>
</dim:dim>
</mets:xmlData>
</mets:mdWrap>
</mets:dmdSec>
<mets:fileSec>
<mets:fileGrp USE="CONTENT">
<mets:file CHECKSUMTYPE="MD5" GROUPID="group_file_1746" ID="file_1746" MIMETYPE="application/vnd.ms-excel" SIZE="74752" CHECKSUM="80e612f97f6e05d58c88997ea0bcea14">
<mets:FLocat LOCTYPE="URL" xlink:title="NicheModificationMercurialis.xls" xlink:label="dataset-file" xlink:type="locator" xlink:href="/bitstream/handle/10255/dryad.1982/NicheModificationMercurialis.xls?sequence=1"/>
</mets:file>
</mets:fileGrp>
</mets:fileSec>
<mets:structMap LABEL="DSpace" TYPE="LOGICAL">
<mets:div DMDID="dmd_1" TYPE="DSpace Item">
<mets:div ID="div_2" TYPE="DSpace Content Bitstream">
<mets:fptr FILEID="file_1746"/>
</mets:div>
</mets:div>
</mets:structMap>
</mets:METS>
