<?xml version="1.0" encoding="UTF-8"?>
<mets:METS xmlns:mets="http://www.loc.gov/METS/" xmlns:xlink="http://www.w3.org/TR/xlink/" xmlns:xsi="http://www.w3.org/2001/XMLSchema-instance" xmlns:dim="http://www.dspace.org/xmlns/dspace/dim" OBJEDIT="/admin/item?itemID=59520" OBJID="/handle/10255/dryad.49608" PROFILE="DSPACE METS SIP Profile 1.0" LABEL="DSpace Item" ID="hdl:10255/dryad.49608">
<mets:dmdSec GROUPID="group_dmd_0" ID="dmd_1">
<mets:mdWrap MDTYPE="OTHER" OTHERMDTYPE="DIM">
<mets:xmlData>
<dim:dim dspaceType="ITEM">
<dim:field element="contributor" qualifier="author" language="" mdschema="dc">Alexander, Neil S.</dim:field>
<dim:field element="contributor" qualifier="author" language="" mdschema="dc">Wint, William</dim:field>
<dim:field element="coverage" qualifier="spatial" language="" mdschema="dc">Europe</dim:field>
<dim:field element="coverage" qualifier="spatial" language="" mdschema="dc">71.2N</dim:field>
<dim:field element="coverage" qualifier="spatial" language="" mdschema="dc">34.0E</dim:field>
<dim:field element="coverage" qualifier="spatial" language="" mdschema="dc">20.0W</dim:field>
<dim:field element="coverage" qualifier="spatial" language="" mdschema="dc">45.0N</dim:field>
<dim:field element="date" qualifier="accessioned" language="" mdschema="dc">2013-06-24T16:52:53Z</dim:field>
<dim:field element="date" qualifier="available" mdschema="dc">2013-07-11T19:52:38Z</dim:field>
<dim:field element="date" qualifier="issued" language="" mdschema="dc">2013-06-24</dim:field>
<dim:field element="identifier" language="" mdschema="dc">doi:10.5061/dryad.12734/2</dim:field>
<dim:field element="identifier" qualifier="uri" language="" mdschema="dc">http://hdl.handle.net/10255/dryad.49608</dim:field>
<dim:field element="description" language="" mdschema="dc">This data package includes nine population proximity index layers for 2005, 2030 and 2050, for rural, urban and total populations.  The layers are distributed as 1km GeoTIFFs and GeoJPGss at 1km.</dim:field>
<dim:field element="relation" qualifier="ispartof" language="" mdschema="dc">doi:10.5061/dryad.12734</dim:field>
<dim:field element="rights" qualifier="uri" language="" mdschema="dc">http://creativecommons.org/publicdomain/zero/1.0/</dim:field>
<dim:field element="subject" confidence="NOVALUE" language="" mdschema="dc">Population</dim:field>
<dim:field element="subject" confidence="NOVALUE" language="" mdschema="dc">Proximity</dim:field>
<dim:field element="subject" confidence="NOVALUE" language="" mdschema="dc">Distance-weighted</dim:field>
<dim:field element="subject" confidence="NOVALUE" language="" mdschema="dc">Future</dim:field>
<dim:field element="subject" confidence="NOVALUE" language="" mdschema="dc">Projections</dim:field>
<dim:field element="subject" confidence="FAILED" language="" mdschema="dc">EDENext extent</dim:field>
<dim:field element="title" language="" mdschema="dc">Population Proximity Layers</dim:field>
<dim:field element="type" language="*" mdschema="dc">Dataset</dim:field>
<dim:field element="ScientificName" confidence="NOVALUE" language="" mdschema="dwc">Homo sapiens</dim:field>
<dim:field element="type" qualifier="embargo" language="" mdschema="dc">untilArticleAppears</dim:field>
<dim:field element="dryad" qualifier="pageviews">33</dim:field>
<dim:field element="dryad" qualifier="downloads">22</dim:field>
</dim:dim>
</mets:xmlData>
</mets:mdWrap>
</mets:dmdSec>
<mets:fileSec>
<mets:fileGrp USE="CONTENT">
<mets:file CHECKSUMTYPE="MD5" GROUPID="group_file_132668" ID="file_132668" MIMETYPE="application/zip" SIZE="349494656" CHECKSUM="02ea14d461960a68473a56dccd2d02c4">
<mets:FLocat LOCTYPE="URL" xlink:title="popproxv3.zip" xlink:label="dataset-file" xlink:type="locator" xlink:href="/bitstream/handle/10255/dryad.49608/popproxv3.zip?sequence=2"/>
</mets:file>
<mets:file CHECKSUMTYPE="MD5" GROUPID="group_file_134200" ID="file_134200" MIMETYPE="text/plain" SIZE="5312" CHECKSUM="6456f45e81dc2691ac9f35b570763347">
<mets:FLocat LOCTYPE="URL" xlink:title="README.txt" xlink:label="dc_readme" xlink:type="locator" xlink:href="/bitstream/handle/10255/dryad.49608/README.txt?sequence=3"/>
</mets:file>
</mets:fileGrp>
</mets:fileSec>
<mets:structMap LABEL="DSpace" TYPE="LOGICAL">
<mets:div DMDID="dmd_1" TYPE="DSpace Item">
<mets:div ID="div_2" TYPE="DSpace Content Bitstream">
<mets:fptr FILEID="file_132668"/>
</mets:div>
<mets:div ID="div_3" TYPE="DSpace Content Bitstream">
<mets:fptr FILEID="file_134200"/>
</mets:div>
</mets:div>
</mets:structMap>
</mets:METS>
