<?xml version="1.0" encoding="UTF-8"?>
<mets:METS xmlns:mets="http://www.loc.gov/METS/" xmlns:xlink="http://www.w3.org/TR/xlink/" xmlns:xsi="http://www.w3.org/2001/XMLSchema-instance" xmlns:dim="http://www.dspace.org/xmlns/dspace/dim" OBJEDIT="/admin/item?itemID=2077" OBJID="/handle/10255/dryad.1841" PROFILE="DSPACE METS SIP Profile 1.0" LABEL="DSpace Item" ID="hdl:10255/dryad.1841">
<mets:dmdSec GROUPID="group_dmd_0" ID="dmd_1">
<mets:mdWrap MDTYPE="OTHER" OTHERMDTYPE="DIM">
<mets:xmlData>
<dim:dim dspaceType="ITEM">
<dim:field element="contributor" qualifier="author" language="en" mdschema="dc">Delsuc, Frédéric</dim:field>
<dim:field element="contributor" qualifier="author" language="en" mdschema="dc">Stanhope, Michael J</dim:field>
<dim:field element="contributor" qualifier="author" language="en" mdschema="dc">Douzery, Emmanuel J. P.</dim:field>
<dim:field element="coverage" qualifier="spatial" language="en" mdschema="dc">South America</dim:field>
<dim:field element="coverage" qualifier="spatial" language="en" mdschema="dc">Central America</dim:field>
<dim:field element="coverage" qualifier="spatial" language="en" mdschema="dc">North America</dim:field>
<dim:field element="coverage" qualifier="temporal" language="en" mdschema="dc">Cenozoic</dim:field>
<dim:field element="coverage" qualifier="temporal" language="en" mdschema="dc">Tertiary</dim:field>
<dim:field element="date" qualifier="accessioned" language="" mdschema="dc">2010-08-10T12:52:56Z</dim:field>
<dim:field element="date" qualifier="available" language="" mdschema="dc">2010-08-11T15:13:22Z</dim:field>
<dim:field element="date" qualifier="issued" language="" mdschema="dc">2010-08-10</dim:field>
<dim:field element="identifier" mdschema="dc">doi:10.5061/dryad.1838/3</dim:field>
<dim:field element="identifier" qualifier="uri" language="" mdschema="dc">http://hdl.handle.net/10255/dryad.1841</dim:field>
<dim:field element="relation" qualifier="ispartof" language="en" mdschema="dc">doi:10.5061/dryad.1838</dim:field>
<dim:field element="rights" qualifier="uri" language="en" mdschema="dc">http://creativecommons.org/publicdomain/zero/1.0/</dim:field>
<dim:field element="subject" language="en" mdschema="dc">Molecular systematics</dim:field>
<dim:field element="subject" language="en" mdschema="dc">Xenarthra</dim:field>
<dim:field element="subject" language="en" mdschema="dc">Armadillos</dim:field>
<dim:field element="subject" language="en" mdschema="dc">Evolutionary dynamics</dim:field>
<dim:field element="subject" language="en" mdschema="dc">Mitochondrial and nuclear markers</dim:field>
<dim:field element="subject" language="en" mdschema="dc">Maximum likelihood</dim:field>
<dim:field element="subject" language="en" mdschema="dc">Bayesian phylogenetics</dim:field>
<dim:field element="title" language="en" mdschema="dc">delsuc2003molphylogenetevolphy.tre</dim:field>
<dim:field element="type" language="en" mdschema="dc">Dataset</dim:field>
<dim:field element="ScientificName" language="en" mdschema="dwc">Xenarthra</dim:field>
<dim:field element="ScientificName" language="en" mdschema="dwc">Mammalia</dim:field>
<dim:field element="ScientificName" language="en" mdschema="dwc">Placentalia</dim:field>
<dim:field element="ScientificName" language="en" mdschema="dwc">Dasypus</dim:field>
<dim:field element="ScientificName" language="en" mdschema="dwc">Choloepus</dim:field>
<dim:field element="ScientificName" language="en" mdschema="dwc">Myrmecophaga</dim:field>
<dim:field element="ScientificName" language="en" mdschema="dwc">Cyclopes</dim:field>
<dim:field element="ScientificName" language="en" mdschema="dwc">Bradypus</dim:field>
<dim:field element="ScientificName" language="en" mdschema="dwc">Chaetophractus</dim:field>
<dim:field element="ScientificName" language="en" mdschema="dwc">Zaedyus</dim:field>
<dim:field element="ScientificName" language="en" mdschema="dwc">Priodontes</dim:field>
<dim:field element="ScientificName" language="en" mdschema="dwc">Tolypeutes</dim:field>
<dim:field element="ScientificName" language="en" mdschema="dwc">Euphractus</dim:field>
<dim:field element="ScientificName" language="en" mdschema="dwc">Cabassous</dim:field>
<dim:field element="ScientificName" language="en" mdschema="dwc">Tamandua</dim:field>
<dim:field element="dryad" qualifier="pageviews">241</dim:field>
<dim:field element="dryad" qualifier="downloads">91</dim:field>
</dim:dim>
</mets:xmlData>
</mets:mdWrap>
</mets:dmdSec>
<mets:fileSec>
<mets:fileGrp USE="CONTENT">
<mets:file CHECKSUMTYPE="MD5" GROUPID="group_file_1623" ID="file_1623" MIMETYPE="text/plain" SIZE="382" CHECKSUM="2642c74db743b072f4d60c86a0e58b0f">
<mets:FLocat LOCTYPE="URL" xlink:title="delsuc2003molphylogenetevolphy.tre" xlink:type="locator" xlink:href="/bitstream/handle/10255/dryad.1841/delsuc2003molphylogenetevolphy.tre?sequence=1"/>
</mets:file>
</mets:fileGrp>
</mets:fileSec>
<mets:structMap LABEL="DSpace" TYPE="LOGICAL">
<mets:div DMDID="dmd_1" TYPE="DSpace Item">
<mets:div ID="div_2" TYPE="DSpace Content Bitstream">
<mets:fptr FILEID="file_1623"/>
</mets:div>
</mets:div>
</mets:structMap>
</mets:METS>
