<?xml version="1.0" encoding="UTF-8"?>
<mets:METS xmlns:mets="http://www.loc.gov/METS/" xmlns:xlink="http://www.w3.org/TR/xlink/" xmlns:xsi="http://www.w3.org/2001/XMLSchema-instance" xmlns:dim="http://www.dspace.org/xmlns/dspace/dim" OBJEDIT="/admin/item?itemID=58171" OBJID="/handle/10255/dryad.48722" PROFILE="DSPACE METS SIP Profile 1.0" LABEL="DSpace Item" ID="hdl:10255/dryad.48722">
<mets:dmdSec GROUPID="group_dmd_0" ID="dmd_1">
<mets:mdWrap MDTYPE="OTHER" OTHERMDTYPE="DIM">
<mets:xmlData>
<dim:dim dspaceType="ITEM">
<dim:field element="contributor" qualifier="author" language="" mdschema="dc">Sgrò, Carla M.</dim:field>
<dim:field element="contributor" qualifier="author" language="" mdschema="dc">van Heerwaarden, Belinda</dim:field>
<dim:field element="contributor" qualifier="author" language="" mdschema="dc">Kellermann, Vanessa</dim:field>
<dim:field element="contributor" qualifier="author" language="" mdschema="dc">Wee, Choon Wei</dim:field>
<dim:field element="contributor" qualifier="author" language="" mdschema="dc">Hoffmann, Ary A.</dim:field>
<dim:field element="contributor" qualifier="author" language="" mdschema="dc">Lee, Siu Fai</dim:field>
<dim:field element="date" qualifier="accessioned" language="" mdschema="dc">2013-04-18T13:49:40Z</dim:field>
<dim:field element="date" qualifier="issued" language="" mdschema="dc">2013-04-18</dim:field>
<dim:field element="identifier" language="" mdschema="dc">doi:10.5061/dryad.11j35/4</dim:field>
<dim:field element="identifier" qualifier="uri" language="" mdschema="dc">http://hdl.handle.net/10255/dryad.48722</dim:field>
<dim:field element="description" language="" mdschema="dc">Mean lifespan for each clinal population</dim:field>
<dim:field element="relation" qualifier="ispartof" language="" mdschema="dc">doi:10.5061/dryad.11j35</dim:field>
<dim:field element="rights" qualifier="uri" language="" mdschema="dc">http://creativecommons.org/publicdomain/zero/1.0/</dim:field>
<dim:field element="subject" confidence="NOVALUE" language="" mdschema="dc">aging</dim:field>
<dim:field element="subject" confidence="NOVALUE" language="" mdschema="dc">lifespan</dim:field>
<dim:field element="subject" confidence="NOVALUE" language="" mdschema="dc">cline</dim:field>
<dim:field element="subject" confidence="NOVALUE" language="" mdschema="dc">methuselah</dim:field>
<dim:field element="subject" confidence="NOVALUE" language="" mdschema="dc">Drosophila</dim:field>
<dim:field element="subject" confidence="NOVALUE" language="" mdschema="dc">candidate gene</dim:field>
<dim:field element="title" language="" mdschema="dc">mean lifespan</dim:field>
<dim:field element="type" language="*" mdschema="dc">Dataset</dim:field>
<dim:field element="date" qualifier="embargoedUntil" mdschema="dc">2014-06-26</dim:field>
<dim:field element="type" qualifier="embargo" language="" mdschema="dc">oneyear</dim:field>
<dim:field element="dryad" qualifier="pageviews">13</dim:field>
<dim:field element="dryad" qualifier="downloads">4</dim:field>
</dim:dim>
</mets:xmlData>
</mets:mdWrap>
</mets:dmdSec>
<mets:fileSec/>
<mets:structMap LABEL="DSpace" TYPE="LOGICAL">
<mets:div DMDID="dmd_1" TYPE="DSpace Item"/>
</mets:structMap>
</mets:METS>
