<?xml version="1.0" encoding="UTF-8"?>
<mets:METS xmlns:mets="http://www.loc.gov/METS/" xmlns:xlink="http://www.w3.org/TR/xlink/" xmlns:xsi="http://www.w3.org/2001/XMLSchema-instance" xmlns:dim="http://www.dspace.org/xmlns/dspace/dim" OBJEDIT="/admin/item?itemID=45179" OBJID="/handle/10255/dryad.40079" PROFILE="DSPACE METS SIP Profile 1.0" LABEL="DSpace Item" ID="hdl:10255/dryad.40079">
<mets:dmdSec GROUPID="group_dmd_0" ID="dmd_1">
<mets:mdWrap MDTYPE="OTHER" OTHERMDTYPE="DIM">
<mets:xmlData>
<dim:dim dspaceType="ITEM">
<dim:field element="contributor" qualifier="author" mdschema="dc">Lohse, Konrad</dim:field>
<dim:field element="contributor" qualifier="author" mdschema="dc">Barton, Nick</dim:field>
<dim:field element="contributor" qualifier="author" mdschema="dc">Stone, Graham</dim:field>
<dim:field element="contributor" qualifier="author" mdschema="dc">Melika, George</dim:field>
<dim:field element="coverage" qualifier="spatial" language="" mdschema="dc">Western Palaearctic</dim:field>
<dim:field element="coverage" qualifier="temporal" language="" mdschema="dc">Late Pleistocene</dim:field>
<dim:field element="date" qualifier="accessioned" mdschema="dc">2012-06-08T15:51:09Z</dim:field>
<dim:field element="date" qualifier="available" mdschema="dc">2012-09-12T17:38:19Z</dim:field>
<dim:field element="date" qualifier="issued" mdschema="dc">2012-06-08</dim:field>
<dim:field element="identifier" mdschema="dc">doi:10.5061/dryad.0g0fs/2</dim:field>
<dim:field element="identifier" qualifier="uri" mdschema="dc">http://hdl.handle.net/10255/dryad.40079</dim:field>
<dim:field element="description" language="" mdschema="dc">Mathematica notebook implementing the likelihood calculation. The summary files provided in Lohse_2012_data.tar are used as input.</dim:field>
<dim:field element="relation" qualifier="ispartof" mdschema="dc">doi:10.5061/dryad.0g0fs</dim:field>
<dim:field element="rights" qualifier="uri" mdschema="dc">http://creativecommons.org/publicdomain/zero/1.0/</dim:field>
<dim:field element="subject" language="" mdschema="dc">Population divergence</dim:field>
<dim:field element="subject" language="" mdschema="dc">Comparative phylogeography</dim:field>
<dim:field element="subject" language="" mdschema="dc">Community assembly</dim:field>
<dim:field element="subject" language="" mdschema="dc">Maximum likelihood</dim:field>
<dim:field element="title" language="" mdschema="dc">Lohse_et_al_2012_Analysis</dim:field>
<dim:field element="type" language="*" mdschema="dc">Dataset</dim:field>
<dim:field element="ScientificName" language="" mdschema="dwc">Cecidostiba fungosa</dim:field>
<dim:field element="ScientificName" language="" mdschema="dwc">Cecidostiba semifascia</dim:field>
<dim:field element="ScientificName" language="" mdschema="dwc">Hobbya stenonota</dim:field>
<dim:field element="ScientificName" language="" mdschema="dwc">Mesopolobus amaenus</dim:field>
<dim:field element="type" qualifier="embargo" language="" mdschema="dc">untilArticleAppears</dim:field>
<dim:field element="dryad" qualifier="pageviews">66</dim:field>
<dim:field element="dryad" qualifier="downloads">15</dim:field>
</dim:dim>
</mets:xmlData>
</mets:mdWrap>
</mets:dmdSec>
<mets:fileSec>
<mets:fileGrp USE="CONTENT">
<mets:file CHECKSUMTYPE="MD5" GROUPID="group_file_122760" ID="file_122760" MIMETYPE="application/mathematica" SIZE="757097" CHECKSUM="29df99fa29edc406843547b8c6d7179f">
<mets:FLocat LOCTYPE="URL" xlink:title="Lohse_et_al_2012_Analysis.nb" xlink:label="dataset-file" xlink:type="locator" xlink:href="/bitstream/handle/10255/dryad.40079/Lohse_et_al_2012_Analysis.nb?sequence=1"/>
</mets:file>
</mets:fileGrp>
</mets:fileSec>
<mets:structMap LABEL="DSpace" TYPE="LOGICAL">
<mets:div DMDID="dmd_1" TYPE="DSpace Item">
<mets:div ID="div_2" TYPE="DSpace Content Bitstream">
<mets:fptr FILEID="file_122760"/>
</mets:div>
</mets:div>
</mets:structMap>
</mets:METS>
