<?xml version="1.0" encoding="UTF-8"?>
<mets:METS xmlns:mets="http://www.loc.gov/METS/" xmlns:xlink="http://www.w3.org/TR/xlink/" xmlns:xsi="http://www.w3.org/2001/XMLSchema-instance" xmlns:dim="http://www.dspace.org/xmlns/dspace/dim" OBJEDIT="/admin/item?itemID=1984" OBJID="/handle/10255/dryad.1749" PROFILE="DSPACE METS SIP Profile 1.0" LABEL="DSpace Item" ID="hdl:10255/dryad.1749">
<mets:dmdSec GROUPID="group_dmd_0" ID="dmd_1">
<mets:mdWrap MDTYPE="OTHER" OTHERMDTYPE="DIM">
<mets:xmlData>
<dim:dim dspaceType="ITEM">
<dim:field element="contributor" qualifier="author" language="en" mdschema="dc">Marazzi, Brigitte</dim:field>
<dim:field element="contributor" qualifier="author" language="en" mdschema="dc">Sanderson, Michael J</dim:field>
<dim:field element="coverage" qualifier="spatial" language="" mdschema="dc">Andes</dim:field>
<dim:field element="date" qualifier="accessioned" language="" mdschema="dc">2010-07-07T22:42:38Z</dim:field>
<dim:field element="date" qualifier="available" mdschema="dc">2011-07-16T06:30:11Z</dim:field>
<dim:field element="date" qualifier="issued" language="" mdschema="dc">2010-07-07</dim:field>
<dim:field element="identifier" mdschema="dc">doi:10.5061/dryad.1712/2</dim:field>
<dim:field element="identifier" qualifier="uri" language="" mdschema="dc">http://hdl.handle.net/10255/dryad.1749</dim:field>
<dim:field element="description" language="en" mdschema="dc">Accepted names of species listed alphabetically per clade. Names as from the online plant name databases Tropicos and IPNI (for details, see Material and Methods in Marazzi and Sanderson, Evolution, and also their Appendix S2). Numbered species names are followed by authority. The question mark after a name (6 in total) means that the placement of the species was slightly unsure: in clade I, uncertain species may eventually belong to clade II; in clade II uncertain species may belong to clade I; in clade IV, uncertain species may belong to either clade V+VI or VII (no uncertain species in III, V+VI, and VII).</dim:field>
<dim:field element="relation" qualifier="ispartof" language="en" mdschema="dc">doi:10.5061/dryad.1712</dim:field>
<dim:field element="rights" qualifier="uri" language="en" mdschema="dc">http://creativecommons.org/publicdomain/zero/1.0/</dim:field>
<dim:field element="subject" language="en" mdschema="dc">ant-plant mutualism</dim:field>
<dim:field element="subject" language="en" mdschema="dc">diversification rates</dim:field>
<dim:field element="subject" language="en" mdschema="dc">key innovation</dim:field>
<dim:field element="subject" language="en" mdschema="dc">radiation</dim:field>
<dim:field element="title" language="en" mdschema="dc">Species list Senna</dim:field>
<dim:field element="type" language="en" mdschema="dc">Dataset</dim:field>
<dim:field element="ScientificName" language="" mdschema="dwc">Leguminosae</dim:field>
<dim:field element="dryad" qualifier="pageviews">147</dim:field>
<dim:field element="dryad" qualifier="downloads">24</dim:field>
</dim:dim>
</mets:xmlData>
</mets:mdWrap>
</mets:dmdSec>
<mets:fileSec>
<mets:fileGrp USE="CONTENT">
<mets:file CHECKSUMTYPE="MD5" GROUPID="group_file_1567" ID="file_1567" MIMETYPE="application/octet-stream" SIZE="13232" CHECKSUM="dde8c8481ad3d867e51166ac579d695a">
<mets:FLocat LOCTYPE="URL" xlink:title="SpecieslistSenna" xlink:type="locator" xlink:href="/bitstream/handle/10255/dryad.1749/SpecieslistSenna?sequence=1"/>
</mets:file>
</mets:fileGrp>
</mets:fileSec>
<mets:structMap LABEL="DSpace" TYPE="LOGICAL">
<mets:div DMDID="dmd_1" TYPE="DSpace Item">
<mets:div ID="div_2" TYPE="DSpace Content Bitstream">
<mets:fptr FILEID="file_1567"/>
</mets:div>
</mets:div>
</mets:structMap>
</mets:METS>
