<?xml version="1.0" encoding="UTF-8"?>
<mets:METS xmlns:mets="http://www.loc.gov/METS/" xmlns:xlink="http://www.w3.org/TR/xlink/" xmlns:xsi="http://www.w3.org/2001/XMLSchema-instance" xmlns:dim="http://www.dspace.org/xmlns/dspace/dim" OBJEDIT="/admin/item?itemID=44668" OBJID="/handle/10255/dryad.39773" PROFILE="DSPACE METS SIP Profile 1.0" LABEL="DSpace Item" ID="hdl:10255/dryad.39773">
<mets:dmdSec GROUPID="group_dmd_0" ID="dmd_1">
<mets:mdWrap MDTYPE="OTHER" OTHERMDTYPE="DIM">
<mets:xmlData>
<dim:dim dspaceType="ITEM">
<dim:field element="contributor" qualifier="author" mdschema="dc">Nadeau, Nicola</dim:field>
<dim:field element="contributor" qualifier="author" mdschema="dc">Martin, Simon</dim:field>
<dim:field element="contributor" qualifier="author" mdschema="dc">Kozak, Krzysztof</dim:field>
<dim:field element="contributor" qualifier="author" mdschema="dc">Salazar, Camilo</dim:field>
<dim:field element="contributor" qualifier="author" mdschema="dc">Dasmahapatra, Kanchon</dim:field>
<dim:field element="contributor" qualifier="author" mdschema="dc">Davey, John</dim:field>
<dim:field element="contributor" qualifier="author" mdschema="dc">Baxter, Simon</dim:field>
<dim:field element="contributor" qualifier="author" mdschema="dc">Blaxter, Mark</dim:field>
<dim:field element="contributor" qualifier="author" mdschema="dc">Mallet, Jim</dim:field>
<dim:field element="contributor" qualifier="author" mdschema="dc">Jiggins, Chris</dim:field>
<dim:field element="coverage" qualifier="spatial" language="" mdschema="dc">Peru</dim:field>
<dim:field element="coverage" qualifier="spatial" language="" mdschema="dc">Colombia</dim:field>
<dim:field element="coverage" qualifier="spatial" language="" mdschema="dc">Panama</dim:field>
<dim:field element="identifier" mdschema="dc">doi:10.5061/dryad.12334</dim:field>
<dim:field element="description" language="" mdschema="dc">The Heliconius butterflies are a diverse recent radiation comprising multiple levels of divergence with on-going gene flow between species. The recently sequenced genome of Heliconius melpomene allowed us to investigate the genomic evolution of this group using dense RAD marker sequencing. Phylogenetic analysis of 54 individuals robustly supported reciprocal monophyly of H. melpomene and H. cydno and refuted previous phylogenetic hypotheses that H. melpomene may be paraphylectic with respect to H. cydno. H. timareta also formed a monophyletic clade closely related but distinct from H. cydno with H. heurippa falling within this clade. We find evidence for pervasive gene flow between sympatric populations of the sister clades H. melpomene and H. cydno/timareta, particularly between H. cydno and H. melpomene from Central America and between H. timareta and H. melpomene from the eastern slopes of the Andes. Between races, divergence is primarily explained by isolation-by-distance; and there is little, if any, genetic population structure between parapatric races, suggesting that hybrid zones between races are not zones of secondary contact. Our results support previous findings that colour pattern loci are shared between populations and species with similar colour pattern elements. Further this pattern is almost unique to these genomic regions with only a very small number of other loci showing significant similarity between populations and species with similar colour patterns.</dim:field>
<dim:field element="subject" language="" mdschema="dc">Bioinfomatics/Phyloinfomatics</dim:field>
<dim:field element="subject" language="" mdschema="dc">Ecological Genetics</dim:field>
<dim:field element="subject" language="" mdschema="dc">Genomics/Proteomics</dim:field>
<dim:field element="subject" language="" mdschema="dc">Population Genetics - Empirical</dim:field>
<dim:field element="subject" language="" mdschema="dc">Speciation</dim:field>
<dim:field element="title" language="" mdschema="dc">Data from: Genome-wide patterns of divergence and gene flow across a butterfly radiation</dim:field>
<dim:field element="type" language="*" mdschema="dc">Article</dim:field>
<dim:field element="ScientificName" language="" mdschema="dwc">Heliconius</dim:field>
<dim:field element="contributor" qualifier="correspondingAuthor" language="" mdschema="dc">Nadeau, Nicola</dim:field>
<dim:field element="identifier" qualifier="manuscriptNumber" mdschema="dc">MolEcol-12048467MEC-12-0375</dim:field>
<dim:field authority="98c9af55fa0b652a8682062d91e2f79a" element="publicationName" confidence="UNCERTAIN" language="" mdschema="prism">Molecular Ecology</dim:field>
<dim:field element="archive" qualifier="mailUsers" mdschema="workflow">editorial.office@molecol.com</dim:field>
<dim:field element="archive" qualifier="mailUsers" mdschema="workflow">admin@datadryad.org</dim:field>
<dim:field element="archive" qualifier="mailUsers" mdschema="workflow">curator@datadryad.org</dim:field>
<dim:field element="submit" qualifier="skipReviewStage" mdschema="workflow">false</dim:field>
<dim:field element="workflow" qualifier="submitted" mdschema="internal">true</dim:field>
<dim:field element="review" qualifier="mailUsers" mdschema="workflow">editorial.office@molecol.com</dim:field>
<dim:field element="review" qualifier="mailUsers" mdschema="workflow">managing.editor@molecol.com</dim:field>
<dim:field element="review" qualifier="mailUsers" mdschema="workflow">admin@datadryad.org</dim:field>
<dim:field element="review" qualifier="mailUsers" mdschema="workflow">curator@datadryad.org</dim:field>
</dim:dim>
</mets:xmlData>
</mets:mdWrap>
</mets:dmdSec>
<mets:fileSec/>
<mets:structMap LABEL="DSpace" TYPE="LOGICAL">
<mets:div DMDID="dmd_1" TYPE="DSpace Item"/>
</mets:structMap>
</mets:METS>
