<?xml version="1.0" encoding="UTF-8"?>
<mets:METS xmlns:mets="http://www.loc.gov/METS/" xmlns:xlink="http://www.w3.org/TR/xlink/" xmlns:xsi="http://www.w3.org/2001/XMLSchema-instance" xmlns:dim="http://www.dspace.org/xmlns/dspace/dim" OBJEDIT="/admin/item?itemID=64552" OBJID="/handle/10255/dryad.52931" PROFILE="DSPACE METS SIP Profile 1.0" LABEL="DSpace Item" ID="hdl:10255/dryad.52931">
<mets:dmdSec GROUPID="group_dmd_0" ID="dmd_1">
<mets:mdWrap MDTYPE="OTHER" OTHERMDTYPE="DIM">
<mets:xmlData>
<dim:dim dspaceType="ITEM">
<dim:field element="contributor" qualifier="author" mdschema="dc">Hassan, Faezah</dim:field>
<dim:field element="contributor" qualifier="author" mdschema="dc">Md. Zain, Azhar</dim:field>
<dim:field element="contributor" qualifier="author" mdschema="dc">Boon-How, Chew</dim:field>
<dim:field element="identifier" mdschema="dc">doi:10.5061/dryad.12kr1/1</dim:field>
<dim:field element="description" language="" mdschema="dc">We have further removed socio-demographic data in their original/raw forms, leaving the collapsed nad recoded larger groups of the socio-demographic data/varibles.</dim:field>
<dim:field element="relation" qualifier="ispartof" mdschema="dc">doi:10.5061/dryad.12kr1</dim:field>
<dim:field element="rights" qualifier="uri" mdschema="dc">http://creativecommons.org/publicdomain/zero/1.0/</dim:field>
<dim:field element="subject" confidence="NOVALUE" language="" mdschema="dc">MEDICAL EDUCATION &amp; TRAINING</dim:field>
<dim:field element="subject" confidence="NOVALUE" language="" mdschema="dc">Anxiety disorders</dim:field>
<dim:field element="subject" confidence="NOVALUE" language="" mdschema="dc">MENTAL HEALTH</dim:field>
<dim:field element="title" language="" mdschema="dc">Anonymised &amp; Clean-Emotional Intelligence Self-Report Anxiety academic Performance in 1st &amp; 5th Year Medical Students</dim:field>
<dim:field element="type" language="*" mdschema="dc">Dataset</dim:field>
<dim:field element="dryad" qualifier="pageviews">1</dim:field>
<dim:field element="dryad" qualifier="downloads">6</dim:field>
</dim:dim>
</mets:xmlData>
</mets:mdWrap>
</mets:dmdSec>
<mets:fileSec/>
<mets:structMap LABEL="DSpace" TYPE="LOGICAL">
<mets:div DMDID="dmd_1" TYPE="DSpace Item"/>
</mets:structMap>
</mets:METS>
