<?xml version="1.0" encoding="UTF-8"?>
<mets:METS xmlns:mets="http://www.loc.gov/METS/" xmlns:xlink="http://www.w3.org/TR/xlink/" xmlns:xsi="http://www.w3.org/2001/XMLSchema-instance" xmlns:dim="http://www.dspace.org/xmlns/dspace/dim" OBJEDIT="/admin/item?itemID=61209" OBJID="/handle/10255/dryad.50748" PROFILE="DSPACE METS SIP Profile 1.0" LABEL="DSpace Item" ID="hdl:10255/dryad.50748">
<mets:dmdSec GROUPID="group_dmd_0" ID="dmd_1">
<mets:mdWrap MDTYPE="OTHER" OTHERMDTYPE="DIM">
<mets:xmlData>
<dim:dim dspaceType="ITEM">
<dim:field element="contributor" qualifier="author" language="" mdschema="dc">Lindtke, Dorothea</dim:field>
<dim:field element="contributor" qualifier="author" language="" mdschema="dc">Gonzalez-Martinez, Santiago C.</dim:field>
<dim:field element="contributor" qualifier="author" language="" mdschema="dc">Macaya-Sanz, David</dim:field>
<dim:field element="contributor" qualifier="author" language="" mdschema="dc">Lexer, Christian</dim:field>
<dim:field element="coverage" qualifier="spatial" language="" mdschema="dc">Duero river Spain</dim:field>
<dim:field element="coverage" qualifier="spatial" language="" mdschema="dc">Ticino river Italy</dim:field>
<dim:field element="coverage" qualifier="spatial" language="" mdschema="dc">Danube river Austria</dim:field>
<dim:field element="coverage" qualifier="spatial" language="" mdschema="dc">Tisza river Hungary</dim:field>
<dim:field element="date" qualifier="accessioned" language="" mdschema="dc">2013-06-12T18:24:14Z</dim:field>
<dim:field element="date" qualifier="available" mdschema="dc">2013-07-24T18:03:36Z</dim:field>
<dim:field element="date" qualifier="issued" language="" mdschema="dc">2013-06-12</dim:field>
<dim:field element="identifier" language="" mdschema="dc">doi:10.5061/dryad.12kh6/7</dim:field>
<dim:field element="identifier" qualifier="uri" language="" mdschema="dc">http://hdl.handle.net/10255/dryad.50748</dim:field>
<dim:field element="description" language="" mdschema="dc">Rows give measurements for individuals in the same order as in Structure files; columns give 8 main phenotypic traits used for admixture mapping. Phenotype measurements represent averages over 5 leaves measured per tree.</dim:field>
<dim:field element="relation" qualifier="ispartof" language="" mdschema="dc">doi:10.5061/dryad.12kh6</dim:field>
<dim:field element="rights" qualifier="uri" language="" mdschema="dc">http://creativecommons.org/publicdomain/zero/1.0/</dim:field>
<dim:field element="subject" confidence="NOVALUE" language="" mdschema="dc">Admixture mapping</dim:field>
<dim:field element="subject" confidence="NOVALUE" language="" mdschema="dc">Leaf morphology</dim:field>
<dim:field element="subject" confidence="NOVALUE" language="" mdschema="dc">Hybrid zone</dim:field>
<dim:field element="subject" confidence="NOVALUE" language="" mdschema="dc">QTL</dim:field>
<dim:field element="title" language="" mdschema="dc">Phenotype measurements for Italy, admixed individuals only, 8 mapping traits (Input file for R code)</dim:field>
<dim:field element="type" language="*" mdschema="dc">Dataset</dim:field>
<dim:field element="ScientificName" confidence="NOVALUE" language="" mdschema="dwc">Populus alba</dim:field>
<dim:field element="ScientificName" confidence="NOVALUE" language="" mdschema="dwc">Populus tremula</dim:field>
<dim:field element="type" qualifier="embargo" language="" mdschema="dc">untilArticleAppears</dim:field>
<dim:field element="dryad" qualifier="pageviews">24</dim:field>
<dim:field element="dryad" qualifier="downloads">5</dim:field>
</dim:dim>
</mets:xmlData>
</mets:mdWrap>
</mets:dmdSec>
<mets:fileSec>
<mets:fileGrp USE="CONTENT">
<mets:file CHECKSUMTYPE="MD5" GROUPID="group_file_133761" ID="file_133761" MIMETYPE="text/plain" SIZE="13679" CHECKSUM="fcb5e10c6d5d9d08ec169302b531c47b">
<mets:FLocat LOCTYPE="URL" xlink:title="phenotypes_Ita.txt" xlink:label="dataset-file" xlink:type="locator" xlink:href="/bitstream/handle/10255/dryad.50748/phenotypes_Ita.txt?sequence=1"/>
</mets:file>
</mets:fileGrp>
</mets:fileSec>
<mets:structMap LABEL="DSpace" TYPE="LOGICAL">
<mets:div DMDID="dmd_1" TYPE="DSpace Item">
<mets:div ID="div_2" TYPE="DSpace Content Bitstream">
<mets:fptr FILEID="file_133761"/>
</mets:div>
</mets:div>
</mets:structMap>
</mets:METS>
