<?xml version="1.0" encoding="UTF-8"?>
<mets:METS xmlns:mets="http://www.loc.gov/METS/" xmlns:xlink="http://www.w3.org/TR/xlink/" xmlns:xsi="http://www.w3.org/2001/XMLSchema-instance" xmlns:dim="http://www.dspace.org/xmlns/dspace/dim" OBJEDIT="/admin/item?itemID=1195" OBJID="/handle/10255/dryad.1042" PROFILE="DSPACE METS SIP Profile 1.0" LABEL="DSpace Item" ID="hdl:10255/dryad.1042">
<mets:dmdSec GROUPID="group_dmd_0" ID="dmd_1">
<mets:mdWrap MDTYPE="OTHER" OTHERMDTYPE="DIM">
<mets:xmlData>
<dim:dim dspaceType="ITEM">
<dim:field element="contributor" qualifier="author" language="en" mdschema="dc">Dworkin, Ian</dim:field>
<dim:field element="contributor" qualifier="author" language="en" mdschema="dc">Gibson, Greg</dim:field>
<dim:field element="date" qualifier="accessioned" language="" mdschema="dc">2009-11-01T21:30:28Z</dim:field>
<dim:field element="date" qualifier="available" language="" mdschema="dc">2009-11-01T21:30:28Z</dim:field>
<dim:field element="date" qualifier="issued" language="" mdschema="dc">2009-11-01T21:30:28Z</dim:field>
<dim:field element="identifier" mdschema="dc">doi:10.5061/dryad.1041/1</dim:field>
<dim:field element="identifier" qualifier="uri" language="" mdschema="dc">http://hdl.handle.net/10255/dryad.1042</dim:field>
<dim:field element="relation" qualifier="ispartof" language="en" mdschema="dc">doi:10.5061/dryad.1041</dim:field>
<dim:field element="rights" qualifier="uri" language="en" mdschema="dc">http://creativecommons.org/publicdomain/zero/1.0/</dim:field>
<dim:field element="title" language="en" mdschema="dc">Supplementary Data</dim:field>
<dim:field element="type" language="en" mdschema="dc">Dataset</dim:field>
<dim:field element="status" language="" mdschema="dryad">scanned</dim:field>
<dim:field element="dryad" qualifier="pageviews">224</dim:field>
<dim:field element="dryad" qualifier="downloads">71</dim:field>
</dim:dim>
</mets:xmlData>
</mets:mdWrap>
</mets:dmdSec>
<mets:fileSec>
<mets:fileGrp USE="CONTENT">
<mets:file CHECKSUMTYPE="MD5" GROUPID="group_file_905" ID="file_905" MIMETYPE="application/pdf" SIZE="3785177" CHECKSUM="1dd3f979516b58c16c15cc09c1e28a5a">
<mets:FLocat LOCTYPE="URL" xlink:title="SupplInfo14.pdf" xlink:type="locator" xlink:href="/bitstream/handle/10255/dryad.1042/SupplInfo14.pdf?sequence=1"/>
</mets:file>
</mets:fileGrp>
<mets:fileGrp USE="TEXT">
<mets:file CHECKSUMTYPE="MD5" GROUPID="group_file_905" ID="file_1242" MIMETYPE="text/plain" SIZE="4325" CHECKSUM="2027a538a0712be2334c889124a3c7e0">
<mets:FLocat LOCTYPE="URL" xlink:title="SupplInfo14.pdf.txt" xlink:label="Extracted text" xlink:type="locator" xlink:href="/bitstream/handle/10255/dryad.1042/SupplInfo14.pdf.txt?sequence=2"/>
</mets:file>
</mets:fileGrp>
</mets:fileSec>
<mets:structMap LABEL="DSpace" TYPE="LOGICAL">
<mets:div DMDID="dmd_1" TYPE="DSpace Item">
<mets:div ID="div_2" TYPE="DSpace Content Bitstream">
<mets:fptr FILEID="file_905"/>
</mets:div>
</mets:div>
</mets:structMap>
</mets:METS>
