<?xml version="1.0" encoding="UTF-8"?>
<mets:METS xmlns:mets="http://www.loc.gov/METS/" xmlns:xlink="http://www.w3.org/TR/xlink/" xmlns:xsi="http://www.w3.org/2001/XMLSchema-instance" xmlns:dim="http://www.dspace.org/xmlns/dspace/dim" OBJEDIT="/admin/item?itemID=175" OBJID="/handle/10255/dryad.160" PROFILE="DSPACE METS SIP Profile 1.0" LABEL="DSpace Item" ID="hdl:10255/dryad.160">
<mets:dmdSec GROUPID="group_dmd_0" ID="dmd_1">
<mets:mdWrap MDTYPE="OTHER" OTHERMDTYPE="DIM">
<mets:xmlData>
<dim:dim dspaceType="ITEM">
<dim:field element="contributor" qualifier="author" language="" mdschema="dc">Newton, Alicia</dim:field>
<dim:field element="contributor" qualifier="author" language="" mdschema="dc">Pistiner, Janna</dim:field>
<dim:field element="date" qualifier="accessioned" language="" mdschema="dc">2008-06-18T15:54:50Z</dim:field>
<dim:field element="date" qualifier="available" language="" mdschema="dc">2008-06-18T15:54:50Z</dim:field>
<dim:field element="date" qualifier="issued" language="" mdschema="dc">1999-08-03</dim:field>
<dim:field element="identifier" mdschema="dc">doi:10.5061/dryad.159/21</dim:field>
<dim:field element="identifier" qualifier="uri" language="" mdschema="dc">http://hdl.handle.net/10255/dryad.160</dim:field>
<dim:field element="description" language="en_US" mdschema="dc">On Isla Baltra at landing of ferry to Santa Cruz looking south &amp; west.  Three frigate birds flying, pelicans swimming and roosting in mangroves; ferry visible below left-hand frigate bird; opposite landing visible below right-hand frigate bird; road to Puerto Ayora visible to left of ferry landing.</dim:field>
<dim:field element="relation" qualifier="ispartof" language="" mdschema="dc">http://hdl.handle.net/10255/dryad.159</dim:field>
<dim:field element="rights" qualifier="uri" language="" mdschema="dc">http://datadryad.org/bitstream/handle/10255/dryad.160/license.txt?sequence=2</dim:field>
<dim:field element="subject" language="en_US" mdschema="dc">Coastal</dim:field>
<dim:field element="subject" language="en_US" mdschema="dc">Habitat</dim:field>
<dim:field element="title" language="en_US" mdschema="dc">Frigate Birds over Canal Itabaca</dim:field>
<dim:field element="type" language="en_US" mdschema="dc">Image</dim:field>
<dim:field element="ScientificName" language="" mdschema="dwc">Fregata Magnifica</dim:field>
<dim:field element="ScientificName" language="" mdschema="dwc">Pelecanus Occidentalis</dim:field>
<dim:field element="dryad" qualifier="pageviews">255</dim:field>
<dim:field element="dryad" qualifier="downloads">187</dim:field>
</dim:dim>
</mets:xmlData>
</mets:mdWrap>
</mets:dmdSec>
<mets:fileSec>
<mets:fileGrp USE="CONTENT">
<mets:file CHECKSUMTYPE="MD5" GROUPID="group_file_320" ID="file_320" MIMETYPE="image/jpeg" SIZE="119133" CHECKSUM="07e72b57d9b5842bdfe00378bd2275b6">
<mets:FLocat LOCTYPE="URL" xlink:title="Frig_magnP0534_L.jpg" xlink:type="locator" xlink:href="/bitstream/handle/10255/dryad.160/Frig_magnP0534_L.jpg?sequence=1"/>
</mets:file>
</mets:fileGrp>
<mets:fileGrp USE="LICENSE">
<mets:file CHECKSUMTYPE="MD5" GROUPID="group_file_321" ID="file_321" MIMETYPE="text/plain" SIZE="790" CHECKSUM="7e36e85df0908ebcc1397d81bf28215c">
<mets:FLocat LOCTYPE="URL" xlink:title="license.txt" xlink:type="locator" xlink:href="/bitstream/handle/10255/dryad.160/license.txt?sequence=2"/>
</mets:file>
</mets:fileGrp>
<mets:fileGrp USE="THUMBNAIL">
<mets:file CHECKSUMTYPE="MD5" GROUPID="group_file_320" ID="file_1487" MIMETYPE="image/jpeg" SIZE="1777" CHECKSUM="275e2ec25a9e6102cf465be98cec954e">
<mets:FLocat LOCTYPE="URL" xlink:title="Frig_magnP0534_L.jpg.jpg" xlink:label="Generated Thumbnail" xlink:type="locator" xlink:href="/bitstream/handle/10255/dryad.160/Frig_magnP0534_L.jpg.jpg?sequence=3"/>
</mets:file>
</mets:fileGrp>
</mets:fileSec>
<mets:structMap LABEL="DSpace" TYPE="LOGICAL">
<mets:div DMDID="dmd_1" TYPE="DSpace Item">
<mets:div ID="div_2" TYPE="DSpace Content Bitstream">
<mets:fptr FILEID="file_320"/>
</mets:div>
</mets:div>
</mets:structMap>
</mets:METS>
