<?xml version="1.0" encoding="UTF-8"?>
<mets:METS xmlns:mets="http://www.loc.gov/METS/" xmlns:xlink="http://www.w3.org/TR/xlink/" xmlns:xsi="http://www.w3.org/2001/XMLSchema-instance" xmlns:dim="http://www.dspace.org/xmlns/dspace/dim" OBJEDIT="/admin/item?itemID=1678" OBJID="/handle/10255/dryad.1465" PROFILE="DSPACE METS SIP Profile 1.0" LABEL="DSpace Item" ID="hdl:10255/dryad.1465">
<mets:dmdSec GROUPID="group_dmd_0" ID="dmd_1">
<mets:mdWrap MDTYPE="OTHER" OTHERMDTYPE="DIM">
<mets:xmlData>
<dim:dim dspaceType="ITEM">
<dim:field element="contributor" qualifier="author" language="en" mdschema="dc">Boakes, Elizabeth H</dim:field>
<dim:field element="contributor" qualifier="author" language="en" mdschema="dc">McGowan, Philip J K</dim:field>
<dim:field element="contributor" qualifier="author" language="en" mdschema="dc">Fuller, Richard A</dim:field>
<dim:field element="contributor" qualifier="author" language="en" mdschema="dc">Ding, Chang-qing</dim:field>
<dim:field element="contributor" qualifier="author" language="en" mdschema="dc">Clark, Natalie E</dim:field>
<dim:field element="contributor" qualifier="author" language="en" mdschema="dc">O'Connor, Kim</dim:field>
<dim:field element="contributor" qualifier="author" language="en" mdschema="dc">Mace, Georgina M</dim:field>
<dim:field element="coverage" qualifier="spatial" language="en" mdschema="dc">Indo-Malay biogeographic realm</dim:field>
<dim:field element="coverage" qualifier="spatial" language="en" mdschema="dc">Palaearctic biogeographic realm</dim:field>
<dim:field element="coverage" qualifier="temporal" language="en" mdschema="dc">Holocene</dim:field>
<dim:field element="date" qualifier="accessioned" language="" mdschema="dc">2010-04-15T15:01:33Z</dim:field>
<dim:field element="date" qualifier="available" language="" mdschema="dc">2010-06-04T17:14:40Z</dim:field>
<dim:field element="date" qualifier="issued" language="" mdschema="dc">2010-04-15</dim:field>
<dim:field element="identifier" mdschema="dc">doi:10.5061/dryad.1464/1</dim:field>
<dim:field element="identifier" qualifier="uri" language="" mdschema="dc">http://hdl.handle.net/10255/dryad.1465</dim:field>
<dim:field element="description" language="en" mdschema="dc">Records refer to species occurrence data collected from museum collections, the literature, ornithological atlases, bird ringing programmes or ornithological trip report websites.  Records which could be at least approximately dated and georeferenced are contained in a comma delimited text file.  The file gives information on the data source, the year of the record, the species the record relates to, the threat status of the species, the country the record is from and whether the record came from inside a protected area.  The column names are mostly self-explanatory.  In cases where an exact year of record was not known, a date range is given.  For example, ‘Pre 1980’ would indicate a record from 1979 or earlier.  Similarly, ‘Post 1980’ would indicate a record from 1981 or later.  For the column ‘Threatened?’, ‘0’ indicates a non-threatened species and ‘1’ a threatened species.  For the column ‘Inside a Protected Area?’ ‘0’ indicates the record is from outside a protected area and ‘1’ inside a protected area.</dim:field>
<dim:field element="relation" qualifier="ispartof" language="en" mdschema="dc">doi:10.5061/dryad.1464</dim:field>
<dim:field element="rights" qualifier="uri" language="en" mdschema="dc">http://creativecommons.org/publicdomain/zero/1.0/</dim:field>
<dim:field element="subject" language="en" mdschema="dc">species occurrence data</dim:field>
<dim:field element="subject" language="en" mdschema="dc">Galliformes</dim:field>
<dim:field element="subject" language="en" mdschema="dc">biodiversity monitoring</dim:field>
<dim:field element="subject" language="en" mdschema="dc">spatial bias in biodiversity recording</dim:field>
<dim:field element="subject" language="en" mdschema="dc">temporal bias in biodiversity recording</dim:field>
<dim:field element="subject" language="en" mdschema="dc">museum collections</dim:field>
<dim:field element="title" language="en" mdschema="dc">GALLIFORM: WPA Eurasian Database v 1.0.</dim:field>
<dim:field element="type" language="en" mdschema="dc">Dataset</dim:field>
<dim:field element="ScientificName" language="en" mdschema="dwc">Galliformes</dim:field>
<dim:field element="ScientificName" language="en" mdschema="dwc">Lerwa</dim:field>
<dim:field element="ScientificName" language="en" mdschema="dwc">Ammoperdix</dim:field>
<dim:field element="ScientificName" language="en" mdschema="dwc">Tetraogallus</dim:field>
<dim:field element="ScientificName" language="en" mdschema="dwc">Alectoris</dim:field>
<dim:field element="ScientificName" language="en" mdschema="dwc">Francolinus</dim:field>
<dim:field element="ScientificName" language="en" mdschema="dwc">Perdix</dim:field>
<dim:field element="ScientificName" language="en" mdschema="dwc">Rhizothera</dim:field>
<dim:field element="ScientificName" language="en" mdschema="dwc">Melanoperdix</dim:field>
<dim:field element="ScientificName" language="en" mdschema="dwc">Coturnix</dim:field>
<dim:field element="ScientificName" language="en" mdschema="dwc">Perdicula</dim:field>
<dim:field element="ScientificName" language="en" mdschema="dwc">Ophrysia</dim:field>
<dim:field element="ScientificName" language="en" mdschema="dwc">Bambusicola</dim:field>
<dim:field element="ScientificName" language="en" mdschema="dwc">Arborophila</dim:field>
<dim:field element="ScientificName" language="en" mdschema="dwc">Caloperdix</dim:field>
<dim:field element="ScientificName" language="en" mdschema="dwc">Haematortyx</dim:field>
<dim:field element="ScientificName" language="en" mdschema="dwc">Rollulus</dim:field>
<dim:field element="ScientificName" language="en" mdschema="dwc">Galloperdix</dim:field>
<dim:field element="ScientificName" language="en" mdschema="dwc">Ithaginis</dim:field>
<dim:field element="ScientificName" language="en" mdschema="dwc">Tragopan</dim:field>
<dim:field element="ScientificName" language="en" mdschema="dwc">Lophophorus</dim:field>
<dim:field element="ScientificName" language="en" mdschema="dwc">Gallus</dim:field>
<dim:field element="ScientificName" language="en" mdschema="dwc">Lophura</dim:field>
<dim:field element="ScientificName" language="en" mdschema="dwc">Syrmaticus</dim:field>
<dim:field element="ScientificName" language="en" mdschema="dwc">Crossoptilon</dim:field>
<dim:field element="ScientificName" language="en" mdschema="dwc">Pucrasia</dim:field>
<dim:field element="ScientificName" language="en" mdschema="dwc">Catreus</dim:field>
<dim:field element="ScientificName" language="en" mdschema="dwc">Phasianus</dim:field>
<dim:field element="ScientificName" language="en" mdschema="dwc">Chrysolophus</dim:field>
<dim:field element="ScientificName" language="en" mdschema="dwc">Polyplectron</dim:field>
<dim:field element="ScientificName" language="en" mdschema="dwc">Rheinardia</dim:field>
<dim:field element="ScientificName" language="en" mdschema="dwc">Argusianus</dim:field>
<dim:field element="ScientificName" language="en" mdschema="dwc">Pavo</dim:field>
<dim:field element="ScientificName" language="en" mdschema="dwc">Falcipennis</dim:field>
<dim:field element="ScientificName" language="en" mdschema="dwc">Lagopus</dim:field>
<dim:field element="ScientificName" language="en" mdschema="dwc">Lyrurus</dim:field>
<dim:field element="ScientificName" language="en" mdschema="dwc">Tetrao</dim:field>
<dim:field element="ScientificName" language="en" mdschema="dwc">Tetrastes</dim:field>
<dim:field element="ScientificName" language="en" mdschema="dwc">Megapodius</dim:field>
<dim:field element="dryad" qualifier="pageviews">169</dim:field>
<dim:field element="dryad" qualifier="downloads">129</dim:field>
</dim:dim>
</mets:xmlData>
</mets:mdWrap>
</mets:dmdSec>
<mets:fileSec>
<mets:fileGrp USE="CONTENT">
<mets:file CHECKSUMTYPE="MD5" GROUPID="group_file_1104" ID="file_1104" MIMETYPE="text/plain" SIZE="8474739" CHECKSUM="349561f9c5fdc9cac97791f896045fd7">
<mets:FLocat LOCTYPE="URL" xlink:title="BoakesEtAlDatasetS1.txt" xlink:type="locator" xlink:href="/bitstream/handle/10255/dryad.1465/BoakesEtAlDatasetS1.txt?sequence=1"/>
</mets:file>
<mets:file CHECKSUMTYPE="MD5" GROUPID="group_file_1105" ID="file_1105" MIMETYPE="application/msword" SIZE="29184" CHECKSUM="3f4958cc6abdbe83aa1c07fa9ba12ec5">
<mets:FLocat LOCTYPE="URL" xlink:title="README.doc" xlink:type="locator" xlink:href="/bitstream/handle/10255/dryad.1465/README.doc?sequence=2"/>
</mets:file>
</mets:fileGrp>
<mets:fileGrp USE="TEXT">
<mets:file CHECKSUMTYPE="MD5" GROUPID="group_file_1104" ID="file_1310" MIMETYPE="text/plain" SIZE="8326248" CHECKSUM="c78126a2d51759cbe973d8b96c6a2498">
<mets:FLocat LOCTYPE="URL" xlink:title="BoakesEtAlDatasetS1.txt.txt" xlink:label="Extracted text" xlink:type="locator" xlink:href="/bitstream/handle/10255/dryad.1465/BoakesEtAlDatasetS1.txt.txt?sequence=3"/>
</mets:file>
<mets:file CHECKSUMTYPE="MD5" GROUPID="group_file_1105" ID="file_1311" MIMETYPE="text/plain" SIZE="3340" CHECKSUM="e1cd837440fb055e46bd4f10389d846f">
<mets:FLocat LOCTYPE="URL" xlink:title="README.doc.txt" xlink:label="Extracted text" xlink:type="locator" xlink:href="/bitstream/handle/10255/dryad.1465/README.doc.txt?sequence=4"/>
</mets:file>
</mets:fileGrp>
</mets:fileSec>
<mets:structMap LABEL="DSpace" TYPE="LOGICAL">
<mets:div DMDID="dmd_1" TYPE="DSpace Item">
<mets:div ID="div_2" TYPE="DSpace Content Bitstream">
<mets:fptr FILEID="file_1104"/>
</mets:div>
<mets:div ID="div_3" TYPE="DSpace Content Bitstream">
<mets:fptr FILEID="file_1105"/>
</mets:div>
</mets:div>
</mets:structMap>
</mets:METS>
