<?xml version="1.0" encoding="UTF-8"?>
<mets:METS xmlns:mets="http://www.loc.gov/METS/" xmlns:xlink="http://www.w3.org/TR/xlink/" xmlns:xsi="http://www.w3.org/2001/XMLSchema-instance" xmlns:dim="http://www.dspace.org/xmlns/dspace/dim" OBJEDIT="/admin/item?itemID=36174" OBJID="/handle/10255/dryad.34272" PROFILE="DSPACE METS SIP Profile 1.0" LABEL="DSpace Item" ID="hdl:10255/dryad.34272">
<mets:dmdSec GROUPID="group_dmd_0" ID="dmd_1">
<mets:mdWrap MDTYPE="OTHER" OTHERMDTYPE="DIM">
<mets:xmlData>
<dim:dim dspaceType="ITEM">
<dim:field element="contributor" qualifier="author" language="" mdschema="dc">Westneat, David F.</dim:field>
<dim:field element="contributor" qualifier="author" language="" mdschema="dc">Hatch, Margret I.</dim:field>
<dim:field element="contributor" qualifier="author" language="" mdschema="dc">Wetzel, Daniel P.</dim:field>
<dim:field element="contributor" qualifier="author" language="" mdschema="dc">Ensminger, Amanda L.</dim:field>
<dim:field element="coverage" qualifier="spatial" language="en" mdschema="dc">Kentucky</dim:field>
<dim:field element="coverage" qualifier="temporal" language="en" mdschema="dc">Present</dim:field>
<dim:field element="date" qualifier="accessioned" language="" mdschema="dc">2011-07-05T19:09:03Z</dim:field>
<dim:field element="date" qualifier="available" mdschema="dc">2011-11-22T20:05:44Z</dim:field>
<dim:field element="date" qualifier="issued" language="" mdschema="dc">2011-07-05</dim:field>
<dim:field element="identifier" mdschema="dc">doi:10.5061/dryad.181v0/1</dim:field>
<dim:field element="identifier" qualifier="uri" language="" mdschema="dc">http://hdl.handle.net/10255/dryad.34272</dim:field>
<dim:field element="description" language="en" mdschema="dc">See ReadMe file</dim:field>
<dim:field element="relation" qualifier="ispartof" language="" mdschema="dc">doi:10.5061/dryad.181v0</dim:field>
<dim:field element="rights" qualifier="uri" language="" mdschema="dc">http://creativecommons.org/publicdomain/zero/1.0/</dim:field>
<dim:field element="subject" language="en" mdschema="dc">Behavior: reproductive</dim:field>
<dim:field element="subject" language="en" mdschema="dc">Conflict: sexual</dim:field>
<dim:field element="subject" language="en" mdschema="dc">Life history</dim:field>
<dim:field element="subject" language="en" mdschema="dc">Parental care</dim:field>
<dim:field element="subject" language="en" mdschema="dc">Phenotypic plasticity</dim:field>
<dim:field element="subject" language="en" mdschema="dc">Bird</dim:field>
<dim:field element="subject" language="en" mdschema="dc">Personality</dim:field>
<dim:field element="title" language="en" mdschema="dc">PCareFinal</dim:field>
<dim:field element="type" language="*" mdschema="dc">Dataset</dim:field>
<dim:field element="ScientificName" language="en" mdschema="dwc">Passer domesticus</dim:field>
<dim:field element="type" qualifier="embargo" language="en" mdschema="dc">untilArticleAppears</dim:field>
<dim:field element="dryad" qualifier="pageviews">94</dim:field>
<dim:field element="dryad" qualifier="downloads">78</dim:field>
</dim:dim>
</mets:xmlData>
</mets:mdWrap>
</mets:dmdSec>
<mets:fileSec>
<mets:fileGrp USE="CONTENT">
<mets:file CHECKSUMTYPE="MD5" GROUPID="group_file_115127" ID="file_115127" MIMETYPE="text/csv" SIZE="265426" CHECKSUM="772021003044aa96a0ddd1497520d12f">
<mets:FLocat LOCTYPE="URL" xlink:title="PCareFinal.csv" xlink:label="dataset-file" xlink:type="locator" xlink:href="/bitstream/handle/10255/dryad.34272/PCareFinal.csv?sequence=1"/>
</mets:file>
<mets:file CHECKSUMTYPE="MD5" GROUPID="group_file_115128" ID="file_115128" MIMETYPE="text/plain" SIZE="4031" CHECKSUM="e07fe9cb43b6aa2e59a55b269b5040b1">
<mets:FLocat LOCTYPE="URL" xlink:title="README.txt" xlink:label="dc_readme" xlink:type="locator" xlink:href="/bitstream/handle/10255/dryad.34272/README.txt?sequence=2"/>
</mets:file>
</mets:fileGrp>
<mets:fileGrp USE="TEXT">
<mets:file CHECKSUMTYPE="MD5" GROUPID="group_file_115128" ID="file_115132" MIMETYPE="text/plain" SIZE="3954" CHECKSUM="b104ed8ebb347f0ef291af6fa246c000">
<mets:FLocat LOCTYPE="URL" xlink:title="README.txt.txt" xlink:label="Extracted text" xlink:type="locator" xlink:href="/bitstream/handle/10255/dryad.34272/README.txt.txt?sequence=3"/>
</mets:file>
</mets:fileGrp>
</mets:fileSec>
<mets:structMap LABEL="DSpace" TYPE="LOGICAL">
<mets:div DMDID="dmd_1" TYPE="DSpace Item">
<mets:div ID="div_2" TYPE="DSpace Content Bitstream">
<mets:fptr FILEID="file_115127"/>
</mets:div>
<mets:div ID="div_3" TYPE="DSpace Content Bitstream">
<mets:fptr FILEID="file_115128"/>
</mets:div>
</mets:div>
</mets:structMap>
</mets:METS>
