<?xml version="1.0" encoding="UTF-8"?>
<mets:METS xmlns:mets="http://www.loc.gov/METS/" xmlns:xlink="http://www.w3.org/TR/xlink/" xmlns:xsi="http://www.w3.org/2001/XMLSchema-instance" xmlns:dim="http://www.dspace.org/xmlns/dspace/dim" OBJEDIT="/admin/item?itemID=51905" OBJID="/handle/10255/dryad.44536" PROFILE="DSPACE METS SIP Profile 1.0" LABEL="DSpace Item" ID="hdl:10255/dryad.44536">
<mets:dmdSec GROUPID="group_dmd_0" ID="dmd_1">
<mets:mdWrap MDTYPE="OTHER" OTHERMDTYPE="DIM">
<mets:xmlData>
<dim:dim dspaceType="ITEM">
<dim:field element="contributor" qualifier="author" mdschema="dc">Meiri, Shai</dim:field>
<dim:field element="contributor" qualifier="author" mdschema="dc">Werdelin, Lars</dim:field>
<dim:field element="contributor" qualifier="author" mdschema="dc">Piras, Paolo</dim:field>
<dim:field element="contributor" qualifier="author" mdschema="dc">Saarinen, Juha</dim:field>
<dim:field element="contributor" qualifier="author" mdschema="dc">Fortelius, Mikael</dim:field>
<dim:field element="coverage" qualifier="spatial" language="" mdschema="dc">worldwide</dim:field>
<dim:field element="coverage" qualifier="temporal" language="" mdschema="dc">Late Mesozoic to Recent</dim:field>
<dim:field element="identifier" mdschema="dc">doi:10.5061/dryad.19653/1</dim:field>
<dim:field element="description" language="" mdschema="dc">Appendix 1 includes the phylogenetic tree of fossil fereuungulates, teh description of the phylogeny itself and related sources - Appendix 2 includes body size estimates with sources - Appendix 3 includes the explanation of the evolutionary models applied with related R-code</dim:field>
<dim:field element="relation" qualifier="ispartof" mdschema="dc">doi:10.5061/dryad.19653</dim:field>
<dim:field element="rights" qualifier="uri" mdschema="dc">http://creativecommons.org/publicdomain/zero/1.0/</dim:field>
<dim:field element="subject" confidence="NOVALUE" language="" mdschema="dc">mammals</dim:field>
<dim:field element="subject" confidence="NOVALUE" language="" mdschema="dc">fereuungulata</dim:field>
<dim:field element="subject" confidence="NOVALUE" language="" mdschema="dc">body size</dim:field>
<dim:field element="subject" confidence="NOVALUE" language="" mdschema="dc">phylogenetics</dim:field>
<dim:field element="title" language="" mdschema="dc">online appendices</dim:field>
<dim:field element="type" language="*" mdschema="dc">Dataset</dim:field>
<dim:field element="ScientificName" confidence="NOVALUE" language="" mdschema="dwc">Fereuungulata</dim:field>
<dim:field element="dryad" qualifier="pageviews">0</dim:field>
<dim:field element="dryad" qualifier="downloads">2</dim:field>
</dim:dim>
</mets:xmlData>
</mets:mdWrap>
</mets:dmdSec>
<mets:fileSec/>
<mets:structMap LABEL="DSpace" TYPE="LOGICAL">
<mets:div DMDID="dmd_1" TYPE="DSpace Item"/>
</mets:structMap>
</mets:METS>
