<?xml version="1.0" encoding="UTF-8"?>
<mets:METS xmlns:mets="http://www.loc.gov/METS/" xmlns:xlink="http://www.w3.org/TR/xlink/" xmlns:xsi="http://www.w3.org/2001/XMLSchema-instance" xmlns:dim="http://www.dspace.org/xmlns/dspace/dim" OBJEDIT="/admin/item?itemID=36855" OBJID="/handle/10255/dryad.34706" PROFILE="DSPACE METS SIP Profile 1.0" LABEL="DSpace Item" ID="hdl:10255/dryad.34706">
<mets:dmdSec GROUPID="group_dmd_0" ID="dmd_1">
<mets:mdWrap MDTYPE="OTHER" OTHERMDTYPE="DIM">
<mets:xmlData>
<dim:dim dspaceType="ITEM">
<dim:field element="contributor" qualifier="author" language="" mdschema="dc">Lukas, Dieter</dim:field>
<dim:field element="contributor" qualifier="author" language="" mdschema="dc">Clutton-Brock, Tim H</dim:field>
<dim:field element="date" qualifier="accessioned" language="" mdschema="dc">2011-08-15T20:04:39Z</dim:field>
<dim:field element="date" qualifier="available" mdschema="dc">2011-09-29T15:08:44Z</dim:field>
<dim:field element="date" qualifier="issued" language="" mdschema="dc">2011-08-15</dim:field>
<dim:field element="identifier" mdschema="dc">doi:10.5061/dryad.0r0p6/1</dim:field>
<dim:field element="identifier" qualifier="uri" language="" mdschema="dc">http://hdl.handle.net/10255/dryad.34706</dim:field>
<dim:field element="description" language="en" mdschema="dc">Comparative data for mammalian species collected from published literature</dim:field>
<dim:field element="relation" qualifier="ispartof" language="" mdschema="dc">doi:10.5061/dryad.0r0p6</dim:field>
<dim:field element="rights" qualifier="uri" language="" mdschema="dc">http://creativecommons.org/publicdomain/zero/1.0/</dim:field>
<dim:field element="subject" language="en" mdschema="dc">Mammals</dim:field>
<dim:field element="subject" language="en" mdschema="dc">Comparative studies</dim:field>
<dim:field element="title" language="en" mdschema="dc">Supplement_Lukas&amp;CluttonBrock_JEB_2011_00420</dim:field>
<dim:field element="type" language="*" mdschema="dc">Dataset</dim:field>
<dim:field element="type" qualifier="embargo" language="en" mdschema="dc">untilArticleAppears</dim:field>
<dim:field element="dryad" qualifier="pageviews">89</dim:field>
<dim:field element="dryad" qualifier="downloads">51</dim:field>
</dim:dim>
</mets:xmlData>
</mets:mdWrap>
</mets:dmdSec>
<mets:fileSec>
<mets:fileGrp USE="CONTENT">
<mets:file CHECKSUMTYPE="MD5" GROUPID="group_file_115701" ID="file_115701" MIMETYPE="application/pdf" SIZE="26893" CHECKSUM="2c04870ffe61fbbcc12c08939893f381">
<mets:FLocat LOCTYPE="URL" xlink:title="Supplement_Lukas&amp;CluttonBrock_JEB_2011_00420.pdf" xlink:label="dataset-file" xlink:type="locator" xlink:href="/bitstream/handle/10255/dryad.34706/Supplement_Lukas%26CluttonBrock_JEB_2011_00420.pdf?sequence=1"/>
</mets:file>
</mets:fileGrp>
<mets:fileGrp USE="TEXT">
<mets:file CHECKSUMTYPE="MD5" GROUPID="group_file_115701" ID="file_115719" MIMETYPE="text/plain" SIZE="3131" CHECKSUM="c34605ace48d7e1cee21fb551d1bfe30">
<mets:FLocat LOCTYPE="URL" xlink:title="Supplement_Lukas&amp;CluttonBrock_JEB_2011_00420.pdf.txt" xlink:label="Extracted text" xlink:type="locator" xlink:href="/bitstream/handle/10255/dryad.34706/Supplement_Lukas%26CluttonBrock_JEB_2011_00420.pdf.txt?sequence=2"/>
</mets:file>
</mets:fileGrp>
</mets:fileSec>
<mets:structMap LABEL="DSpace" TYPE="LOGICAL">
<mets:div DMDID="dmd_1" TYPE="DSpace Item">
<mets:div ID="div_2" TYPE="DSpace Content Bitstream">
<mets:fptr FILEID="file_115701"/>
</mets:div>
</mets:div>
</mets:structMap>
</mets:METS>
