<?xml version="1.0" encoding="UTF-8"?>
<mets:METS xmlns:mets="http://www.loc.gov/METS/" xmlns:xlink="http://www.w3.org/TR/xlink/" xmlns:xsi="http://www.w3.org/2001/XMLSchema-instance" xmlns:dim="http://www.dspace.org/xmlns/dspace/dim" OBJEDIT="/admin/item?itemID=65303" OBJID="/handle/10255/dryad.53441" PROFILE="DSPACE METS SIP Profile 1.0" LABEL="DSpace Item" ID="hdl:10255/dryad.53441">
<mets:dmdSec GROUPID="group_dmd_0" ID="dmd_1">
<mets:mdWrap MDTYPE="OTHER" OTHERMDTYPE="DIM">
<mets:xmlData>
<dim:dim dspaceType="ITEM">
<dim:field element="contributor" qualifier="author" mdschema="dc">Doran, Carolina</dim:field>
<dim:field element="contributor" qualifier="author" mdschema="dc">Pearce, Tom</dim:field>
<dim:field element="contributor" qualifier="author" mdschema="dc">Connor, Aaron</dim:field>
<dim:field element="contributor" qualifier="author" mdschema="dc">Schlegel, Thomas</dim:field>
<dim:field element="contributor" qualifier="author" mdschema="dc">Franklin, Elizabeth</dim:field>
<dim:field element="contributor" qualifier="author" mdschema="dc">Sendova-Franks, Ana B.</dim:field>
<dim:field element="contributor" qualifier="author" mdschema="dc">Franks, Nigel R.</dim:field>
<dim:field element="coverage" qualifier="spatial" language="" mdschema="dc">Dorset</dim:field>
<dim:field element="coverage" qualifier="spatial" language="" mdschema="dc">UK</dim:field>
<dim:field element="identifier" mdschema="dc">doi:10.5061/dryad.1661m/1</dim:field>
<dim:field element="description" language="" mdschema="dc">Number of ants counted according to the protocol described in the manuscript.</dim:field>
<dim:field element="relation" qualifier="ispartof" mdschema="dc">doi:10.5061/dryad.1661m</dim:field>
<dim:field element="rights" qualifier="uri" mdschema="dc">http://creativecommons.org/publicdomain/zero/1.0/</dim:field>
<dim:field element="subject" confidence="NOVALUE" language="" mdschema="dc">Temnothorax albipennis</dim:field>
<dim:field element="subject" confidence="NOVALUE" language="" mdschema="dc">quality</dim:field>
<dim:field element="subject" confidence="NOVALUE" language="" mdschema="dc">decision-making</dim:field>
<dim:field element="subject" confidence="NOVALUE" language="" mdschema="dc">information gathering</dim:field>
<dim:field element="title" language="" mdschema="dc">ants_searching_for_a_better_home_comments_raw_data</dim:field>
<dim:field element="type" language="*" mdschema="dc">Dataset</dim:field>
<dim:field element="ScientificName" confidence="NOVALUE" language="" mdschema="dwc">Temnothorax albipennis</dim:field>
<dim:field element="type" qualifier="embargo" language="" mdschema="dc">untilArticleAppears</dim:field>
<dim:field element="dryad" qualifier="pageviews">0</dim:field>
<dim:field element="dryad" qualifier="downloads">1</dim:field>
</dim:dim>
</mets:xmlData>
</mets:mdWrap>
</mets:dmdSec>
<mets:fileSec/>
<mets:structMap LABEL="DSpace" TYPE="LOGICAL">
<mets:div DMDID="dmd_1" TYPE="DSpace Item"/>
</mets:structMap>
</mets:METS>
