<?xml version="1.0" encoding="UTF-8"?>
<mets:METS xmlns:mets="http://www.loc.gov/METS/" xmlns:xlink="http://www.w3.org/TR/xlink/" xmlns:xsi="http://www.w3.org/2001/XMLSchema-instance" xmlns:dim="http://www.dspace.org/xmlns/dspace/dim" OBJEDIT="/admin/item?itemID=35288" OBJID="/handle/10255/dryad.33727" PROFILE="DSPACE METS SIP Profile 1.0" LABEL="DSpace Item" ID="hdl:10255/dryad.33727">
<mets:dmdSec GROUPID="group_dmd_0" ID="dmd_1">
<mets:mdWrap MDTYPE="OTHER" OTHERMDTYPE="DIM">
<mets:xmlData>
<dim:dim dspaceType="ITEM">
<dim:field element="contributor" qualifier="author" mdschema="dc">Beauchamp, Guy</dim:field>
<dim:field element="coverage" qualifier="spatial" language="en" mdschema="dc">North America</dim:field>
<dim:field element="date" qualifier="accessioned" mdschema="dc">2011-05-16T19:22:47Z</dim:field>
<dim:field element="date" qualifier="available" mdschema="dc">2011-06-03T17:59:51Z</dim:field>
<dim:field element="date" qualifier="issued" mdschema="dc">2011-05-16</dim:field>
<dim:field element="identifier" mdschema="dc">doi:10.5061/dryad.12d23/1</dim:field>
<dim:field element="identifier" qualifier="uri" mdschema="dc">http://hdl.handle.net/10255/dryad.33727</dim:field>
<dim:field element="description" language="en" mdschema="dc">Raw data concerning the timing of migration in breeding North American birds</dim:field>
<dim:field element="relation" qualifier="ispartof" mdschema="dc">doi:10.5061/dryad.12d23</dim:field>
<dim:field element="rights" qualifier="uri" mdschema="dc">http://creativecommons.org/publicdomain/zero/1.0/</dim:field>
<dim:field element="subject" language="en" mdschema="dc">Birds</dim:field>
<dim:field element="subject" language="en" mdschema="dc">Comparative studies</dim:field>
<dim:field element="title" language="en" mdschema="dc">appendix_2</dim:field>
<dim:field element="type" language="*" mdschema="dc">Dataset</dim:field>
<dim:field element="type" qualifier="embargo" language="en" mdschema="dc">untilArticleAppears</dim:field>
<dim:field element="dryad" qualifier="pageviews">79</dim:field>
<dim:field element="dryad" qualifier="downloads">67</dim:field>
</dim:dim>
</mets:xmlData>
</mets:mdWrap>
</mets:dmdSec>
<mets:fileSec>
<mets:fileGrp USE="CONTENT">
<mets:file CHECKSUMTYPE="MD5" GROUPID="group_file_114332" ID="file_114332" MIMETYPE="application/vnd.ms-excel" SIZE="333824" CHECKSUM="1c5c083d83774fab79635cb4b840d87a">
<mets:FLocat LOCTYPE="URL" xlink:title="appendix_2.xls" xlink:label="dataset-file" xlink:type="locator" xlink:href="/bitstream/handle/10255/dryad.33727/appendix_2.xls?sequence=1"/>
</mets:file>
</mets:fileGrp>
</mets:fileSec>
<mets:structMap LABEL="DSpace" TYPE="LOGICAL">
<mets:div DMDID="dmd_1" TYPE="DSpace Item">
<mets:div ID="div_2" TYPE="DSpace Content Bitstream">
<mets:fptr FILEID="file_114332"/>
</mets:div>
</mets:div>
</mets:structMap>
</mets:METS>
