<?xml version="1.0" encoding="UTF-8"?>
<mets:METS xmlns:mets="http://www.loc.gov/METS/" xmlns:xlink="http://www.w3.org/TR/xlink/" xmlns:xsi="http://www.w3.org/2001/XMLSchema-instance" xmlns:dim="http://www.dspace.org/xmlns/dspace/dim" OBJEDIT="/admin/item?itemID=49814" OBJID="/handle/10255/dryad.43147" PROFILE="DSPACE METS SIP Profile 1.0" LABEL="DSpace Item" ID="hdl:10255/dryad.43147">
<mets:dmdSec GROUPID="group_dmd_0" ID="dmd_1">
<mets:mdWrap MDTYPE="OTHER" OTHERMDTYPE="DIM">
<mets:xmlData>
<dim:dim dspaceType="ITEM">
<dim:field element="contributor" qualifier="author" language="" mdschema="dc">Ingleby, Fiona C.</dim:field>
<dim:field element="contributor" qualifier="author" language="" mdschema="dc">Hunt, John</dim:field>
<dim:field element="contributor" qualifier="author" language="" mdschema="dc">Hosken, David J.</dim:field>
<dim:field element="date" qualifier="accessioned" language="" mdschema="dc">2012-10-12T15:21:27Z</dim:field>
<dim:field element="date" qualifier="issued" language="" mdschema="dc">2012-10-12</dim:field>
<dim:field element="identifier" language="" mdschema="dc">doi:10.5061/dryad.18h00/1</dim:field>
<dim:field element="identifier" qualifier="uri" language="" mdschema="dc">http://hdl.handle.net/10255/dryad.43147</dim:field>
<dim:field element="relation" qualifier="ispartof" language="" mdschema="dc">doi:10.5061/dryad.18h00</dim:field>
<dim:field element="rights" qualifier="uri" language="" mdschema="dc">http://creativecommons.org/publicdomain/zero/1.0/</dim:field>
<dim:field element="subject" confidence="NOVALUE" language="" mdschema="dc">cuticular hydrocarbons</dim:field>
<dim:field element="subject" confidence="NOVALUE" language="" mdschema="dc">CHCs</dim:field>
<dim:field element="subject" confidence="NOVALUE" language="" mdschema="dc">genotype-by-environment interactions</dim:field>
<dim:field element="subject" confidence="NOVALUE" language="" mdschema="dc">G x Es</dim:field>
<dim:field element="subject" confidence="NOVALUE" language="" mdschema="dc">sexual selection</dim:field>
<dim:field element="subject" confidence="NOVALUE" language="" mdschema="dc">honest signalling</dim:field>
<dim:field element="title" language="" mdschema="dc">data for dryad</dim:field>
<dim:field element="type" language="*" mdschema="dc">Dataset</dim:field>
<dim:field element="ScientificName" confidence="NOVALUE" language="" mdschema="dwc">Drosophila simulans</dim:field>
<dim:field element="date" qualifier="embargoedUntil" mdschema="dc">2013-12-03</dim:field>
<dim:field element="type" qualifier="embargo" language="" mdschema="dc">oneyear</dim:field>
<dim:field element="dryad" qualifier="pageviews">76</dim:field>
<dim:field element="dryad" qualifier="downloads">1</dim:field>
</dim:dim>
</mets:xmlData>
</mets:mdWrap>
</mets:dmdSec>
<mets:fileSec/>
<mets:structMap LABEL="DSpace" TYPE="LOGICAL">
<mets:div DMDID="dmd_1" TYPE="DSpace Item"/>
</mets:structMap>
</mets:METS>
