<?xml version="1.0" encoding="UTF-8"?>
<mets:METS xmlns:mets="http://www.loc.gov/METS/" xmlns:xlink="http://www.w3.org/TR/xlink/" xmlns:xsi="http://www.w3.org/2001/XMLSchema-instance" xmlns:dim="http://www.dspace.org/xmlns/dspace/dim" OBJEDIT="/admin/item?itemID=1690" OBJID="/handle/10255/dryad.1477" PROFILE="DSPACE METS SIP Profile 1.0" LABEL="DSpace Item" ID="hdl:10255/dryad.1477">
<mets:dmdSec GROUPID="group_dmd_0" ID="dmd_1">
<mets:mdWrap MDTYPE="OTHER" OTHERMDTYPE="DIM">
<mets:xmlData>
<dim:dim dspaceType="ITEM">
<dim:field element="contributor" qualifier="author" language="en" mdschema="dc">Dennis, Alice</dim:field>
<dim:field element="contributor" qualifier="author" language="en" mdschema="dc">Hellberg, Michael</dim:field>
<dim:field element="date" qualifier="accessioned" language="" mdschema="dc">2010-04-26T21:54:05Z</dim:field>
<dim:field element="date" qualifier="available" language="" mdschema="dc">2010-04-26T21:54:05Z</dim:field>
<dim:field element="date" qualifier="issued" language="" mdschema="dc">2010-04-26</dim:field>
<dim:field element="identifier" mdschema="dc">doi:10.5061/dryad.1476/1</dim:field>
<dim:field element="identifier" qualifier="uri" language="" mdschema="dc">http://hdl.handle.net/10255/dryad.1477</dim:field>
<dim:field element="description" language="en" mdschema="dc">Alignment files in FASTA format.  There are 4 species and three genes, each in an individual file.  The 4 species are: (1) Melampus coffeus, (2) Melampus bidentatus cryptic species NORTH, (3) Melampus bidentatus cryptic species SOUTH, (4) Melampus bidentatus cryptic species GULF.  The 3 genes are: (1) Histone H3 (2) Cytochrome oxidase I (CO1) and (3) MCP, which has been Probable mitochondrial phosphate carrier protein.</dim:field>
<dim:field element="relation" qualifier="ispartof" language="en" mdschema="dc">doi:10.5061/dryad.1476</dim:field>
<dim:field element="rights" qualifier="uri" language="en" mdschema="dc">http://creativecommons.org/publicdomain/zero/1.0/</dim:field>
<dim:field element="subject" language="en" mdschema="dc">cryptic species</dim:field>
<dim:field element="subject" language="en" mdschema="dc">niche modeling</dim:field>
<dim:field element="subject" language="en" mdschema="dc">range limits</dim:field>
<dim:field element="subject" language="en" mdschema="dc">temperature</dim:field>
<dim:field element="subject" language="en" mdschema="dc">intertidal</dim:field>
<dim:field element="subject" language="en" mdschema="dc">mitochondrial phosphate carrier protein</dim:field>
<dim:field element="subject" language="en" mdschema="dc">cytochrome oxidase I (CO1)</dim:field>
<dim:field element="subject" language="en" mdschema="dc">histone H3</dim:field>
<dim:field element="title" language="en" mdschema="dc">AliceDennis_sequences.zip</dim:field>
<dim:field element="type" language="en" mdschema="dc">Dataset</dim:field>
<dim:field element="ScientificName" language="en" mdschema="dwc">Melampus bidentatus</dim:field>
<dim:field element="ScientificName" language="en" mdschema="dwc">Melampus coffeus</dim:field>
<dim:field element="dryad" qualifier="pageviews">246</dim:field>
<dim:field element="dryad" qualifier="downloads">38</dim:field>
</dim:dim>
</mets:xmlData>
</mets:mdWrap>
</mets:dmdSec>
<mets:fileSec>
<mets:fileGrp USE="CONTENT">
<mets:file CHECKSUMTYPE="MD5" GROUPID="group_file_1109" ID="file_1109" MIMETYPE="application/zip" SIZE="13406" CHECKSUM="840a50126a57a865c514a1337980b432">
<mets:FLocat LOCTYPE="URL" xlink:title="AliceDennis_sequences.zip" xlink:type="locator" xlink:href="/bitstream/handle/10255/dryad.1477/AliceDennis_sequences.zip?sequence=1"/>
</mets:file>
</mets:fileGrp>
</mets:fileSec>
<mets:structMap LABEL="DSpace" TYPE="LOGICAL">
<mets:div DMDID="dmd_1" TYPE="DSpace Item">
<mets:div ID="div_2" TYPE="DSpace Content Bitstream">
<mets:fptr FILEID="file_1109"/>
</mets:div>
</mets:div>
</mets:structMap>
</mets:METS>
