<?xml version="1.0" encoding="UTF-8"?>
<mets:METS xmlns:mets="http://www.loc.gov/METS/" xmlns:xlink="http://www.w3.org/TR/xlink/" xmlns:xsi="http://www.w3.org/2001/XMLSchema-instance" xmlns:dim="http://www.dspace.org/xmlns/dspace/dim" OBJEDIT="/admin/item?itemID=2318" OBJID="/handle/10255/dryad.1991" PROFILE="DSPACE METS SIP Profile 1.0" LABEL="DSpace Item" ID="hdl:10255/dryad.1991">
<mets:dmdSec GROUPID="group_dmd_0" ID="dmd_1">
<mets:mdWrap MDTYPE="OTHER" OTHERMDTYPE="DIM">
<mets:xmlData>
<dim:dim dspaceType="ITEM">
<dim:field element="contributor" language="" mdschema="dc">Benitez-Vieyra, Santiago</dim:field>
<dim:field element="contributor" language="" mdschema="dc">Ordano, Mariano</dim:field>
<dim:field element="contributor" language="" mdschema="dc">Fornoni, Juan</dim:field>
<dim:field element="contributor" language="" mdschema="dc">Boege, Karina</dim:field>
<dim:field element="contributor" language="" mdschema="dc">Domínguez, César A</dim:field>
<dim:field element="coverage" qualifier="spatial" language="en" mdschema="dc">Centro de Investigaciones Costeras La Mancha (CICOLMA). Veracruz. México. 19º31’17’’N. 96º13’29’’W.</dim:field>
<dim:field element="date" qualifier="accessioned" language="" mdschema="dc">2010-09-16T18:05:20Z</dim:field>
<dim:field element="date" qualifier="available" language="" mdschema="dc">2010-10-14T06:30:06Z</dim:field>
<dim:field element="date" qualifier="issued" language="" mdschema="dc">2010-09-16</dim:field>
<dim:field element="identifier" mdschema="dc">doi:10.5061/dryad.1989/2</dim:field>
<dim:field element="identifier" qualifier="uri" language="" mdschema="dc">http://hdl.handle.net/10255/dryad.1991</dim:field>
<dim:field element="description" language="en" mdschema="dc">Include morphological and reproductive success data from 57 Turnera ulmifolia plants used to estimate phenotypic selection on flower number, mean nectar production rate, mean petal lenght and signal accuracy.</dim:field>
<dim:field element="relation" qualifier="ispartof" language="" mdschema="dc">doi:10.5061/dryad.1989</dim:field>
<dim:field element="subject" language="en" mdschema="dc">signal accuracy</dim:field>
<dim:field element="subject" language="en" mdschema="dc">reward</dim:field>
<dim:field element="subject" language="en" mdschema="dc">pollinator-mediated selection</dim:field>
<dim:field element="subject" language="en" mdschema="dc">deception</dim:field>
<dim:field element="subject" language="en" mdschema="dc">honesty</dim:field>
<dim:field element="title" language="en" mdschema="dc">selection in Turnera ulmifolia</dim:field>
<dim:field element="ScientificName" language="en" mdschema="dwc">Turnera ulmifolia L.</dim:field>
<dim:field element="type" qualifier="embargo" language="en" mdschema="dc">untilArticleAppears</dim:field>
<dim:field element="dryad" qualifier="pageviews">168</dim:field>
<dim:field element="dryad" qualifier="downloads">109</dim:field>
</dim:dim>
</mets:xmlData>
</mets:mdWrap>
</mets:dmdSec>
<mets:fileSec>
<mets:fileGrp USE="CONTENT">
<mets:file CHECKSUMTYPE="MD5" GROUPID="group_file_1763" ID="file_1763" MIMETYPE="text/plain" SIZE="3716" CHECKSUM="2ea48310ad828750ff06ccf0f9b1e567">
<mets:FLocat LOCTYPE="URL" xlink:title="selection in Turnera ulmifolia.txt" xlink:label="dataset-file" xlink:type="locator" xlink:href="/bitstream/handle/10255/dryad.1991/selection%20in%20Turnera%20ulmifolia.txt?sequence=1"/>
</mets:file>
<mets:file CHECKSUMTYPE="MD5" GROUPID="group_file_1764" ID="file_1764" MIMETYPE="text/plain" SIZE="1220" CHECKSUM="6f0f27068843826a2190f414a41e65f9">
<mets:FLocat LOCTYPE="URL" xlink:title="README.txt" xlink:label="dc_readme" xlink:type="locator" xlink:href="/bitstream/handle/10255/dryad.1991/README.txt?sequence=2"/>
</mets:file>
</mets:fileGrp>
<mets:fileGrp USE="TEXT">
<mets:file CHECKSUMTYPE="MD5" GROUPID="group_file_1764" ID="file_1772" MIMETYPE="text/plain" SIZE="1191" CHECKSUM="7cdf64adf6d2c485c18eb3ffe5572ee8">
<mets:FLocat LOCTYPE="URL" xlink:title="README.txt.txt" xlink:label="Extracted text" xlink:type="locator" xlink:href="/bitstream/handle/10255/dryad.1991/README.txt.txt?sequence=3"/>
</mets:file>
<mets:file CHECKSUMTYPE="MD5" GROUPID="group_file_1763" ID="file_1773" MIMETYPE="text/plain" SIZE="3658" CHECKSUM="e0c2afcda4f4e206a884b62e72a64d86">
<mets:FLocat LOCTYPE="URL" xlink:title="selection in Turnera ulmifolia.txt.txt" xlink:label="Extracted text" xlink:type="locator" xlink:href="/bitstream/handle/10255/dryad.1991/selection%20in%20Turnera%20ulmifolia.txt.txt?sequence=4"/>
</mets:file>
</mets:fileGrp>
</mets:fileSec>
<mets:structMap LABEL="DSpace" TYPE="LOGICAL">
<mets:div DMDID="dmd_1" TYPE="DSpace Item">
<mets:div ID="div_2" TYPE="DSpace Content Bitstream">
<mets:fptr FILEID="file_1763"/>
</mets:div>
<mets:div ID="div_3" TYPE="DSpace Content Bitstream">
<mets:fptr FILEID="file_1764"/>
</mets:div>
</mets:div>
</mets:structMap>
</mets:METS>
