<?xml version="1.0" encoding="UTF-8"?>
<mets:METS xmlns:mets="http://www.loc.gov/METS/" xmlns:xlink="http://www.w3.org/TR/xlink/" xmlns:xsi="http://www.w3.org/2001/XMLSchema-instance" xmlns:dim="http://www.dspace.org/xmlns/dspace/dim" OBJEDIT="/admin/item?itemID=1314" OBJID="/handle/10255/dryad.1152" PROFILE="DSPACE METS SIP Profile 1.0" LABEL="DSpace Item" ID="hdl:10255/dryad.1152">
<mets:dmdSec GROUPID="group_dmd_0" ID="dmd_1">
<mets:mdWrap MDTYPE="OTHER" OTHERMDTYPE="DIM">
<mets:xmlData>
<dim:dim dspaceType="ITEM">
<dim:field element="contributor" qualifier="author" language="en" mdschema="dc">Brown, Kirsten M.</dim:field>
<dim:field element="contributor" qualifier="author" language="en" mdschema="dc">Burk, Lisa M.</dim:field>
<dim:field element="contributor" qualifier="author" language="en" mdschema="dc">Henagan, Loren M.</dim:field>
<dim:field element="contributor" qualifier="author" language="en" mdschema="dc">Noor, Mohamed A. F.</dim:field>
<dim:field element="date" qualifier="accessioned" language="" mdschema="dc">2009-12-18T20:29:04Z</dim:field>
<dim:field element="date" qualifier="available" language="" mdschema="dc">2009-12-18T20:29:04Z</dim:field>
<dim:field element="date" qualifier="issued" language="" mdschema="dc">2009-12-18T20:29:04Z</dim:field>
<dim:field element="identifier" language="" mdschema="dc">doi:10.5061/dryad.1150/1</dim:field>
<dim:field element="identifier" qualifier="uri" language="" mdschema="dc">http://hdl.handle.net/10255/dryad.1152</dim:field>
<dim:field element="relation" qualifier="ispartof" language="en" mdschema="dc">doi:10.5061/dryad.1150</dim:field>
<dim:field element="rights" qualifier="uri" language="en" mdschema="dc">http://creativecommons.org/publicdomain/zero/1.0/</dim:field>
<dim:field element="subject" language="en" mdschema="dc">chromosomal inversions</dim:field>
<dim:field element="subject" language="en" mdschema="dc">hybrid sterility</dim:field>
<dim:field element="subject" language="en" mdschema="dc">speciation</dim:field>
<dim:field element="subject" language="en" mdschema="dc">recombination</dim:field>
<dim:field element="title" language="en" mdschema="dc">BackcrossGenotypes.zip</dim:field>
<dim:field element="type" language="en" mdschema="dc">Dataset</dim:field>
<dim:field element="ScientificName" language="en" mdschema="dwc">Drosophila pseudoobscura</dim:field>
<dim:field element="ScientificName" language="en" mdschema="dwc">Drosophila persimilis</dim:field>
<dim:field element="ScientificName" language="en" mdschema="dwc">Drosophila pseudoobscura bogotana</dim:field>
<dim:field element="status" language="" mdschema="dryad">scanned</dim:field>
<dim:field element="dryad" qualifier="pageviews">154</dim:field>
<dim:field element="dryad" qualifier="downloads">116</dim:field>
</dim:dim>
</mets:xmlData>
</mets:mdWrap>
</mets:dmdSec>
<mets:fileSec>
<mets:fileGrp USE="CONTENT">
<mets:file CHECKSUMTYPE="MD5" GROUPID="group_file_966" ID="file_966" MIMETYPE="application/zip" SIZE="29781" CHECKSUM="308f1326e2c8baac41df48ce6f063012">
<mets:FLocat LOCTYPE="URL" xlink:title="BackcrossGenotypes.zip" xlink:type="locator" xlink:href="/bitstream/handle/10255/dryad.1152/BackcrossGenotypes.zip?sequence=1"/>
</mets:file>
<mets:file CHECKSUMTYPE="MD5" GROUPID="group_file_967" ID="file_967" MIMETYPE="text/plain" SIZE="2665" CHECKSUM="27731f1c7184176d9859530150c46b48">
<mets:FLocat LOCTYPE="URL" xlink:title="README.txt" xlink:type="locator" xlink:href="/bitstream/handle/10255/dryad.1152/README.txt?sequence=2"/>
</mets:file>
</mets:fileGrp>
<mets:fileGrp USE="TEXT">
<mets:file CHECKSUMTYPE="MD5" GROUPID="group_file_967" ID="file_1283" MIMETYPE="text/plain" SIZE="2606" CHECKSUM="4a74497424c20b57194a9604720f342c">
<mets:FLocat LOCTYPE="URL" xlink:title="README.txt.txt" xlink:label="Extracted text" xlink:type="locator" xlink:href="/bitstream/handle/10255/dryad.1152/README.txt.txt?sequence=3"/>
</mets:file>
</mets:fileGrp>
</mets:fileSec>
<mets:structMap LABEL="DSpace" TYPE="LOGICAL">
<mets:div DMDID="dmd_1" TYPE="DSpace Item">
<mets:div ID="div_2" TYPE="DSpace Content Bitstream">
<mets:fptr FILEID="file_966"/>
</mets:div>
<mets:div ID="div_3" TYPE="DSpace Content Bitstream">
<mets:fptr FILEID="file_967"/>
</mets:div>
</mets:div>
</mets:structMap>
</mets:METS>
