<?xml version="1.0" encoding="UTF-8"?>
<mets:METS xmlns:mets="http://www.loc.gov/METS/" xmlns:xlink="http://www.w3.org/TR/xlink/" xmlns:xsi="http://www.w3.org/2001/XMLSchema-instance" xmlns:dim="http://www.dspace.org/xmlns/dspace/dim" OBJEDIT="/admin/item?itemID=1611" OBJID="/handle/10255/dryad.1410" PROFILE="DSPACE METS SIP Profile 1.0" LABEL="DSpace Item" ID="hdl:10255/dryad.1410">
<mets:dmdSec GROUPID="group_dmd_0" ID="dmd_1">
<mets:mdWrap MDTYPE="OTHER" OTHERMDTYPE="DIM">
<mets:xmlData>
<dim:dim dspaceType="ITEM">
<dim:field element="contributor" qualifier="author" language="en" mdschema="dc">Hoffman, Joseph I</dim:field>
<dim:field element="contributor" qualifier="author" language="en" mdschema="dc">Dasmahapatra, Kanchon</dim:field>
<dim:field element="contributor" qualifier="author" language="en" mdschema="dc">Amos, William</dim:field>
<dim:field element="contributor" qualifier="author" language="en" mdschema="dc">Phillips, Caleb</dim:field>
<dim:field element="contributor" qualifier="author" language="en" mdschema="dc">Gelatt, Tom</dim:field>
<dim:field element="contributor" qualifier="author" language="en" mdschema="dc">Bickham, John</dim:field>
<dim:field element="coverage" qualifier="spatial" language="en" mdschema="dc">Northern hemisphere</dim:field>
<dim:field element="coverage" qualifier="temporal" language="en" mdschema="dc">Modern</dim:field>
<dim:field element="date" qualifier="accessioned" language="" mdschema="dc">2010-03-31T09:24:47Z</dim:field>
<dim:field element="date" qualifier="available" language="" mdschema="dc">2010-03-31T09:24:47Z</dim:field>
<dim:field element="date" qualifier="issued" language="" mdschema="dc">2010-03-31T09:24:47Z</dim:field>
<dim:field element="identifier" mdschema="dc">doi:10.5061/dryad.1409/1</dim:field>
<dim:field element="identifier" qualifier="uri" language="" mdschema="dc">http://hdl.handle.net/10255/dryad.1410</dim:field>
<dim:field element="description" language="en" mdschema="dc">Datafile containing AFLP, microsatellite and mtDNA datafiles.</dim:field>
<dim:field element="relation" qualifier="ispartof" language="en" mdschema="dc">doi:10.5061/dryad.1409</dim:field>
<dim:field element="rights" qualifier="uri" language="en" mdschema="dc">http://creativecommons.org/publicdomain/zero/1.0/</dim:field>
<dim:field element="subject" language="en" mdschema="dc">Conservation Genetics</dim:field>
<dim:field element="subject" language="en" mdschema="dc">Mammals</dim:field>
<dim:field element="subject" language="en" mdschema="dc">Population Ecology</dim:field>
<dim:field element="subject" language="en" mdschema="dc">Population Genetics - Empirical</dim:field>
<dim:field element="title" language="en" mdschema="dc">Dryad data file.xls</dim:field>
<dim:field element="type" language="en" mdschema="dc">Dataset</dim:field>
<dim:field element="ScientificName" language="en" mdschema="dwc">Eumetopias jubatus</dim:field>
<dim:field element="status" language="" mdschema="dryad">scanned</dim:field>
<dim:field element="dryad" qualifier="pageviews">119</dim:field>
<dim:field element="dryad" qualifier="downloads">65</dim:field>
</dim:dim>
</mets:xmlData>
</mets:mdWrap>
</mets:dmdSec>
<mets:fileSec>
<mets:fileGrp USE="CONTENT">
<mets:file CHECKSUMTYPE="MD5" GROUPID="group_file_1080" ID="file_1080" MIMETYPE="application/vnd.ms-excel" SIZE="545280" CHECKSUM="371d1fc7656d2ccc08c0c85b54997f85">
<mets:FLocat LOCTYPE="URL" xlink:title="Dryad data file.xls" xlink:type="locator" xlink:href="/bitstream/handle/10255/dryad.1410/Dryad%20data%20file.xls?sequence=1"/>
</mets:file>
</mets:fileGrp>
</mets:fileSec>
<mets:structMap LABEL="DSpace" TYPE="LOGICAL">
<mets:div DMDID="dmd_1" TYPE="DSpace Item">
<mets:div ID="div_2" TYPE="DSpace Content Bitstream">
<mets:fptr FILEID="file_1080"/>
</mets:div>
</mets:div>
</mets:structMap>
</mets:METS>
