<?xml version="1.0" encoding="UTF-8"?>
<mets:METS xmlns:mets="http://www.loc.gov/METS/" xmlns:xlink="http://www.w3.org/TR/xlink/" xmlns:xsi="http://www.w3.org/2001/XMLSchema-instance" xmlns:dim="http://www.dspace.org/xmlns/dspace/dim" OBJEDIT="/admin/item?itemID=60447" OBJID="/handle/10255/dryad.50232" PROFILE="DSPACE METS SIP Profile 1.0" LABEL="DSpace Item" ID="hdl:10255/dryad.50232">
<mets:dmdSec GROUPID="group_dmd_0" ID="dmd_1">
<mets:mdWrap MDTYPE="OTHER" OTHERMDTYPE="DIM">
<mets:xmlData>
<dim:dim dspaceType="ITEM">
<dim:field element="contributor" qualifier="author" language="" mdschema="dc">Janicke, Tim</dim:field>
<dim:field element="contributor" qualifier="author" language="" mdschema="dc">Marie-Orleach, Lucas</dim:field>
<dim:field element="contributor" qualifier="author" language="" mdschema="dc">De Mulder, Katrien</dim:field>
<dim:field element="contributor" qualifier="author" language="" mdschema="dc">Berezikov, Eugene</dim:field>
<dim:field element="contributor" qualifier="author" language="" mdschema="dc">Ladurner, Peter</dim:field>
<dim:field element="contributor" qualifier="author" language="" mdschema="dc">Vizoso, Dita Brigida</dim:field>
<dim:field element="contributor" qualifier="author" language="" mdschema="dc">Schärer, Lukas</dim:field>
<dim:field element="date" qualifier="accessioned" mdschema="dc">2013-06-03T14:57:14Z</dim:field>
<dim:field element="date" qualifier="available" mdschema="dc">2013-06-14T18:23:20Z</dim:field>
<dim:field element="date" qualifier="issued" mdschema="dc">2013-06-03</dim:field>
<dim:field element="identifier" language="" mdschema="dc">doi:10.5061/dryad.16vk4/1</dim:field>
<dim:field element="identifier" mdschema="dc">doi:10.5061/dryad.16vk4/1</dim:field>
<dim:field element="identifier" qualifier="uri" mdschema="dc">http://hdl.handle.net/10255/dryad.50232</dim:field>
<dim:field element="description" language="" mdschema="dc">Estimates of mating group size, body size and sex allocation assessed for different social group sizes. Data file contains three data sheets: (1) mean values, (2) individual values and (3) legend of column headings for (1) and (2).</dim:field>
<dim:field element="relation" qualifier="ispartof" language="" mdschema="dc">doi:10.5061/dryad.16vk4</dim:field>
<dim:field element="rights" qualifier="uri" language="" mdschema="dc">http://creativecommons.org/publicdomain/zero/1.0/</dim:field>
<dim:field element="subject" confidence="NOVALUE" language="" mdschema="dc">local mate competition</dim:field>
<dim:field element="subject" confidence="NOVALUE" language="" mdschema="dc">mating group size</dim:field>
<dim:field element="subject" confidence="NOVALUE" language="" mdschema="dc">Phenotypic Plasticity</dim:field>
<dim:field element="subject" confidence="NOVALUE" language="" mdschema="dc">sperm competition</dim:field>
<dim:field element="title" language="" mdschema="dc">DATA_Janicke_et_al_SexAlloAdj_Evolution</dim:field>
<dim:field element="type" language="*" mdschema="dc">Dataset</dim:field>
<dim:field element="ScientificName" confidence="NOVALUE" language="" mdschema="dwc">Macrostomum lignano</dim:field>
<dim:field element="ScientificName" confidence="NOVALUE" language="" mdschema="dwc">Platyhelminthes</dim:field>
<dim:field element="type" qualifier="embargo" language="" mdschema="dc">untilArticleAppears</dim:field>
<dim:field element="dryad" qualifier="pageviews">8</dim:field>
<dim:field element="dryad" qualifier="downloads">3</dim:field>
</dim:dim>
</mets:xmlData>
</mets:mdWrap>
</mets:dmdSec>
<mets:fileSec>
<mets:fileGrp USE="CONTENT">
<mets:file CHECKSUMTYPE="MD5" GROUPID="group_file_133241" ID="file_133241" MIMETYPE="application/vnd.openxmlformats-officedocument.spreadsheetml.sheet" SIZE="18907" CHECKSUM="fbb6207ea8d30440259a39abae4d91f1">
<mets:FLocat LOCTYPE="URL" xlink:title="DATA_Janicke_et_al_SexAlloAdj_Evolution.xlsx" xlink:label="dataset-file" xlink:type="locator" xlink:href="/bitstream/handle/10255/dryad.50232/DATA_Janicke_et_al_SexAlloAdj_Evolution.xlsx?sequence=1"/>
</mets:file>
</mets:fileGrp>
</mets:fileSec>
<mets:structMap LABEL="DSpace" TYPE="LOGICAL">
<mets:div DMDID="dmd_1" TYPE="DSpace Item">
<mets:div ID="div_2" TYPE="DSpace Content Bitstream">
<mets:fptr FILEID="file_133241"/>
</mets:div>
</mets:div>
</mets:structMap>
</mets:METS>
