<?xml version="1.0" encoding="UTF-8"?>
<mets:METS xmlns:mets="http://www.loc.gov/METS/" xmlns:xlink="http://www.w3.org/TR/xlink/" xmlns:xsi="http://www.w3.org/2001/XMLSchema-instance" xmlns:dim="http://www.dspace.org/xmlns/dspace/dim" OBJEDIT="/admin/item?itemID=45803" OBJID="/handle/10255/dryad.40497" PROFILE="DSPACE METS SIP Profile 1.0" LABEL="DSpace Item" ID="hdl:10255/dryad.40497">
<mets:dmdSec GROUPID="group_dmd_0" ID="dmd_1">
<mets:mdWrap MDTYPE="OTHER" OTHERMDTYPE="DIM">
<mets:xmlData>
<dim:dim dspaceType="ITEM">
<dim:field element="contributor" qualifier="author" language="" mdschema="dc">Martínez, Amparo M.</dim:field>
<dim:field element="contributor" qualifier="author" language="" mdschema="dc">Gama, Luis T.</dim:field>
<dim:field element="contributor" qualifier="author" language="" mdschema="dc">Cañón, Javier</dim:field>
<dim:field element="contributor" qualifier="author" language="" mdschema="dc">Ginja, Catarina</dim:field>
<dim:field element="contributor" qualifier="author" language="" mdschema="dc">Delgado, Juan V.</dim:field>
<dim:field element="contributor" qualifier="author" language="" mdschema="dc">Dunner, Susana</dim:field>
<dim:field element="contributor" qualifier="author" language="" mdschema="dc">Landi, Vincenzo</dim:field>
<dim:field element="contributor" qualifier="author" language="" mdschema="dc">Martín-Burriel, Inmaculada</dim:field>
<dim:field element="contributor" qualifier="author" language="" mdschema="dc">T. Penedo, M. Cecilia</dim:field>
<dim:field element="contributor" qualifier="author" language="" mdschema="dc">Rodellar, Clementina</dim:field>
<dim:field element="contributor" qualifier="author" language="" mdschema="dc">Vega-Pla, Jose Luis</dim:field>
<dim:field element="contributor" qualifier="author" language="" mdschema="dc">Acosta, Atzel</dim:field>
<dim:field element="contributor" qualifier="author" language="" mdschema="dc">Álvarez, Luz Ángela</dim:field>
<dim:field element="contributor" qualifier="author" language="" mdschema="dc">Camacho, Esperanza</dim:field>
<dim:field element="contributor" qualifier="author" language="" mdschema="dc">Cortés, Óscar</dim:field>
<dim:field element="contributor" qualifier="author" language="" mdschema="dc">Marques, José Ribamar</dim:field>
<dim:field element="contributor" qualifier="author" language="" mdschema="dc">Martínez, Óscar Roberto</dim:field>
<dim:field element="contributor" qualifier="author" language="" mdschema="dc">Martínez, Rubén Darío</dim:field>
<dim:field element="contributor" qualifier="author" language="" mdschema="dc">Melucci, Lilia</dim:field>
<dim:field element="contributor" qualifier="author" language="" mdschema="dc">Martínez-Velázquez, Guillermo</dim:field>
<dim:field element="contributor" qualifier="author" language="" mdschema="dc">Muñoz, Jose Ernesto</dim:field>
<dim:field element="contributor" qualifier="author" language="" mdschema="dc">Postiglioni, Alicia</dim:field>
<dim:field element="contributor" qualifier="author" language="" mdschema="dc">Quiroz, Jorge</dim:field>
<dim:field element="contributor" qualifier="author" language="" mdschema="dc">Sponenberg, Philip</dim:field>
<dim:field element="contributor" qualifier="author" language="" mdschema="dc">Uffo, Odalys</dim:field>
<dim:field element="contributor" qualifier="author" language="" mdschema="dc">Villalobos, Axel</dim:field>
<dim:field element="contributor" qualifier="author" language="" mdschema="dc">Zambrano, Delsito</dim:field>
<dim:field element="contributor" qualifier="author" language="" mdschema="dc">Zaragoza, Pilar</dim:field>
<dim:field element="coverage" qualifier="spatial" language="" mdschema="dc">America</dim:field>
<dim:field element="coverage" qualifier="spatial" language="" mdschema="dc">Europe</dim:field>
<dim:field element="date" qualifier="accessioned" language="" mdschema="dc">2013-02-05T18:48:28Z</dim:field>
<dim:field element="date" qualifier="available" language="" mdschema="dc">2013-02-05T18:48:28Z</dim:field>
<dim:field element="date" qualifier="issued" language="" mdschema="dc">2013-02-05</dim:field>
<dim:field element="identifier" language="" mdschema="dc">doi:10.5061/dryad.17gk0/2</dim:field>
<dim:field element="identifier" language="" mdschema="dc">doi:10.5061/dryad.17gk0/2</dim:field>
<dim:field element="identifier" qualifier="uri" language="" mdschema="dc">http://hdl.handle.net/10255/dryad.40497</dim:field>
<dim:field element="relation" qualifier="ispartof" language="" mdschema="dc">doi:10.5061/dryad.17gk0</dim:field>
<dim:field element="rights" qualifier="uri" language="" mdschema="dc">http://creativecommons.org/publicdomain/zero/1.0/</dim:field>
<dim:field element="subject" confidence="NOVALUE" language="" mdschema="dc">Creole Cattle</dim:field>
<dim:field element="subject" confidence="NOVALUE" language="" mdschema="dc">domestic animal genetic resources</dim:field>
<dim:field element="subject" confidence="NOVALUE" language="" mdschema="dc">conservation</dim:field>
<dim:field element="subject" confidence="NOVALUE" language="" mdschema="dc">microsatellites</dim:field>
<dim:field element="subject" confidence="NOVALUE" language="" mdschema="dc">population structure</dim:field>
<dim:field element="subject" confidence="NOVALUE" language="" mdschema="dc">genetic relationships</dim:field>
<dim:field element="title" language="" mdschema="dc">Alele frequencies</dim:field>
<dim:field element="type" language="*" mdschema="dc">Dataset</dim:field>
<dim:field element="ScientificName" confidence="NOVALUE" language="" mdschema="dwc">Bos taurus</dim:field>
<dim:field element="ScientificName" confidence="NOVALUE" language="" mdschema="dwc">Bos indicus</dim:field>
<dim:field element="dryad" qualifier="pageviews">63</dim:field>
<dim:field element="dryad" qualifier="downloads">28</dim:field>
</dim:dim>
</mets:xmlData>
</mets:mdWrap>
</mets:dmdSec>
<mets:fileSec>
<mets:fileGrp USE="CONTENT">
<mets:file CHECKSUMTYPE="MD5" GROUPID="group_file_123160" ID="file_123160" MIMETYPE="application/vnd.ms-excel" SIZE="206848" CHECKSUM="83e61ab80337c5530c1726ab18ad5915">
<mets:FLocat LOCTYPE="URL" xlink:title="Alele frequencies.xls" xlink:label="dataset-file" xlink:type="locator" xlink:href="/bitstream/handle/10255/dryad.40497/Alele%20frequencies.xls?sequence=1"/>
</mets:file>
</mets:fileGrp>
</mets:fileSec>
<mets:structMap LABEL="DSpace" TYPE="LOGICAL">
<mets:div DMDID="dmd_1" TYPE="DSpace Item">
<mets:div ID="div_2" TYPE="DSpace Content Bitstream">
<mets:fptr FILEID="file_123160"/>
</mets:div>
</mets:div>
</mets:structMap>
</mets:METS>
