<?xml version="1.0" encoding="UTF-8"?>
<mets:METS xmlns:mets="http://www.loc.gov/METS/" xmlns:xlink="http://www.w3.org/TR/xlink/" xmlns:xsi="http://www.w3.org/2001/XMLSchema-instance" xmlns:dim="http://www.dspace.org/xmlns/dspace/dim" OBJEDIT="/admin/item?itemID=45274" OBJID="/handle/10255/dryad.40155" PROFILE="DSPACE METS SIP Profile 1.0" LABEL="DSpace Item" ID="hdl:10255/dryad.40155">
<mets:dmdSec GROUPID="group_dmd_0" ID="dmd_1">
<mets:mdWrap MDTYPE="OTHER" OTHERMDTYPE="DIM">
<mets:xmlData>
<dim:dim dspaceType="ITEM">
<dim:field element="contributor" qualifier="author" language="" mdschema="dc">Pruitt, Jonathan N.</dim:field>
<dim:field element="contributor" qualifier="author" language="" mdschema="dc">Oufiero, Christopher E.</dim:field>
<dim:field element="contributor" qualifier="author" language="" mdschema="dc">Avilés, Leticia</dim:field>
<dim:field element="contributor" qualifier="author" language="" mdschema="dc">Riechert, Susan E.</dim:field>
<dim:field element="date" qualifier="accessioned" mdschema="dc">2012-06-07T15:39:17Z</dim:field>
<dim:field element="date" qualifier="available" mdschema="dc">2012-09-25T19:03:44Z</dim:field>
<dim:field element="date" qualifier="issued" mdschema="dc">2012-06-07</dim:field>
<dim:field element="identifier" language="" mdschema="dc">doi:10.5061/dryad.08np6/2</dim:field>
<dim:field element="identifier" mdschema="dc">doi:10.5061/dryad.08np6/2</dim:field>
<dim:field element="identifier" qualifier="uri" mdschema="dc">http://hdl.handle.net/10255/dryad.40155</dim:field>
<dim:field element="description" language="" mdschema="dc">The prey capture success (0=failure, 1=success), collective mass gain, and mass of each prey item, for each of three size classes of prey item (small, medium, large)</dim:field>
<dim:field element="relation" qualifier="ispartof" language="" mdschema="dc">doi:10.5061/dryad.08np6</dim:field>
<dim:field element="rights" qualifier="uri" language="" mdschema="dc">http://creativecommons.org/publicdomain/zero/1.0/</dim:field>
<dim:field element="subject" language="" mdschema="dc">Behavior: evolution</dim:field>
<dim:field element="subject" language="" mdschema="dc">Behavior: social</dim:field>
<dim:field element="title" language="" mdschema="dc">Comparative Prey Capture</dim:field>
<dim:field element="type" language="*" mdschema="dc">Dataset</dim:field>
<dim:field element="type" qualifier="embargo" language="" mdschema="dc">untilArticleAppears</dim:field>
<dim:field element="dryad" qualifier="pageviews">49</dim:field>
<dim:field element="dryad" qualifier="downloads">20</dim:field>
</dim:dim>
</mets:xmlData>
</mets:mdWrap>
</mets:dmdSec>
<mets:fileSec>
<mets:fileGrp USE="CONTENT">
<mets:file CHECKSUMTYPE="MD5" GROUPID="group_file_122833" ID="file_122833" MIMETYPE="application/vnd.ms-excel" SIZE="73216" CHECKSUM="70915dbc5b44b2bed082d23dc6f03d85">
<mets:FLocat LOCTYPE="URL" xlink:title="Comparative Prey Capture.xls" xlink:label="dataset-file" xlink:type="locator" xlink:href="/bitstream/handle/10255/dryad.40155/Comparative%20Prey%20Capture.xls?sequence=1"/>
</mets:file>
</mets:fileGrp>
</mets:fileSec>
<mets:structMap LABEL="DSpace" TYPE="LOGICAL">
<mets:div DMDID="dmd_1" TYPE="DSpace Item">
<mets:div ID="div_2" TYPE="DSpace Content Bitstream">
<mets:fptr FILEID="file_122833"/>
</mets:div>
</mets:div>
</mets:structMap>
</mets:METS>
