<?xml version="1.0" encoding="UTF-8"?>
<mets:METS xmlns:mets="http://www.loc.gov/METS/" xmlns:xlink="http://www.w3.org/TR/xlink/" xmlns:xsi="http://www.w3.org/2001/XMLSchema-instance" xmlns:dim="http://www.dspace.org/xmlns/dspace/dim" OBJEDIT="/admin/item?itemID=51461" OBJID="/handle/10255/dryad.44216" PROFILE="DSPACE METS SIP Profile 1.0" LABEL="DSpace Item" ID="hdl:10255/dryad.44216">
<mets:dmdSec GROUPID="group_dmd_0" ID="dmd_1">
<mets:mdWrap MDTYPE="OTHER" OTHERMDTYPE="DIM">
<mets:xmlData>
<dim:dim dspaceType="ITEM">
<dim:field element="contributor" qualifier="author" language="" mdschema="dc">Williams, Tom A.</dim:field>
<dim:field element="contributor" qualifier="author" language="" mdschema="dc">Foster, Peter G.</dim:field>
<dim:field element="contributor" qualifier="author" language="" mdschema="dc">Nye, Tom M. W.</dim:field>
<dim:field element="contributor" qualifier="author" language="" mdschema="dc">Cox, Cymon J.</dim:field>
<dim:field element="contributor" qualifier="author" language="" mdschema="dc">Embley, T. Martin</dim:field>
<dim:field element="date" qualifier="accessioned" mdschema="dc">2012-11-15T18:48:51Z</dim:field>
<dim:field element="date" qualifier="available" mdschema="dc">2012-11-15T18:48:51Z</dim:field>
<dim:field element="date" qualifier="issued" mdschema="dc">2012-11-15</dim:field>
<dim:field element="identifier" language="" mdschema="dc">doi:10.5061/dryad.0hd1s/9</dim:field>
<dim:field element="identifier" mdschema="dc">doi:10.5061/dryad.0hd1s/9</dim:field>
<dim:field element="identifier" qualifier="uri" mdschema="dc">http://hdl.handle.net/10255/dryad.44216</dim:field>
<dim:field element="description" language="" mdschema="dc">Newick tree files corresponding to Figures 1 and 2 of the article.</dim:field>
<dim:field element="relation" qualifier="ispartof" language="" mdschema="dc">doi:10.5061/dryad.0hd1s</dim:field>
<dim:field element="rights" qualifier="uri" language="" mdschema="dc">http://creativecommons.org/publicdomain/zero/1.0/</dim:field>
<dim:field element="subject" confidence="NOVALUE" language="" mdschema="dc">phylogenetics</dim:field>
<dim:field element="subject" confidence="NOVALUE" language="" mdschema="dc">evolution</dim:field>
<dim:field element="subject" confidence="FAILED" language="" mdschema="dc">eukaryotes</dim:field>
<dim:field element="title" language="" mdschema="dc">newick_trees.tar</dim:field>
<dim:field element="type" language="*" mdschema="dc">Dataset</dim:field>
<dim:field element="ScientificName" confidence="NOVALUE" language="" mdschema="dwc">Bacteria</dim:field>
<dim:field element="ScientificName" confidence="NOVALUE" language="" mdschema="dwc">Archaea</dim:field>
<dim:field element="ScientificName" confidence="NOVALUE" language="" mdschema="dwc">Eukaryota</dim:field>
<dim:field element="type" qualifier="embargo" language="" mdschema="dc">none</dim:field>
<dim:field element="dryad" qualifier="pageviews">157</dim:field>
<dim:field element="dryad" qualifier="downloads">88</dim:field>
</dim:dim>
</mets:xmlData>
</mets:mdWrap>
</mets:dmdSec>
<mets:fileSec>
<mets:fileGrp USE="CONTENT">
<mets:file CHECKSUMTYPE="MD5" GROUPID="group_file_127082" ID="file_127082" MIMETYPE="application/x-gzip" SIZE="14848" CHECKSUM="ac82ed9bb189c43feb71435519bb514b">
<mets:FLocat LOCTYPE="URL" xlink:title="newick_trees.tar.gz" xlink:label="dataset-file" xlink:type="locator" xlink:href="/bitstream/handle/10255/dryad.44216/newick_trees.tar.gz?sequence=1"/>
</mets:file>
</mets:fileGrp>
</mets:fileSec>
<mets:structMap LABEL="DSpace" TYPE="LOGICAL">
<mets:div DMDID="dmd_1" TYPE="DSpace Item">
<mets:div ID="div_2" TYPE="DSpace Content Bitstream">
<mets:fptr FILEID="file_127082"/>
</mets:div>
</mets:div>
</mets:structMap>
</mets:METS>
