<?xml version="1.0" encoding="UTF-8"?>
<mets:METS xmlns:mets="http://www.loc.gov/METS/" xmlns:xlink="http://www.w3.org/TR/xlink/" xmlns:xsi="http://www.w3.org/2001/XMLSchema-instance" xmlns:dim="http://www.dspace.org/xmlns/dspace/dim" OBJEDIT="/admin/item?itemID=50654" OBJID="/handle/10255/dryad.43736" PROFILE="DSPACE METS SIP Profile 1.0" LABEL="DSpace Item" ID="hdl:10255/dryad.43736">
<mets:dmdSec GROUPID="group_dmd_0" ID="dmd_1">
<mets:mdWrap MDTYPE="OTHER" OTHERMDTYPE="DIM">
<mets:xmlData>
<dim:dim dspaceType="ITEM">
<dim:field element="contributor" qualifier="author" mdschema="dc">Booksmythe, Isobel</dim:field>
<dim:field element="contributor" qualifier="author" mdschema="dc">Schwanz, Lisa Ermengarde</dim:field>
<dim:field element="contributor" qualifier="author" mdschema="dc">Kokko, Hanna</dim:field>
<dim:field element="date" qualifier="accessioned" mdschema="dc">2012-10-29T17:56:37Z</dim:field>
<dim:field element="date" qualifier="available" mdschema="dc">2012-11-20T17:04:13Z</dim:field>
<dim:field element="date" qualifier="issued" mdschema="dc">2012-10-29</dim:field>
<dim:field element="identifier" mdschema="dc">doi:10.5061/dryad.106sd/1</dim:field>
<dim:field element="identifier" qualifier="uri" mdschema="dc">http://hdl.handle.net/10255/dryad.43736</dim:field>
<dim:field element="description" language="" mdschema="dc">Data from individual-based simulation, run in MatLab. Excel file showing population mean values at generation 5000 of sex ratio response, male trait, and female preference, given the cost of sex ratio response and cost of preference in each population.</dim:field>
<dim:field element="relation" qualifier="ispartof" mdschema="dc">doi:10.5061/dryad.106sd</dim:field>
<dim:field element="rights" qualifier="uri" mdschema="dc">http://creativecommons.org/publicdomain/zero/1.0/</dim:field>
<dim:field element="subject" confidence="NOVALUE" language="" mdschema="dc">Selection - Sexual</dim:field>
<dim:field element="subject" confidence="NOVALUE" language="" mdschema="dc">Sex Ratio</dim:field>
<dim:field element="subject" confidence="NOVALUE" language="" mdschema="dc">Coevolution</dim:field>
<dim:field element="title" language="" mdschema="dc">Data for Booksmythe et al. 2012</dim:field>
<dim:field element="type" language="*" mdschema="dc">Dataset</dim:field>
<dim:field element="type" qualifier="embargo" language="" mdschema="dc">untilArticleAppears</dim:field>
<dim:field element="dryad" qualifier="pageviews">67</dim:field>
<dim:field element="dryad" qualifier="downloads">28</dim:field>
</dim:dim>
</mets:xmlData>
</mets:mdWrap>
</mets:dmdSec>
<mets:fileSec>
<mets:fileGrp USE="CONTENT">
<mets:file CHECKSUMTYPE="MD5" GROUPID="group_file_126582" ID="file_126582" MIMETYPE="application/vnd.openxmlformats-officedocument.spreadsheetml.sheet" SIZE="17568" CHECKSUM="827a2f36cf19e357b18f9f67fba0a240">
<mets:FLocat LOCTYPE="URL" xlink:title="Data for Booksmythe et al. 2012.xlsx" xlink:label="dataset-file" xlink:type="locator" xlink:href="/bitstream/handle/10255/dryad.43736/Data%20for%20Booksmythe%20et%20al.%202012.xlsx?sequence=1"/>
</mets:file>
</mets:fileGrp>
</mets:fileSec>
<mets:structMap LABEL="DSpace" TYPE="LOGICAL">
<mets:div DMDID="dmd_1" TYPE="DSpace Item">
<mets:div ID="div_2" TYPE="DSpace Content Bitstream">
<mets:fptr FILEID="file_126582"/>
</mets:div>
</mets:div>
</mets:structMap>
</mets:METS>
