<?xml version="1.0" encoding="UTF-8"?>
<mets:METS xmlns:mets="http://www.loc.gov/METS/" xmlns:xlink="http://www.w3.org/TR/xlink/" xmlns:xsi="http://www.w3.org/2001/XMLSchema-instance" xmlns:dim="http://www.dspace.org/xmlns/dspace/dim" OBJEDIT="/admin/item?itemID=36748" OBJID="/handle/10255/dryad.34647" PROFILE="DSPACE METS SIP Profile 1.0" LABEL="DSpace Item" ID="hdl:10255/dryad.34647">
<mets:dmdSec GROUPID="group_dmd_0" ID="dmd_1">
<mets:mdWrap MDTYPE="OTHER" OTHERMDTYPE="DIM">
<mets:xmlData>
<dim:dim dspaceType="ITEM">
<dim:field element="contributor" qualifier="author" language="" mdschema="dc">Shreve, Scott M.</dim:field>
<dim:field element="contributor" qualifier="author" language="" mdschema="dc">Mockford, Edward L.</dim:field>
<dim:field element="contributor" qualifier="author" language="" mdschema="dc">Johnson, Kevin P.</dim:field>
<dim:field element="date" qualifier="accessioned" language="" mdschema="dc">2011-08-11T20:39:01Z</dim:field>
<dim:field element="date" qualifier="available" mdschema="dc">2011-10-14T17:32:22Z</dim:field>
<dim:field element="date" qualifier="issued" language="" mdschema="dc">2011-08-11</dim:field>
<dim:field element="identifier" mdschema="dc">doi:10.5061/dryad.018n5/2</dim:field>
<dim:field element="identifier" qualifier="uri" language="" mdschema="dc">http://hdl.handle.net/10255/dryad.34647</dim:field>
<dim:field element="description" language="en" mdschema="dc">Alignment of 12S and ND-5 sequence data in nexus format. Taxon names consist of the first two letters of the genus name, first three letters of the species name, and the date of DNA extraction. ID is tied to a voucher specimen.</dim:field>
<dim:field element="relation" qualifier="ispartof" language="" mdschema="dc">doi:10.5061/dryad.018n5</dim:field>
<dim:field element="rights" qualifier="uri" language="" mdschema="dc">http://creativecommons.org/publicdomain/zero/1.0/</dim:field>
<dim:field element="subject" language="en" mdschema="dc">parthenogenesis</dim:field>
<dim:field element="subject" language="en" mdschema="dc">genetic diversity</dim:field>
<dim:field element="subject" language="en" mdschema="dc">mtDNA Haplotype</dim:field>
<dim:field element="title" language="en" mdschema="dc">Sequence alignment</dim:field>
<dim:field element="type" language="*" mdschema="dc">Dataset</dim:field>
<dim:field element="ScientificName" language="" mdschema="dwc">Echmepteryx hageni</dim:field>
<dim:field element="ScientificName" language="" mdschema="dwc">Psocoptera</dim:field>
<dim:field element="type" qualifier="embargo" language="en" mdschema="dc">untilArticleAppears</dim:field>
<dim:field element="dryad" qualifier="pageviews">181</dim:field>
<dim:field element="dryad" qualifier="downloads">51</dim:field>
</dim:dim>
</mets:xmlData>
</mets:mdWrap>
</mets:dmdSec>
<mets:fileSec>
<mets:fileGrp USE="CONTENT">
<mets:file CHECKSUMTYPE="MD5" GROUPID="group_file_115626" ID="file_115626" MIMETYPE="text/plain" SIZE="46189" CHECKSUM="79b81ac92f8b6f39777c8f36c1596eee">
<mets:FLocat LOCTYPE="URL" xlink:title="Ech.12SandND5.PAUP.align.nxs" xlink:label="dataset-file" xlink:type="locator" xlink:href="/bitstream/handle/10255/dryad.34647/Ech.12SandND5.PAUP.align.nxs?sequence=1"/>
</mets:file>
</mets:fileGrp>
</mets:fileSec>
<mets:structMap LABEL="DSpace" TYPE="LOGICAL">
<mets:div DMDID="dmd_1" TYPE="DSpace Item">
<mets:div ID="div_2" TYPE="DSpace Content Bitstream">
<mets:fptr FILEID="file_115626"/>
</mets:div>
</mets:div>
</mets:structMap>
</mets:METS>
