<?xml version="1.0" encoding="UTF-8"?>
<mets:METS xmlns:mets="http://www.loc.gov/METS/" xmlns:xlink="http://www.w3.org/TR/xlink/" xmlns:xsi="http://www.w3.org/2001/XMLSchema-instance" xmlns:dim="http://www.dspace.org/xmlns/dspace/dim" OBJEDIT="/admin/item?itemID=56467" OBJID="/handle/10255/dryad.47577" PROFILE="DSPACE METS SIP Profile 1.0" LABEL="DSpace Item" ID="hdl:10255/dryad.47577">
<mets:dmdSec GROUPID="group_dmd_0" ID="dmd_1">
<mets:mdWrap MDTYPE="OTHER" OTHERMDTYPE="DIM">
<mets:xmlData>
<dim:dim dspaceType="ITEM">
<dim:field element="contributor" qualifier="author" language="" mdschema="dc">Hechinger, Ryan F.</dim:field>
<dim:field element="date" qualifier="accessioned" language="" mdschema="dc">2013-03-13T15:35:18Z</dim:field>
<dim:field element="date" qualifier="available" language="" mdschema="dc">2013-03-13T15:35:18Z</dim:field>
<dim:field element="date" qualifier="issued" language="" mdschema="dc">2013-03-13</dim:field>
<dim:field element="identifier" language="" mdschema="dc">doi:10.5061/dryad.14nn1/2</dim:field>
<dim:field element="identifier" qualifier="uri" language="" mdschema="dc">http://hdl.handle.net/10255/dryad.47577</dim:field>
<dim:field element="description" language="" mdschema="dc">Data underlying Fig 3 of manuscript. For metadata, see ReadMe file associated with DataHechingerFig2.txt.</dim:field>
<dim:field element="relation" qualifier="ispartof" language="" mdschema="dc">doi:10.5061/dryad.14nn1</dim:field>
<dim:field element="rights" qualifier="uri" language="" mdschema="dc">http://creativecommons.org/publicdomain/zero/1.0/</dim:field>
<dim:field element="subject" confidence="NOVALUE" language="" mdschema="dc">Allometry</dim:field>
<dim:field element="subject" confidence="NOVALUE" language="" mdschema="dc">Ecology: community</dim:field>
<dim:field element="subject" confidence="NOVALUE" language="" mdschema="dc">Energetics</dim:field>
<dim:field element="subject" confidence="NOVALUE" language="" mdschema="dc">Interactions: host/parasite</dim:field>
<dim:field element="subject" confidence="NOVALUE" language="" mdschema="dc">Macroecology</dim:field>
<dim:field element="title" language="" mdschema="dc">DataHechingerFig3</dim:field>
<dim:field element="type" language="*" mdschema="dc">Dataset</dim:field>
<dim:field element="ScientificName" confidence="NOVALUE" language="" mdschema="dwc">Ancylostoma caninum</dim:field>
<dim:field element="ScientificName" confidence="NOVALUE" language="" mdschema="dwc">Ancylostoma tubaeforme</dim:field>
<dim:field element="ScientificName" confidence="NOVALUE" language="" mdschema="dwc">Apteragia odocoilei</dim:field>
<dim:field element="ScientificName" confidence="NOVALUE" language="" mdschema="dwc">Ascaris suum</dim:field>
<dim:field element="ScientificName" confidence="NOVALUE" language="" mdschema="dwc">Ascarops strongylina</dim:field>
<dim:field element="ScientificName" confidence="NOVALUE" language="" mdschema="dwc">Aspiculuris tetraptera</dim:field>
<dim:field element="ScientificName" confidence="NOVALUE" language="" mdschema="dwc">Baylisascaris transfuga</dim:field>
<dim:field element="ScientificName" confidence="NOVALUE" language="" mdschema="dwc">Capillaria aerophilus</dim:field>
<dim:field element="ScientificName" confidence="NOVALUE" language="" mdschema="dwc">Capillaria plica</dim:field>
<dim:field element="ScientificName" confidence="NOVALUE" language="" mdschema="dwc">Capillaria putorii</dim:field>
<dim:field element="ScientificName" confidence="NOVALUE" language="" mdschema="dwc">Carolinensis kinsellai</dim:field>
<dim:field element="ScientificName" confidence="NOVALUE" language="" mdschema="dwc">Cooperia oncophora</dim:field>
<dim:field element="ScientificName" confidence="NOVALUE" language="" mdschema="dwc">Craterostomum acuticaudatum</dim:field>
<dim:field element="ScientificName" confidence="NOVALUE" language="" mdschema="dwc">Crenosoma sp.</dim:field>
<dim:field element="ScientificName" confidence="NOVALUE" language="" mdschema="dwc">Crossocephalus viviparus</dim:field>
<dim:field element="ScientificName" confidence="NOVALUE" language="" mdschema="dwc">Cyathospirura sp.</dim:field>
<dim:field element="ScientificName" confidence="NOVALUE" language="" mdschema="dwc">Cyathostomum alveatum</dim:field>
<dim:field element="ScientificName" confidence="NOVALUE" language="" mdschema="dwc">Cyathostomum catenatum</dim:field>
<dim:field element="ScientificName" confidence="NOVALUE" language="" mdschema="dwc">Cyathostomum labratum</dim:field>
<dim:field element="ScientificName" confidence="NOVALUE" language="" mdschema="dwc">Cyathostomum montgomeryi</dim:field>
<dim:field element="ScientificName" confidence="NOVALUE" language="" mdschema="dwc">Cyathostomum tetracanthum</dim:field>
<dim:field element="ScientificName" confidence="NOVALUE" language="" mdschema="dwc">Cylicocyclus adersi</dim:field>
<dim:field element="ScientificName" confidence="NOVALUE" language="" mdschema="dwc">Cylicocyclus auriculatus</dim:field>
<dim:field element="ScientificName" confidence="NOVALUE" language="" mdschema="dwc">Cylicocyclus gyalocephaloides</dim:field>
<dim:field element="ScientificName" confidence="NOVALUE" language="" mdschema="dwc">Cylicocyclus nassatus</dim:field>
<dim:field element="ScientificName" confidence="NOVALUE" language="" mdschema="dwc">Cylicocyclus triramosus</dim:field>
<dim:field element="ScientificName" confidence="NOVALUE" language="" mdschema="dwc">Cylicodontophorus reineckei</dim:field>
<dim:field element="ScientificName" confidence="NOVALUE" language="" mdschema="dwc">Cylicodontophorus schuermanni</dim:field>
<dim:field element="ScientificName" confidence="NOVALUE" language="" mdschema="dwc">Cylicospirura subaequalis</dim:field>
<dim:field element="ScientificName" confidence="NOVALUE" language="" mdschema="dwc">Cylicostephanus bidentatus</dim:field>
<dim:field element="ScientificName" confidence="NOVALUE" language="" mdschema="dwc">Cylicostephanus calicatus</dim:field>
<dim:field element="ScientificName" confidence="NOVALUE" language="" mdschema="dwc">Cylicostephanus longiconus</dim:field>
<dim:field element="ScientificName" confidence="NOVALUE" language="" mdschema="dwc">Cylicostephanus minutus</dim:field>
<dim:field element="ScientificName" confidence="NOVALUE" language="" mdschema="dwc">Dictyocaulus viviparus</dim:field>
<dim:field element="ScientificName" confidence="NOVALUE" language="" mdschema="dwc">Dirofilaria immitis</dim:field>
<dim:field element="ScientificName" confidence="NOVALUE" language="" mdschema="dwc">Dracunculus sp.</dim:field>
<dim:field element="ScientificName" confidence="NOVALUE" language="" mdschema="dwc">Draschia megastoma</dim:field>
<dim:field element="ScientificName" confidence="NOVALUE" language="" mdschema="dwc">Globocephalus urosubulatus</dim:field>
<dim:field element="ScientificName" confidence="NOVALUE" language="" mdschema="dwc">Gnathostoma sp.</dim:field>
<dim:field element="ScientificName" confidence="NOVALUE" language="" mdschema="dwc">Gongylonema pulchrum</dim:field>
<dim:field element="ScientificName" confidence="NOVALUE" language="" mdschema="dwc">Habronema muscae</dim:field>
<dim:field element="ScientificName" confidence="NOVALUE" language="" mdschema="dwc">Haemonchus contortus</dim:field>
<dim:field element="ScientificName" confidence="NOVALUE" language="" mdschema="dwc">Haemonchus mitchelli</dim:field>
<dim:field element="ScientificName" confidence="NOVALUE" language="" mdschema="dwc">Lagochilascaris sp.</dim:field>
<dim:field element="ScientificName" confidence="NOVALUE" language="" mdschema="dwc">Litosomoides carinii</dim:field>
<dim:field element="ScientificName" confidence="NOVALUE" language="" mdschema="dwc">Metastrongylus apri</dim:field>
<dim:field element="ScientificName" confidence="NOVALUE" language="" mdschema="dwc">Metastrongylus pudendoctectus</dim:field>
<dim:field element="ScientificName" confidence="NOVALUE" language="" mdschema="dwc">Metathelazia californica</dim:field>
<dim:field element="ScientificName" confidence="NOVALUE" language="" mdschema="dwc">Molineus barbatus</dim:field>
<dim:field element="ScientificName" confidence="NOVALUE" language="" mdschema="dwc">Monodontus floridanus</dim:field>
<dim:field element="ScientificName" confidence="NOVALUE" language="" mdschema="dwc">Nematodirus helvetianus</dim:field>
<dim:field element="ScientificName" confidence="NOVALUE" language="" mdschema="dwc">Nematodirus odocoilei</dim:field>
<dim:field element="ScientificName" confidence="NOVALUE" language="" mdschema="dwc">Oesophagostomum quadrispinulatum</dim:field>
<dim:field element="ScientificName" confidence="NOVALUE" language="" mdschema="dwc">Oesophagostomum venulosum</dim:field>
<dim:field element="ScientificName" confidence="NOVALUE" language="" mdschema="dwc">Oslerus osleri</dim:field>
<dim:field element="ScientificName" confidence="NOVALUE" language="" mdschema="dwc">Ostertagia mossi</dim:field>
<dim:field element="ScientificName" confidence="NOVALUE" language="" mdschema="dwc">Ostertagia ostertagi</dim:field>
<dim:field element="ScientificName" confidence="NOVALUE" language="" mdschema="dwc">Oxyuris equi</dim:field>
<dim:field element="ScientificName" confidence="NOVALUE" language="" mdschema="dwc">Parabronema pecariae</dim:field>
<dim:field element="ScientificName" confidence="NOVALUE" language="" mdschema="dwc">Parabronema skrjabini</dim:field>
<dim:field element="ScientificName" confidence="NOVALUE" language="" mdschema="dwc">Parascaris equorum</dim:field>
<dim:field element="ScientificName" confidence="NOVALUE" language="" mdschema="dwc">Pharyngostomoides procyonis</dim:field>
<dim:field element="ScientificName" confidence="NOVALUE" language="" mdschema="dwc">Physaloptera praeputialis</dim:field>
<dim:field element="ScientificName" confidence="NOVALUE" language="" mdschema="dwc">Physaloptera rara</dim:field>
<dim:field element="ScientificName" confidence="NOVALUE" language="" mdschema="dwc">Physocephalus sexalatus</dim:field>
<dim:field element="ScientificName" confidence="NOVALUE" language="" mdschema="dwc">Placoconus lotoris</dim:field>
<dim:field element="ScientificName" confidence="NOVALUE" language="" mdschema="dwc">Poteriostomum imparidentatum</dim:field>
<dim:field element="ScientificName" confidence="NOVALUE" language="" mdschema="dwc">Poteriostomum ratzii</dim:field>
<dim:field element="ScientificName" confidence="NOVALUE" language="" mdschema="dwc">Probstmayria vivipara</dim:field>
<dim:field element="ScientificName" confidence="NOVALUE" language="" mdschema="dwc">Protospirura numidica</dim:field>
<dim:field element="ScientificName" confidence="NOVALUE" language="" mdschema="dwc">Protostrongylus macrotis</dim:field>
<dim:field element="ScientificName" confidence="NOVALUE" language="" mdschema="dwc">Pterygodermatites peromysci</dim:field>
<dim:field element="ScientificName" confidence="NOVALUE" language="" mdschema="dwc">Sertaria yehi</dim:field>
<dim:field element="ScientificName" confidence="NOVALUE" language="" mdschema="dwc">Setaria equina</dim:field>
<dim:field element="ScientificName" confidence="NOVALUE" language="" mdschema="dwc">Skrjabinema parva</dim:field>
<dim:field element="ScientificName" confidence="NOVALUE" language="" mdschema="dwc">Skrjabinema sp.</dim:field>
<dim:field element="ScientificName" confidence="NOVALUE" language="" mdschema="dwc">Spirocerca lupi</dim:field>
<dim:field element="ScientificName" confidence="NOVALUE" language="" mdschema="dwc">Stephanurus dentatus</dim:field>
<dim:field element="ScientificName" confidence="NOVALUE" language="" mdschema="dwc">Strongyloides sigmodontis</dim:field>
<dim:field element="ScientificName" confidence="NOVALUE" language="" mdschema="dwc">Strongyloides sp.</dim:field>
<dim:field element="ScientificName" confidence="NOVALUE" language="" mdschema="dwc">Strongyloides westeri</dim:field>
<dim:field element="ScientificName" confidence="NOVALUE" language="" mdschema="dwc">Syphacia peromysci</dim:field>
<dim:field element="ScientificName" confidence="NOVALUE" language="" mdschema="dwc">Syphacia sigmodontis</dim:field>
<dim:field element="ScientificName" confidence="NOVALUE" language="" mdschema="dwc">Texicospirura turki</dim:field>
<dim:field element="ScientificName" confidence="NOVALUE" language="" mdschema="dwc">Toxascaris leonina</dim:field>
<dim:field element="ScientificName" confidence="NOVALUE" language="" mdschema="dwc">Toxocara cati</dim:field>
<dim:field element="ScientificName" confidence="NOVALUE" language="" mdschema="dwc">Trichostrongylus affinis</dim:field>
<dim:field element="ScientificName" confidence="NOVALUE" language="" mdschema="dwc">Trichostrongylus axei</dim:field>
<dim:field element="ScientificName" confidence="NOVALUE" language="" mdschema="dwc">Trichostrongylus colubriformis</dim:field>
<dim:field element="ScientificName" confidence="NOVALUE" language="" mdschema="dwc">Trichostrongylus thomasi</dim:field>
<dim:field element="ScientificName" confidence="NOVALUE" language="" mdschema="dwc">Trichuris vulpis</dim:field>
<dim:field element="ScientificName" confidence="NOVALUE" language="" mdschema="dwc">Triodontophorus brevicaudata</dim:field>
<dim:field element="ScientificName" confidence="NOVALUE" language="" mdschema="dwc">Triodontophorus minor</dim:field>
<dim:field element="ScientificName" confidence="NOVALUE" language="" mdschema="dwc">Triodontophorus nipponicus</dim:field>
<dim:field element="ScientificName" confidence="NOVALUE" language="" mdschema="dwc">Triodontophorus serratus</dim:field>
<dim:field element="ScientificName" confidence="NOVALUE" language="" mdschema="dwc">Vogeloides felis</dim:field>
<dim:field element="type" qualifier="embargo" language="" mdschema="dc">none</dim:field>
<dim:field element="dryad" qualifier="pageviews">113</dim:field>
<dim:field element="dryad" qualifier="downloads">79</dim:field>
</dim:dim>
</mets:xmlData>
</mets:mdWrap>
</mets:dmdSec>
<mets:fileSec>
<mets:fileGrp USE="CONTENT">
<mets:file CHECKSUMTYPE="MD5" GROUPID="group_file_130699" ID="file_130699" MIMETYPE="text/plain" SIZE="3878" CHECKSUM="49bf4b9e1fd87f90dd8e3517b2fee1ed">
<mets:FLocat LOCTYPE="URL" xlink:title="DataHechingerFig3.txt" xlink:label="dataset-file" xlink:type="locator" xlink:href="/bitstream/handle/10255/dryad.47577/DataHechingerFig3.txt?sequence=1"/>
</mets:file>
<mets:file CHECKSUMTYPE="MD5" GROUPID="group_file_130731" ID="file_130731" MIMETYPE="text/plain" SIZE="3804" CHECKSUM="07db63c0d88be954c14fcc3d1a07d8b2">
<mets:FLocat LOCTYPE="URL" xlink:title="README.txt" xlink:label="dc_readme" xlink:type="locator" xlink:href="/bitstream/handle/10255/dryad.47577/README.txt?sequence=2"/>
</mets:file>
</mets:fileGrp>
</mets:fileSec>
<mets:structMap LABEL="DSpace" TYPE="LOGICAL">
<mets:div DMDID="dmd_1" TYPE="DSpace Item">
<mets:div ID="div_2" TYPE="DSpace Content Bitstream">
<mets:fptr FILEID="file_130699"/>
</mets:div>
<mets:div ID="div_3" TYPE="DSpace Content Bitstream">
<mets:fptr FILEID="file_130731"/>
</mets:div>
</mets:div>
</mets:structMap>
</mets:METS>
