<?xml version="1.0" encoding="UTF-8"?>
<mets:METS xmlns:mets="http://www.loc.gov/METS/" xmlns:xlink="http://www.w3.org/TR/xlink/" xmlns:xsi="http://www.w3.org/2001/XMLSchema-instance" xmlns:dim="http://www.dspace.org/xmlns/dspace/dim" OBJEDIT="/admin/item?itemID=65478" OBJID="/handle/10255/dryad.53556" PROFILE="DSPACE METS SIP Profile 1.0" LABEL="DSpace Item" ID="hdl:10255/dryad.53556">
<mets:dmdSec GROUPID="group_dmd_0" ID="dmd_1">
<mets:mdWrap MDTYPE="OTHER" OTHERMDTYPE="DIM">
<mets:xmlData>
<dim:dim dspaceType="ITEM">
<dim:field element="contributor" qualifier="author" mdschema="dc">Gehring, Catherine A.</dim:field>
<dim:field element="contributor" qualifier="author" mdschema="dc">Flores-Rentería, Dulce</dim:field>
<dim:field element="contributor" qualifier="author" mdschema="dc">Sthultz, Christopher M.</dim:field>
<dim:field element="contributor" qualifier="author" mdschema="dc">Flores-Rentería, Lluvia</dim:field>
<dim:field element="contributor" qualifier="author" mdschema="dc">Leonard, Tierra M.</dim:field>
<dim:field element="contributor" qualifier="author" mdschema="dc">Whipple, Amy V.</dim:field>
<dim:field element="contributor" qualifier="author" mdschema="dc">Whitham, Thomas G.</dim:field>
<dim:field element="coverage" qualifier="spatial" language="" mdschema="dc">northern Arizona</dim:field>
<dim:field element="coverage" qualifier="temporal" language="" mdschema="dc">present</dim:field>
<dim:field element="date" qualifier="accessioned" mdschema="dc">2013-08-29T19:25:09Z</dim:field>
<dim:field element="date" qualifier="issued" mdschema="dc">2013-08-29</dim:field>
<dim:field element="identifier" mdschema="dc">doi:10.5061/dryad.0157d/5</dim:field>
<dim:field element="identifier" qualifier="uri" mdschema="dc">http://hdl.handle.net/10255/dryad.53556</dim:field>
<dim:field element="description" language="" mdschema="dc">Data on the relative abundance of ectomycorrhizal fungi used to test hypothesis 2.  This file includes species names and GenBank accession numbers.</dim:field>
<dim:field element="relation" qualifier="ispartof" mdschema="dc">doi:10.5061/dryad.0157d</dim:field>
<dim:field element="rights" qualifier="uri" mdschema="dc">http://creativecommons.org/publicdomain/zero/1.0/</dim:field>
<dim:field element="subject" confidence="NOVALUE" language="" mdschema="dc">climate change</dim:field>
<dim:field element="subject" confidence="NOVALUE" language="" mdschema="dc">fungi</dim:field>
<dim:field element="subject" confidence="NOVALUE" language="" mdschema="dc">ecological genetics</dim:field>
<dim:field element="subject" confidence="NOVALUE" language="" mdschema="dc">species interactions</dim:field>
<dim:field element="title" language="" mdschema="dc">Hypothesis 2 dryad data 2b</dim:field>
<dim:field element="type" language="*" mdschema="dc">Dataset</dim:field>
<dim:field element="ScientificName" confidence="NOVALUE" language="" mdschema="dwc">Pinus edulis</dim:field>
<dim:field element="ScientificName" confidence="NOVALUE" language="" mdschema="dwc">Dioryctria albovittella</dim:field>
<dim:field element="ScientificName" confidence="NOVALUE" language="" mdschema="dwc">Fallugia paradoxa</dim:field>
<dim:field element="ScientificName" confidence="NOVALUE" language="" mdschema="dwc">Geopora</dim:field>
<dim:field element="ScientificName" confidence="NOVALUE" language="" mdschema="dwc">Rhizopogon</dim:field>
<dim:field element="date" qualifier="embargoedUntil" mdschema="dc">9999-01-01</dim:field>
<dim:field element="type" qualifier="embargo" language="" mdschema="dc">untilArticleAppears</dim:field>
<dim:field element="dryad" qualifier="pageviews">10</dim:field>
<dim:field element="dryad" qualifier="downloads">2</dim:field>
</dim:dim>
</mets:xmlData>
</mets:mdWrap>
</mets:dmdSec>
<mets:fileSec/>
<mets:structMap LABEL="DSpace" TYPE="LOGICAL">
<mets:div DMDID="dmd_1" TYPE="DSpace Item"/>
</mets:structMap>
</mets:METS>
