<?xml version="1.0" encoding="UTF-8"?>
<mets:METS xmlns:mets="http://www.loc.gov/METS/" xmlns:xlink="http://www.w3.org/TR/xlink/" xmlns:xsi="http://www.w3.org/2001/XMLSchema-instance" xmlns:dim="http://www.dspace.org/xmlns/dspace/dim" OBJEDIT="/admin/item?itemID=1809" OBJID="/handle/10255/dryad.1581" PROFILE="DSPACE METS SIP Profile 1.0" LABEL="DSpace Item" ID="hdl:10255/dryad.1581">
<mets:dmdSec GROUPID="group_dmd_0" ID="dmd_1">
<mets:mdWrap MDTYPE="OTHER" OTHERMDTYPE="DIM">
<mets:xmlData>
<dim:dim dspaceType="ITEM">
<dim:field element="contributor" qualifier="author" language="en" mdschema="dc">Zhang, Dongru</dim:field>
<dim:field element="contributor" qualifier="author" language="en" mdschema="dc">Chen, Mingyong</dim:field>
<dim:field element="contributor" qualifier="author" language="en" mdschema="dc">Murphy, Robert</dim:field>
<dim:field element="contributor" qualifier="author" language="en" mdschema="dc">Che, Jing</dim:field>
<dim:field element="contributor" qualifier="author" language="en" mdschema="dc">Pang, Junfeng</dim:field>
<dim:field element="contributor" qualifier="author" language="en" mdschema="dc">Hu, Jiansheng</dim:field>
<dim:field element="contributor" qualifier="author" language="en" mdschema="dc">Luo, Jing</dim:field>
<dim:field element="contributor" qualifier="author" language="en" mdschema="dc">Wu, Shan-jin</dim:field>
<dim:field element="contributor" qualifier="author" language="en" mdschema="dc">Hui, Ye</dim:field>
<dim:field element="contributor" qualifier="author" language="en" mdschema="dc">Zhang, Ya-Ping</dim:field>
<dim:field element="coverage" qualifier="spatial" language="en" mdschema="dc">Southwestern China</dim:field>
<dim:field element="coverage" qualifier="spatial" language="" mdschema="dc">Yunnan Plateau</dim:field>
<dim:field element="coverage" qualifier="spatial" language="" mdschema="dc">China</dim:field>
<dim:field element="coverage" qualifier="temporal" language="en" mdschema="dc">Early Pliocene</dim:field>
<dim:field element="coverage" qualifier="temporal" language="en" mdschema="dc">Early Pleistocene</dim:field>
<dim:field element="date" qualifier="accessioned" language="" mdschema="dc">2010-05-21T08:45:50Z</dim:field>
<dim:field element="date" qualifier="available" language="" mdschema="dc">2010-05-21T08:45:50Z</dim:field>
<dim:field element="date" qualifier="issued" language="" mdschema="dc">2010-05-21</dim:field>
<dim:field element="identifier" mdschema="dc">doi:10.5061/dryad.1580/1</dim:field>
<dim:field element="identifier" qualifier="uri" language="" mdschema="dc">http://hdl.handle.net/10255/dryad.1581</dim:field>
<dim:field element="description" language="en" mdschema="dc">The sequences were obtained for all samples collected in the field, and the data file was created using the software MEGA 3.1. The column heading for each sequence is comprised of GenBank Accession No. and sequence description which include the species name and gene componants et al.</dim:field>
<dim:field element="relation" qualifier="ispartof" language="en" mdschema="dc">doi:10.5061/dryad.1580</dim:field>
<dim:field element="rights" qualifier="uri" language="en" mdschema="dc">http://creativecommons.org/publicdomain/zero/1.0/</dim:field>
<dim:field element="subject" language="en" mdschema="dc">mtDNA</dim:field>
<dim:field element="subject" language="en" mdschema="dc">drainage history</dim:field>
<dim:field element="subject" language="en" mdschema="dc">Amphibians</dim:field>
<dim:field element="title" language="en" mdschema="dc">sequence file for Nanorana yunnanensis.txt</dim:field>
<dim:field element="type" language="en" mdschema="dc">Dataset</dim:field>
<dim:field element="ScientificName" language="en" mdschema="dwc">Nanorana yunnanensis</dim:field>
<dim:field element="ScientificName" language="" mdschema="dwc">Nanorana bourreti</dim:field>
<dim:field element="dryad" qualifier="pageviews">240</dim:field>
<dim:field element="dryad" qualifier="downloads">51</dim:field>
</dim:dim>
</mets:xmlData>
</mets:mdWrap>
</mets:dmdSec>
<mets:fileSec>
<mets:fileGrp USE="CONTENT">
<mets:file CHECKSUMTYPE="MD5" GROUPID="group_file_1157" ID="file_1157" MIMETYPE="text/plain" SIZE="311127" CHECKSUM="43e612bdf871e2ab424e29229e3faa58">
<mets:FLocat LOCTYPE="URL" xlink:title="sequencefileforNanoranayunnanensis.txt" xlink:type="locator" xlink:href="/bitstream/handle/10255/dryad.1581/sequencefileforNanoranayunnanensis.txt?sequence=1"/>
</mets:file>
</mets:fileGrp>
<mets:fileGrp USE="TEXT">
<mets:file CHECKSUMTYPE="MD5" GROUPID="group_file_1157" ID="file_1492" MIMETYPE="text/plain" SIZE="306611" CHECKSUM="c6a27adfda3cde268075178055f1e583">
<mets:FLocat LOCTYPE="URL" xlink:title="sequencefileforNanoranayunnanensis.txt.txt" xlink:label="Extracted text" xlink:type="locator" xlink:href="/bitstream/handle/10255/dryad.1581/sequencefileforNanoranayunnanensis.txt.txt?sequence=2"/>
</mets:file>
</mets:fileGrp>
</mets:fileSec>
<mets:structMap LABEL="DSpace" TYPE="LOGICAL">
<mets:div DMDID="dmd_1" TYPE="DSpace Item">
<mets:div ID="div_2" TYPE="DSpace Content Bitstream">
<mets:fptr FILEID="file_1157"/>
</mets:div>
</mets:div>
</mets:structMap>
</mets:METS>
