<?xml version="1.0" encoding="UTF-8"?>
<mets:METS xmlns:mets="http://www.loc.gov/METS/" xmlns:xlink="http://www.w3.org/TR/xlink/" xmlns:xsi="http://www.w3.org/2001/XMLSchema-instance" xmlns:dim="http://www.dspace.org/xmlns/dspace/dim" OBJEDIT="/admin/item?itemID=1863" OBJID="/handle/10255/dryad.1634" PROFILE="DSPACE METS SIP Profile 1.0" LABEL="DSpace Item" ID="hdl:10255/dryad.1634">
<mets:dmdSec GROUPID="group_dmd_0" ID="dmd_1">
<mets:mdWrap MDTYPE="OTHER" OTHERMDTYPE="DIM">
<mets:xmlData>
<dim:dim dspaceType="ITEM">
<dim:field element="contributor" qualifier="author" language="en" mdschema="dc">González-Suárez, Manuela</dim:field>
<dim:field element="contributor" qualifier="author" language="en" mdschema="dc">Flatz, Ramona</dim:field>
<dim:field element="contributor" qualifier="author" language="en" mdschema="dc">Aurioles-Gamboa, David</dim:field>
<dim:field element="contributor" qualifier="author" language="en" mdschema="dc">Hedrick, Philip W</dim:field>
<dim:field element="contributor" qualifier="author" language="en" mdschema="dc">Gerber, Leah</dim:field>
<dim:field element="date" qualifier="accessioned" language="" mdschema="dc">2010-06-04T17:40:32Z</dim:field>
<dim:field element="date" qualifier="available" mdschema="dc">2010-10-01T06:30:09Z</dim:field>
<dim:field element="date" qualifier="issued" language="" mdschema="dc">2010-06-04</dim:field>
<dim:field element="identifier" mdschema="dc">doi:10.5061/dryad.1454/2</dim:field>
<dim:field element="identifier" qualifier="uri" language="" mdschema="dc">http://hdl.handle.net/10255/dryad.1634</dim:field>
<dim:field element="relation" qualifier="ispartof" language="en" mdschema="dc">doi:10.5061/dryad.1454</dim:field>
<dim:field element="rights" qualifier="uri" language="en" mdschema="dc">http://creativecommons.org/publicdomain/zero/1.0/</dim:field>
<dim:field element="subject" language="en" mdschema="dc">Gulf of California</dim:field>
<dim:field element="subject" language="en" mdschema="dc">microsatellites</dim:field>
<dim:field element="subject" language="en" mdschema="dc">mitochondrial DNA</dim:field>
<dim:field element="subject" language="en" mdschema="dc">pinniped</dim:field>
<dim:field element="subject" language="en" mdschema="dc">population structure</dim:field>
<dim:field element="title" language="en" mdschema="dc">Microsatellite allele data of California sea lions in Mexico</dim:field>
<dim:field element="type" language="en" mdschema="dc">Dataset</dim:field>
<dim:field element="ScientificName" language="en" mdschema="dwc">Zalophus californianus</dim:field>
<dim:field element="dryad" qualifier="pageviews">135</dim:field>
<dim:field element="dryad" qualifier="downloads">140</dim:field>
</dim:dim>
</mets:xmlData>
</mets:mdWrap>
</mets:dmdSec>
<mets:fileSec>
<mets:fileGrp USE="CONTENT">
<mets:file CHECKSUMTYPE="MD5" GROUPID="group_file_1184" ID="file_1184" MIMETYPE="text/plain" SIZE="49794" CHECKSUM="562a5dcfa426b21e43621f7bdffd50b9">
<mets:FLocat LOCTYPE="URL" xlink:title="Microsatellitealleledata.txt" xlink:type="locator" xlink:href="/bitstream/handle/10255/dryad.1634/Microsatellitealleledata.txt?sequence=1"/>
</mets:file>
<mets:file CHECKSUMTYPE="MD5" GROUPID="group_file_1185" ID="file_1185" MIMETYPE="application/pdf" SIZE="55431" CHECKSUM="8da2c8140a6bd2825b290dfe6b09b787">
<mets:FLocat LOCTYPE="URL" xlink:title="README.pdf" xlink:type="locator" xlink:href="/bitstream/handle/10255/dryad.1634/README.pdf?sequence=2"/>
</mets:file>
</mets:fileGrp>
<mets:fileGrp USE="TEXT">
<mets:file CHECKSUMTYPE="MD5" GROUPID="group_file_1184" ID="file_1445" MIMETYPE="text/plain" SIZE="47979" CHECKSUM="78ec1bde25c022107137f88c749b6c13">
<mets:FLocat LOCTYPE="URL" xlink:title="Microsatellitealleledata.txt.txt" xlink:label="Extracted text" xlink:type="locator" xlink:href="/bitstream/handle/10255/dryad.1634/Microsatellitealleledata.txt.txt?sequence=3"/>
</mets:file>
<mets:file CHECKSUMTYPE="MD5" GROUPID="group_file_1185" ID="file_1446" MIMETYPE="text/plain" SIZE="9562" CHECKSUM="98fc3cac95d1afdc14139b3410fbbb6e">
<mets:FLocat LOCTYPE="URL" xlink:title="README.pdf.txt" xlink:label="Extracted text" xlink:type="locator" xlink:href="/bitstream/handle/10255/dryad.1634/README.pdf.txt?sequence=4"/>
</mets:file>
</mets:fileGrp>
</mets:fileSec>
<mets:structMap LABEL="DSpace" TYPE="LOGICAL">
<mets:div DMDID="dmd_1" TYPE="DSpace Item">
<mets:div ID="div_2" TYPE="DSpace Content Bitstream">
<mets:fptr FILEID="file_1184"/>
</mets:div>
<mets:div ID="div_3" TYPE="DSpace Content Bitstream">
<mets:fptr FILEID="file_1185"/>
</mets:div>
</mets:div>
</mets:structMap>
</mets:METS>
