<?xml version="1.0" encoding="UTF-8"?>
<mets:METS xmlns:mets="http://www.loc.gov/METS/" xmlns:xlink="http://www.w3.org/TR/xlink/" xmlns:xsi="http://www.w3.org/2001/XMLSchema-instance" xmlns:dim="http://www.dspace.org/xmlns/dspace/dim" OBJEDIT="/admin/item?itemID=223" OBJID="/handle/10255/dryad.203" PROFILE="DSPACE METS SIP Profile 1.0" LABEL="DSpace Item" ID="hdl:10255/dryad.203">
<mets:dmdSec GROUPID="group_dmd_0" ID="dmd_1">
<mets:mdWrap MDTYPE="OTHER" OTHERMDTYPE="DIM">
<mets:xmlData>
<dim:dim dspaceType="ITEM">
<dim:field element="contributor" qualifier="author" language="" mdschema="dc">Newton, Alicia</dim:field>
<dim:field element="contributor" qualifier="author" language="" mdschema="dc">Pistiner, Janna</dim:field>
<dim:field element="coverage" qualifier="spatial" language="" mdschema="dc">Santa Cruz, Near CDRS</dim:field>
<dim:field element="date" qualifier="accessioned" language="" mdschema="dc">2008-10-03T16:08:33Z</dim:field>
<dim:field element="date" qualifier="available" language="" mdschema="dc">2008-10-03T16:08:33Z</dim:field>
<dim:field element="date" qualifier="issued" language="" mdschema="dc">1999-08</dim:field>
<dim:field element="identifier" mdschema="dc">doi:10.5061/dryad.159/12</dim:field>
<dim:field element="identifier" qualifier="uri" language="" mdschema="dc">http://hdl.handle.net/10255/dryad.203</dim:field>
<dim:field element="description" language="en_US" mdschema="dc">Determination of species is left as an exercise for the student.</dim:field>
<dim:field element="relation" qualifier="ispartof" language="" mdschema="dc">http://hdl.handle.net/10255/dryad.159</dim:field>
<dim:field element="rights" qualifier="uri" language="" mdschema="dc">http://datadryad.org/bitstream/handle/10255/dryad.203/license.txt?sequence=2</dim:field>
<dim:field element="subject" language="en_US" mdschema="dc">finch</dim:field>
<dim:field element="title" language="en_US" mdschema="dc">Finch foraging on Ground (4)</dim:field>
<dim:field element="type" language="en_US" mdschema="dc">Image</dim:field>
<dim:field element="dryad" qualifier="pageviews">738</dim:field>
<dim:field element="dryad" qualifier="downloads">409</dim:field>
</dim:dim>
</mets:xmlData>
</mets:mdWrap>
</mets:dmdSec>
<mets:fileSec>
<mets:fileGrp USE="CONTENT">
<mets:file CHECKSUMTYPE="MD5" GROUPID="group_file_411" ID="file_411" MIMETYPE="image/jpeg" SIZE="50316" CHECKSUM="76cbb49e394f67badf9ea1ee6731688b">
<mets:FLocat LOCTYPE="URL" xlink:title="finch 420_L.jpg" xlink:type="locator" xlink:href="/bitstream/handle/10255/dryad.203/finch%20420_L.jpg?sequence=1"/>
</mets:file>
</mets:fileGrp>
<mets:fileGrp USE="LICENSE">
<mets:file CHECKSUMTYPE="MD5" GROUPID="group_file_412" ID="file_412" MIMETYPE="text/plain" SIZE="784" CHECKSUM="1d994e55f28b7e0b8dea3e90e0031def">
<mets:FLocat LOCTYPE="URL" xlink:title="license.txt" xlink:type="locator" xlink:href="/bitstream/handle/10255/dryad.203/license.txt?sequence=2"/>
</mets:file>
</mets:fileGrp>
<mets:fileGrp USE="THUMBNAIL">
<mets:file CHECKSUMTYPE="MD5" GROUPID="group_file_411" ID="file_1489" MIMETYPE="image/jpeg" SIZE="2437" CHECKSUM="153ec3ff0dd9404b64690e8aca566de3">
<mets:FLocat LOCTYPE="URL" xlink:title="finch 420_L.jpg.jpg" xlink:label="Generated Thumbnail" xlink:type="locator" xlink:href="/bitstream/handle/10255/dryad.203/finch%20420_L.jpg.jpg?sequence=3"/>
</mets:file>
</mets:fileGrp>
</mets:fileSec>
<mets:structMap LABEL="DSpace" TYPE="LOGICAL">
<mets:div DMDID="dmd_1" TYPE="DSpace Item">
<mets:div ID="div_2" TYPE="DSpace Content Bitstream">
<mets:fptr FILEID="file_411"/>
</mets:div>
</mets:div>
</mets:structMap>
</mets:METS>
