<?xml version="1.0" encoding="UTF-8"?>
<mets:METS xmlns:mets="http://www.loc.gov/METS/" xmlns:xlink="http://www.w3.org/TR/xlink/" xmlns:xsi="http://www.w3.org/2001/XMLSchema-instance" xmlns:dim="http://www.dspace.org/xmlns/dspace/dim" OBJEDIT="/admin/item?itemID=61713" OBJID="/handle/10255/dryad.51099" PROFILE="DSPACE METS SIP Profile 1.0" LABEL="DSpace Item" ID="hdl:10255/dryad.51099">
<mets:dmdSec GROUPID="group_dmd_0" ID="dmd_1">
<mets:mdWrap MDTYPE="OTHER" OTHERMDTYPE="DIM">
<mets:xmlData>
<dim:dim dspaceType="ITEM">
<dim:field element="contributor" qualifier="author" mdschema="dc">Rohfritsch, Audrey</dim:field>
<dim:field element="contributor" qualifier="author" mdschema="dc">Bierne, Nicolas</dim:field>
<dim:field element="contributor" qualifier="author" mdschema="dc">Boudry, Pierre</dim:field>
<dim:field element="contributor" qualifier="author" mdschema="dc">Heurtebise, Serge</dim:field>
<dim:field element="contributor" qualifier="author" mdschema="dc">Cornette, Florence</dim:field>
<dim:field element="contributor" qualifier="author" mdschema="dc">Lapegue, Sylvie</dim:field>
<dim:field element="date" qualifier="accessioned" mdschema="dc">2013-06-20T16:28:46Z</dim:field>
<dim:field element="date" qualifier="available" mdschema="dc">2013-07-24T14:36:34Z</dim:field>
<dim:field element="date" qualifier="issued" mdschema="dc">2013-06-20</dim:field>
<dim:field element="identifier" mdschema="dc">doi:10.5061/dryad.13jc4/3</dim:field>
<dim:field element="identifier" qualifier="uri" mdschema="dc">http://hdl.handle.net/10255/dryad.51099</dim:field>
<dim:field element="relation" qualifier="ispartof" mdschema="dc">doi:10.5061/dryad.13jc4</dim:field>
<dim:field element="rights" qualifier="uri" mdschema="dc">http://creativecommons.org/publicdomain/zero/1.0/</dim:field>
<dim:field element="subject" confidence="NOVALUE" language="" mdschema="dc">Aquaculture</dim:field>
<dim:field element="subject" confidence="NOVALUE" language="" mdschema="dc">Population Genetics - Empirical</dim:field>
<dim:field element="subject" confidence="NOVALUE" language="" mdschema="dc">Invasive Species</dim:field>
<dim:field element="title" language="" mdschema="dc">microsatellite genotypes from C. gigas populations</dim:field>
<dim:field element="type" language="*" mdschema="dc">Dataset</dim:field>
<dim:field element="ScientificName" confidence="NOVALUE" language="" mdschema="dwc">Crassostrea gigas</dim:field>
<dim:field element="type" qualifier="embargo" language="" mdschema="dc">untilArticleAppears</dim:field>
<dim:field element="dryad" qualifier="pageviews">19</dim:field>
<dim:field element="dryad" qualifier="downloads">13</dim:field>
</dim:dim>
</mets:xmlData>
</mets:mdWrap>
</mets:dmdSec>
<mets:fileSec>
<mets:fileGrp USE="CONTENT">
<mets:file CHECKSUMTYPE="MD5" GROUPID="group_file_134096" ID="file_134096" MIMETYPE="text/plain" SIZE="43568" CHECKSUM="e3d08ed16a2c52ce9c13ad482c020a9f">
<mets:FLocat LOCTYPE="URL" xlink:title="microsatellite data.txt" xlink:label="dataset-file" xlink:type="locator" xlink:href="/bitstream/handle/10255/dryad.51099/microsatellite%20data.txt?sequence=1"/>
</mets:file>
<mets:file CHECKSUMTYPE="MD5" GROUPID="group_file_134098" ID="file_134098" MIMETYPE="text/plain" SIZE="1065" CHECKSUM="8b7dad33643708dede01cdb0a76cd6a8">
<mets:FLocat LOCTYPE="URL" xlink:title="README.txt" xlink:label="README" xlink:type="locator" xlink:href="/bitstream/handle/10255/dryad.51099/README.txt?sequence=2"/>
</mets:file>
</mets:fileGrp>
</mets:fileSec>
<mets:structMap LABEL="DSpace" TYPE="LOGICAL">
<mets:div DMDID="dmd_1" TYPE="DSpace Item">
<mets:div ID="div_2" TYPE="DSpace Content Bitstream">
<mets:fptr FILEID="file_134096"/>
</mets:div>
<mets:div ID="div_3" TYPE="DSpace Content Bitstream">
<mets:fptr FILEID="file_134098"/>
</mets:div>
</mets:div>
</mets:structMap>
</mets:METS>
