<?xml version="1.0" encoding="UTF-8"?>
<mets:METS xmlns:mets="http://www.loc.gov/METS/" xmlns:xlink="http://www.w3.org/TR/xlink/" xmlns:xsi="http://www.w3.org/2001/XMLSchema-instance" xmlns:dim="http://www.dspace.org/xmlns/dspace/dim" OBJEDIT="/admin/item?itemID=58699" OBJID="/handle/10255/dryad.49087" PROFILE="DSPACE METS SIP Profile 1.0" LABEL="DSpace Item" ID="hdl:10255/dryad.49087">
<mets:dmdSec GROUPID="group_dmd_0" ID="dmd_1">
<mets:mdWrap MDTYPE="OTHER" OTHERMDTYPE="DIM">
<mets:xmlData>
<dim:dim dspaceType="ITEM">
<dim:field element="contributor" qualifier="author" language="" mdschema="dc">Noonan, Brice P.</dim:field>
<dim:field element="contributor" qualifier="author" language="" mdschema="dc">Pramuk, Jennifer B.</dim:field>
<dim:field element="contributor" qualifier="author" language="" mdschema="dc">Bezy, Robert L.</dim:field>
<dim:field element="contributor" qualifier="author" language="" mdschema="dc">Sinclair, Elizabeth A.</dim:field>
<dim:field element="contributor" qualifier="author" language="" mdschema="dc">de Queiroz, Kevin</dim:field>
<dim:field element="contributor" qualifier="author" language="" mdschema="dc">Sites Jr., Jack W.</dim:field>
<dim:field element="coverage" qualifier="spatial" language="" mdschema="dc">Cuba</dim:field>
<dim:field element="coverage" qualifier="spatial" language="" mdschema="dc">Central America</dim:field>
<dim:field element="coverage" qualifier="spatial" language="" mdschema="dc">North America</dim:field>
<dim:field element="coverage" qualifier="temporal" language="" mdschema="dc">Upper Cretaceous</dim:field>
<dim:field element="coverage" qualifier="temporal" language="" mdschema="dc">Paleogene</dim:field>
<dim:field element="coverage" qualifier="temporal" language="" mdschema="dc">Neogene</dim:field>
<dim:field element="date" qualifier="accessioned" language="" mdschema="dc">2013-06-26T18:43:18Z</dim:field>
<dim:field element="date" qualifier="accessioned" language="" mdschema="dc">2013-06-26T18:45:01Z</dim:field>
<dim:field element="date" qualifier="available" language="" mdschema="dc">2013-06-26T18:45:01Z</dim:field>
<dim:field element="date" qualifier="issued" language="" mdschema="dc">2013-06-03</dim:field>
<dim:field element="identifier" language="" mdschema="dc">doi:10.5061/dryad.011n0/11</dim:field>
<dim:field element="identifier" language="" mdschema="dc">doi:10.5061/dryad.011n0/11</dim:field>
<dim:field element="identifier" qualifier="uri" language="" mdschema="dc">http://hdl.handle.net/10255/dryad.49087</dim:field>
<dim:field element="description" language="" mdschema="dc">Alignment of existing (GenBank) and newly generated sequences.</dim:field>
<dim:field element="relation" qualifier="ispartof" language="" mdschema="dc">doi:10.5061/dryad.011n0</dim:field>
<dim:field element="rights" qualifier="uri" language="" mdschema="dc">http://creativecommons.org/publicdomain/zero/1.0/</dim:field>
<dim:field element="subject" confidence="NOVALUE" language="" mdschema="dc">phylogeny</dim:field>
<dim:field element="subject" confidence="NOVALUE" language="" mdschema="dc">biogeography</dim:field>
<dim:field element="title" language="" mdschema="dc">RAG1</dim:field>
<dim:field element="type" language="*" mdschema="dc">Dataset</dim:field>
<dim:field element="ScientificName" confidence="NOVALUE" language="" mdschema="dwc">Xantusia</dim:field>
<dim:field element="ScientificName" confidence="NOVALUE" language="" mdschema="dwc">Lepidophyma</dim:field>
<dim:field element="ScientificName" confidence="NOVALUE" language="" mdschema="dwc">Cricosaura</dim:field>
<dim:field element="ScientificName" confidence="FAILED" language="" mdschema="dwc">Xantusiidae</dim:field>
<dim:field element="ScientificName" confidence="FAILED" language="" mdschema="dwc">Squamata</dim:field>
<dim:field element="type" qualifier="embargo" language="en" mdschema="dc">none</dim:field>
<dim:field element="dryad" qualifier="pageviews">66</dim:field>
<dim:field element="dryad" qualifier="downloads">12</dim:field>
</dim:dim>
</mets:xmlData>
</mets:mdWrap>
</mets:dmdSec>
<mets:fileSec>
<mets:fileGrp USE="CONTENT">
<mets:file CHECKSUMTYPE="MD5" GROUPID="group_file_132157" ID="file_132157" MIMETYPE="text/plain" SIZE="148984" CHECKSUM="7b247f6cbb9beed5d660c751568ee505">
<mets:FLocat LOCTYPE="URL" xlink:title="RAG1.txt" xlink:label="dataset-file" xlink:type="locator" xlink:href="/bitstream/handle/10255/dryad.49087/RAG1.txt?sequence=1"/>
</mets:file>
</mets:fileGrp>
</mets:fileSec>
<mets:structMap LABEL="DSpace" TYPE="LOGICAL">
<mets:div DMDID="dmd_1" TYPE="DSpace Item">
<mets:div ID="div_2" TYPE="DSpace Content Bitstream">
<mets:fptr FILEID="file_132157"/>
</mets:div>
</mets:div>
</mets:structMap>
</mets:METS>
