<?xml version="1.0" encoding="UTF-8"?>
<mets:METS xmlns:mets="http://www.loc.gov/METS/" xmlns:xlink="http://www.w3.org/TR/xlink/" xmlns:xsi="http://www.w3.org/2001/XMLSchema-instance" xmlns:dim="http://www.dspace.org/xmlns/dspace/dim" OBJEDIT="/admin/item?itemID=1166" OBJID="/handle/10255/dryad.1015" PROFILE="DSPACE METS SIP Profile 1.0" LABEL="DSpace Item" ID="hdl:10255/dryad.1015">
<mets:dmdSec GROUPID="group_dmd_0" ID="dmd_1">
<mets:mdWrap MDTYPE="OTHER" OTHERMDTYPE="DIM">
<mets:xmlData>
<dim:dim dspaceType="ITEM">
<dim:field element="contributor" qualifier="author" language="en" mdschema="dc">Barrett, Craig F.</dim:field>
<dim:field element="contributor" qualifier="author" language="en" mdschema="dc">Freudenstein, John V.</dim:field>
<dim:field element="date" qualifier="accessioned" language="" mdschema="dc">2009-10-28T15:57:26Z</dim:field>
<dim:field element="date" qualifier="available" language="" mdschema="dc">2009-10-28T15:57:26Z</dim:field>
<dim:field element="date" qualifier="issued" language="" mdschema="dc">2009-10-28T15:57:26Z</dim:field>
<dim:field element="identifier" mdschema="dc">doi:10.5061/dryad.1013/2</dim:field>
<dim:field element="identifier" qualifier="uri" language="" mdschema="dc">http://hdl.handle.net/10255/dryad.1015</dim:field>
<dim:field element="description" language="" mdschema="dc">Histograms for nine morphological character measurements in millimeters.</dim:field>
<dim:field element="relation" qualifier="ispartof" language="en" mdschema="dc">doi:10.5061/dryad.1013</dim:field>
<dim:field element="rights" qualifier="uri" language="en" mdschema="dc">http://creativecommons.org/publicdomain/zero/1.0/</dim:field>
<dim:field element="subject" language="en" mdschema="dc">clinal variation</dim:field>
<dim:field element="subject" language="en" mdschema="dc">morphometry</dim:field>
<dim:field element="subject" language="en" mdschema="dc">phylogenetics</dim:field>
<dim:field element="subject" language="en" mdschema="dc">plastid DNA sequences</dim:field>
<dim:field element="subject" language="en" mdschema="dc">Principal Components Analysis</dim:field>
<dim:field element="subject" language="en" mdschema="dc">rbcL</dim:field>
<dim:field element="title" language="en" mdschema="dc">Supplementary Figure 2</dim:field>
<dim:field element="type" language="en" mdschema="dc">Dataset</dim:field>
<dim:field element="status" language="" mdschema="dryad">scanned</dim:field>
<dim:field element="dryad" qualifier="pageviews">158</dim:field>
<dim:field element="dryad" qualifier="downloads">38</dim:field>
</dim:dim>
</mets:xmlData>
</mets:mdWrap>
</mets:dmdSec>
<mets:fileSec>
<mets:fileGrp USE="CONTENT">
<mets:file CHECKSUMTYPE="MD5" GROUPID="group_file_887" ID="file_887" MIMETYPE="application/pdf" SIZE="315264" CHECKSUM="4b69465158a242aee6df2c9296d153dd">
<mets:FLocat LOCTYPE="URL" xlink:title="Suppl Fig2.pdf" xlink:type="locator" xlink:href="/bitstream/handle/10255/dryad.1015/Suppl%20Fig2.pdf?sequence=1"/>
</mets:file>
</mets:fileGrp>
</mets:fileSec>
<mets:structMap LABEL="DSpace" TYPE="LOGICAL">
<mets:div DMDID="dmd_1" TYPE="DSpace Item">
<mets:div ID="div_2" TYPE="DSpace Content Bitstream">
<mets:fptr FILEID="file_887"/>
</mets:div>
</mets:div>
</mets:structMap>
</mets:METS>
