<?xml version="1.0" encoding="UTF-8"?>
<mets:METS xmlns:mets="http://www.loc.gov/METS/" xmlns:xlink="http://www.w3.org/TR/xlink/" xmlns:xsi="http://www.w3.org/2001/XMLSchema-instance" xmlns:dim="http://www.dspace.org/xmlns/dspace/dim" OBJEDIT="/admin/item?itemID=2000" OBJID="/handle/10255/dryad.1764" PROFILE="DSPACE METS SIP Profile 1.0" LABEL="DSpace Item" ID="hdl:10255/dryad.1764">
<mets:dmdSec GROUPID="group_dmd_0" ID="dmd_1">
<mets:mdWrap MDTYPE="OTHER" OTHERMDTYPE="DIM">
<mets:xmlData>
<dim:dim dspaceType="ITEM">
<dim:field element="contributor" qualifier="author" language="en" mdschema="dc">Pruitt, Jonathan N</dim:field>
<dim:field element="contributor" qualifier="author" language="en" mdschema="dc">Krauel, Jennifer J</dim:field>
<dim:field element="date" qualifier="accessioned" language="" mdschema="dc">2010-07-13T22:09:09Z</dim:field>
<dim:field element="date" qualifier="available" mdschema="dc">2011-08-02T06:30:08Z</dim:field>
<dim:field element="date" qualifier="issued" language="" mdschema="dc">2010-07-13</dim:field>
<dim:field element="identifier" mdschema="dc">doi:10.5061/dryad.1763/1</dim:field>
<dim:field element="identifier" qualifier="uri" language="" mdschema="dc">http://hdl.handle.net/10255/dryad.1764</dim:field>
<dim:field element="relation" qualifier="ispartof" language="en" mdschema="dc">doi:10.5061/dryad.1763</dim:field>
<dim:field element="rights" qualifier="uri" language="en" mdschema="dc">http://creativecommons.org/publicdomain/zero/1.0/</dim:field>
<dim:field element="subject" language="en" mdschema="dc">optimal foraging theory</dim:field>
<dim:field element="subject" language="en" mdschema="dc">overeating</dim:field>
<dim:field element="subject" language="en" mdschema="dc">performance trait</dim:field>
<dim:field element="subject" language="en" mdschema="dc">selection gradient</dim:field>
<dim:field element="title" language="en" mdschema="dc">gluttony.xls</dim:field>
<dim:field element="type" language="en" mdschema="dc">Dataset</dim:field>
<dim:field element="ScientificName" language="" mdschema="dwc">Lycosidae</dim:field>
<dim:field element="ScientificName" language="" mdschema="dwc">Schizocosa ocreata</dim:field>
<dim:field element="dryad" qualifier="pageviews">161</dim:field>
<dim:field element="dryad" qualifier="downloads">47</dim:field>
</dim:dim>
</mets:xmlData>
</mets:mdWrap>
</mets:dmdSec>
<mets:fileSec>
<mets:fileGrp USE="CONTENT">
<mets:file CHECKSUMTYPE="MD5" GROUPID="group_file_1574" ID="file_1574" MIMETYPE="application/vnd.ms-excel" SIZE="146432" CHECKSUM="24d04e0753c38eff9acfe36d32fbc3ad">
<mets:FLocat LOCTYPE="URL" xlink:title="gluttony.xls" xlink:type="locator" xlink:href="/bitstream/handle/10255/dryad.1764/gluttony.xls?sequence=1"/>
</mets:file>
</mets:fileGrp>
</mets:fileSec>
<mets:structMap LABEL="DSpace" TYPE="LOGICAL">
<mets:div DMDID="dmd_1" TYPE="DSpace Item">
<mets:div ID="div_2" TYPE="DSpace Content Bitstream">
<mets:fptr FILEID="file_1574"/>
</mets:div>
</mets:div>
</mets:structMap>
</mets:METS>
