<?xml version="1.0" encoding="UTF-8"?>
<mets:METS xmlns:mets="http://www.loc.gov/METS/" xmlns:xlink="http://www.w3.org/TR/xlink/" xmlns:xsi="http://www.w3.org/2001/XMLSchema-instance" xmlns:dim="http://www.dspace.org/xmlns/dspace/dim" OBJEDIT="/admin/item?itemID=55442" OBJID="/handle/10255/dryad.46907" PROFILE="DSPACE METS SIP Profile 1.0" LABEL="DSpace Item" ID="hdl:10255/dryad.46907">
<mets:dmdSec GROUPID="group_dmd_0" ID="dmd_1">
<mets:mdWrap MDTYPE="OTHER" OTHERMDTYPE="DIM">
<mets:xmlData>
<dim:dim dspaceType="ITEM">
<dim:field element="contributor" qualifier="author" language="" mdschema="dc">Muñoz, Martha M.</dim:field>
<dim:field element="contributor" qualifier="author" language="" mdschema="dc">Crawford, Nicholas G.</dim:field>
<dim:field element="contributor" qualifier="author" language="" mdschema="dc">McGreevy Jr., Thomas J.</dim:field>
<dim:field element="contributor" qualifier="author" language="" mdschema="dc">Messana, Nicholas J.</dim:field>
<dim:field element="contributor" qualifier="author" language="" mdschema="dc">Tarvin, Rebecca D.</dim:field>
<dim:field element="contributor" qualifier="author" language="" mdschema="dc">Revell, Liam J.</dim:field>
<dim:field element="contributor" qualifier="author" language="" mdschema="dc">Zandvliet, Rosanne M.</dim:field>
<dim:field element="contributor" qualifier="author" language="" mdschema="dc">Hopwood, Juanita M.</dim:field>
<dim:field element="contributor" qualifier="author" language="" mdschema="dc">Mock, Elbert</dim:field>
<dim:field element="contributor" qualifier="author" language="" mdschema="dc">Schneider, André L.</dim:field>
<dim:field element="contributor" qualifier="author" language="" mdschema="dc">Schneider, Chris J.</dim:field>
<dim:field element="date" qualifier="accessioned" language="" mdschema="dc">2013-02-20T15:59:02Z</dim:field>
<dim:field element="date" qualifier="available" mdschema="dc">2013-04-26T14:21:18Z</dim:field>
<dim:field element="date" qualifier="issued" language="" mdschema="dc">2013-04-24</dim:field>
<dim:field element="identifier" language="" mdschema="dc">doi:10.5061/dryad.15570/3</dim:field>
<dim:field element="identifier" language="" mdschema="dc">doi:10.5061/dryad.15570/3</dim:field>
<dim:field element="identifier" qualifier="uri" language="" mdschema="dc">http://hdl.handle.net/10255/dryad.46907</dim:field>
<dim:field element="description" language="" mdschema="dc">Microsatellite data used for demographic analyses. Loci and scores are given for each individual from each population.</dim:field>
<dim:field element="relation" qualifier="ispartof" language="" mdschema="dc">doi:10.5061/dryad.15570</dim:field>
<dim:field element="rights" qualifier="uri" language="" mdschema="dc">http://creativecommons.org/publicdomain/zero/1.0/</dim:field>
<dim:field element="subject" confidence="NOVALUE" language="" mdschema="dc">Adaptation</dim:field>
<dim:field element="subject" confidence="NOVALUE" language="" mdschema="dc">Ecological Genetics</dim:field>
<dim:field element="subject" confidence="NOVALUE" language="" mdschema="dc">Population Genetics - Empirical</dim:field>
<dim:field element="subject" confidence="NOVALUE" language="" mdschema="dc">Reptiles</dim:field>
<dim:field element="title" language="" mdschema="dc">Munoz_etal_2013_msat_dataset</dim:field>
<dim:field element="type" language="*" mdschema="dc">Dataset</dim:field>
<dim:field element="type" qualifier="embargo" language="" mdschema="dc">untilArticleAppears</dim:field>
<dim:field element="dryad" qualifier="pageviews">55</dim:field>
<dim:field element="dryad" qualifier="downloads">23</dim:field>
</dim:dim>
</mets:xmlData>
</mets:mdWrap>
</mets:dmdSec>
<mets:fileSec>
<mets:fileGrp USE="CONTENT">
<mets:file CHECKSUMTYPE="MD5" GROUPID="group_file_130027" ID="file_130027" MIMETYPE="text/plain" SIZE="6787" CHECKSUM="cf9732d8a645f279834b1d1567b875c7">
<mets:FLocat LOCTYPE="URL" xlink:title="Munoz_etal_2013_msat_dataset.txt" xlink:label="dataset-file" xlink:type="locator" xlink:href="/bitstream/handle/10255/dryad.46907/Munoz_etal_2013_msat_dataset.txt?sequence=1"/>
</mets:file>
</mets:fileGrp>
</mets:fileSec>
<mets:structMap LABEL="DSpace" TYPE="LOGICAL">
<mets:div DMDID="dmd_1" TYPE="DSpace Item">
<mets:div ID="div_2" TYPE="DSpace Content Bitstream">
<mets:fptr FILEID="file_130027"/>
</mets:div>
</mets:div>
</mets:structMap>
</mets:METS>
