<?xml version="1.0" encoding="UTF-8"?>
<mets:METS xmlns:mets="http://www.loc.gov/METS/" xmlns:xlink="http://www.w3.org/TR/xlink/" xmlns:xsi="http://www.w3.org/2001/XMLSchema-instance" xmlns:dim="http://www.dspace.org/xmlns/dspace/dim" OBJEDIT="/admin/item?itemID=1800" OBJID="/handle/10255/dryad.1574" PROFILE="DSPACE METS SIP Profile 1.0" LABEL="DSpace Item" ID="hdl:10255/dryad.1574">
<mets:dmdSec GROUPID="group_dmd_0" ID="dmd_1">
<mets:mdWrap MDTYPE="OTHER" OTHERMDTYPE="DIM">
<mets:xmlData>
<dim:dim dspaceType="ITEM">
<dim:field element="contributor" qualifier="author" language="en" mdschema="dc">Tugume, Arthur</dim:field>
<dim:field element="contributor" qualifier="author" language="en" mdschema="dc">Cuellar, Wilmer</dim:field>
<dim:field element="contributor" qualifier="author" language="en" mdschema="dc">Mukasa, Settumba</dim:field>
<dim:field element="contributor" qualifier="author" language="en" mdschema="dc">Valkonen, Jari</dim:field>
<dim:field element="coverage" qualifier="spatial" language="en" mdschema="dc">World wide</dim:field>
<dim:field element="date" qualifier="accessioned" mdschema="dc">2010-05-14T15:41:35Z</dim:field>
<dim:field element="date" qualifier="available" mdschema="dc">2011-05-14T06:30:12Z</dim:field>
<dim:field element="date" qualifier="issued" mdschema="dc">2010-05-14</dim:field>
<dim:field element="identifier" mdschema="dc">doi:10.5061/dryad.1573/1</dim:field>
<dim:field element="identifier" qualifier="uri" mdschema="dc">http://hdl.handle.net/10255/dryad.1574</dim:field>
<dim:field element="description" language="en" mdschema="dc">There are 23 files in the up-loaded zip folder. One is a README file giving descriptions of the other 22 data files. Please read the README file for detailed information before using the data provided in other files.</dim:field>
<dim:field element="relation" qualifier="ispartof" language="en" mdschema="dc">doi:10.5061/dryad.1573</dim:field>
<dim:field element="rights" qualifier="uri" language="en" mdschema="dc">http://creativecommons.org/publicdomain/zero/1.0/</dim:field>
<dim:field element="subject" language="en" mdschema="dc">Agriculture</dim:field>
<dim:field element="subject" language="en" mdschema="dc">Host Parasite Interactions</dim:field>
<dim:field element="subject" language="en" mdschema="dc">Molecular Evolution</dim:field>
<dim:field element="subject" language="en" mdschema="dc">Phylogeography</dim:field>
<dim:field element="title" language="en" mdschema="dc">UPLOADEDTOMOLECULARECOLOGYDRYADFORPUBLICUSE14-05-2010.zip</dim:field>
<dim:field element="type" language="en" mdschema="dc">Dataset</dim:field>
<dim:field element="dryad" qualifier="pageviews">137</dim:field>
<dim:field element="dryad" qualifier="downloads">49</dim:field>
</dim:dim>
</mets:xmlData>
</mets:mdWrap>
</mets:dmdSec>
<mets:fileSec>
<mets:fileGrp USE="CONTENT">
<mets:file CHECKSUMTYPE="MD5" GROUPID="group_file_1149" ID="file_1149" MIMETYPE="application/zip" SIZE="156034" CHECKSUM="c92e3f3a96b00fb25ed6501575e56d15">
<mets:FLocat LOCTYPE="URL" xlink:title="UPLOADEDTOMOLECULARECOLOGYDRYADFORPUBLICUSE14-05-2010.zip" xlink:type="locator" xlink:href="/bitstream/handle/10255/dryad.1574/UPLOADEDTOMOLECULARECOLOGYDRYADFORPUBLICUSE14-05-2010.zip?sequence=1"/>
</mets:file>
</mets:fileGrp>
</mets:fileSec>
<mets:structMap LABEL="DSpace" TYPE="LOGICAL">
<mets:div DMDID="dmd_1" TYPE="DSpace Item">
<mets:div ID="div_2" TYPE="DSpace Content Bitstream">
<mets:fptr FILEID="file_1149"/>
</mets:div>
</mets:div>
</mets:structMap>
</mets:METS>
