<?xml version="1.0" encoding="UTF-8"?>
<mets:METS xmlns:mets="http://www.loc.gov/METS/" xmlns:xlink="http://www.w3.org/TR/xlink/" xmlns:xsi="http://www.w3.org/2001/XMLSchema-instance" xmlns:dim="http://www.dspace.org/xmlns/dspace/dim" OBJEDIT="/admin/item?itemID=38541" OBJID="/handle/10255/dryad.35742" PROFILE="DSPACE METS SIP Profile 1.0" LABEL="DSpace Item" ID="hdl:10255/dryad.35742">
<mets:dmdSec GROUPID="group_dmd_0" ID="dmd_1">
<mets:mdWrap MDTYPE="OTHER" OTHERMDTYPE="DIM">
<mets:xmlData>
<dim:dim dspaceType="ITEM">
<dim:field element="contributor" qualifier="author" language="" mdschema="dc">Harder, Lawrence D.</dim:field>
<dim:field element="contributor" qualifier="author" language="" mdschema="dc">Hobbhahn, Nina</dim:field>
<dim:field element="contributor" qualifier="author" language="" mdschema="dc">Richards, Shane A.</dim:field>
<dim:field element="coverage" qualifier="spatial" language="" mdschema="dc">South Africa</dim:field>
<dim:field element="coverage" qualifier="temporal" language="" mdschema="dc">present</dim:field>
<dim:field element="date" qualifier="accessioned" language="" mdschema="dc">2011-10-31T14:51:35Z</dim:field>
<dim:field element="date" qualifier="available" mdschema="dc">2011-12-15T15:13:57Z</dim:field>
<dim:field element="date" qualifier="issued" language="" mdschema="dc">2011-10-31</dim:field>
<dim:field element="identifier" mdschema="dc">doi:10.5061/dryad.0vf86nb1/1</dim:field>
<dim:field element="identifier" mdschema="dc">doi:10.5061/dryad.0vf86nb1/1</dim:field>
<dim:field element="identifier" qualifier="uri" language="" mdschema="dc">http://hdl.handle.net/10255/dryad.35742</dim:field>
<dim:field element="description" language="" mdschema="dc">The file contains two worksheets with data for Disa ferruginea and D. ophrydea concerning the proportion of outcross pollen applied to stigmas (pcmass), the number of ovules counted (ovule cnt), and the numbers of those ovules that were fertilized (fertilized) and developed into seeds (seeds). Each row represents the results from a single flower, with multiple flowers per plant. These data were used to estimate the relative success of self- and cross-pollen in fertilizing ovules, the relative survival of self- and cross-zygotes and inbreeding depression.</dim:field>
<dim:field element="relation" qualifier="ispartof" language="" mdschema="dc">doi:10.5061/dryad.0vf86nb1</dim:field>
<dim:field element="rights" qualifier="uri" language="" mdschema="dc">http://creativecommons.org/publicdomain/zero/1.0/</dim:field>
<dim:field element="subject" language="" mdschema="dc">Inbreeding</dim:field>
<dim:field element="subject" language="" mdschema="dc">Mating Systems</dim:field>
<dim:field element="title" language="" mdschema="dc">Harder etal data</dim:field>
<dim:field element="type" language="*" mdschema="dc">Dataset</dim:field>
<dim:field element="ScientificName" language="" mdschema="dwc">Disa ferruginea</dim:field>
<dim:field element="ScientificName" language="" mdschema="dwc">Disa ophrydea</dim:field>
<dim:field element="type" qualifier="embargo" language="" mdschema="dc">untilArticleAppears</dim:field>
<dim:field element="dryad" qualifier="pageviews">91</dim:field>
<dim:field element="dryad" qualifier="downloads">45</dim:field>
</dim:dim>
</mets:xmlData>
</mets:mdWrap>
</mets:dmdSec>
<mets:fileSec>
<mets:fileGrp USE="CONTENT">
<mets:file CHECKSUMTYPE="MD5" GROUPID="group_file_117154" ID="file_117154" MIMETYPE="application/vnd.ms-excel" SIZE="37376" CHECKSUM="749b6a065f41f37226b5f467503d8705">
<mets:FLocat LOCTYPE="URL" xlink:title="Harder etal data.xls" xlink:label="dataset-file" xlink:type="locator" xlink:href="/bitstream/handle/10255/dryad.35742/Harder%20etal%20data.xls?sequence=1"/>
</mets:file>
</mets:fileGrp>
</mets:fileSec>
<mets:structMap LABEL="DSpace" TYPE="LOGICAL">
<mets:div DMDID="dmd_1" TYPE="DSpace Item">
<mets:div ID="div_2" TYPE="DSpace Content Bitstream">
<mets:fptr FILEID="file_117154"/>
</mets:div>
</mets:div>
</mets:structMap>
</mets:METS>
