<?xml version="1.0" encoding="UTF-8"?>
<mets:METS xmlns:mets="http://www.loc.gov/METS/" xmlns:xlink="http://www.w3.org/TR/xlink/" xmlns:xsi="http://www.w3.org/2001/XMLSchema-instance" xmlns:dim="http://www.dspace.org/xmlns/dspace/dim" OBJEDIT="/admin/item?itemID=44594" OBJID="/handle/10255/dryad.39728" PROFILE="DSPACE METS SIP Profile 1.0" LABEL="DSpace Item" ID="hdl:10255/dryad.39728">
<mets:dmdSec GROUPID="group_dmd_0" ID="dmd_1">
<mets:mdWrap MDTYPE="OTHER" OTHERMDTYPE="DIM">
<mets:xmlData>
<dim:dim dspaceType="ITEM">
<dim:field element="contributor" qualifier="author" language="" mdschema="dc">Carrea, Cecilia</dim:field>
<dim:field element="contributor" qualifier="author" language="" mdschema="dc">Barriga, Juan P.</dim:field>
<dim:field element="contributor" qualifier="author" language="" mdschema="dc">Cussac, Victor E.</dim:field>
<dim:field element="contributor" qualifier="author" language="" mdschema="dc">Ruzzante, Daniel E.</dim:field>
<dim:field element="date" qualifier="accessioned" language="" mdschema="dc">2012-05-15T18:38:01Z</dim:field>
<dim:field element="date" qualifier="available" mdschema="dc">2012-08-23T18:45:32Z</dim:field>
<dim:field element="date" qualifier="issued" language="" mdschema="dc">2012-05-15</dim:field>
<dim:field element="identifier" language="" mdschema="dc">doi:10.5061/dryad.0578v/1</dim:field>
<dim:field element="identifier" language="" mdschema="dc">doi:10.5061/dryad.0578v/1</dim:field>
<dim:field element="identifier" qualifier="uri" language="" mdschema="dc">http://hdl.handle.net/10255/dryad.39728</dim:field>
<dim:field element="relation" qualifier="ispartof" language="" mdschema="dc">doi:10.5061/dryad.0578v</dim:field>
<dim:field element="rights" qualifier="uri" language="" mdschema="dc">http://creativecommons.org/publicdomain/zero/1.0/</dim:field>
<dim:field element="subject" language="" mdschema="dc">morphometrics</dim:field>
<dim:field element="subject" language="" mdschema="dc">meristic counts</dim:field>
<dim:field element="title" language="" mdschema="dc">Convert_Nahuel</dim:field>
<dim:field element="type" language="*" mdschema="dc">Dataset</dim:field>
<dim:field element="type" qualifier="embargo" language="" mdschema="dc">untilArticleAppears</dim:field>
<dim:field element="dryad" qualifier="pageviews">67</dim:field>
<dim:field element="dryad" qualifier="downloads">41</dim:field>
</dim:dim>
</mets:xmlData>
</mets:mdWrap>
</mets:dmdSec>
<mets:fileSec>
<mets:fileGrp USE="CONTENT">
<mets:file CHECKSUMTYPE="MD5" GROUPID="group_file_122397" ID="file_122397" MIMETYPE="text/plain" SIZE="45879" CHECKSUM="3e25c0870ca49cbbeb519b9f91ec4460">
<mets:FLocat LOCTYPE="URL" xlink:title="Convert_Nahuel.txt" xlink:label="dataset-file" xlink:type="locator" xlink:href="/bitstream/handle/10255/dryad.39728/Convert_Nahuel.txt?sequence=1"/>
</mets:file>
<mets:file CHECKSUMTYPE="MD5" GROUPID="group_file_122400" ID="file_122400" MIMETYPE="text/plain" SIZE="388" CHECKSUM="ac5d2245d00aebd8799789645440bc80">
<mets:FLocat LOCTYPE="URL" xlink:title="README.txt" xlink:label="dc_readme" xlink:type="locator" xlink:href="/bitstream/handle/10255/dryad.39728/README.txt?sequence=2"/>
</mets:file>
</mets:fileGrp>
</mets:fileSec>
<mets:structMap LABEL="DSpace" TYPE="LOGICAL">
<mets:div DMDID="dmd_1" TYPE="DSpace Item">
<mets:div ID="div_2" TYPE="DSpace Content Bitstream">
<mets:fptr FILEID="file_122397"/>
</mets:div>
<mets:div ID="div_3" TYPE="DSpace Content Bitstream">
<mets:fptr FILEID="file_122400"/>
</mets:div>
</mets:div>
</mets:structMap>
</mets:METS>
