<?xml version="1.0" encoding="UTF-8"?>
<mets:METS xmlns:mets="http://www.loc.gov/METS/" xmlns:xlink="http://www.w3.org/TR/xlink/" xmlns:xsi="http://www.w3.org/2001/XMLSchema-instance" xmlns:dim="http://www.dspace.org/xmlns/dspace/dim" OBJEDIT="/admin/item?itemID=58062" OBJID="/handle/10255/dryad.48670" PROFILE="DSPACE METS SIP Profile 1.0" LABEL="DSpace Item" ID="hdl:10255/dryad.48670">
<mets:dmdSec GROUPID="group_dmd_0" ID="dmd_1">
<mets:mdWrap MDTYPE="OTHER" OTHERMDTYPE="DIM">
<mets:xmlData>
<dim:dim dspaceType="ITEM">
<dim:field element="contributor" qualifier="author" language="" mdschema="dc">Brachi, Benjamin</dim:field>
<dim:field element="contributor" qualifier="author" language="" mdschema="dc">Villoutreix, Romain</dim:field>
<dim:field element="contributor" qualifier="author" language="" mdschema="dc">Faure, Nathalie</dim:field>
<dim:field element="contributor" qualifier="author" language="" mdschema="dc">Hautekèete, Nina-Coralie</dim:field>
<dim:field element="contributor" qualifier="author" language="" mdschema="dc">Piquot, Yves</dim:field>
<dim:field element="contributor" qualifier="author" language="" mdschema="dc">Pauwels, Maxime</dim:field>
<dim:field element="contributor" qualifier="author" language="" mdschema="dc">Roby, Dominique</dim:field>
<dim:field element="contributor" qualifier="author" language="" mdschema="dc">Cuguen, Joel</dim:field>
<dim:field element="contributor" qualifier="author" language="" mdschema="dc">Bergelson, Joy</dim:field>
<dim:field element="contributor" qualifier="author" language="" mdschema="dc">Roux, Fabrice</dim:field>
<dim:field element="date" qualifier="accessioned" mdschema="dc">2013-06-05T17:37:15Z</dim:field>
<dim:field element="date" qualifier="available" mdschema="dc">2013-08-12T17:45:26Z</dim:field>
<dim:field element="date" qualifier="issued" mdschema="dc">2013-06-05</dim:field>
<dim:field element="identifier" language="" mdschema="dc">doi:10.5061/dryad.07s25/3</dim:field>
<dim:field element="identifier" mdschema="dc">doi:10.5061/dryad.07s25/3</dim:field>
<dim:field element="identifier" qualifier="uri" mdschema="dc">http://hdl.handle.net/10255/dryad.48670</dim:field>
<dim:field element="description" language="" mdschema="dc">Genotypes for the french families used in this study. The column "sample" corresponds to families from the french populations. "." stands for missing data. Heterozygotes are coded as follow: W for AT, M for AC, R for AG, Y for TC, K for TG and S for CG.</dim:field>
<dim:field element="relation" qualifier="ispartof" language="" mdschema="dc">doi:10.5061/dryad.07s25</dim:field>
<dim:field element="rights" qualifier="uri" language="" mdschema="dc">http://creativecommons.org/publicdomain/zero/1.0/</dim:field>
<dim:field element="subject" confidence="NOVALUE" language="" mdschema="dc">Flowering Time</dim:field>
<dim:field element="subject" confidence="NOVALUE" language="" mdschema="dc">Ecology</dim:field>
<dim:field element="subject" confidence="NOVALUE" language="" mdschema="dc">Adaptation</dim:field>
<dim:field element="subject" confidence="NOVALUE" language="" mdschema="dc">Selection</dim:field>
<dim:field element="title" language="" mdschema="dc">genotypes of the french families</dim:field>
<dim:field element="type" language="*" mdschema="dc">Dataset</dim:field>
<dim:field element="ScientificName" confidence="NOVALUE" language="" mdschema="dwc">Arabidopsis thaliana</dim:field>
<dim:field element="type" qualifier="embargo" language="" mdschema="dc">untilArticleAppears</dim:field>
<dim:field element="dryad" qualifier="pageviews">13</dim:field>
<dim:field element="dryad" qualifier="downloads">4</dim:field>
</dim:dim>
</mets:xmlData>
</mets:mdWrap>
</mets:dmdSec>
<mets:fileSec>
<mets:fileGrp USE="CONTENT">
<mets:file CHECKSUMTYPE="MD5" GROUPID="group_file_131750" ID="file_131750" MIMETYPE="text/plain" SIZE="211035" CHECKSUM="a2335e473e43788da2ddab19ff42ee41">
<mets:FLocat LOCTYPE="URL" xlink:title="genotypes.txt" xlink:label="dataset-file" xlink:type="locator" xlink:href="/bitstream/handle/10255/dryad.48670/genotypes.txt?sequence=1"/>
</mets:file>
</mets:fileGrp>
</mets:fileSec>
<mets:structMap LABEL="DSpace" TYPE="LOGICAL">
<mets:div DMDID="dmd_1" TYPE="DSpace Item">
<mets:div ID="div_2" TYPE="DSpace Content Bitstream">
<mets:fptr FILEID="file_131750"/>
</mets:div>
</mets:div>
</mets:structMap>
</mets:METS>
