<?xml version="1.0" encoding="UTF-8"?>
<mets:METS xmlns:mets="http://www.loc.gov/METS/" xmlns:xlink="http://www.w3.org/TR/xlink/" xmlns:xsi="http://www.w3.org/2001/XMLSchema-instance" xmlns:dim="http://www.dspace.org/xmlns/dspace/dim" OBJEDIT="/admin/item?itemID=44834" OBJID="/handle/10255/dryad.39880" PROFILE="DSPACE METS SIP Profile 1.0" LABEL="DSpace Item" ID="hdl:10255/dryad.39880">
<mets:dmdSec GROUPID="group_dmd_0" ID="dmd_1">
<mets:mdWrap MDTYPE="OTHER" OTHERMDTYPE="DIM">
<mets:xmlData>
<dim:dim dspaceType="ITEM">
<dim:field element="contributor" qualifier="author" language="" mdschema="dc">Van Strien, Maarten J.</dim:field>
<dim:field element="contributor" qualifier="author" language="" mdschema="dc">Keller, Daniela</dim:field>
<dim:field element="contributor" qualifier="author" language="" mdschema="dc">Holderegger, Rolf</dim:field>
<dim:field element="coverage" qualifier="spatial" language="" mdschema="dc">Langenthal</dim:field>
<dim:field element="coverage" qualifier="spatial" language="" mdschema="dc">Oberaargau</dim:field>
<dim:field element="coverage" qualifier="spatial" language="" mdschema="dc">Bern</dim:field>
<dim:field element="date" qualifier="accessioned" language="" mdschema="dc">2012-05-25T16:14:31Z</dim:field>
<dim:field element="date" qualifier="available" mdschema="dc">2012-06-28T14:49:00Z</dim:field>
<dim:field element="date" qualifier="issued" language="" mdschema="dc">2012-05-25</dim:field>
<dim:field element="identifier" language="" mdschema="dc">doi:10.5061/dryad.08m6t/5</dim:field>
<dim:field element="identifier" language="" mdschema="dc">doi:10.5061/dryad.08m6t/5</dim:field>
<dim:field element="identifier" qualifier="uri" language="" mdschema="dc">http://hdl.handle.net/10255/dryad.39880</dim:field>
<dim:field element="relation" qualifier="ispartof" language="" mdschema="dc">doi:10.5061/dryad.08m6t</dim:field>
<dim:field element="rights" qualifier="uri" language="" mdschema="dc">http://creativecommons.org/publicdomain/zero/1.0/</dim:field>
<dim:field element="subject" language="" mdschema="dc">Landscape genetics</dim:field>
<dim:field element="subject" language="" mdschema="dc">Gene flow</dim:field>
<dim:field element="subject" language="" mdschema="dc">Migration</dim:field>
<dim:field element="subject" language="" mdschema="dc">Resistance surface</dim:field>
<dim:field element="subject" language="" mdschema="dc">Least-cost path</dim:field>
<dim:field element="subject" language="" mdschema="dc">linear mixed model</dim:field>
<dim:field element="title" language="" mdschema="dc">Explanatory_variables_mh_Agriculture_sf_15</dim:field>
<dim:field element="type" language="*" mdschema="dc">Dataset</dim:field>
<dim:field element="ScientificName" language="" mdschema="dwc">Coenagrion mercuriale</dim:field>
<dim:field element="type" qualifier="embargo" language="" mdschema="dc">untilArticleAppears</dim:field>
<dim:field element="dryad" qualifier="pageviews">50</dim:field>
<dim:field element="dryad" qualifier="downloads">44</dim:field>
</dim:dim>
</mets:xmlData>
</mets:mdWrap>
</mets:dmdSec>
<mets:fileSec>
<mets:fileGrp USE="CONTENT">
<mets:file CHECKSUMTYPE="MD5" GROUPID="group_file_122565" ID="file_122565" MIMETYPE="text/csv" SIZE="4738" CHECKSUM="77914d4d2b8676e2635b5f208d4256a6">
<mets:FLocat LOCTYPE="URL" xlink:title="Explanatory_variables_mh_Agriculture_sf_15.csv" xlink:label="dataset-file" xlink:type="locator" xlink:href="/bitstream/handle/10255/dryad.39880/Explanatory_variables_mh_Agriculture_sf_15.csv?sequence=1"/>
</mets:file>
<mets:file CHECKSUMTYPE="MD5" GROUPID="group_file_122566" ID="file_122566" MIMETYPE="text/plain" SIZE="1721" CHECKSUM="b99f445947ce9cfa1122caef53d79279">
<mets:FLocat LOCTYPE="URL" xlink:title="README.txt" xlink:label="dc_readme" xlink:type="locator" xlink:href="/bitstream/handle/10255/dryad.39880/README.txt?sequence=2"/>
</mets:file>
</mets:fileGrp>
</mets:fileSec>
<mets:structMap LABEL="DSpace" TYPE="LOGICAL">
<mets:div DMDID="dmd_1" TYPE="DSpace Item">
<mets:div ID="div_2" TYPE="DSpace Content Bitstream">
<mets:fptr FILEID="file_122565"/>
</mets:div>
<mets:div ID="div_3" TYPE="DSpace Content Bitstream">
<mets:fptr FILEID="file_122566"/>
</mets:div>
</mets:div>
</mets:structMap>
</mets:METS>
