<?xml version="1.0" encoding="UTF-8"?>
<mets:METS xmlns:mets="http://www.loc.gov/METS/" xmlns:xlink="http://www.w3.org/TR/xlink/" xmlns:xsi="http://www.w3.org/2001/XMLSchema-instance" xmlns:dim="http://www.dspace.org/xmlns/dspace/dim" OBJEDIT="/admin/item?itemID=1982" OBJID="/handle/10255/dryad.1747" PROFILE="DSPACE METS SIP Profile 1.0" LABEL="DSpace Item" ID="hdl:10255/dryad.1747">
<mets:dmdSec GROUPID="group_dmd_0" ID="dmd_1">
<mets:mdWrap MDTYPE="OTHER" OTHERMDTYPE="DIM">
<mets:xmlData>
<dim:dim dspaceType="ITEM">
<dim:field element="contributor" qualifier="author" language="en" mdschema="dc">Sharanowski, Barbara J</dim:field>
<dim:field element="contributor" qualifier="author" language="en" mdschema="dc">Robbertse, Barbara</dim:field>
<dim:field element="contributor" qualifier="author" language="en" mdschema="dc">Walker, John</dim:field>
<dim:field element="contributor" qualifier="author" language="en" mdschema="dc">Voss, S Randal</dim:field>
<dim:field element="contributor" qualifier="author" language="en" mdschema="dc">Yoder, Ryan S</dim:field>
<dim:field element="contributor" qualifier="author" language="en" mdschema="dc">Spatafora, Joseph W</dim:field>
<dim:field element="contributor" qualifier="author" language="en" mdschema="dc">Sharkey, Michael J</dim:field>
<dim:field element="coverage" qualifier="temporal" language="en" mdschema="dc">Mesozoic</dim:field>
<dim:field element="date" qualifier="accessioned" language="" mdschema="dc">2010-07-07T21:40:05Z</dim:field>
<dim:field element="date" qualifier="available" mdschema="dc">2010-08-06T06:30:08Z</dim:field>
<dim:field element="date" qualifier="issued" language="" mdschema="dc">2010-07-07</dim:field>
<dim:field element="identifier" mdschema="dc">doi:10.5061/dryad.1735/6</dim:field>
<dim:field element="identifier" qualifier="uri" language="" mdschema="dc">http://hdl.handle.net/10255/dryad.1747</dim:field>
<dim:field element="description" language="en" mdschema="dc">Trees from the 100 gene jackknife pseudo-replicates used to create filtered supernetworks in SplitsTree (Huson and Bryant, 2006).</dim:field>
<dim:field element="relation" qualifier="ispartof" language="en" mdschema="dc">doi:10.5061/dryad.1735</dim:field>
<dim:field element="rights" qualifier="uri" language="en" mdschema="dc">http://creativecommons.org/publicdomain/zero/1.0/</dim:field>
<dim:field element="subject" language="en" mdschema="dc">expressed sequence tags (ESTs)</dim:field>
<dim:field element="subject" language="en" mdschema="dc">phylogenomics</dim:field>
<dim:field element="subject" language="en" mdschema="dc">gene tree discordance</dim:field>
<dim:field element="subject" language="en" mdschema="dc">filtered supernetworks</dim:field>
<dim:field element="title" language="en" mdschema="dc">100_genejacktrees.nex</dim:field>
<dim:field element="type" language="en" mdschema="dc">Dataset</dim:field>
<dim:field element="ScientificName" language="en" mdschema="dwc">Hymenoptera</dim:field>
<dim:field element="ScientificName" language="en" mdschema="dwc">Apocrita</dim:field>
<dim:field element="ScientificName" language="en" mdschema="dwc">Proctotrupomorpha</dim:field>
<dim:field element="ScientificName" language="en" mdschema="dwc">Evaniomorpha</dim:field>
<dim:field element="ScientificName" language="en" mdschema="dwc">Aculeata</dim:field>
<dim:field element="ScientificName" language="en" mdschema="dwc">Ichneumonoidea</dim:field>
<dim:field element="dryad" qualifier="pageviews">150</dim:field>
<dim:field element="dryad" qualifier="downloads">70</dim:field>
</dim:dim>
</mets:xmlData>
</mets:mdWrap>
</mets:dmdSec>
<mets:fileSec>
<mets:fileGrp USE="CONTENT">
<mets:file CHECKSUMTYPE="MD5" GROUPID="group_file_1565" ID="file_1565" MIMETYPE="text/plain" SIZE="45096" CHECKSUM="09208d55d377cf6b62c00bd723dd984f">
<mets:FLocat LOCTYPE="URL" xlink:title="100genejacktrees.nex" xlink:type="locator" xlink:href="/bitstream/handle/10255/dryad.1747/100genejacktrees.nex?sequence=1"/>
</mets:file>
</mets:fileGrp>
</mets:fileSec>
<mets:structMap LABEL="DSpace" TYPE="LOGICAL">
<mets:div DMDID="dmd_1" TYPE="DSpace Item">
<mets:div ID="div_2" TYPE="DSpace Content Bitstream">
<mets:fptr FILEID="file_1565"/>
</mets:div>
</mets:div>
</mets:structMap>
</mets:METS>
