<?xml version="1.0" encoding="UTF-8"?>
<mets:METS xmlns:mets="http://www.loc.gov/METS/" xmlns:xlink="http://www.w3.org/TR/xlink/" xmlns:xsi="http://www.w3.org/2001/XMLSchema-instance" xmlns:dim="http://www.dspace.org/xmlns/dspace/dim" OBJEDIT="/admin/item?itemID=60605" OBJID="/handle/10255/dryad.50349" PROFILE="DSPACE METS SIP Profile 1.0" LABEL="DSpace Item" ID="hdl:10255/dryad.50349">
<mets:dmdSec GROUPID="group_dmd_0" ID="dmd_1">
<mets:mdWrap MDTYPE="OTHER" OTHERMDTYPE="DIM">
<mets:xmlData>
<dim:dim dspaceType="ITEM">
<dim:field element="contributor" qualifier="author" language="" mdschema="dc">Escalante, Tania</dim:field>
<dim:field element="contributor" qualifier="author" language="" mdschema="dc">Morrone, Juan J.</dim:field>
<dim:field element="contributor" qualifier="author" language="" mdschema="dc">Rodríguez-Tapia, Gerardo</dim:field>
<dim:field element="coverage" qualifier="spatial" language="" mdschema="dc">North America</dim:field>
<dim:field element="coverage" qualifier="temporal" language="" mdschema="dc">Present</dim:field>
<dim:field element="date" qualifier="accessioned" language="" mdschema="dc">2013-06-03T19:02:26Z</dim:field>
<dim:field element="date" qualifier="available" mdschema="dc">2013-09-05T17:59:11Z</dim:field>
<dim:field element="date" qualifier="issued" language="" mdschema="dc">2013-06-03</dim:field>
<dim:field element="identifier" language="" mdschema="dc">doi:10.5061/dryad.18j3d/33</dim:field>
<dim:field element="identifier" qualifier="uri" language="" mdschema="dc">http://hdl.handle.net/10255/dryad.50349</dim:field>
<dim:field element="description" language="" mdschema="dc">Shapefile for SIG</dim:field>
<dim:field element="relation" qualifier="ispartof" language="" mdschema="dc">doi:10.5061/dryad.18j3d</dim:field>
<dim:field element="rights" qualifier="uri" language="" mdschema="dc">http://creativecommons.org/publicdomain/zero/1.0/</dim:field>
<dim:field element="subject" confidence="NOVALUE" language="" mdschema="dc">Endemicity Analysis</dim:field>
<dim:field element="subject" confidence="NOVALUE" language="" mdschema="dc">Mexican Transition Zone</dim:field>
<dim:field element="subject" confidence="NOVALUE" language="" mdschema="dc">Nearctic</dim:field>
<dim:field element="subject" confidence="NOVALUE" language="" mdschema="dc">Neotropical</dim:field>
<dim:field element="subject" confidence="NOVALUE" language="" mdschema="dc">Parsimony Analysis of Endemicity</dim:field>
<dim:field element="subject" confidence="NOVALUE" language="" mdschema="dc">Provinces</dim:field>
<dim:field element="subject" confidence="NOVALUE" language="" mdschema="dc">Regions</dim:field>
<dim:field element="subject" confidence="NOVALUE" language="" mdschema="dc">Species distribution models</dim:field>
<dim:field element="title" language="" mdschema="dc">c74_Pacific-CentralAmericaSubregion</dim:field>
<dim:field element="type" language="*" mdschema="dc">Dataset</dim:field>
<dim:field element="ScientificName" confidence="NOVALUE" language="" mdschema="dwc">Mammalia</dim:field>
<dim:field element="type" qualifier="embargo" language="" mdschema="dc">untilArticleAppears</dim:field>
<dim:field element="dryad" qualifier="pageviews">24</dim:field>
<dim:field element="dryad" qualifier="downloads">1</dim:field>
</dim:dim>
</mets:xmlData>
</mets:mdWrap>
</mets:dmdSec>
<mets:fileSec>
<mets:fileGrp USE="CONTENT">
<mets:file CHECKSUMTYPE="MD5" GROUPID="group_file_133360" ID="file_133360" MIMETYPE="application/x-rar-compressed" SIZE="294909" CHECKSUM="8e2a8c830845388f989afed983ea77a3">
<mets:FLocat LOCTYPE="URL" xlink:title="c74_Pacific-CentralAmericaSubregion.rar" xlink:label="dataset-file" xlink:type="locator" xlink:href="/bitstream/handle/10255/dryad.50349/c74_Pacific-CentralAmericaSubregion.rar?sequence=1"/>
</mets:file>
</mets:fileGrp>
</mets:fileSec>
<mets:structMap LABEL="DSpace" TYPE="LOGICAL">
<mets:div DMDID="dmd_1" TYPE="DSpace Item">
<mets:div ID="div_2" TYPE="DSpace Content Bitstream">
<mets:fptr FILEID="file_133360"/>
</mets:div>
</mets:div>
</mets:structMap>
</mets:METS>
