<?xml version="1.0" encoding="UTF-8"?>
<mets:METS xmlns:mets="http://www.loc.gov/METS/" xmlns:xlink="http://www.w3.org/TR/xlink/" xmlns:xsi="http://www.w3.org/2001/XMLSchema-instance" xmlns:dim="http://www.dspace.org/xmlns/dspace/dim" OBJEDIT="/admin/item?itemID=38028" OBJID="/handle/10255/dryad.35469" PROFILE="DSPACE METS SIP Profile 1.0" LABEL="DSpace Item" ID="hdl:10255/dryad.35469">
<mets:dmdSec GROUPID="group_dmd_0" ID="dmd_1">
<mets:mdWrap MDTYPE="OTHER" OTHERMDTYPE="DIM">
<mets:xmlData>
<dim:dim dspaceType="ITEM">
<dim:field element="contributor" qualifier="author" language="" mdschema="dc">Sequeira, Andrea S.</dim:field>
<dim:field element="contributor" qualifier="author" language="" mdschema="dc">Stepien, Courtney C.</dim:field>
<dim:field element="contributor" qualifier="author" language="" mdschema="dc">Sijapati, Manisha</dim:field>
<dim:field element="contributor" qualifier="author" language="" mdschema="dc">Roque Albelo, Lázaro</dim:field>
<dim:field element="date" qualifier="accessioned" language="" mdschema="dc">2011-10-13T15:50:06Z</dim:field>
<dim:field element="date" qualifier="available" mdschema="dc">2011-12-17T22:53:55Z</dim:field>
<dim:field element="date" qualifier="issued" language="" mdschema="dc">2011-10-13</dim:field>
<dim:field element="identifier" mdschema="dc">doi:10.5061/dryad.01n56147/1</dim:field>
<dim:field element="identifier" mdschema="dc">doi:10.5061/dryad.01n56147/1</dim:field>
<dim:field element="identifier" qualifier="uri" language="" mdschema="dc">http://hdl.handle.net/10255/dryad.35469</dim:field>
<dim:field element="description" language="" mdschema="dc">DNA sequences were produced though standard methods spanning four gene regions and concatenated per individual. Please see readme file to link specimen codes with collecting localities and species identifications. Data in nexus format.</dim:field>
<dim:field element="relation" qualifier="ispartof" language="" mdschema="dc">doi:10.5061/dryad.01n56147</dim:field>
<dim:field element="rights" qualifier="uri" language="" mdschema="dc">http://creativecommons.org/publicdomain/zero/1.0/</dim:field>
<dim:field element="subject" language="" mdschema="dc">islands</dim:field>
<dim:field element="subject" language="" mdschema="dc">mitochondrial DNA</dim:field>
<dim:field element="subject" language="" mdschema="dc">flightlessness</dim:field>
<dim:field element="subject" language="" mdschema="dc">gene-flow</dim:field>
<dim:field element="title" language="" mdschema="dc">Mitochondrial DNA sequences for endemic and introduced Galapaganus species</dim:field>
<dim:field element="type" language="*" mdschema="dc">Dataset</dim:field>
<dim:field element="ScientificName" language="" mdschema="dwc">Curculionidae</dim:field>
<dim:field element="ScientificName" language="" mdschema="dwc">Entiminae</dim:field>
<dim:field element="ScientificName" language="" mdschema="dwc">Naupactini</dim:field>
<dim:field element="ScientificName" language="" mdschema="dwc">Galapaganus</dim:field>
<dim:field element="type" qualifier="embargo" language="" mdschema="dc">untilArticleAppears</dim:field>
<dim:field element="dryad" qualifier="pageviews">92</dim:field>
<dim:field element="dryad" qualifier="downloads">104</dim:field>
</dim:dim>
</mets:xmlData>
</mets:mdWrap>
</mets:dmdSec>
<mets:fileSec>
<mets:fileGrp USE="CONTENT">
<mets:file CHECKSUMTYPE="MD5" GROUPID="group_file_116776" ID="file_116776" MIMETYPE="application/octet-stream" SIZE="549891" CHECKSUM="f24d2cbfd2c43c933ed96f039ca995c4">
<mets:FLocat LOCTYPE="URL" xlink:title="December508SQ" xlink:label="dataset-file" xlink:type="locator" xlink:href="/bitstream/handle/10255/dryad.35469/December508SQ?sequence=1"/>
</mets:file>
<mets:file CHECKSUMTYPE="MD5" GROUPID="group_file_116777" ID="file_116777" MIMETYPE="application/msword" SIZE="66048" CHECKSUM="e29be2dce94043aebf29fe8992c70d88">
<mets:FLocat LOCTYPE="URL" xlink:title="README.doc" xlink:label="dc_readme" xlink:type="locator" xlink:href="/bitstream/handle/10255/dryad.35469/README.doc?sequence=2"/>
</mets:file>
<mets:file CHECKSUMTYPE="MD5" GROUPID="group_file_116787" ID="file_116787" MIMETYPE="application/pdf" SIZE="58542" CHECKSUM="6213f33c3f4009611b8d772ee7a2c8a6">
<mets:FLocat LOCTYPE="URL" xlink:title="README.pdf" xlink:label="dc_readme" xlink:type="locator" xlink:href="/bitstream/handle/10255/dryad.35469/README.pdf?sequence=3"/>
</mets:file>
</mets:fileGrp>
<mets:fileGrp USE="TEXT">
<mets:file CHECKSUMTYPE="MD5" GROUPID="group_file_116787" ID="file_116805" MIMETYPE="text/plain" SIZE="1001" CHECKSUM="22d901a3da62543a9d19493a13bdd304">
<mets:FLocat LOCTYPE="URL" xlink:title="README.pdf.txt" xlink:label="Extracted text" xlink:type="locator" xlink:href="/bitstream/handle/10255/dryad.35469/README.pdf.txt?sequence=4"/>
</mets:file>
<mets:file CHECKSUMTYPE="MD5" GROUPID="group_file_116777" ID="file_116806" MIMETYPE="text/plain" SIZE="1437" CHECKSUM="e9adac506bd97f287220a5f0725fb9a5">
<mets:FLocat LOCTYPE="URL" xlink:title="README.doc.txt" xlink:label="Extracted text" xlink:type="locator" xlink:href="/bitstream/handle/10255/dryad.35469/README.doc.txt?sequence=5"/>
</mets:file>
</mets:fileGrp>
</mets:fileSec>
<mets:structMap LABEL="DSpace" TYPE="LOGICAL">
<mets:div DMDID="dmd_1" TYPE="DSpace Item">
<mets:div ID="div_2" TYPE="DSpace Content Bitstream">
<mets:fptr FILEID="file_116776"/>
</mets:div>
<mets:div ID="div_3" TYPE="DSpace Content Bitstream">
<mets:fptr FILEID="file_116777"/>
</mets:div>
<mets:div ID="div_4" TYPE="DSpace Content Bitstream">
<mets:fptr FILEID="file_116787"/>
</mets:div>
</mets:div>
</mets:structMap>
</mets:METS>
