<?xml version="1.0" encoding="UTF-8"?>
<mets:METS xmlns:mets="http://www.loc.gov/METS/" xmlns:xlink="http://www.w3.org/TR/xlink/" xmlns:xsi="http://www.w3.org/2001/XMLSchema-instance" xmlns:dim="http://www.dspace.org/xmlns/dspace/dim" OBJEDIT="/admin/item?itemID=1659" OBJID="/handle/10255/dryad.1448" PROFILE="DSPACE METS SIP Profile 1.0" LABEL="DSpace Item" ID="hdl:10255/dryad.1448">
<mets:dmdSec GROUPID="group_dmd_0" ID="dmd_1">
<mets:mdWrap MDTYPE="OTHER" OTHERMDTYPE="DIM">
<mets:xmlData>
<dim:dim dspaceType="ITEM">
<dim:field element="contributor" qualifier="author" language="en" mdschema="dc">Ramí­rez-Valiente, José Alberto</dim:field>
<dim:field element="contributor" qualifier="author" language="" mdschema="dc">Lorenzo, Zaida</dim:field>
<dim:field element="contributor" qualifier="author" language="" mdschema="dc">Soto, Álvaro</dim:field>
<dim:field element="contributor" qualifier="author" language="" mdschema="dc">Valladares, Fernando</dim:field>
<dim:field element="contributor" qualifier="author" language="" mdschema="dc">Gil, Luis</dim:field>
<dim:field element="contributor" qualifier="author" language="" mdschema="dc">Aranda, Ismael</dim:field>
<dim:field element="coverage" qualifier="spatial" language="en" mdschema="dc">Spain</dim:field>
<dim:field element="date" qualifier="accessioned" language="" mdschema="dc">2010-04-05T20:40:35Z</dim:field>
<dim:field element="date" qualifier="available" language="" mdschema="dc">2010-04-05T20:40:35Z</dim:field>
<dim:field element="date" qualifier="issued" language="" mdschema="dc">2010-04-05T20:40:35Z</dim:field>
<dim:field element="identifier" mdschema="dc">doi:10.5061/dryad.1284/1</dim:field>
<dim:field element="identifier" qualifier="uri" language="" mdschema="dc">http://hdl.handle.net/10255/dryad.1448</dim:field>
<dim:field element="description" language="en" mdschema="dc">Molecular and Phenotypic data for trees sampled in the field. Plant material: leaves of the current year. Excel file.</dim:field>
<dim:field element="relation" qualifier="ispartof" language="en" mdschema="dc">doi:10.5061/dryad.1284</dim:field>
<dim:field element="rights" qualifier="uri" language="en" mdschema="dc">http://creativecommons.org/publicdomain/zero/1.0/</dim:field>
<dim:field element="subject" language="" mdschema="dc">Adaptation</dim:field>
<dim:field element="subject" language="" mdschema="dc">Conservation Genetics</dim:field>
<dim:field element="subject" language="" mdschema="dc">Population Genetics - Empirical</dim:field>
<dim:field element="subject" language="" mdschema="dc">Quantitative Genetics</dim:field>
<dim:field element="title" language="en" mdschema="dc">DATA-MEC-09-0209.xls</dim:field>
<dim:field element="type" language="en" mdschema="dc">Dataset</dim:field>
<dim:field element="ScientificName" language="en" mdschema="dwc">Quercus suber</dim:field>
<dim:field element="dryad" qualifier="pageviews">257</dim:field>
<dim:field element="dryad" qualifier="downloads">83</dim:field>
</dim:dim>
</mets:xmlData>
</mets:mdWrap>
</mets:dmdSec>
<mets:fileSec>
<mets:fileGrp USE="CONTENT">
<mets:file CHECKSUMTYPE="MD5" GROUPID="group_file_1097" ID="file_1097" MIMETYPE="application/vnd.ms-excel" SIZE="89088" CHECKSUM="e8c0d68401342a47e7de5a184a5e6022">
<mets:FLocat LOCTYPE="URL" xlink:title="DATA-MEC-09-0209.xls" xlink:type="locator" xlink:href="/bitstream/handle/10255/dryad.1448/DATA-MEC-09-0209.xls?sequence=1"/>
</mets:file>
</mets:fileGrp>
</mets:fileSec>
<mets:structMap LABEL="DSpace" TYPE="LOGICAL">
<mets:div DMDID="dmd_1" TYPE="DSpace Item">
<mets:div ID="div_2" TYPE="DSpace Content Bitstream">
<mets:fptr FILEID="file_1097"/>
</mets:div>
</mets:div>
</mets:structMap>
</mets:METS>
