<?xml version="1.0" encoding="UTF-8"?>
<mets:METS xmlns:mets="http://www.loc.gov/METS/" xmlns:xlink="http://www.w3.org/TR/xlink/" xmlns:xsi="http://www.w3.org/2001/XMLSchema-instance" xmlns:dim="http://www.dspace.org/xmlns/dspace/dim" OBJEDIT="/admin/item?itemID=1468" OBJID="/handle/10255/dryad.1286" PROFILE="DSPACE METS SIP Profile 1.0" LABEL="DSpace Item" ID="hdl:10255/dryad.1286">
<mets:dmdSec GROUPID="group_dmd_0" ID="dmd_1">
<mets:mdWrap MDTYPE="OTHER" OTHERMDTYPE="DIM">
<mets:xmlData>
<dim:dim dspaceType="ITEM">
<dim:field element="contributor" qualifier="author" language="en" mdschema="dc">Hansen, Michael</dim:field>
<dim:field element="contributor" qualifier="author" language="en" mdschema="dc">Fraser, Dylan</dim:field>
<dim:field element="contributor" qualifier="author" language="en" mdschema="dc">Meier, Kristian</dim:field>
<dim:field element="contributor" qualifier="author" language="en" mdschema="dc">Mensberg, Karen-Lise</dim:field>
<dim:field element="coverage" qualifier="spatial" language="en" mdschema="dc">Western Jutland Denmark</dim:field>
<dim:field element="coverage" qualifier="temporal" language="en" mdschema="dc">1927-2006</dim:field>
<dim:field element="date" qualifier="accessioned" language="" mdschema="dc">2010-03-03T20:28:20Z</dim:field>
<dim:field element="date" qualifier="available" language="" mdschema="dc">2010-03-03T20:28:20Z</dim:field>
<dim:field element="date" qualifier="issued" language="" mdschema="dc">2010-03-03T20:28:20Z</dim:field>
<dim:field element="identifier" mdschema="dc">doi:10.5061/dryad.1285/1</dim:field>
<dim:field element="identifier" qualifier="uri" language="" mdschema="dc">http://hdl.handle.net/10255/dryad.1286</dim:field>
<dim:field element="description" language="en" mdschema="dc">The file contains microsatellite data (21 loci) from six wild brown trout populations in Western Jutland, Denmark, along with samples from two hatchery strains used for stocking the rivers. The samples from the wild populations consist of contemporary samples (2000-2006) and historical pre-stocking samples (1927-1956), the latter obtained by analyzing DNA from archived scale samples. See Hansen et al. (2009) for further details on the data and study. The file format is MSA [Dieringer D, Schlotterer C (2003) Microsatellite Analyser (msa): a platform independent analysis tool for large microsatellite data sets. Molecular Ecology Notes, 3, 167–169].</dim:field>
<dim:field element="relation" qualifier="ispartof" language="en" mdschema="dc">doi:10.5061/dryad.1285</dim:field>
<dim:field element="rights" qualifier="uri" language="en" mdschema="dc">http://creativecommons.org/publicdomain/zero/1.0/</dim:field>
<dim:field element="subject" language="en" mdschema="dc">Captive Populations</dim:field>
<dim:field element="subject" language="en" mdschema="dc">Conservation Genetics</dim:field>
<dim:field element="subject" language="en" mdschema="dc">Ecological Genetics</dim:field>
<dim:field element="subject" language="en" mdschema="dc">Fish</dim:field>
<dim:field element="subject" language="en" mdschema="dc">Hybridization</dim:field>
<dim:field element="subject" language="en" mdschema="dc">Population Genetics - Empirical</dim:field>
<dim:field element="title" language="en" mdschema="dc">Brown trout microsatellite data</dim:field>
<dim:field element="type" language="en" mdschema="dc">Dataset</dim:field>
<dim:field element="ScientificName" language="en" mdschema="dwc">Salmo trutta</dim:field>
<dim:field element="status" language="" mdschema="dryad">scanned</dim:field>
<dim:field element="dryad" qualifier="pageviews">175</dim:field>
<dim:field element="dryad" qualifier="downloads">90</dim:field>
</dim:dim>
</mets:xmlData>
</mets:mdWrap>
</mets:dmdSec>
<mets:fileSec>
<mets:fileGrp USE="CONTENT">
<mets:file CHECKSUMTYPE="MD5" GROUPID="group_file_1016" ID="file_1016" MIMETYPE="application/vnd.openxmlformats-officedocument.spreadsheetml.sheet" SIZE="106975" CHECKSUM="19d606b50bb82225c29baa82364fb54e">
<mets:FLocat LOCTYPE="URL" xlink:title="Hansen et al 2009 MEC.xlsx" xlink:type="locator" xlink:href="/bitstream/handle/10255/dryad.1286/Hansen%20et%20al%202009%20MEC.xlsx?sequence=1"/>
</mets:file>
</mets:fileGrp>
</mets:fileSec>
<mets:structMap LABEL="DSpace" TYPE="LOGICAL">
<mets:div DMDID="dmd_1" TYPE="DSpace Item">
<mets:div ID="div_2" TYPE="DSpace Content Bitstream">
<mets:fptr FILEID="file_1016"/>
</mets:div>
</mets:div>
</mets:structMap>
</mets:METS>
