<?xml version="1.0" encoding="UTF-8"?>
<mets:METS xmlns:mets="http://www.loc.gov/METS/" xmlns:xlink="http://www.w3.org/TR/xlink/" xmlns:xsi="http://www.w3.org/2001/XMLSchema-instance" xmlns:dim="http://www.dspace.org/xmlns/dspace/dim" OBJEDIT="/admin/item?itemID=2036" OBJID="/handle/10255/dryad.1799" PROFILE="DSPACE METS SIP Profile 1.0" LABEL="DSpace Item" ID="hdl:10255/dryad.1799">
<mets:dmdSec GROUPID="group_dmd_0" ID="dmd_1">
<mets:mdWrap MDTYPE="OTHER" OTHERMDTYPE="DIM">
<mets:xmlData>
<dim:dim dspaceType="ITEM">
<dim:field element="contributor" qualifier="author" language="en" mdschema="dc">McCormack, John E</dim:field>
<dim:field element="contributor" qualifier="author" language="en" mdschema="dc">Heled, Joseph</dim:field>
<dim:field element="contributor" qualifier="author" language="en" mdschema="dc">Delaney, Kathleen S</dim:field>
<dim:field element="contributor" qualifier="author" language="en" mdschema="dc">Peterson, A Townsend</dim:field>
<dim:field element="contributor" qualifier="author" language="en" mdschema="dc">Knowles, L Lacey</dim:field>
<dim:field element="date" qualifier="accessioned" language="" mdschema="dc">2010-07-26T14:37:28Z</dim:field>
<dim:field element="date" qualifier="available" language="" mdschema="dc">2010-08-20T06:30:07Z</dim:field>
<dim:field element="date" qualifier="issued" language="" mdschema="dc">2010-07-26</dim:field>
<dim:field element="identifier" mdschema="dc">doi:10.5061/dryad.1786/2</dim:field>
<dim:field element="identifier" qualifier="uri" language="" mdschema="dc">http://hdl.handle.net/10255/dryad.1799</dim:field>
<dim:field element="description" language="en" mdschema="dc">Code for conducting coalescent simulations with a readme file.</dim:field>
<dim:field element="relation" qualifier="ispartof" language="en" mdschema="dc">doi:10.5061/dryad.1786</dim:field>
<dim:field element="rights" qualifier="uri" language="en" mdschema="dc">http://creativecommons.org/publicdomain/zero/1.0/</dim:field>
<dim:field element="subject" language="en" mdschema="dc">Phylogenetics</dim:field>
<dim:field element="subject" language="en" mdschema="dc">Biogeography</dim:field>
<dim:field element="subject" language="en" mdschema="dc">Phylogeography</dim:field>
<dim:field element="subject" language="en" mdschema="dc">Speciation</dim:field>
<dim:field element="title" language="en" mdschema="dc">SimulationCode.tar</dim:field>
<dim:field element="type" language="en" mdschema="dc">Dataset</dim:field>
<dim:field element="ScientificName" language="en" mdschema="dwc">Aphelocoma ultramarina</dim:field>
<dim:field element="dryad" qualifier="pageviews">156</dim:field>
<dim:field element="dryad" qualifier="downloads">48</dim:field>
</dim:dim>
</mets:xmlData>
</mets:mdWrap>
</mets:dmdSec>
<mets:fileSec>
<mets:fileGrp USE="CONTENT">
<mets:file CHECKSUMTYPE="MD5" GROUPID="group_file_1594" ID="file_1594" MIMETYPE="application/tar" SIZE="271360" CHECKSUM="d09b1d50e9f227e5316ea56f83f57914">
<mets:FLocat LOCTYPE="URL" xlink:title="SimulationCode.tar" xlink:type="locator" xlink:href="/bitstream/handle/10255/dryad.1799/SimulationCode.tar?sequence=1"/>
</mets:file>
</mets:fileGrp>
</mets:fileSec>
<mets:structMap LABEL="DSpace" TYPE="LOGICAL">
<mets:div DMDID="dmd_1" TYPE="DSpace Item">
<mets:div ID="div_2" TYPE="DSpace Content Bitstream">
<mets:fptr FILEID="file_1594"/>
</mets:div>
</mets:div>
</mets:structMap>
</mets:METS>
