<?xml version="1.0" encoding="UTF-8"?>
<mets:METS xmlns:mets="http://www.loc.gov/METS/" xmlns:xlink="http://www.w3.org/TR/xlink/" xmlns:xsi="http://www.w3.org/2001/XMLSchema-instance" xmlns:dim="http://www.dspace.org/xmlns/dspace/dim" OBJEDIT="/admin/item?itemID=51520" OBJID="/handle/10255/dryad.44257" PROFILE="DSPACE METS SIP Profile 1.0" LABEL="DSpace Item" ID="hdl:10255/dryad.44257">
<mets:dmdSec GROUPID="group_dmd_0" ID="dmd_1">
<mets:mdWrap MDTYPE="OTHER" OTHERMDTYPE="DIM">
<mets:xmlData>
<dim:dim dspaceType="ITEM">
<dim:field element="contributor" qualifier="author" language="" mdschema="dc">Stefansson, Tryggvi S.</dim:field>
<dim:field element="contributor" qualifier="author" language="" mdschema="dc">McDonald, Bruce A.</dim:field>
<dim:field element="contributor" qualifier="author" language="" mdschema="dc">Willi, Yvonne</dim:field>
<dim:field element="date" qualifier="accessioned" language="" mdschema="dc">2012-11-16T15:52:41Z</dim:field>
<dim:field element="date" qualifier="issued" language="" mdschema="dc">2012-11-16</dim:field>
<dim:field element="identifier" language="" mdschema="dc">doi:10.5061/dryad.0h887/1</dim:field>
<dim:field element="identifier" language="" mdschema="dc">doi:10.5061/dryad.0h887/1</dim:field>
<dim:field element="identifier" qualifier="uri" language="" mdschema="dc">http://hdl.handle.net/10255/dryad.44257</dim:field>
<dim:field element="description" language="" mdschema="dc">Growth rate data in mm/day for all temperatures, populations, isolates and replicates.</dim:field>
<dim:field element="relation" qualifier="ispartof" language="" mdschema="dc">doi:10.5061/dryad.0h887</dim:field>
<dim:field element="rights" qualifier="uri" language="" mdschema="dc">http://creativecommons.org/publicdomain/zero/1.0/</dim:field>
<dim:field element="subject" confidence="NOVALUE" language="" mdschema="dc">Thermal stress</dim:field>
<dim:field element="subject" confidence="NOVALUE" language="" mdschema="dc">QST/GST</dim:field>
<dim:field element="subject" confidence="NOVALUE" language="" mdschema="dc">GxE</dim:field>
<dim:field element="subject" confidence="NOVALUE" language="" mdschema="dc">Growth rate</dim:field>
<dim:field element="subject" confidence="NOVALUE" language="" mdschema="dc">Heritability</dim:field>
<dim:field element="subject" confidence="NOVALUE" language="" mdschema="dc">Thermal adaptation</dim:field>
<dim:field element="title" language="" mdschema="dc">Raw data Dryad</dim:field>
<dim:field element="type" language="*" mdschema="dc">Dataset</dim:field>
<dim:field element="ScientificName" confidence="NOVALUE" language="" mdschema="dwc">Rhynchosporium commune</dim:field>
<dim:field element="date" qualifier="embargoedUntil" mdschema="dc">2014-01-03</dim:field>
<dim:field element="type" qualifier="embargo" language="" mdschema="dc">oneyear</dim:field>
<dim:field element="dryad" qualifier="pageviews">124</dim:field>
<dim:field element="dryad" qualifier="downloads">1</dim:field>
</dim:dim>
</mets:xmlData>
</mets:mdWrap>
</mets:dmdSec>
<mets:fileSec/>
<mets:structMap LABEL="DSpace" TYPE="LOGICAL">
<mets:div DMDID="dmd_1" TYPE="DSpace Item"/>
</mets:structMap>
</mets:METS>
