<?xml version="1.0" encoding="UTF-8"?>
<mets:METS xmlns:mets="http://www.loc.gov/METS/" xmlns:xlink="http://www.w3.org/TR/xlink/" xmlns:xsi="http://www.w3.org/2001/XMLSchema-instance" xmlns:dim="http://www.dspace.org/xmlns/dspace/dim" OBJEDIT="/admin/item?itemID=1686" OBJID="/handle/10255/dryad.1473" PROFILE="DSPACE METS SIP Profile 1.0" LABEL="DSpace Item" ID="hdl:10255/dryad.1473">
<mets:dmdSec GROUPID="group_dmd_0" ID="dmd_1">
<mets:mdWrap MDTYPE="OTHER" OTHERMDTYPE="DIM">
<mets:xmlData>
<dim:dim dspaceType="ITEM">
<dim:field element="contributor" qualifier="author" language="en" mdschema="dc">Thorpe, Roger S.</dim:field>
<dim:field element="contributor" qualifier="author" language="en" mdschema="dc">Eales, Jacqualyn</dim:field>
<dim:field element="contributor" qualifier="author" language="en" mdschema="dc">Malhotra, Anita</dim:field>
<dim:field element="coverage" qualifier="spatial" language="en" mdschema="dc">Puerto Rico; Dominica</dim:field>
<dim:field element="date" qualifier="accessioned" language="" mdschema="dc">2010-04-26T19:13:17Z</dim:field>
<dim:field element="date" qualifier="available" language="" mdschema="dc">2010-04-26T19:13:17Z</dim:field>
<dim:field element="date" qualifier="issued" language="" mdschema="dc">2010-04-26</dim:field>
<dim:field element="identifier" mdschema="dc">doi:10.5061/dryad.1472/1</dim:field>
<dim:field element="identifier" qualifier="uri" language="" mdschema="dc">http://hdl.handle.net/10255/dryad.1473</dim:field>
<dim:field element="relation" qualifier="ispartof" language="en" mdschema="dc">doi:10.5061/dryad.1472</dim:field>
<dim:field element="rights" qualifier="uri" language="en" mdschema="dc">http://creativecommons.org/publicdomain/zero/1.0/</dim:field>
<dim:field element="subject" language="en" mdschema="dc">Adaptation</dim:field>
<dim:field element="subject" language="en" mdschema="dc">Reptiles</dim:field>
<dim:field element="subject" language="en" mdschema="dc">Invasive Species</dim:field>
<dim:field element="subject" language="en" mdschema="dc">Phylogeography</dim:field>
<dim:field element="subject" language="en" mdschema="dc">Population Ecology</dim:field>
<dim:field element="subject" language="en" mdschema="dc">Population Genetics - Empirical</dim:field>
<dim:field element="title" language="en" mdschema="dc">A cristatellus microsatellite data.txt</dim:field>
<dim:field element="type" language="en" mdschema="dc">Dataset</dim:field>
<dim:field element="ScientificName" language="en" mdschema="dwc">Anolis cristatellus</dim:field>
<dim:field element="dryad" qualifier="pageviews">238</dim:field>
<dim:field element="dryad" qualifier="downloads">138</dim:field>
</dim:dim>
</mets:xmlData>
</mets:mdWrap>
</mets:dmdSec>
<mets:fileSec>
<mets:fileGrp USE="CONTENT">
<mets:file CHECKSUMTYPE="MD5" GROUPID="group_file_1107" ID="file_1107" MIMETYPE="text/plain" SIZE="18063" CHECKSUM="5d33764b4cd481a4398ea533a155b27a">
<mets:FLocat LOCTYPE="URL" xlink:title="Eales et al 2010 microsat data genepop input file.txt" xlink:type="locator" xlink:href="/bitstream/handle/10255/dryad.1473/Eales%20et%20al%202010%20microsat%20data%20genepop%20input%20file.txt?sequence=1"/>
</mets:file>
<mets:file CHECKSUMTYPE="MD5" GROUPID="group_file_1108" ID="file_1108" MIMETYPE="text/plain" SIZE="286" CHECKSUM="58a712c58df26f3452f923a38803f477">
<mets:FLocat LOCTYPE="URL" xlink:title="README.txt" xlink:type="locator" xlink:href="/bitstream/handle/10255/dryad.1473/README.txt?sequence=2"/>
</mets:file>
</mets:fileGrp>
<mets:fileGrp USE="TEXT">
<mets:file CHECKSUMTYPE="MD5" GROUPID="group_file_1107" ID="file_1510" MIMETYPE="text/plain" SIZE="15347" CHECKSUM="a4fb1a3f2116ac49494ec9d35311bb29">
<mets:FLocat LOCTYPE="URL" xlink:title="Eales et al 2010 microsat data genepop input file.txt.txt" xlink:label="Extracted text" xlink:type="locator" xlink:href="/bitstream/handle/10255/dryad.1473/Eales%20et%20al%202010%20microsat%20data%20genepop%20input%20file.txt.txt?sequence=3"/>
</mets:file>
<mets:file CHECKSUMTYPE="MD5" GROUPID="group_file_1108" ID="file_1511" MIMETYPE="text/plain" SIZE="263" CHECKSUM="1af47df77b13a07c16538dd95c8c7a60">
<mets:FLocat LOCTYPE="URL" xlink:title="README.txt.txt" xlink:label="Extracted text" xlink:type="locator" xlink:href="/bitstream/handle/10255/dryad.1473/README.txt.txt?sequence=4"/>
</mets:file>
</mets:fileGrp>
</mets:fileSec>
<mets:structMap LABEL="DSpace" TYPE="LOGICAL">
<mets:div DMDID="dmd_1" TYPE="DSpace Item">
<mets:div ID="div_2" TYPE="DSpace Content Bitstream">
<mets:fptr FILEID="file_1107"/>
</mets:div>
<mets:div ID="div_3" TYPE="DSpace Content Bitstream">
<mets:fptr FILEID="file_1108"/>
</mets:div>
</mets:div>
</mets:structMap>
</mets:METS>
