<?xml version="1.0" encoding="UTF-8"?>
<mets:METS xmlns:mets="http://www.loc.gov/METS/" xmlns:xlink="http://www.w3.org/TR/xlink/" xmlns:xsi="http://www.w3.org/2001/XMLSchema-instance" xmlns:dim="http://www.dspace.org/xmlns/dspace/dim" OBJEDIT="/admin/item?itemID=2110" OBJID="/handle/10255/dryad.1874" PROFILE="DSPACE METS SIP Profile 1.0" LABEL="DSpace Item" ID="hdl:10255/dryad.1874">
<mets:dmdSec GROUPID="group_dmd_0" ID="dmd_1">
<mets:mdWrap MDTYPE="OTHER" OTHERMDTYPE="DIM">
<mets:xmlData>
<dim:dim dspaceType="ITEM">
<dim:field element="contributor" qualifier="author" language="en" mdschema="dc">Phillips, Benjamin L</dim:field>
<dim:field element="contributor" qualifier="author" language="en" mdschema="dc">Brown, Greg P</dim:field>
<dim:field element="contributor" qualifier="author" language="en" mdschema="dc">Shine, Richard</dim:field>
<dim:field element="coverage" qualifier="spatial" language="en" mdschema="dc">Northern Australia</dim:field>
<dim:field element="date" qualifier="accessioned" language="" mdschema="dc">2010-08-19T22:48:29Z</dim:field>
<dim:field element="date" qualifier="available" language="" mdschema="dc">2010-10-08T06:30:09Z</dim:field>
<dim:field element="date" qualifier="issued" language="" mdschema="dc">2010-08-19</dim:field>
<dim:field element="identifier" mdschema="dc">doi:10.5061/dryad.1873/1</dim:field>
<dim:field element="identifier" qualifier="uri" language="" mdschema="dc">http://hdl.handle.net/10255/dryad.1874</dim:field>
<dim:field element="description" language="en" mdschema="dc">Data mostly described in the paper.  Dam and Sire numbers refer to row numbers in the dataframe (so don't sort it!). sd column is difference beteeen sire and dam locations along transect and was not used in the analysis.</dim:field>
<dim:field element="relation" qualifier="ispartof" language="en" mdschema="dc">doi:10.5061/dryad.1873</dim:field>
<dim:field element="rights" qualifier="uri" language="en" mdschema="dc">http://creativecommons.org/publicdomain/zero/1.0/</dim:field>
<dim:field element="subject" language="en" mdschema="dc">Amphibians &amp; reptiles</dim:field>
<dim:field element="subject" language="en" mdschema="dc">Life history evolution</dim:field>
<dim:field element="subject" language="en" mdschema="dc">Quantitative genetics</dim:field>
<dim:field element="title" language="en" mdschema="dc">Phillips201000469Data.xls</dim:field>
<dim:field element="type" language="en" mdschema="dc">Dataset</dim:field>
<dim:field element="ScientificName" language="en" mdschema="dwc">Bufo marinus</dim:field>
<dim:field element="ScientificName" language="en" mdschema="dwc">Rhinella marina</dim:field>
<dim:field element="dryad" qualifier="pageviews">113</dim:field>
<dim:field element="dryad" qualifier="downloads">49</dim:field>
</dim:dim>
</mets:xmlData>
</mets:mdWrap>
</mets:dmdSec>
<mets:fileSec>
<mets:fileGrp USE="CONTENT">
<mets:file CHECKSUMTYPE="MD5" GROUPID="group_file_1637" ID="file_1637" MIMETYPE="application/vnd.ms-excel" SIZE="34816" CHECKSUM="76622347da9d35ecc015d01a0d5be184">
<mets:FLocat LOCTYPE="URL" xlink:title="Phillips201000469Data.xls" xlink:type="locator" xlink:href="/bitstream/handle/10255/dryad.1874/Phillips201000469Data.xls?sequence=1"/>
</mets:file>
</mets:fileGrp>
</mets:fileSec>
<mets:structMap LABEL="DSpace" TYPE="LOGICAL">
<mets:div DMDID="dmd_1" TYPE="DSpace Item">
<mets:div ID="div_2" TYPE="DSpace Content Bitstream">
<mets:fptr FILEID="file_1637"/>
</mets:div>
</mets:div>
</mets:structMap>
</mets:METS>
