<?xml version="1.0" encoding="UTF-8"?>
<mets:METS xmlns:mets="http://www.loc.gov/METS/" xmlns:xlink="http://www.w3.org/TR/xlink/" xmlns:xsi="http://www.w3.org/2001/XMLSchema-instance" xmlns:dim="http://www.dspace.org/xmlns/dspace/dim" OBJEDIT="/admin/item?itemID=43583" OBJID="/handle/10255/dryad.39107" PROFILE="DSPACE METS SIP Profile 1.0" LABEL="DSpace Item" ID="hdl:10255/dryad.39107">
<mets:dmdSec GROUPID="group_dmd_0" ID="dmd_1">
<mets:mdWrap MDTYPE="OTHER" OTHERMDTYPE="DIM">
<mets:xmlData>
<dim:dim dspaceType="ITEM">
<dim:field element="contributor" qualifier="author" mdschema="dc">Råberg, Lars</dim:field>
<dim:field element="coverage" qualifier="spatial" language="" mdschema="dc">Sweden</dim:field>
<dim:field element="date" qualifier="accessioned" mdschema="dc">2012-04-12T17:30:13Z</dim:field>
<dim:field element="date" qualifier="available" mdschema="dc">2012-04-30T18:40:19Z</dim:field>
<dim:field element="date" qualifier="issued" mdschema="dc">2012-04-12</dim:field>
<dim:field element="identifier" mdschema="dc">doi:10.5061/dryad.066v4476/1</dim:field>
<dim:field element="identifier" qualifier="uri" mdschema="dc">http://hdl.handle.net/10255/dryad.39107</dim:field>
<dim:field element="description" language="" mdschema="dc">File contains data on infection intensity of Borrelia afzelii (as measured by qpcr) in bank voles and yellow-necked mice, and infection status (infected or not) of ticks collected from these animals.</dim:field>
<dim:field element="relation" qualifier="ispartof" mdschema="dc">doi:10.5061/dryad.066v4476</dim:field>
<dim:field element="rights" qualifier="uri" mdschema="dc">http://creativecommons.org/publicdomain/zero/1.0/</dim:field>
<dim:field element="subject" language="" mdschema="dc">Host-parasite interaction</dim:field>
<dim:field element="subject" language="" mdschema="dc">Mammals</dim:field>
<dim:field element="subject" language="" mdschema="dc">Microbes</dim:field>
<dim:field element="subject" language="" mdschema="dc">Natural selection</dim:field>
<dim:field element="title" language="" mdschema="dc">Raberg2012JEB</dim:field>
<dim:field element="type" language="*" mdschema="dc">Dataset</dim:field>
<dim:field element="ScientificName" language="" mdschema="dwc">Myodes glareolus</dim:field>
<dim:field element="ScientificName" language="" mdschema="dwc">Apodemus flavicollis</dim:field>
<dim:field element="ScientificName" language="" mdschema="dwc">Borrelia afzelii</dim:field>
<dim:field element="type" qualifier="embargo" language="" mdschema="dc">untilArticleAppears</dim:field>
<dim:field element="dryad" qualifier="pageviews">71</dim:field>
<dim:field element="dryad" qualifier="downloads">34</dim:field>
</dim:dim>
</mets:xmlData>
</mets:mdWrap>
</mets:dmdSec>
<mets:fileSec>
<mets:fileGrp USE="CONTENT">
<mets:file CHECKSUMTYPE="MD5" GROUPID="group_file_121671" ID="file_121671" MIMETYPE="application/vnd.openxmlformats-officedocument.spreadsheetml.sheet" SIZE="14109" CHECKSUM="b87b99acbe3575384bf5225417019a49">
<mets:FLocat LOCTYPE="URL" xlink:title="Raberg2012JEB.xlsx" xlink:label="dataset-file" xlink:type="locator" xlink:href="/bitstream/handle/10255/dryad.39107/Raberg2012JEB.xlsx?sequence=1"/>
</mets:file>
</mets:fileGrp>
</mets:fileSec>
<mets:structMap LABEL="DSpace" TYPE="LOGICAL">
<mets:div DMDID="dmd_1" TYPE="DSpace Item">
<mets:div ID="div_2" TYPE="DSpace Content Bitstream">
<mets:fptr FILEID="file_121671"/>
</mets:div>
</mets:div>
</mets:structMap>
</mets:METS>
