<?xml version="1.0" encoding="UTF-8"?>
<mets:METS xmlns:mets="http://www.loc.gov/METS/" xmlns:xlink="http://www.w3.org/TR/xlink/" xmlns:xsi="http://www.w3.org/2001/XMLSchema-instance" xmlns:dim="http://www.dspace.org/xmlns/dspace/dim" OBJEDIT="/admin/item?itemID=1394" OBJID="/handle/10255/dryad.1223" PROFILE="DSPACE METS SIP Profile 1.0" LABEL="DSpace Item" ID="hdl:10255/dryad.1223">
<mets:dmdSec GROUPID="group_dmd_0" ID="dmd_1">
<mets:mdWrap MDTYPE="OTHER" OTHERMDTYPE="DIM">
<mets:xmlData>
<dim:dim dspaceType="ITEM">
<dim:field element="contributor" qualifier="author" language="en" mdschema="dc">Cooper, Natalie</dim:field>
<dim:field element="contributor" qualifier="author" language="en" mdschema="dc">Purvis, Andy</dim:field>
<dim:field element="date" qualifier="accessioned" language="" mdschema="dc">2010-02-02T16:32:50Z</dim:field>
<dim:field element="date" qualifier="available" language="" mdschema="dc">2010-02-02T16:32:50Z</dim:field>
<dim:field element="date" qualifier="issued" language="" mdschema="dc">2010-02-02T16:32:50Z</dim:field>
<dim:field element="identifier" mdschema="dc">doi:10.5061/dryad.1222/1</dim:field>
<dim:field element="identifier" qualifier="uri" language="" mdschema="dc">http://hdl.handle.net/10255/dryad.1223</dim:field>
<dim:field element="description" language="en" mdschema="dc">Tab delimited text file - see ReadMe.txt for details</dim:field>
<dim:field element="relation" qualifier="ispartof" language="en" mdschema="dc">doi:10.5061/dryad.1222</dim:field>
<dim:field element="rights" qualifier="uri" language="en" mdschema="dc">http://creativecommons.org/publicdomain/zero/1.0/</dim:field>
<dim:field element="subject" language="en" mdschema="dc">Biogeography</dim:field>
<dim:field element="subject" language="en" mdschema="dc">Competition</dim:field>
<dim:field element="subject" language="en" mdschema="dc">Ecology: evolutionary</dim:field>
<dim:field element="subject" language="en" mdschema="dc">Macroecology</dim:field>
<dim:field element="subject" language="en" mdschema="dc">Macroevolution</dim:field>
<dim:field element="subject" language="en" mdschema="dc">Phylogeny</dim:field>
<dim:field element="subject" language="en" mdschema="dc">Mammal</dim:field>
<dim:field element="title" language="en" mdschema="dc">DataAmNat51264.txt</dim:field>
<dim:field element="type" language="en" mdschema="dc">Dataset</dim:field>
<dim:field element="status" language="" mdschema="dryad">scanned</dim:field>
<dim:field element="dryad" qualifier="pageviews">208</dim:field>
<dim:field element="dryad" qualifier="downloads">277</dim:field>
</dim:dim>
</mets:xmlData>
</mets:mdWrap>
</mets:dmdSec>
<mets:fileSec>
<mets:fileGrp USE="CONTENT">
<mets:file CHECKSUMTYPE="MD5" GROUPID="group_file_991" ID="file_991" MIMETYPE="text/plain" SIZE="88565" CHECKSUM="7aae02aac1c784f27bd04e347e361380">
<mets:FLocat LOCTYPE="URL" xlink:title="DataAmNat51264.txt" xlink:type="locator" xlink:href="/bitstream/handle/10255/dryad.1223/DataAmNat51264.txt?sequence=1"/>
</mets:file>
<mets:file CHECKSUMTYPE="MD5" GROUPID="group_file_992" ID="file_992" MIMETYPE="text/plain" SIZE="2669" CHECKSUM="6c28fc2ba926d54619794452f17276b8">
<mets:FLocat LOCTYPE="URL" xlink:title="README.txt" xlink:type="locator" xlink:href="/bitstream/handle/10255/dryad.1223/README.txt?sequence=2"/>
</mets:file>
</mets:fileGrp>
<mets:fileGrp USE="TEXT">
<mets:file CHECKSUMTYPE="MD5" GROUPID="group_file_991" ID="file_1415" MIMETYPE="text/plain" SIZE="85688" CHECKSUM="5704bd3fe1091d74a5e7633e279758f7">
<mets:FLocat LOCTYPE="URL" xlink:title="DataAmNat51264.txt.txt" xlink:label="Extracted text" xlink:type="locator" xlink:href="/bitstream/handle/10255/dryad.1223/DataAmNat51264.txt.txt?sequence=3"/>
</mets:file>
<mets:file CHECKSUMTYPE="MD5" GROUPID="group_file_992" ID="file_1416" MIMETYPE="text/plain" SIZE="2619" CHECKSUM="b5d1414b99dfd0d749fe027d7f88614c">
<mets:FLocat LOCTYPE="URL" xlink:title="README.txt.txt" xlink:label="Extracted text" xlink:type="locator" xlink:href="/bitstream/handle/10255/dryad.1223/README.txt.txt?sequence=4"/>
</mets:file>
</mets:fileGrp>
</mets:fileSec>
<mets:structMap LABEL="DSpace" TYPE="LOGICAL">
<mets:div DMDID="dmd_1" TYPE="DSpace Item">
<mets:div ID="div_2" TYPE="DSpace Content Bitstream">
<mets:fptr FILEID="file_991"/>
</mets:div>
<mets:div ID="div_3" TYPE="DSpace Content Bitstream">
<mets:fptr FILEID="file_992"/>
</mets:div>
</mets:div>
</mets:structMap>
</mets:METS>
