<?xml version="1.0" encoding="UTF-8"?>
<mets:METS xmlns:mets="http://www.loc.gov/METS/" xmlns:xlink="http://www.w3.org/TR/xlink/" xmlns:xsi="http://www.w3.org/2001/XMLSchema-instance" xmlns:dim="http://www.dspace.org/xmlns/dspace/dim" OBJEDIT="/admin/item?itemID=52009" OBJID="/handle/10255/dryad.44613" PROFILE="DSPACE METS SIP Profile 1.0" LABEL="DSpace Item" ID="hdl:10255/dryad.44613">
<mets:dmdSec GROUPID="group_dmd_0" ID="dmd_1">
<mets:mdWrap MDTYPE="OTHER" OTHERMDTYPE="DIM">
<mets:xmlData>
<dim:dim dspaceType="ITEM">
<dim:field element="contributor" qualifier="author" mdschema="dc">Tien-Dzung, Tran</dim:field>
<dim:field element="identifier" mdschema="dc">doi:10.5061/dryad.13b6s</dim:field>
<dim:field element="description" language="" mdschema="dc">Many biological networks tend to have a high modularity structural property and the dynamic characteristic of high robustness against perturbations. However, the relationship between modularity and robustness is not well understood. To investigate this relationship, we conducted experiments on cellular signaling networks. As a result, we first observed that the network robustness is negatively correlated with the network modularity. In particular, this negative correlation becomes more apparent as the network density becomes sparser. Even more interesting, the negative relationship between the network robustness and the network modu-larity occurs mainly because nodes in the same module with the perturbed node tend to be more sensitive to the perturbation than those in other modules. This result implies that dynamically similar nodes tend to be located in the same module of a network. To support this, we show that a pair of genes associated with the same disease or a pair of functionally similar genes is likely to belong to the same module in a human signaling network. Therefore, the high modularity in a biological network can be considered a design principle to make the network effectively sensitive to a perturbation.</dim:field>
<dim:field element="subject" confidence="NOVALUE" language="" mdschema="dc">robustness</dim:field>
<dim:field element="subject" confidence="ACCEPTED" language="" mdschema="dc">modularity</dim:field>
<dim:field element="subject" confidence="ACCEPTED" language="" mdschema="dc">signaling network</dim:field>
<dim:field element="subject" confidence="ACCEPTED" language="" mdschema="dc">disease gene</dim:field>
<dim:field element="title" language="" mdschema="dc">Data from: The relationship between modularity and robustness in signaling</dim:field>
<dim:field element="type" language="*" mdschema="dc">Article</dim:field>
<dim:field element="contributor" qualifier="correspondingAuthor" language="" mdschema="dc">Tien-Dzung, Tran</dim:field>
<dim:field element="publicationName" confidence="ACCEPTED" language="" mdschema="prism">Journal of the Royal Society Interface</dim:field>
<dim:field element="workflow" qualifier="submitted" mdschema="internal">true</dim:field>
</dim:dim>
</mets:xmlData>
</mets:mdWrap>
</mets:dmdSec>
<mets:fileSec/>
<mets:structMap LABEL="DSpace" TYPE="LOGICAL">
<mets:div DMDID="dmd_1" TYPE="DSpace Item"/>
</mets:structMap>
</mets:METS>
