<?xml version="1.0" encoding="UTF-8"?>
<mets:METS xmlns:mets="http://www.loc.gov/METS/" xmlns:xlink="http://www.w3.org/TR/xlink/" xmlns:xsi="http://www.w3.org/2001/XMLSchema-instance" xmlns:dim="http://www.dspace.org/xmlns/dspace/dim" OBJEDIT="/admin/item?itemID=38389" OBJID="/handle/10255/dryad.35652" PROFILE="DSPACE METS SIP Profile 1.0" LABEL="DSpace Item" ID="hdl:10255/dryad.35652">
<mets:dmdSec GROUPID="group_dmd_0" ID="dmd_1">
<mets:mdWrap MDTYPE="OTHER" OTHERMDTYPE="DIM">
<mets:xmlData>
<dim:dim dspaceType="ITEM">
<dim:field element="contributor" qualifier="author" mdschema="dc">Kodric-Brown, Astrid</dim:field>
<dim:field element="date" qualifier="accessioned" mdschema="dc">2011-10-26T19:08:06Z</dim:field>
<dim:field element="date" qualifier="available" mdschema="dc">2012-02-01T15:13:51Z</dim:field>
<dim:field element="date" qualifier="issued" mdschema="dc">2011-10-26</dim:field>
<dim:field element="identifier" mdschema="dc">doi:10.5061/dryad.17vs2d34/1</dim:field>
<dim:field element="identifier" qualifier="uri" mdschema="dc">http://hdl.handle.net/10255/dryad.35652</dim:field>
<dim:field element="description" language="" mdschema="dc">Data with sources, on adult male and female body mass, female group size, female age of first reproduction, and male maturity. Values used in Fig. 2. Adult male and female body masses are means, female group sizes are maximum values, female AFR data are from Ernest (2003) and ages of male maturity are maximum values.</dim:field>
<dim:field element="relation" qualifier="ispartof" mdschema="dc">doi:10.5061/dryad.17vs2d34</dim:field>
<dim:field element="rights" qualifier="uri" mdschema="dc">http://creativecommons.org/publicdomain/zero/1.0/</dim:field>
<dim:field element="subject" language="" mdschema="dc">Ecology: behavioral</dim:field>
<dim:field element="subject" language="" mdschema="dc">Ecology: evolutionary</dim:field>
<dim:field element="subject" language="" mdschema="dc">Life history: ecology</dim:field>
<dim:field element="subject" language="" mdschema="dc">Life history: evolution</dim:field>
<dim:field element="subject" language="" mdschema="dc">Mating systems</dim:field>
<dim:field element="subject" language="" mdschema="dc">Morphology</dim:field>
<dim:field element="subject" language="" mdschema="dc">Reproduction: strategies</dim:field>
<dim:field element="subject" language="" mdschema="dc">Sexual dimorphism</dim:field>
<dim:field element="subject" language="" mdschema="dc">herbivores</dim:field>
<dim:field element="title" language="" mdschema="dc">Dryad Table</dim:field>
<dim:field element="type" language="*" mdschema="dc">Dataset</dim:field>
<dim:field element="ScientificName" language="" mdschema="dwc">Bovidae</dim:field>
<dim:field element="ScientificName" language="" mdschema="dwc">Cervidae</dim:field>
<dim:field element="ScientificName" language="" mdschema="dwc">Macropodidae</dim:field>
<dim:field element="type" qualifier="embargo" language="" mdschema="dc">untilArticleAppears</dim:field>
<dim:field element="dryad" qualifier="pageviews">103</dim:field>
<dim:field element="dryad" qualifier="downloads">106</dim:field>
</dim:dim>
</mets:xmlData>
</mets:mdWrap>
</mets:dmdSec>
<mets:fileSec>
<mets:fileGrp USE="CONTENT">
<mets:file CHECKSUMTYPE="MD5" GROUPID="group_file_117050" ID="file_117050" MIMETYPE="application/vnd.openxmlformats-officedocument.wordprocessingml.document" SIZE="61893" CHECKSUM="c3142bf73ed53382d45da5b194e81c76">
<mets:FLocat LOCTYPE="URL" xlink:title="Dryad Table.docx" xlink:label="dataset-file" xlink:type="locator" xlink:href="/bitstream/handle/10255/dryad.35652/Dryad%20Table.docx?sequence=1"/>
</mets:file>
<mets:file CHECKSUMTYPE="MD5" GROUPID="group_file_117059" ID="file_117059" MIMETYPE="application/pdf" SIZE="189490" CHECKSUM="d33702787686788838f89c9f368018da">
<mets:FLocat LOCTYPE="URL" xlink:title="Dryad Table.pdf" xlink:label="dataset-file" xlink:type="locator" xlink:href="/bitstream/handle/10255/dryad.35652/Dryad%20Table.pdf?sequence=2"/>
</mets:file>
</mets:fileGrp>
<mets:fileGrp USE="TEXT">
<mets:file CHECKSUMTYPE="MD5" GROUPID="group_file_117059" ID="file_117064" MIMETYPE="text/plain" SIZE="22379" CHECKSUM="d5accad76fc9051df26007eeb2b5bc2b">
<mets:FLocat LOCTYPE="URL" xlink:title="Dryad Table.pdf.txt" xlink:label="Extracted text" xlink:type="locator" xlink:href="/bitstream/handle/10255/dryad.35652/Dryad%20Table.pdf.txt?sequence=3"/>
</mets:file>
</mets:fileGrp>
</mets:fileSec>
<mets:structMap LABEL="DSpace" TYPE="LOGICAL">
<mets:div DMDID="dmd_1" TYPE="DSpace Item">
<mets:div ID="div_2" TYPE="DSpace Content Bitstream">
<mets:fptr FILEID="file_117050"/>
</mets:div>
<mets:div ID="div_3" TYPE="DSpace Content Bitstream">
<mets:fptr FILEID="file_117059"/>
</mets:div>
</mets:div>
</mets:structMap>
</mets:METS>
