<?xml version="1.0" encoding="UTF-8"?>
<mets:METS xmlns:mets="http://www.loc.gov/METS/" xmlns:xlink="http://www.w3.org/TR/xlink/" xmlns:xsi="http://www.w3.org/2001/XMLSchema-instance" xmlns:dim="http://www.dspace.org/xmlns/dspace/dim" OBJEDIT="/admin/item?itemID=63643" OBJID="/handle/10255/dryad.52371" PROFILE="DSPACE METS SIP Profile 1.0" LABEL="DSpace Item" ID="hdl:10255/dryad.52371">
<mets:dmdSec GROUPID="group_dmd_0" ID="dmd_1">
<mets:mdWrap MDTYPE="OTHER" OTHERMDTYPE="DIM">
<mets:xmlData>
<dim:dim dspaceType="ITEM">
<dim:field element="contributor" qualifier="author" mdschema="dc">Lloyd, Michelle J.</dim:field>
<dim:field element="contributor" qualifier="author" mdschema="dc">Metaxas, Anna</dim:field>
<dim:field element="contributor" qualifier="author" mdschema="dc">deYoung, Brad</dim:field>
<dim:field element="coverage" qualifier="spatial" language="" mdschema="dc">St. George's Bay</dim:field>
<dim:field element="coverage" qualifier="spatial" language="" mdschema="dc">Nova Scotia</dim:field>
<dim:field element="coverage" qualifier="spatial" language="" mdschema="dc">Canada</dim:field>
<dim:field element="coverage" qualifier="spatial" language="" mdschema="dc">45.783N</dim:field>
<dim:field element="coverage" qualifier="spatial" language="" mdschema="dc">61.778W</dim:field>
<dim:field element="coverage" qualifier="temporal" language="" mdschema="dc">Holocene</dim:field>
<dim:field element="coverage" qualifier="temporal" language="" mdschema="dc">August 6-7</dim:field>
<dim:field element="coverage" qualifier="temporal" language="" mdschema="dc">August 12-13</dim:field>
<dim:field element="coverage" qualifier="temporal" language="" mdschema="dc">2009</dim:field>
<dim:field element="coverage" qualifier="temporal" language="" mdschema="dc">Summer</dim:field>
<dim:field element="identifier" mdschema="dc">doi:10.5061/dryad.19342/1</dim:field>
<dim:field element="description" language="" mdschema="dc">This dataset was collected in the field (using a plankton pump, CTD, fluorometer and ADCP) for a MSc Thesis and 1 publication. This dataset contains the standardized abundance (count m-3) of meroplanktonic larvae (Margarites spp., Crepidula spp., Astyris lunata, Diaphana minuta, Littorinimorpha,  Arrhoges occidentalis, lyanassa spp., Bittiolum  alternatum, Nudibranchia), temperature, salinity, density, fluorescence, calculated Richardson number and current velocities (north-south, east-west, and vertical velocities) at 6 (3, 6, 9, 12, 18 and 24 m) depths, every 2 h over a 36- and 26-h sampling period, in St. George’s Bay, Nova Scotia, Canada. The dataset also included lunar cycle, diel period, tidal state, date, time, sampling depth, sampling depth range, and more.</dim:field>
<dim:field element="relation" qualifier="ispartof" mdschema="dc">doi:10.5061/dryad.19342</dim:field>
<dim:field element="rights" qualifier="uri" mdschema="dc">http://creativecommons.org/publicdomain/zero/1.0/</dim:field>
<dim:field element="subject" confidence="NOVALUE" language="" mdschema="dc">Vertical migration</dim:field>
<dim:field element="subject" confidence="NOVALUE" language="" mdschema="dc">Temperature</dim:field>
<dim:field element="subject" confidence="NOVALUE" language="" mdschema="dc">Fluorescence</dim:field>
<dim:field element="subject" confidence="NOVALUE" language="" mdschema="dc">Lunar phase</dim:field>
<dim:field element="subject" confidence="NOVALUE" language="" mdschema="dc">Diel period</dim:field>
<dim:field element="subject" confidence="NOVALUE" language="" mdschema="dc">Tidal state</dim:field>
<dim:field element="subject" confidence="NOVALUE" language="" mdschema="dc">Water column structure</dim:field>
<dim:field element="subject" confidence="NOVALUE" language="" mdschema="dc">Stratification</dim:field>
<dim:field element="title" language="" mdschema="dc">CHONE_PC-06_LLOYDM_dataset</dim:field>
<dim:field element="type" language="*" mdschema="dc">Dataset</dim:field>
<dim:field element="ScientificName" confidence="NOVALUE" language="" mdschema="dwc">Margarites spp.</dim:field>
<dim:field element="ScientificName" confidence="NOVALUE" language="" mdschema="dwc">Crepidula spp.</dim:field>
<dim:field element="ScientificName" confidence="NOVALUE" language="" mdschema="dwc">Astyris lunata</dim:field>
<dim:field element="ScientificName" confidence="NOVALUE" language="" mdschema="dwc">Diaphana minuta</dim:field>
<dim:field element="ScientificName" confidence="NOVALUE" language="" mdschema="dwc">Littorinimorpha</dim:field>
<dim:field element="ScientificName" confidence="NOVALUE" language="" mdschema="dwc">Arrhoges occidentalis</dim:field>
<dim:field element="ScientificName" confidence="NOVALUE" language="" mdschema="dwc">Ilyanassa spp.</dim:field>
<dim:field element="ScientificName" confidence="NOVALUE" language="" mdschema="dwc">Bittiolum alternatum</dim:field>
<dim:field element="ScientificName" confidence="NOVALUE" language="" mdschema="dwc">Nudibranchia</dim:field>
<dim:field element="type" qualifier="embargo" language="en" mdschema="dc">none</dim:field>
<dim:field element="dryad" qualifier="pageviews">39</dim:field>
<dim:field element="dryad" qualifier="downloads">26</dim:field>
</dim:dim>
</mets:xmlData>
</mets:mdWrap>
</mets:dmdSec>
<mets:fileSec>
<mets:fileGrp USE="CONTENT">
<mets:file CHECKSUMTYPE="MD5" GROUPID="group_file_135332" ID="file_135332" MIMETYPE="text/csv" SIZE="18322037" CHECKSUM="ce9efa3f559c92aa82bf02e93b41b4f7">
<mets:FLocat LOCTYPE="URL" xlink:title="CHONE_PC-06_LLOYDM_dataset.csv" xlink:label="dataset-file" xlink:type="locator" xlink:href="/bitstream/handle/10255/dryad.52371/CHONE_PC-06_LLOYDM_dataset.csv?sequence=1"/>
</mets:file>
<mets:file CHECKSUMTYPE="MD5" GROUPID="group_file_135338" ID="file_135338" MIMETYPE="application/pdf" SIZE="294336" CHECKSUM="05af629af2af7a21968ad4c7aefa5275">
<mets:FLocat LOCTYPE="URL" xlink:title="README.pdf" xlink:label="dc_readme" xlink:type="locator" xlink:href="/bitstream/handle/10255/dryad.52371/README.pdf?sequence=2"/>
</mets:file>
</mets:fileGrp>
</mets:fileSec>
<mets:structMap LABEL="DSpace" TYPE="LOGICAL">
<mets:div DMDID="dmd_1" TYPE="DSpace Item">
<mets:div ID="div_2" TYPE="DSpace Content Bitstream">
<mets:fptr FILEID="file_135332"/>
</mets:div>
<mets:div ID="div_3" TYPE="DSpace Content Bitstream">
<mets:fptr FILEID="file_135338"/>
</mets:div>
</mets:div>
</mets:structMap>
</mets:METS>
