<?xml version="1.0" encoding="UTF-8"?>
<mets:METS xmlns:mets="http://www.loc.gov/METS/" xmlns:xlink="http://www.w3.org/TR/xlink/" xmlns:xsi="http://www.w3.org/2001/XMLSchema-instance" xmlns:dim="http://www.dspace.org/xmlns/dspace/dim" OBJEDIT="/admin/item?itemID=53385" OBJID="/handle/10255/dryad.45472" PROFILE="DSPACE METS SIP Profile 1.0" LABEL="DSpace Item" ID="hdl:10255/dryad.45472">
<mets:dmdSec GROUPID="group_dmd_0" ID="dmd_1">
<mets:mdWrap MDTYPE="OTHER" OTHERMDTYPE="DIM">
<mets:xmlData>
<dim:dim dspaceType="ITEM">
<dim:field element="contributor" qualifier="author" mdschema="dc">Gray, Alan</dim:field>
<dim:field element="contributor" qualifier="author" mdschema="dc">Cavers, Stephen</dim:field>
<dim:field element="coverage" qualifier="spatial" language="" mdschema="dc">West Indies</dim:field>
<dim:field element="coverage" qualifier="spatial" language="" mdschema="dc">Galapagos</dim:field>
<dim:field element="coverage" qualifier="spatial" language="" mdschema="dc">Canary Island</dim:field>
<dim:field element="coverage" qualifier="spatial" language="" mdschema="dc">Hawai'i</dim:field>
<dim:field element="coverage" qualifier="spatial" language="" mdschema="dc">Azores</dim:field>
<dim:field element="coverage" qualifier="spatial" language="" mdschema="dc">South Atlantic Islands</dim:field>
<dim:field element="coverage" qualifier="spatial" language="" mdschema="dc">Seychelles</dim:field>
<dim:field element="coverage" qualifier="spatial" language="" mdschema="dc">Marquesas</dim:field>
<dim:field element="coverage" qualifier="temporal" language="" mdschema="dc">N/A</dim:field>
<dim:field element="identifier" mdschema="dc">doi:10.5061/dryad.1042k/1</dim:field>
<dim:field element="description" language="" mdschema="dc">Additional results and analyses of single island endemic species richness in realtion biogeography theory</dim:field>
<dim:field element="relation" qualifier="ispartof" mdschema="dc">doi:10.5061/dryad.1042k</dim:field>
<dim:field element="rights" qualifier="uri" mdschema="dc">http://creativecommons.org/publicdomain/zero/1.0/</dim:field>
<dim:field element="subject" confidence="ACCEPTED" language="" mdschema="dc">species richness</dim:field>
<dim:field element="subject" confidence="ACCEPTED" language="" mdschema="dc">evolution</dim:field>
<dim:field element="subject" confidence="ACCEPTED" language="" mdschema="dc">modelling</dim:field>
<dim:field element="title" language="" mdschema="dc">Supporting Information</dim:field>
<dim:field element="type" language="*" mdschema="dc">Dataset</dim:field>
<dim:field element="dryad" qualifier="pageviews">0</dim:field>
<dim:field element="dryad" qualifier="downloads">2</dim:field>
</dim:dim>
</mets:xmlData>
</mets:mdWrap>
</mets:dmdSec>
<mets:fileSec/>
<mets:structMap LABEL="DSpace" TYPE="LOGICAL">
<mets:div DMDID="dmd_1" TYPE="DSpace Item"/>
</mets:structMap>
</mets:METS>
