<?xml version="1.0" encoding="UTF-8"?>
<mets:METS xmlns:mets="http://www.loc.gov/METS/" xmlns:xlink="http://www.w3.org/TR/xlink/" xmlns:xsi="http://www.w3.org/2001/XMLSchema-instance" xmlns:dim="http://www.dspace.org/xmlns/dspace/dim" OBJEDIT="/admin/item?itemID=65336" OBJID="/handle/10255/dryad.53466" PROFILE="DSPACE METS SIP Profile 1.0" LABEL="DSpace Item" ID="hdl:10255/dryad.53466">
<mets:dmdSec GROUPID="group_dmd_0" ID="dmd_1">
<mets:mdWrap MDTYPE="OTHER" OTHERMDTYPE="DIM">
<mets:xmlData>
<dim:dim dspaceType="ITEM">
<dim:field element="contributor" qualifier="author" mdschema="dc">Perakakis, Pandelis</dim:field>
<dim:field element="contributor" qualifier="author" mdschema="dc">Taylor, Michael</dim:field>
<dim:field element="contributor" qualifier="author" mdschema="dc">Martinez-Nieto, Eduardo</dim:field>
<dim:field element="contributor" qualifier="author" mdschema="dc">Revithi, Ioanna</dim:field>
<dim:field element="contributor" qualifier="author" mdschema="dc">Vila, Jaime</dim:field>
<dim:field element="identifier" mdschema="dc">doi:10.5061/dryad.196m2/1</dim:field>
<dim:field element="relation" qualifier="ispartof" mdschema="dc">doi:10.5061/dryad.196m2</dim:field>
<dim:field element="rights" qualifier="uri" mdschema="dc">http://creativecommons.org/publicdomain/zero/1.0/</dim:field>
<dim:field element="title" language="" mdschema="dc">Heart rate data</dim:field>
<dim:field element="type" language="*" mdschema="dc">Dataset</dim:field>
<dim:field element="type" qualifier="embargo" language="en" mdschema="dc">none</dim:field>
<dim:field element="dryad" qualifier="pageviews">14</dim:field>
<dim:field element="dryad" qualifier="downloads">5</dim:field>
</dim:dim>
</mets:xmlData>
</mets:mdWrap>
</mets:dmdSec>
<mets:fileSec>
<mets:fileGrp USE="CONTENT">
<mets:file CHECKSUMTYPE="MD5" GROUPID="group_file_136427" ID="file_136427" MIMETYPE="text/plain" SIZE="327000" CHECKSUM="81c607e59929ef7f6c5631b2e9239e1d">
<mets:FLocat LOCTYPE="URL" xlink:title="0007.txt" xlink:label="dataset-file" xlink:type="locator" xlink:href="/bitstream/handle/10255/dryad.53466/0007.txt?sequence=1"/>
</mets:file>
</mets:fileGrp>
</mets:fileSec>
<mets:structMap LABEL="DSpace" TYPE="LOGICAL">
<mets:div DMDID="dmd_1" TYPE="DSpace Item">
<mets:div ID="div_2" TYPE="DSpace Content Bitstream">
<mets:fptr FILEID="file_136427"/>
</mets:div>
</mets:div>
</mets:structMap>
</mets:METS>
