<?xml version="1.0" encoding="UTF-8"?>
<mets:METS xmlns:mets="http://www.loc.gov/METS/" xmlns:xlink="http://www.w3.org/TR/xlink/" xmlns:xsi="http://www.w3.org/2001/XMLSchema-instance" xmlns:dim="http://www.dspace.org/xmlns/dspace/dim" OBJEDIT="/admin/item?itemID=51143" OBJID="/handle/10255/dryad.44042" PROFILE="DSPACE METS SIP Profile 1.0" LABEL="DSpace Item" ID="hdl:10255/dryad.44042">
<mets:dmdSec GROUPID="group_dmd_0" ID="dmd_1">
<mets:mdWrap MDTYPE="OTHER" OTHERMDTYPE="DIM">
<mets:xmlData>
<dim:dim dspaceType="ITEM">
<dim:field element="contributor" qualifier="author" mdschema="dc">Triponez, Yann</dim:field>
<dim:field element="contributor" qualifier="author" mdschema="dc">Arrigo, Nils</dim:field>
<dim:field element="contributor" qualifier="author" mdschema="dc">Pellissier, Loïc</dim:field>
<dim:field element="contributor" qualifier="author" mdschema="dc">Schatz, Bertrand</dim:field>
<dim:field element="contributor" qualifier="author" mdschema="dc">Alvarez, Nadir</dim:field>
<dim:field element="coverage" qualifier="spatial" language="" mdschema="dc">Europe</dim:field>
<dim:field element="date" qualifier="accessioned" mdschema="dc">2012-11-14T15:28:25Z</dim:field>
<dim:field element="date" qualifier="available" mdschema="dc">2013-01-22T14:59:33Z</dim:field>
<dim:field element="date" qualifier="issued" mdschema="dc">2012-11-14</dim:field>
<dim:field element="identifier" mdschema="dc">doi:10.5061/dryad.16b00/4</dim:field>
<dim:field element="identifier" qualifier="uri" mdschema="dc">http://hdl.handle.net/10255/dryad.44042</dim:field>
<dim:field element="relation" qualifier="ispartof" mdschema="dc">doi:10.5061/dryad.16b00</dim:field>
<dim:field element="rights" qualifier="uri" mdschema="dc">http://creativecommons.org/publicdomain/zero/1.0/</dim:field>
<dim:field element="subject" confidence="NOVALUE" language="" mdschema="dc">Ophrys insectifera</dim:field>
<dim:field element="subject" confidence="NOVALUE" language="" mdschema="dc">Speciation</dim:field>
<dim:field element="subject" confidence="NOVALUE" language="" mdschema="dc">Ecological Differentiation</dim:field>
<dim:field element="subject" confidence="NOVALUE" language="" mdschema="dc">Endemism</dim:field>
<dim:field element="subject" confidence="NOVALUE" language="" mdschema="dc">Spatial Genetic Structure</dim:field>
<dim:field element="subject" confidence="NOVALUE" language="" mdschema="dc">AFLP</dim:field>
<dim:field element="title" language="" mdschema="dc">Ecological data</dim:field>
<dim:field element="type" language="*" mdschema="dc">Dataset</dim:field>
<dim:field element="ScientificName" confidence="NOVALUE" language="" mdschema="dwc">Ophrys insectifera</dim:field>
<dim:field element="ScientificName" confidence="NOVALUE" language="" mdschema="dwc">Ophrys subinsectifera</dim:field>
<dim:field element="ScientificName" confidence="NOVALUE" language="" mdschema="dwc">Ophrys aymoninii</dim:field>
<dim:field element="type" qualifier="embargo" language="" mdschema="dc">untilArticleAppears</dim:field>
<dim:field element="dryad" qualifier="pageviews">68</dim:field>
<dim:field element="dryad" qualifier="downloads">22</dim:field>
</dim:dim>
</mets:xmlData>
</mets:mdWrap>
</mets:dmdSec>
<mets:fileSec>
<mets:fileGrp USE="CONTENT">
<mets:file CHECKSUMTYPE="MD5" GROUPID="group_file_126891" ID="file_126891" MIMETYPE="application/vnd.ms-excel" SIZE="49664" CHECKSUM="0ddda03e116ef5dadda09434a76c58e8">
<mets:FLocat LOCTYPE="URL" xlink:title="Ecological data.xls" xlink:label="dataset-file" xlink:type="locator" xlink:href="/bitstream/handle/10255/dryad.44042/Ecological%20data.xls?sequence=1"/>
</mets:file>
</mets:fileGrp>
</mets:fileSec>
<mets:structMap LABEL="DSpace" TYPE="LOGICAL">
<mets:div DMDID="dmd_1" TYPE="DSpace Item">
<mets:div ID="div_2" TYPE="DSpace Content Bitstream">
<mets:fptr FILEID="file_126891"/>
</mets:div>
</mets:div>
</mets:structMap>
</mets:METS>
