<?xml version="1.0" encoding="UTF-8"?>
<mets:METS xmlns:mets="http://www.loc.gov/METS/" xmlns:xlink="http://www.w3.org/TR/xlink/" xmlns:xsi="http://www.w3.org/2001/XMLSchema-instance" xmlns:dim="http://www.dspace.org/xmlns/dspace/dim" OBJEDIT="/admin/item?itemID=61954" OBJID="/handle/10255/dryad.51258" PROFILE="DSPACE METS SIP Profile 1.0" LABEL="DSpace Item" ID="hdl:10255/dryad.51258">
<mets:dmdSec GROUPID="group_dmd_0" ID="dmd_1">
<mets:mdWrap MDTYPE="OTHER" OTHERMDTYPE="DIM">
<mets:xmlData>
<dim:dim dspaceType="ITEM">
<dim:field element="contributor" qualifier="author" mdschema="dc">Diaz Pauli, Beatriz</dim:field>
<dim:field element="contributor" qualifier="author" mdschema="dc">Heino, Mikko</dim:field>
<dim:field element="identifier" mdschema="dc">doi:10.5061/dryad.07h86</dim:field>
<dim:field element="description" language="" mdschema="dc">Maturation is an important event in an organism’s life history, with important implications on dynamics of both wild and captive populations. The Probabilistic Maturation Reaction Norm (PMRN) has emerged as an important method to describe variation in maturation in wild fish. Because most PMRNs are based on age and size only, it is important to understand limitations of these variables in explaining maturation. We experimentally assessed 1) the sensitivity of age- and size-based PMRNs to unaccounted sources of plasticity, 2) the role of social environment on maturation, and 3) the significance of estimating PMRNs early and late in the maturation process (initiation and completion of maturation, respectively). We reared male guppies (&lt;i&gt;Poecilia reticulata&lt;/i&gt;) under laboratory conditions, subject to two food levels and three different social cues. We found that growth and social environment affected the maturation in way that could not be accounted for by their effect on age and size. PMRNs estimated for the initiation stage were less plastic (growth differences and social cues influenced the PMRN shape only little) than those for completion. The initiation of maturation is probably closer to the maturation “decision” and allows determining factors influencing maturation decision most accurately.</dim:field>
<dim:field element="subject" confidence="NOVALUE" language="" mdschema="dc">Fish</dim:field>
<dim:field element="subject" confidence="NOVALUE" language="" mdschema="dc">Poecilia reticulata</dim:field>
<dim:field element="subject" confidence="NOVALUE" language="" mdschema="dc">maturation</dim:field>
<dim:field element="subject" confidence="NOVALUE" language="" mdschema="dc">PMRN</dim:field>
<dim:field element="title" language="" mdschema="dc">Data from: The importance of social dimension and maturation stage for the probabilistic maturation reaction norm in&lt;i&gt; Poecilia reticulata&lt;/i&gt;</dim:field>
<dim:field element="type" language="*" mdschema="dc">Article</dim:field>
<dim:field element="ScientificName" confidence="ACCEPTED" language="" mdschema="dwc">Poecilia reticulata</dim:field>
<dim:field element="identifier" qualifier="manuscriptNumber" mdschema="dc">EvolBiol-14776314JEB-2013-00232.R1</dim:field>
<dim:field authority="143d30be148c9986bd3f91bdb05cfe32" element="publicationName" confidence="UNCERTAIN" language="" mdschema="prism">Journal of Evolutionary Biology</dim:field>
<dim:field element="archive" qualifier="mailUsers" mdschema="workflow">jebeditorial@eseb.org</dim:field>
<dim:field element="archive" qualifier="mailUsers" mdschema="workflow">admin@datadryad.org</dim:field>
<dim:field element="archive" qualifier="mailUsers" mdschema="workflow">curator@datadryad.org</dim:field>
<dim:field element="submit" qualifier="skipReviewStage" mdschema="workflow">true</dim:field>
<dim:field element="workflow" qualifier="submitted" mdschema="internal">true</dim:field>
<dim:field element="review" qualifier="mailUsers" mdschema="workflow"/>
</dim:dim>
</mets:xmlData>
</mets:mdWrap>
</mets:dmdSec>
<mets:fileSec/>
<mets:structMap LABEL="DSpace" TYPE="LOGICAL">
<mets:div DMDID="dmd_1" TYPE="DSpace Item"/>
</mets:structMap>
</mets:METS>
