<?xml version="1.0" encoding="UTF-8"?>
<mets:METS xmlns:mets="http://www.loc.gov/METS/" xmlns:xlink="http://www.w3.org/TR/xlink/" xmlns:xsi="http://www.w3.org/2001/XMLSchema-instance" xmlns:dim="http://www.dspace.org/xmlns/dspace/dim" OBJEDIT="/admin/item?itemID=1523" OBJID="/handle/10255/dryad.1334" PROFILE="DSPACE METS SIP Profile 1.0" LABEL="DSpace Item" ID="hdl:10255/dryad.1334">
<mets:dmdSec GROUPID="group_dmd_0" ID="dmd_1">
<mets:mdWrap MDTYPE="OTHER" OTHERMDTYPE="DIM">
<mets:xmlData>
<dim:dim dspaceType="ITEM">
<dim:field element="contributor" qualifier="author" language="en" mdschema="dc">Wang, Liuyang</dim:field>
<dim:field element="contributor" qualifier="author" language="en" mdschema="dc">Abbott, Richard</dim:field>
<dim:field element="contributor" qualifier="author" language="en" mdschema="dc">Zheng, Wei</dim:field>
<dim:field element="contributor" qualifier="author" language="en" mdschema="dc">Chen, Ping</dim:field>
<dim:field element="contributor" qualifier="author" language="en" mdschema="dc">Wang, Yujin</dim:field>
<dim:field element="contributor" qualifier="author" language="en" mdschema="dc">Liu, Jianquan</dim:field>
<dim:field element="date" qualifier="accessioned" language="" mdschema="dc">2010-03-11T02:26:56Z</dim:field>
<dim:field element="date" qualifier="available" language="" mdschema="dc">2010-03-11T02:26:56Z</dim:field>
<dim:field element="date" qualifier="issued" language="" mdschema="dc">2010-03-11T02:26:56Z</dim:field>
<dim:field element="identifier" mdschema="dc">doi:10.5061/dryad.1324/3</dim:field>
<dim:field element="identifier" qualifier="uri" language="" mdschema="dc">http://hdl.handle.net/10255/dryad.1334</dim:field>
<dim:field element="description" language="en" mdschema="dc">This file contain ITS sequences of A. gymnandrum and its close species</dim:field>
<dim:field element="relation" qualifier="ispartof" language="en" mdschema="dc">doi:10.5061/dryad.1324</dim:field>
<dim:field element="rights" qualifier="uri" language="en" mdschema="dc">http://creativecommons.org/publicdomain/zero/1.0/</dim:field>
<dim:field element="subject" language="en" mdschema="dc">Alpine plants</dim:field>
<dim:field element="subject" language="en" mdschema="dc">coalescent tests</dim:field>
<dim:field element="subject" language="en" mdschema="dc">glacial refugia</dim:field>
<dim:field element="subject" language="en" mdschema="dc">Pleistocene divergence</dim:field>
<dim:field element="subject" language="en" mdschema="dc">Qinghai-Tibetan Plateau</dim:field>
<dim:field element="subject" language="en" mdschema="dc">Hybridization</dim:field>
<dim:field element="title" language="en" mdschema="dc">ITS intersubgenera_20080420.nxs</dim:field>
<dim:field element="type" language="en" mdschema="dc">Dataset</dim:field>
<dim:field element="ScientificName" language="" mdschema="dwc">Aconitum gymnandrum</dim:field>
<dim:field element="status" language="" mdschema="dryad">scanned</dim:field>
<dim:field element="dryad" qualifier="pageviews">206</dim:field>
<dim:field element="dryad" qualifier="downloads">54</dim:field>
</dim:dim>
</mets:xmlData>
</mets:mdWrap>
</mets:dmdSec>
<mets:fileSec>
<mets:fileGrp USE="CONTENT">
<mets:file CHECKSUMTYPE="MD5" GROUPID="group_file_1037" ID="file_1037" MIMETYPE="text/plain" SIZE="21919" CHECKSUM="1a2e406154bd677d5393eebb654bb718">
<mets:FLocat LOCTYPE="URL" xlink:title="ITS intersubgenera_20080420.nxs" xlink:type="locator" xlink:href="/bitstream/handle/10255/dryad.1334/ITS%20intersubgenera_20080420.nxs?sequence=1"/>
</mets:file>
</mets:fileGrp>
</mets:fileSec>
<mets:structMap LABEL="DSpace" TYPE="LOGICAL">
<mets:div DMDID="dmd_1" TYPE="DSpace Item">
<mets:div ID="div_2" TYPE="DSpace Content Bitstream">
<mets:fptr FILEID="file_1037"/>
</mets:div>
</mets:div>
</mets:structMap>
</mets:METS>
