<?xml version="1.0" encoding="UTF-8"?>
<mets:METS xmlns:mets="http://www.loc.gov/METS/" xmlns:xlink="http://www.w3.org/TR/xlink/" xmlns:xsi="http://www.w3.org/2001/XMLSchema-instance" xmlns:dim="http://www.dspace.org/xmlns/dspace/dim" OBJEDIT="/admin/item?itemID=1586" OBJID="/handle/10255/dryad.1387" PROFILE="DSPACE METS SIP Profile 1.0" LABEL="DSpace Item" ID="hdl:10255/dryad.1387">
<mets:dmdSec GROUPID="group_dmd_0" ID="dmd_1">
<mets:mdWrap MDTYPE="OTHER" OTHERMDTYPE="DIM">
<mets:xmlData>
<dim:dim dspaceType="ITEM">
<dim:field element="contributor" qualifier="author" language="en" mdschema="dc">Nunes, Maria</dim:field>
<dim:field element="contributor" qualifier="author" language="en" mdschema="dc">Neumeier, Hannah</dim:field>
<dim:field element="contributor" qualifier="author" language="en" mdschema="dc">Schlötterer, Christian</dim:field>
<dim:field element="date" qualifier="accessioned" language="" mdschema="dc">2010-03-17T20:28:00Z</dim:field>
<dim:field element="date" qualifier="available" language="" mdschema="dc">2010-03-17T20:28:00Z</dim:field>
<dim:field element="date" qualifier="issued" language="" mdschema="dc">2010-03-17T20:28:00Z</dim:field>
<dim:field element="identifier" mdschema="dc">doi:10.5061/dryad.1385/2</dim:field>
<dim:field element="identifier" qualifier="uri" language="" mdschema="dc">http://hdl.handle.net/10255/dryad.1387</dim:field>
<dim:field element="description" language="en" mdschema="dc">This file lists the primers used to amplify the microsatellite loci. Loci identifier numbers correspond to row 3 of the file "Microsatellite data".</dim:field>
<dim:field element="relation" qualifier="ispartof" language="en" mdschema="dc">doi:10.5061/dryad.1385</dim:field>
<dim:field element="rights" qualifier="uri" language="en" mdschema="dc">http://creativecommons.org/publicdomain/zero/1.0/</dim:field>
<dim:field element="subject" language="en" mdschema="dc">Molecular Evolution</dim:field>
<dim:field element="subject" language="en" mdschema="dc">Phylogeography</dim:field>
<dim:field element="subject" language="en" mdschema="dc">Population Dynamics</dim:field>
<dim:field element="subject" language="en" mdschema="dc">Population Genetics - Empirical</dim:field>
<dim:field element="title" language="en" mdschema="dc">Microsatellite Primers</dim:field>
<dim:field element="type" language="en" mdschema="dc">Dataset</dim:field>
<dim:field element="status" language="" mdschema="dryad">scanned</dim:field>
<dim:field element="dryad" qualifier="pageviews">205</dim:field>
<dim:field element="dryad" qualifier="downloads">52</dim:field>
</dim:dim>
</mets:xmlData>
</mets:mdWrap>
</mets:dmdSec>
<mets:fileSec>
<mets:fileGrp USE="CONTENT">
<mets:file CHECKSUMTYPE="MD5" GROUPID="group_file_1066" ID="file_1066" MIMETYPE="application/vnd.ms-excel" SIZE="13824" CHECKSUM="7829ada75b4e739d8542ef7510bd5098">
<mets:FLocat LOCTYPE="URL" xlink:title="Microsatellite Primers.xls" xlink:type="locator" xlink:href="/bitstream/handle/10255/dryad.1387/Microsatellite%20Primers.xls?sequence=1"/>
</mets:file>
</mets:fileGrp>
</mets:fileSec>
<mets:structMap LABEL="DSpace" TYPE="LOGICAL">
<mets:div DMDID="dmd_1" TYPE="DSpace Item">
<mets:div ID="div_2" TYPE="DSpace Content Bitstream">
<mets:fptr FILEID="file_1066"/>
</mets:div>
</mets:div>
</mets:structMap>
</mets:METS>
