<?xml version="1.0" encoding="UTF-8"?>
<mets:METS xmlns:mets="http://www.loc.gov/METS/" xmlns:xlink="http://www.w3.org/TR/xlink/" xmlns:xsi="http://www.w3.org/2001/XMLSchema-instance" xmlns:dim="http://www.dspace.org/xmlns/dspace/dim" OBJEDIT="/admin/item?itemID=45200" OBJID="/handle/10255/dryad.40095" PROFILE="DSPACE METS SIP Profile 1.0" LABEL="DSpace Item" ID="hdl:10255/dryad.40095">
<mets:dmdSec GROUPID="group_dmd_0" ID="dmd_1">
<mets:mdWrap MDTYPE="OTHER" OTHERMDTYPE="DIM">
<mets:xmlData>
<dim:dim dspaceType="ITEM">
<dim:field element="contributor" qualifier="author" language="" mdschema="dc">Gifford, Danna R.</dim:field>
<dim:field element="contributor" qualifier="author" language="" mdschema="dc">De Visser, J. Arjan G. M.</dim:field>
<dim:field element="contributor" qualifier="author" language="" mdschema="dc">Wahl, Lindi M.</dim:field>
<dim:field element="date" qualifier="accessioned" mdschema="dc">2012-12-17T17:58:30Z</dim:field>
<dim:field element="date" qualifier="available" mdschema="dc">2012-12-17T17:58:30Z</dim:field>
<dim:field element="date" qualifier="issued" mdschema="dc">2012-12-17</dim:field>
<dim:field element="identifier" language="" mdschema="dc">doi:10.5061/dryad.0rc67/1</dim:field>
<dim:field element="identifier" mdschema="dc">doi:10.5061/dryad.0rc67/1</dim:field>
<dim:field element="identifier" qualifier="uri" mdschema="dc">http://hdl.handle.net/10255/dryad.40095</dim:field>
<dim:field element="description" language="" mdschema="dc">MGR, escape and sector data</dim:field>
<dim:field element="relation" qualifier="ispartof" language="" mdschema="dc">doi:10.5061/dryad.0rc67</dim:field>
<dim:field element="rights" qualifier="uri" language="" mdschema="dc">http://creativecommons.org/publicdomain/zero/1.0/</dim:field>
<dim:field element="title" language="" mdschema="dc">mgr-escape-and-sector-data</dim:field>
<dim:field element="type" language="*" mdschema="dc">Dataset</dim:field>
<dim:field element="type" qualifier="embargo" language="" mdschema="dc">none</dim:field>
<dim:field element="dryad" qualifier="pageviews">103</dim:field>
<dim:field element="dryad" qualifier="downloads">50</dim:field>
</dim:dim>
</mets:xmlData>
</mets:mdWrap>
</mets:dmdSec>
<mets:fileSec>
<mets:fileGrp USE="CONTENT">
<mets:file CHECKSUMTYPE="MD5" GROUPID="group_file_122783" ID="file_122783" MIMETYPE="application/vnd.ms-excel" SIZE="136192" CHECKSUM="5c27eb705c5b1ffa9dbbd6c9a170c799">
<mets:FLocat LOCTYPE="URL" xlink:title="mgr-escape-and-sector-data.xls" xlink:label="dataset-file" xlink:type="locator" xlink:href="/bitstream/handle/10255/dryad.40095/mgr-escape-and-sector-data.xls?sequence=1"/>
</mets:file>
</mets:fileGrp>
</mets:fileSec>
<mets:structMap LABEL="DSpace" TYPE="LOGICAL">
<mets:div DMDID="dmd_1" TYPE="DSpace Item">
<mets:div ID="div_2" TYPE="DSpace Content Bitstream">
<mets:fptr FILEID="file_122783"/>
</mets:div>
</mets:div>
</mets:structMap>
</mets:METS>
