<?xml version="1.0" encoding="UTF-8"?>
<mets:METS xmlns:mets="http://www.loc.gov/METS/" xmlns:xlink="http://www.w3.org/TR/xlink/" xmlns:xsi="http://www.w3.org/2001/XMLSchema-instance" xmlns:dim="http://www.dspace.org/xmlns/dspace/dim" OBJEDIT="/admin/item?itemID=40730" OBJID="/handle/10255/dryad.37154" PROFILE="DSPACE METS SIP Profile 1.0" LABEL="DSpace Item" ID="hdl:10255/dryad.37154">
<mets:dmdSec GROUPID="group_dmd_0" ID="dmd_1">
<mets:mdWrap MDTYPE="OTHER" OTHERMDTYPE="DIM">
<mets:xmlData>
<dim:dim dspaceType="ITEM">
<dim:field element="contributor" qualifier="author" mdschema="dc">Delcourt, Matthieu</dim:field>
<dim:field element="contributor" qualifier="author" mdschema="dc">Blows, Mark W.</dim:field>
<dim:field element="contributor" qualifier="author" mdschema="dc">Rundle, Howard D.</dim:field>
<dim:field element="date" qualifier="accessioned" mdschema="dc">2012-01-10T18:27:48Z</dim:field>
<dim:field element="date" qualifier="available" mdschema="dc">2012-01-10T18:27:48Z</dim:field>
<dim:field element="date" qualifier="issued" mdschema="dc">2012-01-10</dim:field>
<dim:field element="identifier" mdschema="dc">doi:10.5061/dryad.0pn48s2t/1</dim:field>
<dim:field element="identifier" qualifier="uri" mdschema="dc">http://hdl.handle.net/10255/dryad.37154</dim:field>
<dim:field element="description" language="" mdschema="dc">See associated ReadMe text file.</dim:field>
<dim:field element="relation" qualifier="ispartof" mdschema="dc">doi:10.5061/dryad.0pn48s2t</dim:field>
<dim:field element="rights" qualifier="uri" mdschema="dc">http://creativecommons.org/publicdomain/zero/1.0/</dim:field>
<dim:field element="subject" language="" mdschema="dc">intersex genetic correlation</dim:field>
<dim:field element="subject" language="" mdschema="dc">fitness</dim:field>
<dim:field element="subject" language="" mdschema="dc">sexual conflict</dim:field>
<dim:field element="subject" language="" mdschema="dc">adaptation</dim:field>
<dim:field element="title" language="" mdschema="dc">Rundle_Fitness_data</dim:field>
<dim:field element="type" language="*" mdschema="dc">Dataset</dim:field>
<dim:field element="ScientificName" language="" mdschema="dwc">Drosophila serrata</dim:field>
<dim:field element="type" qualifier="embargo" language="" mdschema="dc">none</dim:field>
<dim:field element="dryad" qualifier="pageviews">94</dim:field>
<dim:field element="dryad" qualifier="downloads">108</dim:field>
</dim:dim>
</mets:xmlData>
</mets:mdWrap>
</mets:dmdSec>
<mets:fileSec>
<mets:fileGrp USE="CONTENT">
<mets:file CHECKSUMTYPE="MD5" GROUPID="group_file_119196" ID="file_119196" MIMETYPE="text/csv" SIZE="129522" CHECKSUM="356cc8de36ec59cb3f4f90a8e0f70ce3">
<mets:FLocat LOCTYPE="URL" xlink:title="Rundle_Fitness_data.csv" xlink:label="dataset-file" xlink:type="locator" xlink:href="/bitstream/handle/10255/dryad.37154/Rundle_Fitness_data.csv?sequence=1"/>
</mets:file>
<mets:file CHECKSUMTYPE="MD5" GROUPID="group_file_119197" ID="file_119197" MIMETYPE="text/plain" SIZE="3672" CHECKSUM="330d162a247ab0d237aad36f769285b4">
<mets:FLocat LOCTYPE="URL" xlink:title="README.txt" xlink:label="dc_readme" xlink:type="locator" xlink:href="/bitstream/handle/10255/dryad.37154/README.txt?sequence=2"/>
</mets:file>
</mets:fileGrp>
<mets:fileGrp USE="TEXT">
<mets:file CHECKSUMTYPE="MD5" GROUPID="group_file_119197" ID="file_119235" MIMETYPE="text/plain" SIZE="3604" CHECKSUM="2f34413387e12d22e01384ed95ec6e10">
<mets:FLocat LOCTYPE="URL" xlink:title="README.txt.txt" xlink:label="Extracted text" xlink:type="locator" xlink:href="/bitstream/handle/10255/dryad.37154/README.txt.txt?sequence=3"/>
</mets:file>
</mets:fileGrp>
</mets:fileSec>
<mets:structMap LABEL="DSpace" TYPE="LOGICAL">
<mets:div DMDID="dmd_1" TYPE="DSpace Item">
<mets:div ID="div_2" TYPE="DSpace Content Bitstream">
<mets:fptr FILEID="file_119196"/>
</mets:div>
<mets:div ID="div_3" TYPE="DSpace Content Bitstream">
<mets:fptr FILEID="file_119197"/>
</mets:div>
</mets:div>
</mets:structMap>
</mets:METS>
