<?xml version="1.0" encoding="UTF-8"?>
<mets:METS xmlns:mets="http://www.loc.gov/METS/" xmlns:xlink="http://www.w3.org/TR/xlink/" xmlns:xsi="http://www.w3.org/2001/XMLSchema-instance" xmlns:dim="http://www.dspace.org/xmlns/dspace/dim" OBJEDIT="/admin/item?itemID=42615" OBJID="/handle/10255/dryad.38452" PROFILE="DSPACE METS SIP Profile 1.0" LABEL="DSpace Item" ID="hdl:10255/dryad.38452">
<mets:dmdSec GROUPID="group_dmd_0" ID="dmd_1">
<mets:mdWrap MDTYPE="OTHER" OTHERMDTYPE="DIM">
<mets:xmlData>
<dim:dim dspaceType="ITEM">
<dim:field element="contributor" qualifier="author" language="" mdschema="dc">Katvala, Erik Cowing</dim:field>
<dim:field element="contributor" qualifier="author" language="" mdschema="dc">Henderson, Charles M.</dim:field>
<dim:field element="date" qualifier="accessioned" language="" mdschema="dc">2012-03-12T19:38:51Z</dim:field>
<dim:field element="date" qualifier="available" mdschema="dc">2012-08-16T14:37:37Z</dim:field>
<dim:field element="date" qualifier="issued" language="" mdschema="dc">2012-03-12</dim:field>
<dim:field element="identifier" language="" mdschema="dc">doi:10.5061/dryad.121d03jc/14</dim:field>
<dim:field element="identifier" language="" mdschema="dc">doi:10.5061/dryad.121d03jc/14</dim:field>
<dim:field element="identifier" qualifier="uri" language="" mdschema="dc">http://hdl.handle.net/10255/dryad.38452</dim:field>
<dim:field element="relation" qualifier="ispartof" language="" mdschema="dc">doi:10.5061/dryad.121d03jc</dim:field>
<dim:field element="rights" qualifier="uri" language="" mdschema="dc">http://creativecommons.org/publicdomain/zero/1.0/</dim:field>
<dim:field element="subject" language="" mdschema="dc">Teeth</dim:field>
<dim:field element="subject" language="" mdschema="dc">Composition</dim:field>
<dim:field element="subject" language="" mdschema="dc">Functional Morphology</dim:field>
<dim:field element="subject" language="" mdschema="dc">Electron Microprobe Analysis</dim:field>
<dim:field element="title" language="" mdschema="dc">Supplementary Figure2</dim:field>
<dim:field element="type" language="*" mdschema="dc">Dataset</dim:field>
<dim:field element="ScientificName" language="" mdschema="dwc">Conodonta</dim:field>
<dim:field element="type" qualifier="embargo" language="" mdschema="dc">untilArticleAppears</dim:field>
<dim:field element="dryad" qualifier="pageviews">73</dim:field>
<dim:field element="dryad" qualifier="downloads">53</dim:field>
</dim:dim>
</mets:xmlData>
</mets:mdWrap>
</mets:dmdSec>
<mets:fileSec>
<mets:fileGrp USE="TEXT">
<mets:file CHECKSUMTYPE="MD5" GROUPID="group_file_120881" ID="file_120902" MIMETYPE="text/plain" SIZE="4469" CHECKSUM="bddea7bf2374be43612260855e115eee">
<mets:FLocat LOCTYPE="URL" xlink:title="README.txt.txt" xlink:label="Extracted text" xlink:type="locator" xlink:href="/bitstream/handle/10255/dryad.38452/README.txt.txt?sequence=3"/>
</mets:file>
</mets:fileGrp>
<mets:fileGrp USE="CONTENT">
<mets:file CHECKSUMTYPE="MD5" GROUPID="group_file_120868" ID="file_120868" MIMETYPE="image/tiff" SIZE="174104390" CHECKSUM="52466e9bbccdcfe03cedfb656f862ca1">
<mets:FLocat LOCTYPE="URL" xlink:title="Supplementary Figure2.tif" xlink:label="dataset-file" xlink:type="locator" xlink:href="/bitstream/handle/10255/dryad.38452/Supplementary%20Figure2.tif?sequence=1"/>
</mets:file>
<mets:file CHECKSUMTYPE="MD5" GROUPID="group_file_120881" ID="file_120881" MIMETYPE="text/plain" SIZE="4611" CHECKSUM="f68628341dfeebfd302e50a692b1a830">
<mets:FLocat LOCTYPE="URL" xlink:title="README.txt" xlink:label="dc_readme" xlink:type="locator" xlink:href="/bitstream/handle/10255/dryad.38452/README.txt?sequence=2"/>
</mets:file>
</mets:fileGrp>
</mets:fileSec>
<mets:structMap LABEL="DSpace" TYPE="LOGICAL">
<mets:div DMDID="dmd_1" TYPE="DSpace Item">
<mets:div ID="div_2" TYPE="DSpace Content Bitstream">
<mets:fptr FILEID="file_120868"/>
</mets:div>
<mets:div ID="div_3" TYPE="DSpace Content Bitstream">
<mets:fptr FILEID="file_120881"/>
</mets:div>
</mets:div>
</mets:structMap>
</mets:METS>
