<?xml version="1.0" encoding="UTF-8"?>
<mets:METS xmlns:mets="http://www.loc.gov/METS/" xmlns:xlink="http://www.w3.org/TR/xlink/" xmlns:xsi="http://www.w3.org/2001/XMLSchema-instance" xmlns:dim="http://www.dspace.org/xmlns/dspace/dim" OBJEDIT="/admin/item?itemID=1651" OBJID="/handle/10255/dryad.1442" PROFILE="DSPACE METS SIP Profile 1.0" LABEL="DSpace Item" ID="hdl:10255/dryad.1442">
<mets:dmdSec GROUPID="group_dmd_0" ID="dmd_1">
<mets:mdWrap MDTYPE="OTHER" OTHERMDTYPE="DIM">
<mets:xmlData>
<dim:dim dspaceType="ITEM">
<dim:field element="contributor" qualifier="author" language="en" mdschema="dc">Goka, Koichi</dim:field>
<dim:field element="contributor" qualifier="author" language="" mdschema="dc">Yokoyama, Jun</dim:field>
<dim:field element="contributor" qualifier="author" language="" mdschema="dc">Une, Yumi</dim:field>
<dim:field element="contributor" qualifier="author" language="" mdschema="dc">Kuroki, Toshiro</dim:field>
<dim:field element="contributor" qualifier="author" language="" mdschema="dc">Suzuki, Kazutaka</dim:field>
<dim:field element="contributor" qualifier="author" language="" mdschema="dc">Nakahara, Miri</dim:field>
<dim:field element="contributor" qualifier="author" language="" mdschema="dc">Kobayashi, Arei</dim:field>
<dim:field element="contributor" qualifier="author" language="" mdschema="dc">Inaba, Shigeki</dim:field>
<dim:field element="contributor" qualifier="author" language="" mdschema="dc">Mizutani, Tomoo</dim:field>
<dim:field element="contributor" qualifier="author" language="" mdschema="dc">Hyatt, Alex</dim:field>
<dim:field element="date" qualifier="accessioned" language="" mdschema="dc">2010-04-05T20:12:29Z</dim:field>
<dim:field element="date" qualifier="available" language="" mdschema="dc">2010-04-05T20:12:29Z</dim:field>
<dim:field element="date" qualifier="issued" language="" mdschema="dc">2010-04-05T20:12:29Z</dim:field>
<dim:field element="identifier" mdschema="dc">doi:10.5061/dryad.1266/1</dim:field>
<dim:field element="identifier" qualifier="uri" language="" mdschema="dc">http://hdl.handle.net/10255/dryad.1442</dim:field>
<dim:field element="relation" qualifier="ispartof" language="en" mdschema="dc">doi:10.5061/dryad.1266</dim:field>
<dim:field element="rights" qualifier="uri" language="en" mdschema="dc">http://creativecommons.org/publicdomain/zero/1.0/</dim:field>
<dim:field element="subject" language="en" mdschema="dc">Amphibians</dim:field>
<dim:field element="subject" language="en" mdschema="dc">Coevolution</dim:field>
<dim:field element="subject" language="en" mdschema="dc">Fungi</dim:field>
<dim:field element="subject" language="en" mdschema="dc">Invasive Species</dim:field>
<dim:field element="subject" language="en" mdschema="dc">Parasitology</dim:field>
<dim:field element="subject" language="en" mdschema="dc">Population Genetics - Empirical</dim:field>
<dim:field element="subject" language="en" mdschema="dc">conservation ecology</dim:field>
<dim:field element="subject" language="en" mdschema="dc">biodiversity</dim:field>
<dim:field element="title" language="en" mdschema="dc">Phylogenic tree of BD080526</dim:field>
<dim:field element="type" language="en" mdschema="dc">Dataset</dim:field>
<dim:field element="ScientificName" language="" mdschema="dwc">Batrachochytrium dendrobatidis</dim:field>
<dim:field element="ScientificName" language="" mdschema="dwc">Rana catesbeiana</dim:field>
<dim:field element="ScientificName" language="" mdschema="dwc">Andrias japonicus</dim:field>
<dim:field element="dryad" qualifier="pageviews">179</dim:field>
<dim:field element="dryad" qualifier="downloads">59</dim:field>
</dim:dim>
</mets:xmlData>
</mets:mdWrap>
</mets:dmdSec>
<mets:fileSec>
<mets:fileGrp USE="CONTENT">
<mets:file CHECKSUMTYPE="MD5" GROUPID="group_file_1095" ID="file_1095" MIMETYPE="application/pdf" SIZE="45197" CHECKSUM="4914cdb5856e4b7837602c1920ba9491">
<mets:FLocat LOCTYPE="URL" xlink:title="BD080526.pdf" xlink:type="locator" xlink:href="/bitstream/handle/10255/dryad.1442/BD080526.pdf?sequence=1"/>
</mets:file>
</mets:fileGrp>
<mets:fileGrp USE="TEXT">
<mets:file CHECKSUMTYPE="MD5" GROUPID="group_file_1095" ID="file_1346" MIMETYPE="text/plain" SIZE="212" CHECKSUM="c11463b02b42a90bba2bc88adbb13041">
<mets:FLocat LOCTYPE="URL" xlink:title="BD080526.pdf.txt" xlink:label="Extracted text" xlink:type="locator" xlink:href="/bitstream/handle/10255/dryad.1442/BD080526.pdf.txt?sequence=2"/>
</mets:file>
</mets:fileGrp>
</mets:fileSec>
<mets:structMap LABEL="DSpace" TYPE="LOGICAL">
<mets:div DMDID="dmd_1" TYPE="DSpace Item">
<mets:div ID="div_2" TYPE="DSpace Content Bitstream">
<mets:fptr FILEID="file_1095"/>
</mets:div>
</mets:div>
</mets:structMap>
</mets:METS>
