<?xml version="1.0" encoding="UTF-8"?>
<mets:METS xmlns:mets="http://www.loc.gov/METS/" xmlns:xlink="http://www.w3.org/TR/xlink/" xmlns:xsi="http://www.w3.org/2001/XMLSchema-instance" xmlns:dim="http://www.dspace.org/xmlns/dspace/dim" OBJEDIT="/admin/item?itemID=176" OBJID="/handle/10255/dryad.161" PROFILE="DSPACE METS SIP Profile 1.0" LABEL="DSpace Item" ID="hdl:10255/dryad.161">
<mets:dmdSec GROUPID="group_dmd_0" ID="dmd_1">
<mets:mdWrap MDTYPE="OTHER" OTHERMDTYPE="DIM">
<mets:xmlData>
<dim:dim dspaceType="ITEM">
<dim:field element="contributor" qualifier="author" language="" mdschema="dc">Newton, Alicia</dim:field>
<dim:field element="contributor" qualifier="author" language="" mdschema="dc">Pistiner, Janna</dim:field>
<dim:field element="date" qualifier="accessioned" language="" mdschema="dc">2008-06-18T16:02:31Z</dim:field>
<dim:field element="date" qualifier="available" language="" mdschema="dc">2008-06-18T16:02:31Z</dim:field>
<dim:field element="date" qualifier="issued" language="" mdschema="dc">1999-08-03</dim:field>
<dim:field element="identifier" mdschema="dc">doi:10.5061/dryad.159/20</dim:field>
<dim:field element="identifier" qualifier="uri" language="" mdschema="dc">http://hdl.handle.net/10255/dryad.161</dim:field>
<dim:field element="description" language="en_US" mdschema="dc">Pelicans at landing of ferry to Santa Cruz.</dim:field>
<dim:field element="relation" qualifier="ispartof" language="" mdschema="dc">http://hdl.handle.net/10255/dryad.159</dim:field>
<dim:field element="rights" qualifier="uri" language="" mdschema="dc">http://datadryad.org/bitstream/handle/10255/dryad.161/license.txt?sequence=2</dim:field>
<dim:field element="title" language="en_US" mdschema="dc">Brown Pelicans in Canal Itabaca</dim:field>
<dim:field element="type" language="en_US" mdschema="dc">Image</dim:field>
<dim:field element="ScientificName" language="" mdschema="dwc">Pelecanus Occidentalis</dim:field>
<dim:field element="dryad" qualifier="pageviews">237</dim:field>
<dim:field element="dryad" qualifier="downloads">167</dim:field>
</dim:dim>
</mets:xmlData>
</mets:mdWrap>
</mets:dmdSec>
<mets:fileSec>
<mets:fileGrp USE="CONTENT">
<mets:file CHECKSUMTYPE="MD5" GROUPID="group_file_324" ID="file_324" MIMETYPE="image/jpeg" SIZE="153074" CHECKSUM="91be273cd97dc4d2774de16d0d139122">
<mets:FLocat LOCTYPE="URL" xlink:title="Peli_occiP0535_L.jpg" xlink:type="locator" xlink:href="/bitstream/handle/10255/dryad.161/Peli_occiP0535_L.jpg?sequence=1"/>
</mets:file>
</mets:fileGrp>
<mets:fileGrp USE="LICENSE">
<mets:file CHECKSUMTYPE="MD5" GROUPID="group_file_327" ID="file_327" MIMETYPE="text/plain" SIZE="790" CHECKSUM="e0983a7878404d9913981a323b01b50b">
<mets:FLocat LOCTYPE="URL" xlink:title="license.txt" xlink:type="locator" xlink:href="/bitstream/handle/10255/dryad.161/license.txt?sequence=2"/>
</mets:file>
</mets:fileGrp>
<mets:fileGrp USE="THUMBNAIL">
<mets:file CHECKSUMTYPE="MD5" GROUPID="group_file_324" ID="file_1488" MIMETYPE="image/jpeg" SIZE="2186" CHECKSUM="d24277f23da04a18dea0755396c35a02">
<mets:FLocat LOCTYPE="URL" xlink:title="Peli_occiP0535_L.jpg.jpg" xlink:label="Generated Thumbnail" xlink:type="locator" xlink:href="/bitstream/handle/10255/dryad.161/Peli_occiP0535_L.jpg.jpg?sequence=3"/>
</mets:file>
</mets:fileGrp>
</mets:fileSec>
<mets:structMap LABEL="DSpace" TYPE="LOGICAL">
<mets:div DMDID="dmd_1" TYPE="DSpace Item">
<mets:div ID="div_2" TYPE="DSpace Content Bitstream">
<mets:fptr FILEID="file_324"/>
</mets:div>
</mets:div>
</mets:structMap>
</mets:METS>
