<?xml version="1.0" encoding="UTF-8"?>
<mets:METS xmlns:mets="http://www.loc.gov/METS/" xmlns:xlink="http://www.w3.org/TR/xlink/" xmlns:xsi="http://www.w3.org/2001/XMLSchema-instance" xmlns:dim="http://www.dspace.org/xmlns/dspace/dim" OBJEDIT="/admin/item?itemID=37652" OBJID="/handle/10255/dryad.35253" PROFILE="DSPACE METS SIP Profile 1.0" LABEL="DSpace Item" ID="hdl:10255/dryad.35253">
<mets:dmdSec GROUPID="group_dmd_0" ID="dmd_1">
<mets:mdWrap MDTYPE="OTHER" OTHERMDTYPE="DIM">
<mets:xmlData>
<dim:dim dspaceType="ITEM">
<dim:field element="contributor" qualifier="author" language="" mdschema="dc">Pettay, Daniel T.</dim:field>
<dim:field element="contributor" qualifier="author" language="" mdschema="dc">Pinzón, Jorge H.</dim:field>
<dim:field element="contributor" qualifier="author" language="" mdschema="dc">Wham, Drew C.</dim:field>
<dim:field element="contributor" qualifier="author" language="" mdschema="dc">LaJeunesse, Todd C.</dim:field>
<dim:field element="coverage" qualifier="spatial" language="" mdschema="dc">Gulf of California</dim:field>
<dim:field element="coverage" qualifier="spatial" language="" mdschema="dc">La Paz</dim:field>
<dim:field element="coverage" qualifier="spatial" language="" mdschema="dc">Mexico</dim:field>
<dim:field element="date" qualifier="accessioned" language="" mdschema="dc">2011-09-23T17:10:09Z</dim:field>
<dim:field element="date" qualifier="available" language="" mdschema="dc">2011-11-30T20:18:13Z</dim:field>
<dim:field element="date" qualifier="issued" language="" mdschema="dc">2011-09-23</dim:field>
<dim:field element="identifier" mdschema="dc">doi:10.5061/dryad.104d5g03/2</dim:field>
<dim:field element="identifier" qualifier="uri" language="" mdschema="dc">http://hdl.handle.net/10255/dryad.35253</dim:field>
<dim:field element="description" language="" mdschema="dc">Micrsatellite data for Pocillopora colonies sampled multiple times in 2006, 2007, 2008 &amp; 2009.</dim:field>
<dim:field element="relation" qualifier="ispartof" language="" mdschema="dc">doi:10.5061/dryad.104d5g03</dim:field>
<dim:field element="rights" qualifier="uri" language="" mdschema="dc">http://creativecommons.org/publicdomain/zero/1.0/</dim:field>
<dim:field element="subject" language="" mdschema="dc">Adaptation</dim:field>
<dim:field element="subject" language="" mdschema="dc">Algae</dim:field>
<dim:field element="subject" language="" mdschema="dc">Cnidarians</dim:field>
<dim:field element="subject" language="" mdschema="dc">Population Genetics - Empirical</dim:field>
<dim:field element="subject" language="" mdschema="dc">Population Dynamics</dim:field>
<dim:field element="subject" language="" mdschema="dc">Protists</dim:field>
<dim:field element="title" language="" mdschema="dc">Within Colony</dim:field>
<dim:field element="type" language="*" mdschema="dc">Dataset</dim:field>
<dim:field element="ScientificName" language="" mdschema="dwc">Symbiodinium glynni (D1)</dim:field>
<dim:field element="type" qualifier="embargo" language="" mdschema="dc">untilArticleAppears</dim:field>
<dim:field element="dryad" qualifier="pageviews">95</dim:field>
<dim:field element="dryad" qualifier="downloads">83</dim:field>
</dim:dim>
</mets:xmlData>
</mets:mdWrap>
</mets:dmdSec>
<mets:fileSec>
<mets:fileGrp USE="CONTENT">
<mets:file CHECKSUMTYPE="MD5" GROUPID="group_file_116496" ID="file_116496" MIMETYPE="text/plain" SIZE="13580" CHECKSUM="419021b36656f5028087d18227764861">
<mets:FLocat LOCTYPE="URL" xlink:title="Within Colony.txt" xlink:label="dataset-file" xlink:type="locator" xlink:href="/bitstream/handle/10255/dryad.35253/Within%20Colony.txt?sequence=1"/>
</mets:file>
<mets:file CHECKSUMTYPE="MD5" GROUPID="group_file_116499" ID="file_116499" MIMETYPE="text/plain" SIZE="174" CHECKSUM="5766562546b83fe80f2c2d4313145806">
<mets:FLocat LOCTYPE="URL" xlink:title="README.txt" xlink:label="dc_readme" xlink:type="locator" xlink:href="/bitstream/handle/10255/dryad.35253/README.txt?sequence=3"/>
</mets:file>
</mets:fileGrp>
<mets:fileGrp USE="TEXT">
<mets:file CHECKSUMTYPE="MD5" GROUPID="group_file_116499" ID="file_116512" MIMETYPE="text/plain" SIZE="175" CHECKSUM="8b96b38628d400c0cd11116f080795a6">
<mets:FLocat LOCTYPE="URL" xlink:title="README.txt.txt" xlink:label="Extracted text" xlink:type="locator" xlink:href="/bitstream/handle/10255/dryad.35253/README.txt.txt?sequence=4"/>
</mets:file>
<mets:file CHECKSUMTYPE="MD5" GROUPID="group_file_116496" ID="file_116513" MIMETYPE="text/plain" SIZE="10938" CHECKSUM="4956c2d444a593a0a4df68ea75e2a468">
<mets:FLocat LOCTYPE="URL" xlink:title="Within Colony.txt.txt" xlink:label="Extracted text" xlink:type="locator" xlink:href="/bitstream/handle/10255/dryad.35253/Within%20Colony.txt.txt?sequence=5"/>
</mets:file>
</mets:fileGrp>
</mets:fileSec>
<mets:structMap LABEL="DSpace" TYPE="LOGICAL">
<mets:div DMDID="dmd_1" TYPE="DSpace Item">
<mets:div ID="div_2" TYPE="DSpace Content Bitstream">
<mets:fptr FILEID="file_116496"/>
</mets:div>
<mets:div ID="div_3" TYPE="DSpace Content Bitstream">
<mets:fptr FILEID="file_116499"/>
</mets:div>
</mets:div>
</mets:structMap>
</mets:METS>
