<?xml version="1.0" encoding="UTF-8"?>
<mets:METS xmlns:mets="http://www.loc.gov/METS/" xmlns:xlink="http://www.w3.org/TR/xlink/" xmlns:xsi="http://www.w3.org/2001/XMLSchema-instance" xmlns:dim="http://www.dspace.org/xmlns/dspace/dim" OBJEDIT="/admin/item?itemID=2101" OBJID="/handle/10255/dryad.1865" PROFILE="DSPACE METS SIP Profile 1.0" LABEL="DSpace Item" ID="hdl:10255/dryad.1865">
<mets:dmdSec GROUPID="group_dmd_0" ID="dmd_1">
<mets:mdWrap MDTYPE="OTHER" OTHERMDTYPE="DIM">
<mets:xmlData>
<dim:dim dspaceType="ITEM">
<dim:field element="contributor" qualifier="author" language="en" mdschema="dc">Bjork, Adam</dim:field>
<dim:field element="contributor" qualifier="author" language="en" mdschema="dc">Liu, Weimin</dim:field>
<dim:field element="contributor" qualifier="author" language="en" mdschema="dc">Wertheim, Joel O</dim:field>
<dim:field element="contributor" qualifier="author" language="en" mdschema="dc">Hahn, Beatrice H</dim:field>
<dim:field element="contributor" qualifier="author" language="en" mdschema="dc">Worobey, Michael</dim:field>
<dim:field element="coverage" qualifier="spatial" language="en" mdschema="dc">sub-Saharan Africa</dim:field>
<dim:field element="date" qualifier="accessioned" language="" mdschema="dc">2010-08-19T01:36:33Z</dim:field>
<dim:field element="date" qualifier="available" mdschema="dc">2010-12-14T07:30:11Z</dim:field>
<dim:field element="date" qualifier="issued" language="" mdschema="dc">2010-08-18</dim:field>
<dim:field element="identifier" mdschema="dc">doi:10.5061/dryad.1862/3</dim:field>
<dim:field element="identifier" qualifier="uri" language="" mdschema="dc">http://hdl.handle.net/10255/dryad.1865</dim:field>
<dim:field element="relation" qualifier="ispartof" language="en" mdschema="dc">doi:10.5061/dryad.1862</dim:field>
<dim:field element="rights" qualifier="uri" language="en" mdschema="dc">http://creativecommons.org/publicdomain/zero/1.0/</dim:field>
<dim:field element="subject" language="en" mdschema="dc">evolution</dim:field>
<dim:field element="subject" language="en" mdschema="dc">chimpanzee</dim:field>
<dim:field element="subject" language="en" mdschema="dc">phylogeny</dim:field>
<dim:field element="subject" language="en" mdschema="dc">relaxed molecular clock</dim:field>
<dim:field element="subject" language="en" mdschema="dc">Yule</dim:field>
<dim:field element="subject" language="en" mdschema="dc">coalescent</dim:field>
<dim:field element="title" language="en" mdschema="dc">chimpanzee-only example xml file</dim:field>
<dim:field element="type" language="en" mdschema="dc">Dataset</dim:field>
<dim:field element="ScientificName" language="en" mdschema="dwc">Pan troglodytes</dim:field>
<dim:field element="dryad" qualifier="pageviews">176</dim:field>
<dim:field element="dryad" qualifier="downloads">45</dim:field>
</dim:dim>
</mets:xmlData>
</mets:mdWrap>
</mets:dmdSec>
<mets:fileSec>
<mets:fileGrp USE="CONTENT">
<mets:file CHECKSUMTYPE="MD5" GROUPID="group_file_1634" ID="file_1634" MIMETYPE="text/xml" SIZE="296134" CHECKSUM="74194ae35f1dcb28dd364781043a7e68">
<mets:FLocat LOCTYPE="URL" xlink:title="chimpanzee-onlyexample.xml" xlink:type="locator" xlink:href="/bitstream/handle/10255/dryad.1865/chimpanzee-onlyexample.xml?sequence=1"/>
</mets:file>
</mets:fileGrp>
</mets:fileSec>
<mets:structMap LABEL="DSpace" TYPE="LOGICAL">
<mets:div DMDID="dmd_1" TYPE="DSpace Item">
<mets:div ID="div_2" TYPE="DSpace Content Bitstream">
<mets:fptr FILEID="file_1634"/>
</mets:div>
</mets:div>
</mets:structMap>
</mets:METS>
