<?xml version="1.0" encoding="UTF-8"?>
<mets:METS xmlns:mets="http://www.loc.gov/METS/" xmlns:xlink="http://www.w3.org/TR/xlink/" xmlns:xsi="http://www.w3.org/2001/XMLSchema-instance" xmlns:dim="http://www.dspace.org/xmlns/dspace/dim" OBJEDIT="/admin/item?itemID=1305" OBJID="/handle/10255/dryad.1144" PROFILE="DSPACE METS SIP Profile 1.0" LABEL="DSpace Item" ID="hdl:10255/dryad.1144">
<mets:dmdSec GROUPID="group_dmd_0" ID="dmd_1">
<mets:mdWrap MDTYPE="OTHER" OTHERMDTYPE="DIM">
<mets:xmlData>
<dim:dim dspaceType="ITEM">
<dim:field element="contributor" qualifier="author" language="en" mdschema="dc">Maley, James</dim:field>
<dim:field element="contributor" qualifier="author" language="en" mdschema="dc">Winker, Kevin</dim:field>
<dim:field element="date" qualifier="accessioned" mdschema="dc">2009-12-12T18:54:23Z</dim:field>
<dim:field element="date" qualifier="available" mdschema="dc">2009-12-12T18:54:23Z</dim:field>
<dim:field element="date" qualifier="issued" mdschema="dc">2009-12-12T18:54:23Z</dim:field>
<dim:field element="identifier" mdschema="dc">doi:10.5061/dryad.1142/2</dim:field>
<dim:field element="identifier" qualifier="uri" mdschema="dc">http://hdl.handle.net/10255/dryad.1144</dim:field>
<dim:field element="description" language="en" mdschema="dc">This is a binary data file of the 580 polymorphic AFLP peaks scored in GeneMapper. Each peak is scored with a 1 (present) or 0 (absent) and the data have been concatenated into a single string. Each line is labeled with the University of Alaska Museum voucher number and the phenotype of the individual.</dim:field>
<dim:field element="relation" qualifier="ispartof" language="en" mdschema="dc">doi:10.5061/dryad.1142</dim:field>
<dim:field element="rights" qualifier="uri" language="en" mdschema="dc">http://creativecommons.org/publicdomain/zero/1.0/</dim:field>
<dim:field element="subject" language="en" mdschema="dc">Birds</dim:field>
<dim:field element="subject" language="en" mdschema="dc">Hybridization</dim:field>
<dim:field element="subject" language="en" mdschema="dc">Population Genetics - Empirical</dim:field>
<dim:field element="subject" language="en" mdschema="dc">Speciation</dim:field>
<dim:field element="title" language="en" mdschema="dc">AFLPdata.txt</dim:field>
<dim:field element="type" language="en" mdschema="dc">Dataset</dim:field>
<dim:field element="ScientificName" language="en" mdschema="dwc">Plectrophenax nivalis</dim:field>
<dim:field element="ScientificName" language="en" mdschema="dwc">Plectrophenax hyperboreus</dim:field>
<dim:field element="status" language="" mdschema="dryad">scanned</dim:field>
<dim:field element="dryad" qualifier="pageviews">139</dim:field>
<dim:field element="dryad" qualifier="downloads">59</dim:field>
</dim:dim>
</mets:xmlData>
</mets:mdWrap>
</mets:dmdSec>
<mets:fileSec>
<mets:fileGrp USE="CONTENT">
<mets:file CHECKSUMTYPE="MD5" GROUPID="group_file_963" ID="file_963" MIMETYPE="application/vnd.openxmlformats-officedocument.spreadsheetml.sheet" SIZE="146022" CHECKSUM="93cb7c93846543caad7a0e5870532212">
<mets:FLocat LOCTYPE="URL" xlink:title="AFLPdata.xlsx" xlink:type="locator" xlink:href="/bitstream/handle/10255/dryad.1144/AFLPdata.xlsx?sequence=1"/>
</mets:file>
</mets:fileGrp>
</mets:fileSec>
<mets:structMap LABEL="DSpace" TYPE="LOGICAL">
<mets:div DMDID="dmd_1" TYPE="DSpace Item">
<mets:div ID="div_2" TYPE="DSpace Content Bitstream">
<mets:fptr FILEID="file_963"/>
</mets:div>
</mets:div>
</mets:structMap>
</mets:METS>
