<?xml version="1.0" encoding="UTF-8"?>
<mets:METS xmlns:mets="http://www.loc.gov/METS/" xmlns:xlink="http://www.w3.org/TR/xlink/" xmlns:xsi="http://www.w3.org/2001/XMLSchema-instance" xmlns:dim="http://www.dspace.org/xmlns/dspace/dim" OBJEDIT="/admin/item?itemID=1990" OBJID="/handle/10255/dryad.1755" PROFILE="DSPACE METS SIP Profile 1.0" LABEL="DSpace Item" ID="hdl:10255/dryad.1755">
<mets:dmdSec GROUPID="group_dmd_0" ID="dmd_1">
<mets:mdWrap MDTYPE="OTHER" OTHERMDTYPE="DIM">
<mets:xmlData>
<dim:dim dspaceType="ITEM">
<dim:field element="contributor" qualifier="author" language="en" mdschema="dc">Abbott, Jessica K</dim:field>
<dim:field element="contributor" qualifier="author" language="en" mdschema="dc">Bedhomme, Stéphanie</dim:field>
<dim:field element="contributor" qualifier="author" language="en" mdschema="dc">Chippindale, Adam K</dim:field>
<dim:field element="date" qualifier="accessioned" language="" mdschema="dc">2010-07-13T07:17:34Z</dim:field>
<dim:field element="date" qualifier="available" language="" mdschema="dc">2010-07-13T07:17:34Z</dim:field>
<dim:field element="date" qualifier="issued" language="" mdschema="dc">2010-07-13</dim:field>
<dim:field element="identifier" mdschema="dc">doi:10.5061/dryad.1754/1</dim:field>
<dim:field element="identifier" qualifier="uri" language="" mdschema="dc">http://hdl.handle.net/10255/dryad.1755</dim:field>
<dim:field element="description" language="en" mdschema="dc">Morphological, fitness, fluctuating asymmetry measures for Male-limited and Control flies.  See published article for details.  Data presented are mean values for each combination of selection treatment, sex, and replicate population, collected from the laboratory.</dim:field>
<dim:field element="relation" qualifier="ispartof" language="en" mdschema="dc">doi:10.5061/dryad.1754</dim:field>
<dim:field element="rights" qualifier="uri" language="en" mdschema="dc">http://creativecommons.org/publicdomain/zero/1.0/</dim:field>
<dim:field element="subject" language="en" mdschema="dc">Experimental evolution</dim:field>
<dim:field element="subject" language="en" mdschema="dc">Insects</dim:field>
<dim:field element="subject" language="en" mdschema="dc">Morphometrics</dim:field>
<dim:field element="subject" language="en" mdschema="dc">Sexual selection &amp; conflicts</dim:field>
<dim:field element="subject" language="en" mdschema="dc">Intralocus sexual conflict</dim:field>
<dim:field element="subject" language="en" mdschema="dc">Ontogenetic sexual conflict</dim:field>
<dim:field element="subject" language="en" mdschema="dc">Geometric morphometrics</dim:field>
<dim:field element="subject" language="en" mdschema="dc">Sexual size dimorphism</dim:field>
<dim:field element="title" language="en" mdschema="dc">Abbottetal.JEBdryaddata.xlsx</dim:field>
<dim:field element="type" language="en" mdschema="dc">Dataset</dim:field>
<dim:field element="ScientificName" language="" mdschema="dwc">Drosophila melanogaster</dim:field>
<dim:field element="dryad" qualifier="pageviews">228</dim:field>
<dim:field element="dryad" qualifier="downloads">119</dim:field>
</dim:dim>
</mets:xmlData>
</mets:mdWrap>
</mets:dmdSec>
<mets:fileSec>
<mets:fileGrp USE="CONTENT">
<mets:file CHECKSUMTYPE="MD5" GROUPID="group_file_1571" ID="file_1571" MIMETYPE="application/vnd.openxmlformats-officedocument.spreadsheetml.sheet" SIZE="11998" CHECKSUM="cebd8fb888c7d677cfdbcb267aa12471">
<mets:FLocat LOCTYPE="URL" xlink:title="Abbottetal.JEBdryaddata.xlsx" xlink:type="locator" xlink:href="/bitstream/handle/10255/dryad.1755/Abbottetal.JEBdryaddata.xlsx?sequence=1"/>
</mets:file>
</mets:fileGrp>
</mets:fileSec>
<mets:structMap LABEL="DSpace" TYPE="LOGICAL">
<mets:div DMDID="dmd_1" TYPE="DSpace Item">
<mets:div ID="div_2" TYPE="DSpace Content Bitstream">
<mets:fptr FILEID="file_1571"/>
</mets:div>
</mets:div>
</mets:structMap>
</mets:METS>
