<?xml version="1.0" encoding="UTF-8"?>
<mets:METS xmlns:mets="http://www.loc.gov/METS/" xmlns:xlink="http://www.w3.org/TR/xlink/" xmlns:xsi="http://www.w3.org/2001/XMLSchema-instance" xmlns:dim="http://www.dspace.org/xmlns/dspace/dim" OBJEDIT="/admin/item?itemID=2319" OBJID="/handle/10255/dryad.1993" PROFILE="DSPACE METS SIP Profile 1.0" LABEL="DSpace Item" ID="hdl:10255/dryad.1993">
<mets:dmdSec GROUPID="group_dmd_0" ID="dmd_1">
<mets:mdWrap MDTYPE="OTHER" OTHERMDTYPE="DIM">
<mets:xmlData>
<dim:dim dspaceType="ITEM">
<dim:field element="contributor" language="" mdschema="dc">Küpper, Clemens</dim:field>
<dim:field element="contributor" language="" mdschema="dc">Augustin, Jakob</dim:field>
<dim:field element="contributor" language="" mdschema="dc">Dawson, Deborah A</dim:field>
<dim:field element="contributor" language="" mdschema="dc">Burke, Terry</dim:field>
<dim:field element="contributor" language="" mdschema="dc">Kosztolányi, András</dim:field>
<dim:field element="contributor" language="" mdschema="dc">Székely, Tamás</dim:field>
<dim:field element="coverage" qualifier="spatial" language="en" mdschema="dc">Turkey</dim:field>
<dim:field element="date" qualifier="accessioned" language="" mdschema="dc">2010-09-17T16:20:24Z</dim:field>
<dim:field element="date" qualifier="available" mdschema="dc">2010-11-03T06:30:06Z</dim:field>
<dim:field element="date" qualifier="issued" language="" mdschema="dc">2010-09-17</dim:field>
<dim:field element="identifier" mdschema="dc">doi:10.5061/dryad.1992/1</dim:field>
<dim:field element="identifier" qualifier="uri" language="" mdschema="dc">http://hdl.handle.net/10255/dryad.1993</dim:field>
<dim:field element="description" language="en" mdschema="dc">Heterozygosity, survival, tarsus and mass growth of Kentish plover chicks hatched at Tuzla, Southern Turkey</dim:field>
<dim:field element="relation" qualifier="ispartof" language="" mdschema="dc">doi:10.5061/dryad.1992</dim:field>
<dim:field element="rights" qualifier="uri" language="" mdschema="dc">http://creativecommons.org/publicdomain/zero/1.0/</dim:field>
<dim:field element="subject" language="en" mdschema="dc">Birds</dim:field>
<dim:field element="subject" language="en" mdschema="dc">Population Genetics - Empirical</dim:field>
<dim:field element="subject" language="en" mdschema="dc">Inbreeding</dim:field>
<dim:field element="subject" language="en" mdschema="dc">Conservation Genetics</dim:field>
<dim:field element="subject" language="en" mdschema="dc">heterozygosity fitness correlation</dim:field>
<dim:field element="subject" language="en" mdschema="dc">juvenile survival</dim:field>
<dim:field element="title" language="en" mdschema="dc">HFC_KP</dim:field>
<dim:field element="ScientificName" language="en" mdschema="dwc">Charadrius alexandrinus</dim:field>
<dim:field element="type" qualifier="embargo" language="en" mdschema="dc">untilArticleAppears</dim:field>
<dim:field element="dryad" qualifier="pageviews">168</dim:field>
<dim:field element="dryad" qualifier="downloads">110</dim:field>
</dim:dim>
</mets:xmlData>
</mets:mdWrap>
</mets:dmdSec>
<mets:fileSec>
<mets:fileGrp USE="CONTENT">
<mets:file CHECKSUMTYPE="MD5" GROUPID="group_file_1766" ID="file_1766" MIMETYPE="text/csv" SIZE="61340" CHECKSUM="43b69443e01094cf7af3a495b06ecc58">
<mets:FLocat LOCTYPE="URL" xlink:title="HFC_KP.csv" xlink:label="dataset-file" xlink:type="locator" xlink:href="/bitstream/handle/10255/dryad.1993/HFC_KP.csv?sequence=1"/>
</mets:file>
<mets:file CHECKSUMTYPE="MD5" GROUPID="group_file_1767" ID="file_1767" MIMETYPE="application/rtf" SIZE="2236" CHECKSUM="ce207092f792c55981b93da3c00d1ff6">
<mets:FLocat LOCTYPE="URL" xlink:title="README.rtf" xlink:label="dc_readme" xlink:type="locator" xlink:href="/bitstream/handle/10255/dryad.1993/README.rtf?sequence=2"/>
</mets:file>
</mets:fileGrp>
</mets:fileSec>
<mets:structMap LABEL="DSpace" TYPE="LOGICAL">
<mets:div DMDID="dmd_1" TYPE="DSpace Item">
<mets:div ID="div_2" TYPE="DSpace Content Bitstream">
<mets:fptr FILEID="file_1766"/>
</mets:div>
<mets:div ID="div_3" TYPE="DSpace Content Bitstream">
<mets:fptr FILEID="file_1767"/>
</mets:div>
</mets:div>
</mets:structMap>
</mets:METS>
