<?xml version="1.0" encoding="UTF-8"?>
<mets:METS xmlns:mets="http://www.loc.gov/METS/" xmlns:xlink="http://www.w3.org/TR/xlink/" xmlns:xsi="http://www.w3.org/2001/XMLSchema-instance" xmlns:dim="http://www.dspace.org/xmlns/dspace/dim" OBJEDIT="/admin/item?itemID=1786" OBJID="/handle/10255/dryad.1560" PROFILE="DSPACE METS SIP Profile 1.0" LABEL="DSpace Item" ID="hdl:10255/dryad.1560">
<mets:dmdSec GROUPID="group_dmd_0" ID="dmd_1">
<mets:mdWrap MDTYPE="OTHER" OTHERMDTYPE="DIM">
<mets:xmlData>
<dim:dim dspaceType="ITEM">
<dim:field element="contributor" qualifier="author" language="en" mdschema="dc">Shafer, Aaron BA</dim:field>
<dim:field element="date" qualifier="accessioned" language="" mdschema="dc">2010-05-13T17:35:16Z</dim:field>
<dim:field element="date" qualifier="available" language="" mdschema="dc">2010-05-13T17:35:16Z</dim:field>
<dim:field element="date" qualifier="issued" language="" mdschema="dc">2010-05-13</dim:field>
<dim:field element="identifier" mdschema="dc">doi:10.5061/dryad.1558/1</dim:field>
<dim:field element="identifier" qualifier="uri" language="" mdschema="dc">http://hdl.handle.net/10255/dryad.1560</dim:field>
<dim:field element="relation" qualifier="ispartof" language="en" mdschema="dc">doi:10.5061/dryad.1558</dim:field>
<dim:field element="rights" qualifier="uri" language="en" mdschema="dc">http://creativecommons.org/publicdomain/zero/1.0/</dim:field>
<dim:field element="title" language="en" mdschema="dc">reference, subpopulation, genotype</dim:field>
<dim:field element="type" language="en" mdschema="dc">Dataset</dim:field>
<dim:field element="dryad" qualifier="pageviews">187</dim:field>
<dim:field element="dryad" qualifier="downloads">90</dim:field>
</dim:dim>
</mets:xmlData>
</mets:mdWrap>
</mets:dmdSec>
<mets:fileSec>
<mets:fileGrp USE="CONTENT">
<mets:file CHECKSUMTYPE="MD5" GROUPID="group_file_1140" ID="file_1140" MIMETYPE="application/vnd.ms-excel" SIZE="293376" CHECKSUM="8c8fd1ee8a88610c6c387f67f769971e">
<mets:FLocat LOCTYPE="URL" xlink:title="Subrange19lociEvolution.xls" xlink:type="locator" xlink:href="/bitstream/handle/10255/dryad.1560/Subrange19lociEvolution.xls?sequence=1"/>
</mets:file>
</mets:fileGrp>
</mets:fileSec>
<mets:structMap LABEL="DSpace" TYPE="LOGICAL">
<mets:div DMDID="dmd_1" TYPE="DSpace Item">
<mets:div ID="div_2" TYPE="DSpace Content Bitstream">
<mets:fptr FILEID="file_1140"/>
</mets:div>
</mets:div>
</mets:structMap>
</mets:METS>
