<?xml version="1.0" encoding="UTF-8"?>
<mets:METS xmlns:mets="http://www.loc.gov/METS/" xmlns:xlink="http://www.w3.org/TR/xlink/" xmlns:xsi="http://www.w3.org/2001/XMLSchema-instance" xmlns:dim="http://www.dspace.org/xmlns/dspace/dim" OBJEDIT="/admin/item?itemID=1242" OBJID="/handle/10255/dryad.1085" PROFILE="DSPACE METS SIP Profile 1.0" LABEL="DSpace Item" ID="hdl:10255/dryad.1085">
<mets:dmdSec GROUPID="group_dmd_0" ID="dmd_1">
<mets:mdWrap MDTYPE="OTHER" OTHERMDTYPE="DIM">
<mets:xmlData>
<dim:dim dspaceType="ITEM">
<dim:field element="contributor" qualifier="author" language="en" mdschema="dc">Zmasek, Christian M.</dim:field>
<dim:field element="contributor" qualifier="author" language="en" mdschema="dc">Zhang, Qing</dim:field>
<dim:field element="contributor" qualifier="author" language="en" mdschema="dc">Ye, Yuzhen</dim:field>
<dim:field element="contributor" qualifier="author" language="en" mdschema="dc">Godzik, Adam</dim:field>
<dim:field element="date" qualifier="accessioned" language="" mdschema="dc">2009-11-15T18:04:07Z</dim:field>
<dim:field element="date" qualifier="available" language="" mdschema="dc">2009-11-15T18:04:07Z</dim:field>
<dim:field element="date" qualifier="issued" language="" mdschema="dc">2009-11-15T18:04:07Z</dim:field>
<dim:field element="identifier" mdschema="dc">doi:10.5061/dryad.12/6</dim:field>
<dim:field element="identifier" qualifier="uri" language="" mdschema="dc">http://hdl.handle.net/10255/dryad.1085</dim:field>
<dim:field element="description" language="" mdschema="dc">phylogeny of the caspase family</dim:field>
<dim:field element="relation" qualifier="ispartof" language="en" mdschema="dc">doi:10.5061/dryad.12</dim:field>
<dim:field element="rights" qualifier="uri" language="en" mdschema="dc">http://creativecommons.org/publicdomain/zero/1.0/</dim:field>
<dim:field element="title" language="en" mdschema="dc">Additional Figure 4</dim:field>
<dim:field element="type" language="en" mdschema="dc">Dataset</dim:field>
<dim:field element="status" language="" mdschema="dryad">scanned</dim:field>
<dim:field element="dryad" qualifier="pageviews">107</dim:field>
<dim:field element="dryad" qualifier="downloads">31</dim:field>
</dim:dim>
</mets:xmlData>
</mets:mdWrap>
</mets:dmdSec>
<mets:fileSec>
<mets:fileGrp USE="CONTENT">
<mets:file CHECKSUMTYPE="MD5" GROUPID="group_file_932" ID="file_932" MIMETYPE="application/postscript" SIZE="1524522" CHECKSUM="82b4bce87c76dae76828d80749f1187b">
<mets:FLocat LOCTYPE="URL" xlink:title="godzik_additional_figure_4.eps" xlink:type="locator" xlink:href="/bitstream/handle/10255/dryad.1085/godzik_additional_figure_4.eps?sequence=1"/>
</mets:file>
</mets:fileGrp>
</mets:fileSec>
<mets:structMap LABEL="DSpace" TYPE="LOGICAL">
<mets:div DMDID="dmd_1" TYPE="DSpace Item">
<mets:div ID="div_2" TYPE="DSpace Content Bitstream">
<mets:fptr FILEID="file_932"/>
</mets:div>
</mets:div>
</mets:structMap>
</mets:METS>
