<?xml version="1.0" encoding="UTF-8"?>
<mets:METS xmlns:mets="http://www.loc.gov/METS/" xmlns:xlink="http://www.w3.org/TR/xlink/" xmlns:xsi="http://www.w3.org/2001/XMLSchema-instance" xmlns:dim="http://www.dspace.org/xmlns/dspace/dim" OBJEDIT="/admin/item?itemID=2020" OBJID="/handle/10255/dryad.1784" PROFILE="DSPACE METS SIP Profile 1.0" LABEL="DSpace Item" ID="hdl:10255/dryad.1784">
<mets:dmdSec GROUPID="group_dmd_0" ID="dmd_1">
<mets:mdWrap MDTYPE="OTHER" OTHERMDTYPE="DIM">
<mets:xmlData>
<dim:dim dspaceType="ITEM">
<dim:field element="contributor" qualifier="author" language="en" mdschema="dc">Hoffman, Joseph I</dim:field>
<dim:field element="contributor" qualifier="author" language="en" mdschema="dc">Peck, Lloyd S</dim:field>
<dim:field element="contributor" qualifier="author" language="en" mdschema="dc">Linse, Katrin</dim:field>
<dim:field element="contributor" qualifier="author" language="en" mdschema="dc">Clarke, Andrew</dim:field>
<dim:field element="date" qualifier="accessioned" language="" mdschema="dc">2010-07-20T07:05:14Z</dim:field>
<dim:field element="date" qualifier="available" language="" mdschema="dc">2010-10-01T06:30:10Z</dim:field>
<dim:field element="date" qualifier="issued" language="" mdschema="dc">2010-07-20</dim:field>
<dim:field element="identifier" mdschema="dc">doi:10.5061/dryad.1783/1</dim:field>
<dim:field element="identifier" qualifier="uri" language="" mdschema="dc">http://hdl.handle.net/10255/dryad.1784</dim:field>
<dim:field element="description" language="en" mdschema="dc">AFLP dataset comprising Nacella concinna Antarctic Peninsula populations</dim:field>
<dim:field element="relation" qualifier="ispartof" language="en" mdschema="dc">doi:10.5061/dryad.1783</dim:field>
<dim:field element="rights" qualifier="uri" language="en" mdschema="dc">http://creativecommons.org/publicdomain/zero/1.0/</dim:field>
<dim:field element="subject" language="en" mdschema="dc">Antarctic limpet</dim:field>
<dim:field element="subject" language="en" mdschema="dc">Amplified Fragment Length Polymorphisms (AFLPs)</dim:field>
<dim:field element="subject" language="en" mdschema="dc">phylogeography</dim:field>
<dim:field element="subject" language="en" mdschema="dc">Antarctic Peninsula</dim:field>
<dim:field element="subject" language="en" mdschema="dc">larval dispersal</dim:field>
<dim:field element="title" language="en" mdschema="dc">Strong population genetic structure in a broadcast-spawning Antarctic marine invertebrate</dim:field>
<dim:field element="type" language="en" mdschema="dc">Dataset</dim:field>
<dim:field element="ScientificName" language="" mdschema="dwc">Nacella concinna</dim:field>
<dim:field element="dryad" qualifier="pageviews">169</dim:field>
<dim:field element="dryad" qualifier="downloads">59</dim:field>
</dim:dim>
</mets:xmlData>
</mets:mdWrap>
</mets:dmdSec>
<mets:fileSec>
<mets:fileGrp USE="CONTENT">
<mets:file CHECKSUMTYPE="MD5" GROUPID="group_file_1587" ID="file_1587" MIMETYPE="application/vnd.openxmlformats-officedocument.spreadsheetml.sheet" SIZE="340718" CHECKSUM="4fe5180c9dcfe67d42b9f1181427a377">
<mets:FLocat LOCTYPE="URL" xlink:title="Dryadsubmission200710.xlsx" xlink:type="locator" xlink:href="/bitstream/handle/10255/dryad.1784/Dryadsubmission200710.xlsx?sequence=1"/>
</mets:file>
</mets:fileGrp>
</mets:fileSec>
<mets:structMap LABEL="DSpace" TYPE="LOGICAL">
<mets:div DMDID="dmd_1" TYPE="DSpace Item">
<mets:div ID="div_2" TYPE="DSpace Content Bitstream">
<mets:fptr FILEID="file_1587"/>
</mets:div>
</mets:div>
</mets:structMap>
</mets:METS>
