<?xml version="1.0" encoding="UTF-8"?>
<mets:METS xmlns:mets="http://www.loc.gov/METS/" xmlns:xlink="http://www.w3.org/TR/xlink/" xmlns:xsi="http://www.w3.org/2001/XMLSchema-instance" xmlns:dim="http://www.dspace.org/xmlns/dspace/dim" OBJEDIT="/admin/item?itemID=41748" OBJID="/handle/10255/dryad.37870" PROFILE="DSPACE METS SIP Profile 1.0" LABEL="DSpace Item" ID="hdl:10255/dryad.37870">
<mets:dmdSec GROUPID="group_dmd_0" ID="dmd_1">
<mets:mdWrap MDTYPE="OTHER" OTHERMDTYPE="DIM">
<mets:xmlData>
<dim:dim dspaceType="ITEM">
<dim:field element="contributor" qualifier="author" language="" mdschema="dc">Minckley, Thomas A.</dim:field>
<dim:field element="contributor" qualifier="author" language="" mdschema="dc">Shriver, Robert K.</dim:field>
<dim:field element="contributor" qualifier="author" language="" mdschema="dc">Shuman, Bryan N.</dim:field>
<dim:field element="coverage" qualifier="spatial" language="" mdschema="dc">Rocky Mountains</dim:field>
<dim:field element="coverage" qualifier="temporal" language="" mdschema="dc">Holocene</dim:field>
<dim:field element="date" qualifier="accessioned" language="" mdschema="dc">2012-02-14T16:58:08Z</dim:field>
<dim:field element="date" qualifier="available" language="" mdschema="dc">2012-02-14T16:58:08Z</dim:field>
<dim:field element="date" qualifier="issued" language="" mdschema="dc">2012-02-14</dim:field>
<dim:field element="identifier" mdschema="dc">doi:10.5061/dryad.1758mf7b/2</dim:field>
<dim:field element="identifier" qualifier="uri" language="" mdschema="dc">http://hdl.handle.net/10255/dryad.37870</dim:field>
<dim:field element="description" language="" mdschema="dc">Excel File containing raw charcoal counts for Little Windy Hill Pond. Data are related to drive depth (of core), absolute depth, age of sample, charcoal counts, and macrofossils identified.</dim:field>
<dim:field element="relation" qualifier="ispartof" language="" mdschema="dc">doi:10.5061/dryad.1758mf7b</dim:field>
<dim:field element="rights" qualifier="uri" language="" mdschema="dc">http://creativecommons.org/publicdomain/zero/1.0/</dim:field>
<dim:field element="subject" language="" mdschema="dc">Resilience</dim:field>
<dim:field element="subject" language="" mdschema="dc">Regime Change</dim:field>
<dim:field element="subject" language="" mdschema="dc">Pollen</dim:field>
<dim:field element="subject" language="" mdschema="dc">Lake Level</dim:field>
<dim:field element="subject" language="" mdschema="dc">Charcoal</dim:field>
<dim:field element="subject" language="" mdschema="dc">Fire</dim:field>
<dim:field element="title" language="" mdschema="dc">LWH CHAR RAW</dim:field>
<dim:field element="type" language="*" mdschema="dc">Dataset</dim:field>
<dim:field element="ScientificName" language="" mdschema="dwc">Pinus contorta</dim:field>
<dim:field element="ScientificName" language="" mdschema="dwc">Picea engelmannii</dim:field>
<dim:field element="ScientificName" language="" mdschema="dwc">Abies bifolia</dim:field>
<dim:field element="ScientificName" language="" mdschema="dwc">Artemisia</dim:field>
<dim:field element="type" qualifier="embargo" language="" mdschema="dc">none</dim:field>
<dim:field element="dryad" qualifier="pageviews">129</dim:field>
<dim:field element="dryad" qualifier="downloads">42</dim:field>
</dim:dim>
</mets:xmlData>
</mets:mdWrap>
</mets:dmdSec>
<mets:fileSec>
<mets:fileGrp USE="CONTENT">
<mets:file CHECKSUMTYPE="MD5" GROUPID="group_file_120154" ID="file_120154" MIMETYPE="application/vnd.openxmlformats-officedocument.spreadsheetml.sheet" SIZE="44147" CHECKSUM="b4f77d46f1809cec143d6fadf86aec58">
<mets:FLocat LOCTYPE="URL" xlink:title="LWH CHAR RAW.xlsx" xlink:label="dataset-file" xlink:type="locator" xlink:href="/bitstream/handle/10255/dryad.37870/LWH%20CHAR%20RAW.xlsx?sequence=1"/>
</mets:file>
</mets:fileGrp>
</mets:fileSec>
<mets:structMap LABEL="DSpace" TYPE="LOGICAL">
<mets:div DMDID="dmd_1" TYPE="DSpace Item">
<mets:div ID="div_2" TYPE="DSpace Content Bitstream">
<mets:fptr FILEID="file_120154"/>
</mets:div>
</mets:div>
</mets:structMap>
</mets:METS>
