<?xml version="1.0" encoding="UTF-8"?>
<mets:METS xmlns:mets="http://www.loc.gov/METS/" xmlns:xlink="http://www.w3.org/TR/xlink/" xmlns:xsi="http://www.w3.org/2001/XMLSchema-instance" xmlns:dim="http://www.dspace.org/xmlns/dspace/dim" OBJEDIT="/admin/item?itemID=2216" OBJID="/handle/10255/dryad.1951" PROFILE="DSPACE METS SIP Profile 1.0" LABEL="DSpace Item" ID="hdl:10255/dryad.1951">
<mets:dmdSec GROUPID="group_dmd_0" ID="dmd_1">
<mets:mdWrap MDTYPE="OTHER" OTHERMDTYPE="DIM">
<mets:xmlData>
<dim:dim dspaceType="ITEM">
<dim:field element="contributor" language="" mdschema="dc">Charles, Grace K.</dim:field>
<dim:field element="contributor" language="" mdschema="dc">Hofer, Rebecca K.</dim:field>
<dim:field element="coverage" qualifier="spatial" language="en" mdschema="dc">Puerto Rico</dim:field>
<dim:field element="coverage" qualifier="spatial" language="en" mdschema="dc">Jamaica</dim:field>
<dim:field element="date" qualifier="accessioned" language="" mdschema="dc">2010-09-01T13:40:59Z</dim:field>
<dim:field element="date" qualifier="available" language="" mdschema="dc">2010-12-02T07:30:07Z</dim:field>
<dim:field element="date" qualifier="issued" language="" mdschema="dc">2010-09-01</dim:field>
<dim:field element="identifier" language="" mdschema="dc">doi:10.5061/dryad.1950/1</dim:field>
<dim:field element="identifier" qualifier="uri" language="" mdschema="dc">http://hdl.handle.net/10255/dryad.1951</dim:field>
<dim:field element="description" language="en" mdschema="dc">Raw data on background motion occurring in video footage recorded of male Anolis lizards on their territories on Puerto Rico and Jamaica</dim:field>
<dim:field element="relation" qualifier="ispartof" language="" mdschema="dc">doi:10.5061/dryad.1950</dim:field>
<dim:field element="rights" qualifier="uri" language="" mdschema="dc">http://creativecommons.org/publicdomain/zero/1.0/</dim:field>
<dim:field element="subject" language="en" mdschema="dc">animal communication</dim:field>
<dim:field element="subject" language="en" mdschema="dc">background noise</dim:field>
<dim:field element="subject" language="en" mdschema="dc">signal detection</dim:field>
<dim:field element="subject" language="en" mdschema="dc">territorial displays</dim:field>
<dim:field element="title" language="en" mdschema="dc">Ord-TJ-52185R2_data</dim:field>
<dim:field element="ScientificName" language="en" mdschema="dwc">Anolis</dim:field>
<dim:field element="type" qualifier="embargo" language="en" mdschema="dc">untilArticleAppears</dim:field>
<dim:field element="dryad" qualifier="pageviews">168</dim:field>
<dim:field element="dryad" qualifier="downloads">125</dim:field>
</dim:dim>
</mets:xmlData>
</mets:mdWrap>
</mets:dmdSec>
<mets:fileSec>
<mets:fileGrp USE="CONTENT">
<mets:file CHECKSUMTYPE="MD5" GROUPID="group_file_1696" ID="file_1696" MIMETYPE="text/plain" SIZE="69026" CHECKSUM="8ba0fa2622a1381a8f88272f78ef9a27">
<mets:FLocat LOCTYPE="URL" xlink:title="Ord-TJ-52185R2_data.txt" xlink:label="dataset-file" xlink:type="locator" xlink:href="/bitstream/handle/10255/dryad.1951/Ord-TJ-52185R2_data.txt?sequence=1"/>
</mets:file>
<mets:file CHECKSUMTYPE="MD5" GROUPID="group_file_1697" ID="file_1697" MIMETYPE="text/plain" SIZE="1286" CHECKSUM="f00ad778afcec1f01671d6b6aa96c062">
<mets:FLocat LOCTYPE="URL" xlink:title="README.txt" xlink:label="dc_readme" xlink:type="locator" xlink:href="/bitstream/handle/10255/dryad.1951/README.txt?sequence=2"/>
</mets:file>
</mets:fileGrp>
<mets:fileGrp USE="TEXT">
<mets:file CHECKSUMTYPE="MD5" GROUPID="group_file_1697" ID="file_1707" MIMETYPE="text/plain" SIZE="1273" CHECKSUM="858e2b92513e646fe158d95e10845991">
<mets:FLocat LOCTYPE="URL" xlink:title="README.txt.txt" xlink:label="Extracted text" xlink:type="locator" xlink:href="/bitstream/handle/10255/dryad.1951/README.txt.txt?sequence=3"/>
</mets:file>
<mets:file CHECKSUMTYPE="MD5" GROUPID="group_file_1696" ID="file_1708" MIMETYPE="text/plain" SIZE="69027" CHECKSUM="570a50bc1076ecb3ea587ed415fd8ab4">
<mets:FLocat LOCTYPE="URL" xlink:title="Ord-TJ-52185R2_data.txt.txt" xlink:label="Extracted text" xlink:type="locator" xlink:href="/bitstream/handle/10255/dryad.1951/Ord-TJ-52185R2_data.txt.txt?sequence=4"/>
</mets:file>
</mets:fileGrp>
</mets:fileSec>
<mets:structMap LABEL="DSpace" TYPE="LOGICAL">
<mets:div DMDID="dmd_1" TYPE="DSpace Item">
<mets:div ID="div_2" TYPE="DSpace Content Bitstream">
<mets:fptr FILEID="file_1696"/>
</mets:div>
<mets:div ID="div_3" TYPE="DSpace Content Bitstream">
<mets:fptr FILEID="file_1697"/>
</mets:div>
</mets:div>
</mets:structMap>
</mets:METS>
