<?xml version="1.0" encoding="UTF-8"?>
<mets:METS xmlns:mets="http://www.loc.gov/METS/" xmlns:xlink="http://www.w3.org/TR/xlink/" xmlns:xsi="http://www.w3.org/2001/XMLSchema-instance" xmlns:dim="http://www.dspace.org/xmlns/dspace/dim" OBJEDIT="/admin/item?itemID=219" OBJID="/handle/10255/dryad.199" PROFILE="DSPACE METS SIP Profile 1.0" LABEL="DSpace Item" ID="hdl:10255/dryad.199">
<mets:dmdSec GROUPID="group_dmd_0" ID="dmd_1">
<mets:mdWrap MDTYPE="OTHER" OTHERMDTYPE="DIM">
<mets:xmlData>
<dim:dim dspaceType="ITEM">
<dim:field element="contributor" qualifier="author" language="" mdschema="dc">Newton, Alicia</dim:field>
<dim:field element="contributor" qualifier="author" language="" mdschema="dc">Pistiner, Janna</dim:field>
<dim:field element="coverage" qualifier="spatial" language="" mdschema="dc">Santa Cruz</dim:field>
<dim:field element="date" qualifier="accessioned" language="" mdschema="dc">2008-10-02T17:33:58Z</dim:field>
<dim:field element="date" qualifier="available" language="" mdschema="dc">2008-10-02T17:33:58Z</dim:field>
<dim:field element="date" qualifier="issued" language="" mdschema="dc">1999-08</dim:field>
<dim:field element="identifier" mdschema="dc">doi:10.5061/dryad.159/5</dim:field>
<dim:field element="identifier" qualifier="uri" language="" mdschema="dc">http://hdl.handle.net/10255/dryad.199</dim:field>
<dim:field element="description" language="en_US" mdschema="dc">Old vocanic crater shrouded in Garua.&#13;
&#13;
This is a partial panorama -- it does not revolve completely.</dim:field>
<dim:field element="relation" qualifier="ispartof" language="" mdschema="dc">http://hdl.handle.net/10255/dryad.159</dim:field>
<dim:field element="rights" qualifier="uri" language="" mdschema="dc">http://datadryad.org/bitstream/handle/10255/dryad.199/license.txt?sequence=2</dim:field>
<dim:field element="subject" language="en_US" mdschema="dc">volcanic feature</dim:field>
<dim:field element="subject" language="en_US" mdschema="dc">Miconia zone</dim:field>
<dim:field element="title" language="en_US" mdschema="dc">Partial Panorama of Pit Crater</dim:field>
<dim:field element="type" language="en_US" mdschema="dc">Image</dim:field>
<dim:field element="dryad" qualifier="pageviews">474</dim:field>
<dim:field element="dryad" qualifier="downloads">297</dim:field>
</dim:dim>
</mets:xmlData>
</mets:mdWrap>
</mets:dmdSec>
<mets:fileSec>
<mets:fileGrp USE="CONTENT">
<mets:file CHECKSUMTYPE="MD5" GROUPID="group_file_403" ID="file_403" MIMETYPE="video/quicktime" SIZE="454211" CHECKSUM="8eb92ca34a3a03b14f6519e862a6ed48">
<mets:FLocat LOCTYPE="URL" xlink:title="PitCrtr_L.mov" xlink:type="locator" xlink:href="/bitstream/handle/10255/dryad.199/PitCrtr_L.mov?sequence=1"/>
</mets:file>
</mets:fileGrp>
<mets:fileGrp USE="LICENSE">
<mets:file CHECKSUMTYPE="MD5" GROUPID="group_file_404" ID="file_404" MIMETYPE="text/plain" SIZE="784" CHECKSUM="461c114bcee2edcff69725244711a41b">
<mets:FLocat LOCTYPE="URL" xlink:title="license.txt" xlink:type="locator" xlink:href="/bitstream/handle/10255/dryad.199/license.txt?sequence=2"/>
</mets:file>
</mets:fileGrp>
</mets:fileSec>
<mets:structMap LABEL="DSpace" TYPE="LOGICAL">
<mets:div DMDID="dmd_1" TYPE="DSpace Item">
<mets:div ID="div_2" TYPE="DSpace Content Bitstream">
<mets:fptr FILEID="file_403"/>
</mets:div>
</mets:div>
</mets:structMap>
</mets:METS>
