<?xml version="1.0" encoding="UTF-8"?>
<mets:METS xmlns:mets="http://www.loc.gov/METS/" xmlns:xlink="http://www.w3.org/TR/xlink/" xmlns:xsi="http://www.w3.org/2001/XMLSchema-instance" xmlns:dim="http://www.dspace.org/xmlns/dspace/dim" OBJEDIT="/admin/item?itemID=48032" OBJID="/handle/10255/dryad.41976" PROFILE="DSPACE METS SIP Profile 1.0" LABEL="DSpace Item" ID="hdl:10255/dryad.41976">
<mets:dmdSec GROUPID="group_dmd_0" ID="dmd_1">
<mets:mdWrap MDTYPE="OTHER" OTHERMDTYPE="DIM">
<mets:xmlData>
<dim:dim dspaceType="ITEM">
<dim:field element="contributor" qualifier="author" language="" mdschema="dc">McDaniel, Stuart F.</dim:field>
<dim:field element="contributor" qualifier="author" language="" mdschema="dc">Atwood, John</dim:field>
<dim:field element="contributor" qualifier="author" language="" mdschema="dc">Burleigh, J. Gordon</dim:field>
<dim:field element="coverage" qualifier="spatial" language="" mdschema="dc">Global</dim:field>
<dim:field element="date" qualifier="accessioned" language="" mdschema="dc">2012-08-27T18:16:09Z</dim:field>
<dim:field element="date" qualifier="available" mdschema="dc">2012-10-02T15:59:07Z</dim:field>
<dim:field element="date" qualifier="issued" language="" mdschema="dc">2012-08-27</dim:field>
<dim:field element="identifier" language="" mdschema="dc">doi:10.5061/dryad.101tb/1</dim:field>
<dim:field element="identifier" qualifier="uri" language="" mdschema="dc">http://hdl.handle.net/10255/dryad.41976</dim:field>
<dim:field element="description" language="" mdschema="dc">This file includes species of mosses used in the phylogenetic analysis of Shaw et al. 2005 Taxon; the sexuality of each species (dioicous = separate gametophyte sexes; autoicious = hermaphroditic; for a description of moss sexuality terms, see http://en.wikipedia.org/wiki/Dioicous); the sexuality of each genus; and the number of recognized species in each genus.</dim:field>
<dim:field element="relation" qualifier="ispartof" language="" mdschema="dc">doi:10.5061/dryad.101tb</dim:field>
<dim:field element="rights" qualifier="uri" language="" mdschema="dc">http://creativecommons.org/publicdomain/zero/1.0/</dim:field>
<dim:field element="subject" confidence="NOVALUE" language="" mdschema="dc">Inbreeding</dim:field>
<dim:field element="subject" confidence="NOVALUE" language="" mdschema="dc">Life-History Evolution</dim:field>
<dim:field element="subject" confidence="NOVALUE" language="" mdschema="dc">Macroevolution</dim:field>
<dim:field element="subject" confidence="NOVALUE" language="" mdschema="dc">Mating Systems</dim:field>
<dim:field element="subject" confidence="NOVALUE" language="" mdschema="dc">Phylogenetics</dim:field>
<dim:field element="subject" confidence="NOVALUE" language="" mdschema="dc">Sexual Conflict</dim:field>
<dim:field element="title" language="" mdschema="dc">Recurrent evolution of dioecy in bryophytes</dim:field>
<dim:field element="type" language="*" mdschema="dc">Dataset</dim:field>
<dim:field element="ScientificName" confidence="NOVALUE" language="" mdschema="dwc">Bryophyta</dim:field>
<dim:field element="type" qualifier="embargo" language="" mdschema="dc">untilArticleAppears</dim:field>
<dim:field element="dryad" qualifier="pageviews">112</dim:field>
<dim:field element="dryad" qualifier="downloads">44</dim:field>
</dim:dim>
</mets:xmlData>
</mets:mdWrap>
</mets:dmdSec>
<mets:fileSec>
<mets:fileGrp USE="CONTENT">
<mets:file CHECKSUMTYPE="MD5" GROUPID="group_file_124773" ID="file_124773" MIMETYPE="application/vnd.ms-excel" SIZE="100864" CHECKSUM="c539a054758ebda824a72b9f1ea32b05">
<mets:FLocat LOCTYPE="URL" xlink:title="Recurrent evolution of dioecy in bryophytes.xls" xlink:label="dataset-file" xlink:type="locator" xlink:href="/bitstream/handle/10255/dryad.41976/Recurrent%20evolution%20of%20dioecy%20in%20bryophytes.xls?sequence=1"/>
</mets:file>
</mets:fileGrp>
</mets:fileSec>
<mets:structMap LABEL="DSpace" TYPE="LOGICAL">
<mets:div DMDID="dmd_1" TYPE="DSpace Item">
<mets:div ID="div_2" TYPE="DSpace Content Bitstream">
<mets:fptr FILEID="file_124773"/>
</mets:div>
</mets:div>
</mets:structMap>
</mets:METS>
