<?xml version="1.0" encoding="UTF-8"?>
<mets:METS xmlns:mets="http://www.loc.gov/METS/" xmlns:xlink="http://www.w3.org/TR/xlink/" xmlns:xsi="http://www.w3.org/2001/XMLSchema-instance" xmlns:dim="http://www.dspace.org/xmlns/dspace/dim" OBJEDIT="/admin/item?itemID=38186" OBJID="/handle/10255/dryad.35569" PROFILE="DSPACE METS SIP Profile 1.0" LABEL="DSpace Item" ID="hdl:10255/dryad.35569">
<mets:dmdSec GROUPID="group_dmd_0" ID="dmd_1">
<mets:mdWrap MDTYPE="OTHER" OTHERMDTYPE="DIM">
<mets:xmlData>
<dim:dim dspaceType="ITEM">
<dim:field element="contributor" qualifier="author" language="" mdschema="dc">Martínez-Abadías, Neus</dim:field>
<dim:field element="contributor" qualifier="author" language="" mdschema="dc">Esparza, Mireia</dim:field>
<dim:field element="contributor" qualifier="author" language="" mdschema="dc">Sjøvold, Torstein</dim:field>
<dim:field element="contributor" qualifier="author" language="" mdschema="dc">González-José, Rolando</dim:field>
<dim:field element="contributor" qualifier="author" language="" mdschema="dc">Santos, Mauro</dim:field>
<dim:field element="contributor" qualifier="author" language="" mdschema="dc">Hernández, Miquel</dim:field>
<dim:field element="contributor" qualifier="author" language="" mdschema="dc">Klingenberg, Christian Peter</dim:field>
<dim:field element="date" qualifier="accessioned" language="" mdschema="dc">2011-10-20T16:31:37Z</dim:field>
<dim:field element="date" qualifier="available" mdschema="dc">2012-12-03T21:54:32Z</dim:field>
<dim:field element="date" qualifier="issued" language="" mdschema="dc">2011-10-20</dim:field>
<dim:field element="identifier" mdschema="dc">doi:10.5061/dryad.12g3c7ht/2</dim:field>
<dim:field element="identifier" mdschema="dc">doi:10.5061/dryad.12g3c7ht/2</dim:field>
<dim:field element="identifier" qualifier="uri" language="" mdschema="dc">http://hdl.handle.net/10255/dryad.35569</dim:field>
<dim:field element="description" language="" mdschema="dc">Phenotypic genetic variance-covariance square matrix for skull shape.</dim:field>
<dim:field element="relation" qualifier="ispartof" language="" mdschema="dc">doi:10.5061/dryad.12g3c7ht</dim:field>
<dim:field element="rights" qualifier="uri" language="" mdschema="dc">http://creativecommons.org/publicdomain/zero/1.0/</dim:field>
<dim:field element="subject" language="" mdschema="dc">G matrix</dim:field>
<dim:field element="subject" language="" mdschema="dc">geometric morphometrics</dim:field>
<dim:field element="subject" language="" mdschema="dc">modularity</dim:field>
<dim:field element="subject" language="" mdschema="dc">Quantitative Genetics</dim:field>
<dim:field element="subject" language="" mdschema="dc">selection</dim:field>
<dim:field element="title" language="" mdschema="dc">P_matrix</dim:field>
<dim:field element="type" language="*" mdschema="dc">Dataset</dim:field>
<dim:field element="ScientificName" language="" mdschema="dwc">Homo sapiens</dim:field>
<dim:field element="type" qualifier="embargo" language="" mdschema="dc">oneyear</dim:field>
<dim:field element="dryad" qualifier="pageviews">81</dim:field>
<dim:field element="dryad" qualifier="downloads">29</dim:field>
</dim:dim>
</mets:xmlData>
</mets:mdWrap>
</mets:dmdSec>
<mets:fileSec>
<mets:fileGrp USE="CONTENT">
<mets:file CHECKSUMTYPE="MD5" GROUPID="group_file_116941" ID="file_116941" MIMETYPE="text/plain" SIZE="166457" CHECKSUM="9d0e2f3fc820fd7c8230ca7032a214b1">
<mets:FLocat LOCTYPE="URL" xlink:title="P_matrix.txt" xlink:label="dataset-file" xlink:type="locator" xlink:href="/bitstream/handle/10255/dryad.35569/P_matrix.txt?sequence=1"/>
</mets:file>
<mets:file CHECKSUMTYPE="MD5" GROUPID="group_file_116946" ID="file_116946" MIMETYPE="text/plain" SIZE="663" CHECKSUM="79dfa6226772729bf5a157e1076a0760">
<mets:FLocat LOCTYPE="URL" xlink:title="README.txt" xlink:label="dc_readme" xlink:type="locator" xlink:href="/bitstream/handle/10255/dryad.35569/README.txt?sequence=2"/>
</mets:file>
</mets:fileGrp>
<mets:fileGrp USE="TEXT">
<mets:file CHECKSUMTYPE="MD5" GROUPID="group_file_116946" ID="file_116963" MIMETYPE="text/plain" SIZE="650" CHECKSUM="51ba6ff01dc7768b4e33546b947a8697">
<mets:FLocat LOCTYPE="URL" xlink:title="README.txt.txt" xlink:label="Extracted text" xlink:type="locator" xlink:href="/bitstream/handle/10255/dryad.35569/README.txt.txt?sequence=3"/>
</mets:file>
<mets:file CHECKSUMTYPE="MD5" GROUPID="group_file_116941" ID="file_116964" MIMETYPE="text/plain" SIZE="166368" CHECKSUM="afa4ae7e7a12789063f8bb9208f089ad">
<mets:FLocat LOCTYPE="URL" xlink:title="P_matrix.txt.txt" xlink:label="Extracted text" xlink:type="locator" xlink:href="/bitstream/handle/10255/dryad.35569/P_matrix.txt.txt?sequence=4"/>
</mets:file>
</mets:fileGrp>
</mets:fileSec>
<mets:structMap LABEL="DSpace" TYPE="LOGICAL">
<mets:div DMDID="dmd_1" TYPE="DSpace Item">
<mets:div ID="div_2" TYPE="DSpace Content Bitstream">
<mets:fptr FILEID="file_116941"/>
</mets:div>
<mets:div ID="div_3" TYPE="DSpace Content Bitstream">
<mets:fptr FILEID="file_116946"/>
</mets:div>
</mets:div>
</mets:structMap>
</mets:METS>
