<?xml version="1.0" encoding="UTF-8"?>
<mets:METS xmlns:mets="http://www.loc.gov/METS/" xmlns:xlink="http://www.w3.org/TR/xlink/" xmlns:xsi="http://www.w3.org/2001/XMLSchema-instance" xmlns:dim="http://www.dspace.org/xmlns/dspace/dim" OBJEDIT="/admin/item?itemID=55085" OBJID="/handle/10255/dryad.46628" PROFILE="DSPACE METS SIP Profile 1.0" LABEL="DSpace Item" ID="hdl:10255/dryad.46628">
<mets:dmdSec GROUPID="group_dmd_0" ID="dmd_1">
<mets:mdWrap MDTYPE="OTHER" OTHERMDTYPE="DIM">
<mets:xmlData>
<dim:dim dspaceType="ITEM">
<dim:field element="contributor" qualifier="author" language="" mdschema="dc">Stone, J. R.</dim:field>
<dim:field element="date" qualifier="issued" language="" mdschema="dc">1998-06-01</dim:field>
<dim:field element="identifier" mdschema="dc">doi:10.5061/dryad.102.2</dim:field>
<dim:field element="description" qualifier="abstract" language="en_US" mdschema="dc">In the analysis of organismal form, landmark-based geometrical morphometrics now are preferred to traditional morphometrics by many systematists. However, certain forms have eluded geometrical morphometric analysis because landmarks on them are difficult to define; this situation is a problem of logistics rather than an inadequacy of the landmark-based approach. In this article, a landmark-based geometrical morphometric analysis is performed on one such form (the gastropod shell), and the results obtained are compared to those obtained using more traditional methods of morphometric analysis.</dim:field>
<dim:field element="language" qualifier="iso" language="en_US" mdschema="dc">en_US</dim:field>
<dim:field element="publisher" language="en_US" mdschema="dc">Taylor &amp; Francis</dim:field>
<dim:field element="relation" qualifier="ispartofseries" language="en_US" mdschema="dc">Systematic Biology</dim:field>
<dim:field element="relation" qualifier="ispartofseries" language="en_US" mdschema="dc">47:2, 254 - 263</dim:field>
<dim:field element="relation" qualifier="haspart" mdschema="dc">doi:10.5061/dryad.102.2/1.1</dim:field>
<dim:field element="relation" qualifier="isreferencedby" language="" mdschema="dc">doi:10.1080/106351598260905</dim:field>
<dim:field element="subject" confidence="FAILED" language="en_US" mdschema="dc">principal components</dim:field>
<dim:field element="subject" confidence="FAILED" language="en_US" mdschema="dc">landmarks</dim:field>
<dim:field element="subject" confidence="FAILED" language="en_US" mdschema="dc">geometric morphometrics</dim:field>
<dim:field element="subject" confidence="FAILED" language="en_US" mdschema="dc">thin-plate spline</dim:field>
<dim:field element="title" language="en_US" mdschema="dc">Data from: Landmark based thin plate spline relative warp analysis of gastropod shells</dim:field>
<dim:field element="type" language="en_US" mdschema="dc">Article</dim:field>
<dim:field element="ScientificName" confidence="FAILED" language="" mdschema="dwc">Gastropoda</dim:field>
<dim:field authority="c3bd375bfb431ad1c5323c78cb6594fd" element="publicationName" confidence="UNCERTAIN" language="" mdschema="prism">Systematic Biology</dim:field>
<dim:field element="step" qualifier="inProgressUsers" mdschema="workflow">80</dim:field>
</dim:dim>
</mets:xmlData>
</mets:mdWrap>
</mets:dmdSec>
<mets:fileSec/>
<mets:structMap LABEL="DSpace" TYPE="LOGICAL">
<mets:div DMDID="dmd_1" TYPE="DSpace Item"/>
</mets:structMap>
</mets:METS>
