<?xml version="1.0" encoding="UTF-8"?>
<mets:METS xmlns:mets="http://www.loc.gov/METS/" xmlns:xlink="http://www.w3.org/TR/xlink/" xmlns:xsi="http://www.w3.org/2001/XMLSchema-instance" xmlns:dim="http://www.dspace.org/xmlns/dspace/dim" OBJEDIT="/admin/item?itemID=137" OBJID="/handle/10255/dryad.128" PROFILE="DSPACE METS SIP Profile 1.0" LABEL="DSpace Item" ID="hdl:10255/dryad.128">
<mets:dmdSec GROUPID="group_dmd_0" ID="dmd_1">
<mets:mdWrap MDTYPE="OTHER" OTHERMDTYPE="DIM">
<mets:xmlData>
<dim:dim dspaceType="ITEM">
<dim:field element="contributor" qualifier="author" language="" mdschema="dc">Ho, Simon Y. W.</dim:field>
<dim:field element="contributor" qualifier="author" language="" mdschema="dc">Kolokotronis, Sergios-Orestis</dim:field>
<dim:field element="contributor" qualifier="author" language="" mdschema="dc">Allaby, Robin G.</dim:field>
<dim:field element="date" qualifier="accessioned" language="" mdschema="dc">2008-04-11T15:07:17Z</dim:field>
<dim:field element="date" qualifier="available" language="" mdschema="dc">2008-04-11T15:07:17Z</dim:field>
<dim:field element="date" qualifier="issued" language="" mdschema="dc">2008-04-11</dim:field>
<dim:field element="identifier" mdschema="dc">doi:10.5061/dryad.125/20</dim:field>
<dim:field element="identifier" qualifier="uri" language="" mdschema="dc">http://hdl.handle.net/10255/dryad.128</dim:field>
<dim:field element="description" language="" mdschema="dc">BEAST input files for ancient DNA data sets. Substitution models&#13;
were selected by comparison of Akaike Information Criterion scores,&#13;
and coalescent priors were chosen using Bayes Factor analysis.</dim:field>
<dim:field element="relation" qualifier="ispartof" language="" mdschema="dc">doi:10.5061/dryad.125</dim:field>
<dim:field element="rights" qualifier="uri" language="" mdschema="dc">http://creativecommons.org/publicdomain/zero/1.0/</dim:field>
<dim:field element="subject" language="" mdschema="dc">Bayes factor</dim:field>
<dim:field element="subject" language="" mdschema="dc">heterochronous sequences</dim:field>
<dim:field element="subject" language="" mdschema="dc">demographic model</dim:field>
<dim:field element="subject" language="" mdschema="dc">model selection</dim:field>
<dim:field element="subject" language="" mdschema="dc">time dependency</dim:field>
<dim:field element="title" language="en_US" mdschema="dc">Aurochs Data Set</dim:field>
<dim:field element="type" language="en_US" mdschema="dc">Dataset</dim:field>
<dim:field element="status" language="" mdschema="dryad">scanned</dim:field>
<dim:field element="dryad" qualifier="pageviews">125</dim:field>
<dim:field element="dryad" qualifier="downloads">58</dim:field>
</dim:dim>
</mets:xmlData>
</mets:mdWrap>
</mets:dmdSec>
<mets:fileSec>
<mets:fileGrp USE="CONTENT">
<mets:file CHECKSUMTYPE="MD5" GROUPID="group_file_254" ID="file_254" MIMETYPE="text/xml" SIZE="26980" CHECKSUM="b267981f068e63f82c8859caba7ee6b5">
<mets:FLocat LOCTYPE="URL" xlink:title="aurochs.bsp.xml" xlink:type="locator" xlink:href="/bitstream/handle/10255/dryad.128/aurochs.bsp.xml?sequence=1"/>
</mets:file>
</mets:fileGrp>
</mets:fileSec>
<mets:structMap LABEL="DSpace" TYPE="LOGICAL">
<mets:div DMDID="dmd_1" TYPE="DSpace Item">
<mets:div ID="div_2" TYPE="DSpace Content Bitstream">
<mets:fptr FILEID="file_254"/>
</mets:div>
</mets:div>
</mets:structMap>
</mets:METS>
