<?xml version="1.0" encoding="UTF-8"?>
<mets:METS xmlns:mets="http://www.loc.gov/METS/" xmlns:xlink="http://www.w3.org/TR/xlink/" xmlns:xsi="http://www.w3.org/2001/XMLSchema-instance" xmlns:dim="http://www.dspace.org/xmlns/dspace/dim" OBJEDIT="/admin/item?itemID=54724" OBJID="/handle/10255/dryad.46384" PROFILE="DSPACE METS SIP Profile 1.0" LABEL="DSpace Item" ID="hdl:10255/dryad.46384">
<mets:dmdSec GROUPID="group_dmd_0" ID="dmd_1">
<mets:mdWrap MDTYPE="OTHER" OTHERMDTYPE="DIM">
<mets:xmlData>
<dim:dim dspaceType="ITEM">
<dim:field element="contributor" qualifier="author" language="" mdschema="dc">Wenseleers, Tom</dim:field>
<dim:field element="contributor" qualifier="author" language="" mdschema="dc">Bacon, Jonathan P.</dim:field>
<dim:field element="contributor" qualifier="author" language="" mdschema="dc">Alves, Denise A.</dim:field>
<dim:field element="contributor" qualifier="author" language="" mdschema="dc">Couvillon, Margaret J.</dim:field>
<dim:field element="contributor" qualifier="author" language="" mdschema="dc">Kärcher, Martin</dim:field>
<dim:field element="contributor" qualifier="author" language="" mdschema="dc">Nascimento, Fabio S.</dim:field>
<dim:field element="contributor" qualifier="author" language="" mdschema="dc">Noguiera-Neto, Paulo</dim:field>
<dim:field element="contributor" qualifier="author" language="" mdschema="dc">Ribeiro, Marcia</dim:field>
<dim:field element="contributor" qualifier="author" language="" mdschema="dc">Robinson, Elva J. H.</dim:field>
<dim:field element="contributor" qualifier="author" language="" mdschema="dc">Tofilski, Adam</dim:field>
<dim:field element="contributor" qualifier="author" language="" mdschema="dc">Ratnieks, Francis L. W.</dim:field>
<dim:field element="coverage" qualifier="spatial" language="" mdschema="dc">Brazil</dim:field>
<dim:field element="coverage" qualifier="spatial" language="" mdschema="dc">(21°26.4329 S, 047°34.9109 W)</dim:field>
<dim:field element="date" qualifier="accessioned" language="" mdschema="dc">2013-02-06T15:18:07Z</dim:field>
<dim:field element="date" qualifier="available" mdschema="dc">2013-06-06T16:55:36Z</dim:field>
<dim:field element="date" qualifier="issued" language="" mdschema="dc">2013-02-06</dim:field>
<dim:field element="identifier" language="" mdschema="dc">doi:10.5061/dryad.1205d/1</dim:field>
<dim:field element="identifier" language="" mdschema="dc">doi:10.5061/dryad.1205d/1</dim:field>
<dim:field element="identifier" qualifier="uri" language="" mdschema="dc">http://hdl.handle.net/10255/dryad.46384</dim:field>
<dim:field element="description" language="" mdschema="dc">Raw behavioural field observations used to produce Table A2 and Fig. 3</dim:field>
<dim:field element="relation" qualifier="ispartof" language="" mdschema="dc">doi:10.5061/dryad.1205d</dim:field>
<dim:field element="rights" qualifier="uri" language="" mdschema="dc">http://creativecommons.org/publicdomain/zero/1.0/</dim:field>
<dim:field element="subject" confidence="NOVALUE" language="" mdschema="dc">Behavior: social</dim:field>
<dim:field element="subject" confidence="NOVALUE" language="" mdschema="dc">Conflict</dim:field>
<dim:field element="subject" confidence="NOVALUE" language="" mdschema="dc">spiders</dim:field>
<dim:field element="title" language="" mdschema="dc">Raw data for Table A2 and Figure 3</dim:field>
<dim:field element="type" language="*" mdschema="dc">Dataset</dim:field>
<dim:field element="ScientificName" confidence="NOVALUE" language="" mdschema="dwc">Parawixia bistriata</dim:field>
<dim:field element="type" qualifier="embargo" language="" mdschema="dc">untilArticleAppears</dim:field>
<dim:field element="dryad" qualifier="pageviews">42</dim:field>
<dim:field element="dryad" qualifier="downloads">8</dim:field>
</dim:dim>
</mets:xmlData>
</mets:mdWrap>
</mets:dmdSec>
<mets:fileSec>
<mets:fileGrp USE="CONTENT">
<mets:file CHECKSUMTYPE="MD5" GROUPID="group_file_129371" ID="file_129371" MIMETYPE="application/vnd.openxmlformats-officedocument.spreadsheetml.sheet" SIZE="22491" CHECKSUM="ba6655e1f380bd6ec393056acc0e24d7">
<mets:FLocat LOCTYPE="URL" xlink:title="raw data for Table A2 and Figure 3.xlsx" xlink:label="dataset-file" xlink:type="locator" xlink:href="/bitstream/handle/10255/dryad.46384/raw%20data%20for%20Table%20A2%20and%20Figure%203.xlsx?sequence=1"/>
</mets:file>
</mets:fileGrp>
</mets:fileSec>
<mets:structMap LABEL="DSpace" TYPE="LOGICAL">
<mets:div DMDID="dmd_1" TYPE="DSpace Item">
<mets:div ID="div_2" TYPE="DSpace Content Bitstream">
<mets:fptr FILEID="file_129371"/>
</mets:div>
</mets:div>
</mets:structMap>
</mets:METS>
