<?xml version="1.0" encoding="UTF-8"?>
<mets:METS xmlns:mets="http://www.loc.gov/METS/" xmlns:xlink="http://www.w3.org/TR/xlink/" xmlns:xsi="http://www.w3.org/2001/XMLSchema-instance" xmlns:dim="http://www.dspace.org/xmlns/dspace/dim" OBJEDIT="/admin/item?itemID=59558" OBJID="/handle/10255/dryad.49641" PROFILE="DSPACE METS SIP Profile 1.0" LABEL="DSpace Item" ID="hdl:10255/dryad.49641">
<mets:dmdSec GROUPID="group_dmd_0" ID="dmd_1">
<mets:mdWrap MDTYPE="OTHER" OTHERMDTYPE="DIM">
<mets:xmlData>
<dim:dim dspaceType="ITEM">
<dim:field element="contributor" qualifier="author" mdschema="dc">Arct, Aneta</dim:field>
<dim:field element="contributor" qualifier="author" mdschema="dc">Drobniak, Szymon</dim:field>
<dim:field element="contributor" qualifier="author" mdschema="dc">Cichoń, Mariusz</dim:field>
<dim:field element="coverage" qualifier="temporal" language="" mdschema="dc">Holocene</dim:field>
<dim:field element="identifier" mdschema="dc">doi:10.5061/dryad.04qf6/1</dim:field>
<dim:field element="description" language="" mdschema="dc">Effect sizes for the relationship between occurrence of extra–pair paternity and the relatedness of social mates.</dim:field>
<dim:field element="relation" qualifier="ispartof" mdschema="dc">doi:10.5061/dryad.04qf6</dim:field>
<dim:field element="rights" qualifier="uri" mdschema="dc">http://creativecommons.org/publicdomain/zero/1.0/</dim:field>
<dim:field element="subject" confidence="NOVALUE" language="" mdschema="dc">Animal Mating/Breeding Systems</dim:field>
<dim:field element="subject" confidence="NOVALUE" language="" mdschema="dc">Behavior/Social Evolution</dim:field>
<dim:field element="subject" confidence="NOVALUE" language="" mdschema="dc">Birds</dim:field>
<dim:field element="subject" confidence="NOVALUE" language="" mdschema="dc">Inbreeding</dim:field>
<dim:field element="subject" confidence="NOVALUE" language="" mdschema="dc">Sexual Selection</dim:field>
<dim:field element="subject" confidence="NOVALUE" language="" mdschema="dc">extra-pair copulation</dim:field>
<dim:field element="subject" confidence="NOVALUE" language="" mdschema="dc">inbreeding avoidance</dim:field>
<dim:field element="subject" confidence="NOVALUE" language="" mdschema="dc">indirect benefits</dim:field>
<dim:field element="subject" confidence="NOVALUE" language="" mdschema="dc">relatedness</dim:field>
<dim:field element="subject" confidence="NOVALUE" language="" mdschema="dc">genetic compatibility</dim:field>
<dim:field element="subject" confidence="NOVALUE" language="" mdschema="dc">microsatellite markers</dim:field>
<dim:field element="title" language="" mdschema="dc">Arct et al.2013</dim:field>
<dim:field element="type" language="*" mdschema="dc">Dataset</dim:field>
<dim:field element="ScientificName" confidence="NOVALUE" language="" mdschema="dwc">Aves</dim:field>
<dim:field element="type" qualifier="embargo" language="" mdschema="dc">untilArticleAppears</dim:field>
<dim:field element="dryad" qualifier="pageviews">0</dim:field>
<dim:field element="dryad" qualifier="downloads">2</dim:field>
</dim:dim>
</mets:xmlData>
</mets:mdWrap>
</mets:dmdSec>
<mets:fileSec/>
<mets:structMap LABEL="DSpace" TYPE="LOGICAL">
<mets:div DMDID="dmd_1" TYPE="DSpace Item"/>
</mets:structMap>
</mets:METS>
