<?xml version="1.0" encoding="UTF-8"?>
<mets:METS xmlns:mets="http://www.loc.gov/METS/" xmlns:xlink="http://www.w3.org/TR/xlink/" xmlns:xsi="http://www.w3.org/2001/XMLSchema-instance" xmlns:dim="http://www.dspace.org/xmlns/dspace/dim" OBJEDIT="/admin/item?itemID=1506" OBJID="/handle/10255/dryad.1319" PROFILE="DSPACE METS SIP Profile 1.0" LABEL="DSpace Item" ID="hdl:10255/dryad.1319">
<mets:dmdSec GROUPID="group_dmd_0" ID="dmd_1">
<mets:mdWrap MDTYPE="OTHER" OTHERMDTYPE="DIM">
<mets:xmlData>
<dim:dim dspaceType="ITEM">
<dim:field element="contributor" qualifier="author" language="en" mdschema="dc">Blackburn, David C</dim:field>
<dim:field element="coverage" qualifier="spatial" language="en" mdschema="dc">Africa</dim:field>
<dim:field element="coverage" qualifier="spatial" language="en" mdschema="dc">Eastern Arc Mountains</dim:field>
<dim:field element="coverage" qualifier="spatial" language="en" mdschema="dc">Tanzania</dim:field>
<dim:field element="coverage" qualifier="temporal" language="en" mdschema="dc">Cenozoic</dim:field>
<dim:field element="date" qualifier="accessioned" language="" mdschema="dc">2010-03-10T20:59:30Z</dim:field>
<dim:field element="date" qualifier="available" language="" mdschema="dc">2010-03-10T20:59:30Z</dim:field>
<dim:field element="date" qualifier="issued" language="" mdschema="dc">2010-03-10T20:59:30Z</dim:field>
<dim:field element="identifier" mdschema="dc">doi:10.5061/dryad.1318/1</dim:field>
<dim:field element="identifier" qualifier="uri" language="" mdschema="dc">http://hdl.handle.net/10255/dryad.1319</dim:field>
<dim:field element="description" language="en" mdschema="dc">Nexus file containing alignment generated via ClustalX of mitochondrial DNA sequence data.</dim:field>
<dim:field element="relation" qualifier="ispartof" language="en" mdschema="dc">doi:10.5061/dryad.1318</dim:field>
<dim:field element="rights" qualifier="uri" language="en" mdschema="dc">http://creativecommons.org/publicdomain/zero/1.0/</dim:field>
<dim:field element="subject" language="en" mdschema="dc">Africa</dim:field>
<dim:field element="subject" language="en" mdschema="dc">biodiversity hotspot</dim:field>
<dim:field element="subject" language="en" mdschema="dc">body size</dim:field>
<dim:field element="subject" language="en" mdschema="dc">cryptic species</dim:field>
<dim:field element="subject" language="en" mdschema="dc">evolution</dim:field>
<dim:field element="subject" language="en" mdschema="dc">molecular phylogeny</dim:field>
<dim:field element="title" language="en" mdschema="dc">Alignment of mitochondrial data of miniature Arthroleptis</dim:field>
<dim:field element="type" language="en" mdschema="dc">Dataset</dim:field>
<dim:field element="ScientificName" language="en" mdschema="dwc">Arthroleptis</dim:field>
<dim:field element="ScientificName" language="en" mdschema="dwc">Schoutedenella</dim:field>
<dim:field element="ScientificName" language="en" mdschema="dwc">Arthroleptidae</dim:field>
<dim:field element="ScientificName" language="en" mdschema="dwc">Anura</dim:field>
<dim:field element="status" language="" mdschema="dryad">scanned</dim:field>
<dim:field element="dryad" qualifier="pageviews">139</dim:field>
<dim:field element="dryad" qualifier="downloads">63</dim:field>
</dim:dim>
</mets:xmlData>
</mets:mdWrap>
</mets:dmdSec>
<mets:fileSec>
<mets:fileGrp USE="CONTENT">
<mets:file CHECKSUMTYPE="MD5" GROUPID="group_file_1032" ID="file_1032" MIMETYPE="text/plain" SIZE="25234" CHECKSUM="b1f8b841b468549b6aed255518b2eea7">
<mets:FLocat LOCTYPE="URL" xlink:title="fichika&amp;kidogo.nex" xlink:type="locator" xlink:href="/bitstream/handle/10255/dryad.1319/fichika%26kidogo.nex?sequence=1"/>
</mets:file>
</mets:fileGrp>
</mets:fileSec>
<mets:structMap LABEL="DSpace" TYPE="LOGICAL">
<mets:div DMDID="dmd_1" TYPE="DSpace Item">
<mets:div ID="div_2" TYPE="DSpace Content Bitstream">
<mets:fptr FILEID="file_1032"/>
</mets:div>
</mets:div>
</mets:structMap>
</mets:METS>
