<?xml version="1.0" encoding="UTF-8"?>
<mets:METS xmlns:mets="http://www.loc.gov/METS/" xmlns:xlink="http://www.w3.org/TR/xlink/" xmlns:xsi="http://www.w3.org/2001/XMLSchema-instance" xmlns:dim="http://www.dspace.org/xmlns/dspace/dim" OBJEDIT="/admin/item?itemID=36512" OBJID="/handle/10255/dryad.34493" PROFILE="DSPACE METS SIP Profile 1.0" LABEL="DSpace Item" ID="hdl:10255/dryad.34493">
<mets:dmdSec GROUPID="group_dmd_0" ID="dmd_1">
<mets:mdWrap MDTYPE="OTHER" OTHERMDTYPE="DIM">
<mets:xmlData>
<dim:dim dspaceType="ITEM">
<dim:field element="contributor" qualifier="author" language="" mdschema="dc">Ord, Terry J.</dim:field>
<dim:field element="contributor" qualifier="author" language="" mdschema="dc">Hsieh, Shi-Tong Tonia</dim:field>
<dim:field element="coverage" qualifier="spatial" language="en" mdschema="dc">Talofofo Bay</dim:field>
<dim:field element="coverage" qualifier="spatial" language="en" mdschema="dc">Tagachang Beach</dim:field>
<dim:field element="coverage" qualifier="spatial" language="en" mdschema="dc">Guam</dim:field>
<dim:field element="coverage" qualifier="temporal" language="en" mdschema="dc">Present-day</dim:field>
<dim:field element="date" qualifier="accessioned" language="" mdschema="dc">2011-08-30T15:22:24Z</dim:field>
<dim:field element="date" qualifier="available" language="" mdschema="dc">2011-08-30T15:22:24Z</dim:field>
<dim:field element="date" qualifier="issued" language="" mdschema="dc">2011-08-30</dim:field>
<dim:field element="identifier" language="" mdschema="dc">doi:10.5061/dryad.16rr4/3</dim:field>
<dim:field element="identifier" qualifier="uri" language="" mdschema="dc">http://hdl.handle.net/10255/dryad.34493</dim:field>
<dim:field element="description" language="en" mdschema="dc">Data from transect estimates of density</dim:field>
<dim:field element="relation" qualifier="ispartof" language="" mdschema="dc">doi:10.5061/dryad.16rr4</dim:field>
<dim:field element="rights" qualifier="uri" language="" mdschema="dc">http://creativecommons.org/publicdomain/zero/1.0/</dim:field>
<dim:field element="subject" language="en" mdschema="dc">fish</dim:field>
<dim:field element="subject" language="en" mdschema="dc">blenny</dim:field>
<dim:field element="subject" language="en" mdschema="dc">land-dwelling fish</dim:field>
<dim:field element="subject" language="en" mdschema="dc">territoriality</dim:field>
<dim:field element="subject" language="en" mdschema="dc">selection</dim:field>
<dim:field element="subject" language="en" mdschema="dc">reproductive behaviour</dim:field>
<dim:field element="title" language="en" mdschema="dc">Ord_TJ_ETH-11-0199_Transect_data</dim:field>
<dim:field element="type" language="*" mdschema="dc">Dataset</dim:field>
<dim:field element="ScientificName" language="en" mdschema="dwc">Alticus arnoldorum</dim:field>
<dim:field element="type" qualifier="embargo" language="en" mdschema="dc">none</dim:field>
<dim:field element="dryad" qualifier="pageviews">91</dim:field>
<dim:field element="dryad" qualifier="downloads">122</dim:field>
</dim:dim>
</mets:xmlData>
</mets:mdWrap>
</mets:dmdSec>
<mets:fileSec>
<mets:fileGrp USE="CONTENT">
<mets:file CHECKSUMTYPE="MD5" GROUPID="group_file_115441" ID="file_115441" MIMETYPE="text/plain" SIZE="9728" CHECKSUM="4c36190b3f4f10e79c6f46bdde4db536">
<mets:FLocat LOCTYPE="URL" xlink:title="Ord_TJ_ETH-11-0199_Transect_data.txt" xlink:label="dataset-file" xlink:type="locator" xlink:href="/bitstream/handle/10255/dryad.34493/Ord_TJ_ETH-11-0199_Transect_data.txt?sequence=1"/>
</mets:file>
<mets:file CHECKSUMTYPE="MD5" GROUPID="group_file_115448" ID="file_115448" MIMETYPE="text/plain" SIZE="4680" CHECKSUM="051766ceae408401de49c49fb4ec870b">
<mets:FLocat LOCTYPE="URL" xlink:title="README.txt" xlink:label="dc_readme" xlink:type="locator" xlink:href="/bitstream/handle/10255/dryad.34493/README.txt?sequence=2"/>
</mets:file>
</mets:fileGrp>
<mets:fileGrp USE="TEXT">
<mets:file CHECKSUMTYPE="MD5" GROUPID="group_file_115448" ID="file_115892" MIMETYPE="text/plain" SIZE="4516" CHECKSUM="24d10e9b529af842ee582443a9391c1d">
<mets:FLocat LOCTYPE="URL" xlink:title="README.txt.txt" xlink:label="Extracted text" xlink:type="locator" xlink:href="/bitstream/handle/10255/dryad.34493/README.txt.txt?sequence=3"/>
</mets:file>
<mets:file CHECKSUMTYPE="MD5" GROUPID="group_file_115441" ID="file_115893" MIMETYPE="text/plain" SIZE="9488" CHECKSUM="926e0fe39a6e5aefc438da1c7cb17a2e">
<mets:FLocat LOCTYPE="URL" xlink:title="Ord_TJ_ETH-11-0199_Transect_data.txt.txt" xlink:label="Extracted text" xlink:type="locator" xlink:href="/bitstream/handle/10255/dryad.34493/Ord_TJ_ETH-11-0199_Transect_data.txt.txt?sequence=4"/>
</mets:file>
</mets:fileGrp>
</mets:fileSec>
<mets:structMap LABEL="DSpace" TYPE="LOGICAL">
<mets:div DMDID="dmd_1" TYPE="DSpace Item">
<mets:div ID="div_2" TYPE="DSpace Content Bitstream">
<mets:fptr FILEID="file_115441"/>
</mets:div>
<mets:div ID="div_3" TYPE="DSpace Content Bitstream">
<mets:fptr FILEID="file_115448"/>
</mets:div>
</mets:div>
</mets:structMap>
</mets:METS>
