<?xml version="1.0" encoding="UTF-8"?>
<mets:METS xmlns:mets="http://www.loc.gov/METS/" xmlns:xlink="http://www.w3.org/TR/xlink/" xmlns:xsi="http://www.w3.org/2001/XMLSchema-instance" xmlns:dim="http://www.dspace.org/xmlns/dspace/dim" OBJEDIT="/admin/item?itemID=59354" OBJID="/handle/10255/dryad.49515" PROFILE="DSPACE METS SIP Profile 1.0" LABEL="DSpace Item" ID="hdl:10255/dryad.49515">
<mets:dmdSec GROUPID="group_dmd_0" ID="dmd_1">
<mets:mdWrap MDTYPE="OTHER" OTHERMDTYPE="DIM">
<mets:xmlData>
<dim:dim dspaceType="ITEM">
<dim:field element="contributor" qualifier="author" language="" mdschema="dc">Dutta, Trishna</dim:field>
<dim:field element="contributor" qualifier="author" language="" mdschema="dc">Sharma, Sandeep</dim:field>
<dim:field element="contributor" qualifier="author" language="" mdschema="dc">Maldonado, Jesús E.</dim:field>
<dim:field element="contributor" qualifier="author" language="" mdschema="dc">Wood, Thomas C.</dim:field>
<dim:field element="contributor" qualifier="author" language="" mdschema="dc">Panwar, Hemendra S.</dim:field>
<dim:field element="contributor" qualifier="author" language="" mdschema="dc">Seidensticker, John</dim:field>
<dim:field element="coverage" qualifier="spatial" language="" mdschema="dc">Central India</dim:field>
<dim:field element="date" qualifier="accessioned" language="" mdschema="dc">2013-05-08T14:45:21Z</dim:field>
<dim:field element="date" qualifier="issued" language="" mdschema="dc">2013-05-08</dim:field>
<dim:field element="identifier" language="" mdschema="dc">doi:10.5061/dryad.16vm1/1</dim:field>
<dim:field element="identifier" language="" mdschema="dc">doi:10.5061/dryad.16vm1/1</dim:field>
<dim:field element="identifier" qualifier="uri" language="" mdschema="dc">http://hdl.handle.net/10255/dryad.49515</dim:field>
<dim:field element="description" language="" mdschema="dc">Species: Panthera pardus fusca. Study area: Central India. Dates collected: 2008-2010. Source of DNA: non-invasively collected scat(fecal) samples. Data: Scores of 217 individual leopards on 7 microsatellite markers, described in the ReadMe section. Format of Data: Genepop file.</dim:field>
<dim:field element="relation" qualifier="ispartof" language="" mdschema="dc">doi:10.5061/dryad.16vm1</dim:field>
<dim:field element="rights" qualifier="uri" language="" mdschema="dc">http://creativecommons.org/publicdomain/zero/1.0/</dim:field>
<dim:field element="subject" confidence="NOVALUE" language="" mdschema="dc">Conservation Biology</dim:field>
<dim:field element="subject" confidence="NOVALUE" language="" mdschema="dc">Conservation Genetics</dim:field>
<dim:field element="subject" confidence="NOVALUE" language="" mdschema="dc">Habitat Degradation</dim:field>
<dim:field element="subject" confidence="NOVALUE" language="" mdschema="dc">Gene flow</dim:field>
<dim:field element="title" language="" mdschema="dc">Data for 217 leopard individuals from central India, scored on 7 microsatellite loci</dim:field>
<dim:field element="type" language="*" mdschema="dc">Dataset</dim:field>
<dim:field element="ScientificName" confidence="NOVALUE" language="" mdschema="dwc">Panthera pardus</dim:field>
<dim:field element="date" qualifier="embargoedUntil" mdschema="dc">2014-06-06</dim:field>
<dim:field element="type" qualifier="embargo" language="" mdschema="dc">oneyear</dim:field>
<dim:field element="dryad" qualifier="pageviews">16</dim:field>
<dim:field element="dryad" qualifier="downloads">2</dim:field>
</dim:dim>
</mets:xmlData>
</mets:mdWrap>
</mets:dmdSec>
<mets:fileSec/>
<mets:structMap LABEL="DSpace" TYPE="LOGICAL">
<mets:div DMDID="dmd_1" TYPE="DSpace Item"/>
</mets:structMap>
</mets:METS>
