<?xml version="1.0" encoding="UTF-8"?>
<mets:METS xmlns:mets="http://www.loc.gov/METS/" xmlns:xlink="http://www.w3.org/TR/xlink/" xmlns:xsi="http://www.w3.org/2001/XMLSchema-instance" xmlns:dim="http://www.dspace.org/xmlns/dspace/dim" OBJEDIT="/admin/item?itemID=1597" OBJID="/handle/10255/dryad.1398" PROFILE="DSPACE METS SIP Profile 1.0" LABEL="DSpace Item" ID="hdl:10255/dryad.1398">
<mets:dmdSec GROUPID="group_dmd_0" ID="dmd_1">
<mets:mdWrap MDTYPE="OTHER" OTHERMDTYPE="DIM">
<mets:xmlData>
<dim:dim dspaceType="ITEM">
<dim:field element="contributor" qualifier="author" language="en" mdschema="dc">Ohshima, Issei</dim:field>
<dim:field element="contributor" qualifier="author" language="en" mdschema="dc">Yoshizawa, Kazunori</dim:field>
<dim:field element="coverage" qualifier="spatial" language="en" mdschema="dc">Japan</dim:field>
<dim:field element="date" qualifier="accessioned" mdschema="dc">2010-03-19T06:54:46Z</dim:field>
<dim:field element="date" qualifier="available" mdschema="dc">2010-03-19T06:54:46Z</dim:field>
<dim:field element="date" qualifier="issued" mdschema="dc">2010-03-19T06:54:46Z</dim:field>
<dim:field element="identifier" mdschema="dc">doi:10.5061/dryad.1390/8</dim:field>
<dim:field element="identifier" qualifier="uri" mdschema="dc">http://hdl.handle.net/10255/dryad.1398</dim:field>
<dim:field element="description" language="en" mdschema="dc">Partial Ldh sequences of moths collected in Niimi, Okayama, Japan.</dim:field>
<dim:field element="relation" qualifier="ispartof" language="en" mdschema="dc">doi:10.5061/dryad.1390</dim:field>
<dim:field element="rights" qualifier="uri" language="en" mdschema="dc">http://creativecommons.org/publicdomain/zero/1.0/</dim:field>
<dim:field element="subject" language="en" mdschema="dc">ecological speciation</dim:field>
<dim:field element="subject" language="en" mdschema="dc">gene flow</dim:field>
<dim:field element="subject" language="en" mdschema="dc">host adaptation</dim:field>
<dim:field element="subject" language="en" mdschema="dc">Hybridization</dim:field>
<dim:field element="subject" language="en" mdschema="dc">mitochondrial gene</dim:field>
<dim:field element="subject" language="en" mdschema="dc">Z-linked gene</dim:field>
<dim:field element="title" language="en" mdschema="dc">Niimi_Ldh.nex</dim:field>
<dim:field element="type" language="en" mdschema="dc">Dataset</dim:field>
<dim:field element="ScientificName" language="en" mdschema="dwc">Acrocercops transecta</dim:field>
<dim:field element="status" language="" mdschema="dryad">scanned</dim:field>
<dim:field element="dryad" qualifier="pageviews">103</dim:field>
<dim:field element="dryad" qualifier="downloads">40</dim:field>
</dim:dim>
</mets:xmlData>
</mets:mdWrap>
</mets:dmdSec>
<mets:fileSec>
<mets:fileGrp USE="CONTENT">
<mets:file CHECKSUMTYPE="MD5" GROUPID="group_file_1074" ID="file_1074" MIMETYPE="text/plain" SIZE="24504" CHECKSUM="db35741ed3ac8004937d1a36dd4eba2b">
<mets:FLocat LOCTYPE="URL" xlink:title="Niimi_Ldh.nex" xlink:type="locator" xlink:href="/bitstream/handle/10255/dryad.1398/Niimi_Ldh.nex?sequence=1"/>
</mets:file>
</mets:fileGrp>
</mets:fileSec>
<mets:structMap LABEL="DSpace" TYPE="LOGICAL">
<mets:div DMDID="dmd_1" TYPE="DSpace Item">
<mets:div ID="div_2" TYPE="DSpace Content Bitstream">
<mets:fptr FILEID="file_1074"/>
</mets:div>
</mets:div>
</mets:structMap>
</mets:METS>
