<?xml version="1.0" encoding="UTF-8"?>
<mets:METS xmlns:mets="http://www.loc.gov/METS/" xmlns:xlink="http://www.w3.org/TR/xlink/" xmlns:xsi="http://www.w3.org/2001/XMLSchema-instance" xmlns:dim="http://www.dspace.org/xmlns/dspace/dim" OBJEDIT="/admin/item?itemID=64095" OBJID="/handle/10255/dryad.52666" PROFILE="DSPACE METS SIP Profile 1.0" LABEL="DSpace Item" ID="hdl:10255/dryad.52666">
<mets:dmdSec GROUPID="group_dmd_0" ID="dmd_1">
<mets:mdWrap MDTYPE="OTHER" OTHERMDTYPE="DIM">
<mets:xmlData>
<dim:dim dspaceType="ITEM">
<dim:field element="contributor" qualifier="author" mdschema="dc">Fuiman, Lee A.</dim:field>
<dim:field element="contributor" qualifier="author" mdschema="dc">Faulk, Cynthia K.</dim:field>
<dim:field element="coverage" qualifier="spatial" language="" mdschema="dc">United States of America</dim:field>
<dim:field element="coverage" qualifier="spatial" language="" mdschema="dc">Texas</dim:field>
<dim:field element="coverage" qualifier="spatial" language="" mdschema="dc">Gulf of Mexico</dim:field>
<dim:field element="coverage" qualifier="spatial" language="" mdschema="dc">27.838333N</dim:field>
<dim:field element="coverage" qualifier="spatial" language="" mdschema="dc">97.051667W</dim:field>
<dim:field element="date" qualifier="accessioned" mdschema="dc">2013-08-29T19:13:31Z</dim:field>
<dim:field element="date" qualifier="issued" mdschema="dc">2013-08-29</dim:field>
<dim:field element="identifier" mdschema="dc">doi:10.5061/dryad.056r5/3</dim:field>
<dim:field element="identifier" qualifier="uri" mdschema="dc">http://hdl.handle.net/10255/dryad.52666</dim:field>
<dim:field element="description" language="" mdschema="dc">Data were manually entered into a Microsoft Excel spreadsheet then imported into Systat statistical software for analysis and graphing. Data extracted from Systat to create this file. Variable names and descriptions are provided in ReadMe.txt.</dim:field>
<dim:field element="relation" qualifier="ispartof" mdschema="dc">doi:10.5061/dryad.056r5</dim:field>
<dim:field element="rights" qualifier="uri" mdschema="dc">http://creativecommons.org/publicdomain/zero/1.0/</dim:field>
<dim:field element="subject" confidence="NOVALUE" language="" mdschema="dc">fatty acid</dim:field>
<dim:field element="subject" confidence="NOVALUE" language="" mdschema="dc">reproductive strategy</dim:field>
<dim:field element="subject" confidence="NOVALUE" language="" mdschema="dc">egg composition</dim:field>
<dim:field element="subject" confidence="NOVALUE" language="" mdschema="dc">arachidonic acid</dim:field>
<dim:field element="subject" confidence="NOVALUE" language="" mdschema="dc">nutrition</dim:field>
<dim:field element="subject" confidence="NOVALUE" language="" mdschema="dc">batch spawning</dim:field>
<dim:field element="title" language="" mdschema="dc">Arachidonic acid content of individual spawns of eggs and the diet of captive red drum during irregular diet variations</dim:field>
<dim:field element="type" language="*" mdschema="dc">Dataset</dim:field>
<dim:field element="ScientificName" confidence="NOVALUE" language="" mdschema="dwc">Sciaenops ocellatus</dim:field>
<dim:field element="ScientificName" confidence="NOVALUE" language="" mdschema="dwc">Sciaenidae</dim:field>
<dim:field element="date" qualifier="embargoedUntil" mdschema="dc">2014-08-28</dim:field>
<dim:field element="type" qualifier="embargo" language="" mdschema="dc">oneyear</dim:field>
<dim:field element="dryad" qualifier="pageviews">16</dim:field>
<dim:field element="dryad" qualifier="downloads">1</dim:field>
</dim:dim>
</mets:xmlData>
</mets:mdWrap>
</mets:dmdSec>
<mets:fileSec/>
<mets:structMap LABEL="DSpace" TYPE="LOGICAL">
<mets:div DMDID="dmd_1" TYPE="DSpace Item"/>
</mets:structMap>
</mets:METS>
