<?xml version="1.0" encoding="UTF-8"?>
<mets:METS xmlns:mets="http://www.loc.gov/METS/" xmlns:xlink="http://www.w3.org/TR/xlink/" xmlns:xsi="http://www.w3.org/2001/XMLSchema-instance" xmlns:dim="http://www.dspace.org/xmlns/dspace/dim" OBJEDIT="/admin/item?itemID=222" OBJID="/handle/10255/dryad.202" PROFILE="DSPACE METS SIP Profile 1.0" LABEL="DSpace Item" ID="hdl:10255/dryad.202">
<mets:dmdSec GROUPID="group_dmd_0" ID="dmd_1">
<mets:mdWrap MDTYPE="OTHER" OTHERMDTYPE="DIM">
<mets:xmlData>
<dim:dim dspaceType="ITEM">
<dim:field element="contributor" qualifier="author" language="" mdschema="dc">Newton, Alicia</dim:field>
<dim:field element="contributor" qualifier="author" language="" mdschema="dc">Pistiner, Janna</dim:field>
<dim:field element="coverage" qualifier="spatial" language="" mdschema="dc">Santa Cruz, Near CDRS</dim:field>
<dim:field element="date" qualifier="accessioned" language="" mdschema="dc">2008-10-02T17:55:32Z</dim:field>
<dim:field element="date" qualifier="available" language="" mdschema="dc">2008-10-02T17:55:32Z</dim:field>
<dim:field element="date" qualifier="issued" language="" mdschema="dc">1999-08</dim:field>
<dim:field element="identifier" mdschema="dc">doi:10.5061/dryad.159/23</dim:field>
<dim:field element="identifier" qualifier="uri" language="" mdschema="dc">http://hdl.handle.net/10255/dryad.202</dim:field>
<dim:field element="description" language="en_US" mdschema="dc">Determination of species is left as an exercise for the student.</dim:field>
<dim:field element="relation" qualifier="ispartof" language="" mdschema="dc">http://hdl.handle.net/10255/dryad.159</dim:field>
<dim:field element="rights" qualifier="uri" language="" mdschema="dc">http://datadryad.org/bitstream/handle/10255/dryad.202/license.txt?sequence=2</dim:field>
<dim:field element="subject" language="en_US" mdschema="dc">finch</dim:field>
<dim:field element="title" language="en_US" mdschema="dc">Finch foraging on Ground (3)</dim:field>
<dim:field element="type" language="en_US" mdschema="dc">Image</dim:field>
<dim:field element="dryad" qualifier="pageviews">700</dim:field>
<dim:field element="dryad" qualifier="downloads">433</dim:field>
</dim:dim>
</mets:xmlData>
</mets:mdWrap>
</mets:dmdSec>
<mets:fileSec>
<mets:fileGrp USE="CONTENT">
<mets:file CHECKSUMTYPE="MD5" GROUPID="group_file_409" ID="file_409" MIMETYPE="image/jpeg" SIZE="124384" CHECKSUM="3b5811a87464b1a171889b9797c3dbf1">
<mets:FLocat LOCTYPE="URL" xlink:title="finch 419_L.jpg" xlink:type="locator" xlink:href="/bitstream/handle/10255/dryad.202/finch%20419_L.jpg?sequence=1"/>
</mets:file>
</mets:fileGrp>
<mets:fileGrp USE="LICENSE">
<mets:file CHECKSUMTYPE="MD5" GROUPID="group_file_410" ID="file_410" MIMETYPE="text/plain" SIZE="784" CHECKSUM="4b6bd879d5dc3e051bac57946058f9f3">
<mets:FLocat LOCTYPE="URL" xlink:title="license.txt" xlink:type="locator" xlink:href="/bitstream/handle/10255/dryad.202/license.txt?sequence=2"/>
</mets:file>
</mets:fileGrp>
<mets:fileGrp USE="THUMBNAIL">
<mets:file CHECKSUMTYPE="MD5" GROUPID="group_file_409" ID="file_1461" MIMETYPE="image/jpeg" SIZE="3062" CHECKSUM="453e6ff5b529544fdce888599bc54e9e">
<mets:FLocat LOCTYPE="URL" xlink:title="finch 419_L.jpg.jpg" xlink:label="Generated Thumbnail" xlink:type="locator" xlink:href="/bitstream/handle/10255/dryad.202/finch%20419_L.jpg.jpg?sequence=3"/>
</mets:file>
</mets:fileGrp>
</mets:fileSec>
<mets:structMap LABEL="DSpace" TYPE="LOGICAL">
<mets:div DMDID="dmd_1" TYPE="DSpace Item">
<mets:div ID="div_2" TYPE="DSpace Content Bitstream">
<mets:fptr FILEID="file_409"/>
</mets:div>
</mets:div>
</mets:structMap>
</mets:METS>
