<?xml version="1.0" encoding="UTF-8"?>
<mets:METS xmlns:mets="http://www.loc.gov/METS/" xmlns:xlink="http://www.w3.org/TR/xlink/" xmlns:xsi="http://www.w3.org/2001/XMLSchema-instance" xmlns:dim="http://www.dspace.org/xmlns/dspace/dim" OBJEDIT="/admin/item?itemID=1929" OBJID="/handle/10255/dryad.1698" PROFILE="DSPACE METS SIP Profile 1.0" LABEL="DSpace Item" ID="hdl:10255/dryad.1698">
<mets:dmdSec GROUPID="group_dmd_0" ID="dmd_1">
<mets:mdWrap MDTYPE="OTHER" OTHERMDTYPE="DIM">
<mets:xmlData>
<dim:dim dspaceType="ITEM">
<dim:field element="contributor" qualifier="author" language="en" mdschema="dc">Piñeyro-Nelson, Alma</dim:field>
<dim:field element="contributor" qualifier="author" language="en" mdschema="dc">van Heerwaarden, Joost</dim:field>
<dim:field element="contributor" qualifier="author" language="en" mdschema="dc">Perales, Hugo R.</dim:field>
<dim:field element="contributor" qualifier="author" language="en" mdschema="dc">Serratos-Hernández, José A.</dim:field>
<dim:field element="contributor" qualifier="author" language="en" mdschema="dc">Rangel, Alicia</dim:field>
<dim:field element="contributor" qualifier="author" language="en" mdschema="dc">Hufford, Matthew B.</dim:field>
<dim:field element="contributor" qualifier="author" language="en" mdschema="dc">Gepts, Paul</dim:field>
<dim:field element="contributor" qualifier="author" language="en" mdschema="dc">Garay-Arroyo, Adriana</dim:field>
<dim:field element="contributor" qualifier="author" language="en" mdschema="dc">Rivera-Bustamante, Rafael</dim:field>
<dim:field element="contributor" qualifier="author" language="en" mdschema="dc">Álvarez-Buylla, Elena R.</dim:field>
<dim:field element="date" qualifier="accessioned" language="" mdschema="dc">2010-06-24T22:59:26Z</dim:field>
<dim:field element="date" qualifier="available" language="" mdschema="dc">2010-06-24T22:59:26Z</dim:field>
<dim:field element="date" qualifier="issued" language="" mdschema="dc">2010-06-24</dim:field>
<dim:field element="identifier" mdschema="dc">doi:10.5061/dryad.1694/4</dim:field>
<dim:field element="identifier" qualifier="uri" language="" mdschema="dc">http://hdl.handle.net/10255/dryad.1698</dim:field>
<dim:field element="description" language="en" mdschema="dc">Supplementary figure 1 of the reply to Genetic ID: variations in PCR amplification</dim:field>
<dim:field element="relation" qualifier="ispartof" language="en" mdschema="dc">doi:10.5061/dryad.1694</dim:field>
<dim:field element="rights" qualifier="uri" language="en" mdschema="dc">http://creativecommons.org/publicdomain/zero/1.0/</dim:field>
<dim:field element="subject" language="en" mdschema="dc">Agriculture</dim:field>
<dim:field element="subject" language="en" mdschema="dc">Biotechnology</dim:field>
<dim:field element="subject" language="en" mdschema="dc">Conservation Genetics</dim:field>
<dim:field element="subject" language="en" mdschema="dc">Genetically Modified Organisms</dim:field>
<dim:field element="subject" language="en" mdschema="dc">Population Genetics - Theoretical</dim:field>
<dim:field element="title" language="en" mdschema="dc">Suppfigure1replyGID.pdf</dim:field>
<dim:field element="type" language="en" mdschema="dc">Dataset</dim:field>
<dim:field element="dryad" qualifier="pageviews">129</dim:field>
<dim:field element="dryad" qualifier="downloads">36</dim:field>
</dim:dim>
</mets:xmlData>
</mets:mdWrap>
</mets:dmdSec>
<mets:fileSec>
<mets:fileGrp USE="CONTENT">
<mets:file CHECKSUMTYPE="MD5" GROUPID="group_file_1527" ID="file_1527" MIMETYPE="application/pdf" SIZE="387929" CHECKSUM="484fa84a2c0c8995477d5c7a85ab0bfe">
<mets:FLocat LOCTYPE="URL" xlink:title="Suppfigure1replyGID.pdf" xlink:type="locator" xlink:href="/bitstream/handle/10255/dryad.1698/Suppfigure1replyGID.pdf?sequence=1"/>
</mets:file>
</mets:fileGrp>
<mets:fileGrp USE="TEXT">
<mets:file CHECKSUMTYPE="MD5" GROUPID="group_file_1527" ID="file_1533" MIMETYPE="text/plain" SIZE="853" CHECKSUM="935e85ad37b1851b91a18b70b8cf4c3b">
<mets:FLocat LOCTYPE="URL" xlink:title="Suppfigure1replyGID.pdf.txt" xlink:label="Extracted text" xlink:type="locator" xlink:href="/bitstream/handle/10255/dryad.1698/Suppfigure1replyGID.pdf.txt?sequence=2"/>
</mets:file>
</mets:fileGrp>
</mets:fileSec>
<mets:structMap LABEL="DSpace" TYPE="LOGICAL">
<mets:div DMDID="dmd_1" TYPE="DSpace Item">
<mets:div ID="div_2" TYPE="DSpace Content Bitstream">
<mets:fptr FILEID="file_1527"/>
</mets:div>
</mets:div>
</mets:structMap>
</mets:METS>
