<?xml version="1.0" encoding="UTF-8"?>
<mets:METS xmlns:mets="http://www.loc.gov/METS/" xmlns:xlink="http://www.w3.org/TR/xlink/" xmlns:xsi="http://www.w3.org/2001/XMLSchema-instance" xmlns:dim="http://www.dspace.org/xmlns/dspace/dim" OBJEDIT="/admin/item?itemID=42647" OBJID="/handle/10255/dryad.38473" PROFILE="DSPACE METS SIP Profile 1.0" LABEL="DSpace Item" ID="hdl:10255/dryad.38473">
<mets:dmdSec GROUPID="group_dmd_0" ID="dmd_1">
<mets:mdWrap MDTYPE="OTHER" OTHERMDTYPE="DIM">
<mets:xmlData>
<dim:dim dspaceType="ITEM">
<dim:field element="contributor" qualifier="author" language="" mdschema="dc">Cisarovsky, Gabriel</dim:field>
<dim:field element="contributor" qualifier="author" language="" mdschema="dc">Schmid-Hempel, Paul</dim:field>
<dim:field element="contributor" qualifier="author" language="" mdschema="dc">Sadd, Ben M.</dim:field>
<dim:field element="date" qualifier="accessioned" language="" mdschema="dc">2012-03-13T17:53:29Z</dim:field>
<dim:field element="date" qualifier="available" mdschema="dc">2012-04-06T20:35:07Z</dim:field>
<dim:field element="date" qualifier="issued" language="" mdschema="dc">2012-03-13</dim:field>
<dim:field element="identifier" mdschema="dc">doi:10.5061/dryad.1684v7t1/1</dim:field>
<dim:field element="identifier" qualifier="uri" language="" mdschema="dc">http://hdl.handle.net/10255/dryad.38473</dim:field>
<dim:field element="description" language="" mdschema="dc">Infection load of bumblebee workers. Data were obtained by quantitative PCR.</dim:field>
<dim:field element="relation" qualifier="ispartof" language="" mdschema="dc">doi:10.5061/dryad.1684v7t1</dim:field>
<dim:field element="rights" qualifier="uri" language="" mdschema="dc">http://creativecommons.org/publicdomain/zero/1.0/</dim:field>
<dim:field element="subject" language="" mdschema="dc">bumblebee</dim:field>
<dim:field element="subject" language="" mdschema="dc">immune priming</dim:field>
<dim:field element="subject" language="" mdschema="dc">genotype-by-genotype interaction</dim:field>
<dim:field element="subject" language="" mdschema="dc">social immunity</dim:field>
<dim:field element="subject" language="" mdschema="dc">environmental dependence</dim:field>
<dim:field element="subject" language="" mdschema="dc">host-parasite interaction</dim:field>
<dim:field element="title" language="" mdschema="dc">Infection loads of bumblebee workers</dim:field>
<dim:field element="type" language="*" mdschema="dc">Dataset</dim:field>
<dim:field element="ScientificName" language="" mdschema="dwc">Crithidia bombi</dim:field>
<dim:field element="ScientificName" language="" mdschema="dwc">Bombus terrestris</dim:field>
<dim:field element="type" qualifier="embargo" language="" mdschema="dc">untilArticleAppears</dim:field>
<dim:field element="dryad" qualifier="pageviews">84</dim:field>
<dim:field element="dryad" qualifier="downloads">44</dim:field>
</dim:dim>
</mets:xmlData>
</mets:mdWrap>
</mets:dmdSec>
<mets:fileSec>
<mets:fileGrp USE="CONTENT">
<mets:file CHECKSUMTYPE="MD5" GROUPID="group_file_120909" ID="file_120909" MIMETYPE="application/vnd.openxmlformats-officedocument.spreadsheetml.sheet" SIZE="41621" CHECKSUM="e50df8cf74d47eb0117b2776a0f90e3c">
<mets:FLocat LOCTYPE="URL" xlink:title="data_summer2010_JEB.xlsx" xlink:label="dataset-file" xlink:type="locator" xlink:href="/bitstream/handle/10255/dryad.38473/data_summer2010_JEB.xlsx?sequence=1"/>
</mets:file>
</mets:fileGrp>
</mets:fileSec>
<mets:structMap LABEL="DSpace" TYPE="LOGICAL">
<mets:div DMDID="dmd_1" TYPE="DSpace Item">
<mets:div ID="div_2" TYPE="DSpace Content Bitstream">
<mets:fptr FILEID="file_120909"/>
</mets:div>
</mets:div>
</mets:structMap>
</mets:METS>
