<?xml version="1.0" encoding="UTF-8"?>
<mets:METS xmlns:mets="http://www.loc.gov/METS/" xmlns:xlink="http://www.w3.org/TR/xlink/" xmlns:xsi="http://www.w3.org/2001/XMLSchema-instance" xmlns:dim="http://www.dspace.org/xmlns/dspace/dim" OBJEDIT="/admin/item?itemID=125" OBJID="/handle/10255/dryad.118" PROFILE="DSPACE METS SIP Profile 1.0" LABEL="DSpace Item" ID="hdl:10255/dryad.118">
<mets:dmdSec GROUPID="group_dmd_0" ID="dmd_1">
<mets:mdWrap MDTYPE="OTHER" OTHERMDTYPE="DIM">
<mets:xmlData>
<dim:dim dspaceType="ITEM">
<dim:field element="contributor" qualifier="author" language="" mdschema="dc">Graham, Sean W.</dim:field>
<dim:field element="contributor" qualifier="author" language="" mdschema="dc">Kohn, Joshua R.</dim:field>
<dim:field element="contributor" qualifier="author" language="" mdschema="dc">Morton, Brian R.</dim:field>
<dim:field element="contributor" qualifier="author" language="" mdschema="dc">Eckenwalder, James E.</dim:field>
<dim:field element="contributor" qualifier="author" language="" mdschema="dc">Barrett, Spencer C.H.</dim:field>
<dim:field element="date" qualifier="accessioned" language="" mdschema="dc">2008-03-24T14:54:27Z</dim:field>
<dim:field element="date" qualifier="available" language="" mdschema="dc">2008-03-24T14:54:27Z</dim:field>
<dim:field element="date" qualifier="issued" language="" mdschema="dc">1998-12-30</dim:field>
<dim:field element="identifier" mdschema="dc">doi:10.5061/dryad.116/2</dim:field>
<dim:field element="identifier" qualifier="uri" language="" mdschema="dc">http://hdl.handle.net/10255/dryad.118</dim:field>
<dim:field element="publisher" language="en_US" mdschema="dc">Taylor &amp; Francis</dim:field>
<dim:field element="relation" qualifier="ispartof" language="" mdschema="dc">doi:10.5061/dryad.116</dim:field>
<dim:field element="rights" qualifier="uri" language="" mdschema="dc">http://creativecommons.org/publicdomain/zero/1.0/</dim:field>
<dim:field element="subject" language="" mdschema="dc">incongruence</dim:field>
<dim:field element="subject" language="" mdschema="dc">chloroplast DNA</dim:field>
<dim:field element="subject" language="" mdschema="dc">congruence tests</dim:field>
<dim:field element="subject" language="" mdschema="dc">morphology</dim:field>
<dim:field element="subject" language="" mdschema="dc">ndhF</dim:field>
<dim:field element="subject" language="" mdschema="dc">rbcL</dim:field>
<dim:field element="title" language="en_US" mdschema="dc">Graham et al Appendix 2</dim:field>
<dim:field element="type" language="en_US" mdschema="dc">Dataset</dim:field>
<dim:field element="status" language="" mdschema="dryad">scanned</dim:field>
<dim:field element="dryad" qualifier="pageviews">135</dim:field>
<dim:field element="dryad" qualifier="downloads">56</dim:field>
</dim:dim>
</mets:xmlData>
</mets:mdWrap>
</mets:dmdSec>
<mets:fileSec>
<mets:fileGrp USE="CONTENT">
<mets:file CHECKSUMTYPE="MD5" GROUPID="group_file_233" ID="file_233" MIMETYPE="text/plain" SIZE="3776" CHECKSUM="0027a9920133d0c2bb11c441dea01f14">
<mets:FLocat LOCTYPE="URL" xlink:title="grahamapp2.txt" xlink:type="locator" xlink:href="/bitstream/handle/10255/dryad.118/grahamapp2.txt?sequence=1"/>
</mets:file>
</mets:fileGrp>
<mets:fileGrp USE="TEXT">
<mets:file CHECKSUMTYPE="MD5" GROUPID="group_file_233" ID="file_1254" MIMETYPE="text/plain" SIZE="3547" CHECKSUM="06b6a74f1bb4c023d95ee391bd5fa857">
<mets:FLocat LOCTYPE="URL" xlink:title="grahamapp2.txt.txt" xlink:label="Extracted text" xlink:type="locator" xlink:href="/bitstream/handle/10255/dryad.118/grahamapp2.txt.txt?sequence=2"/>
</mets:file>
</mets:fileGrp>
</mets:fileSec>
<mets:structMap LABEL="DSpace" TYPE="LOGICAL">
<mets:div DMDID="dmd_1" TYPE="DSpace Item">
<mets:div ID="div_2" TYPE="DSpace Content Bitstream">
<mets:fptr FILEID="file_233"/>
</mets:div>
</mets:div>
</mets:structMap>
</mets:METS>
