<?xml version="1.0" encoding="UTF-8"?>
<mets:METS xmlns:mets="http://www.loc.gov/METS/" xmlns:xlink="http://www.w3.org/TR/xlink/" xmlns:xsi="http://www.w3.org/2001/XMLSchema-instance" xmlns:dim="http://www.dspace.org/xmlns/dspace/dim" OBJEDIT="/admin/item?itemID=60231" OBJID="/handle/10255/dryad.50100" PROFILE="DSPACE METS SIP Profile 1.0" LABEL="DSpace Item" ID="hdl:10255/dryad.50100">
<mets:dmdSec GROUPID="group_dmd_0" ID="dmd_1">
<mets:mdWrap MDTYPE="OTHER" OTHERMDTYPE="DIM">
<mets:xmlData>
<dim:dim dspaceType="ITEM">
<dim:field element="contributor" qualifier="author" language="" mdschema="dc">O'Neill, Vanessa</dim:field>
<dim:field element="contributor" qualifier="author" language="" mdschema="dc">Asani, Furaha Florence</dim:field>
<dim:field element="contributor" qualifier="author" language="" mdschema="dc">Jeffery, Tamsyn Jacki</dim:field>
<dim:field element="contributor" qualifier="author" language="" mdschema="dc">Saccone, Donovan Sean</dim:field>
<dim:field element="contributor" qualifier="author" language="" mdschema="dc">Bornman, Liza</dim:field>
<dim:field element="coverage" qualifier="spatial" language="" mdschema="dc">South Africa</dim:field>
<dim:field element="date" qualifier="accessioned" language="" mdschema="dc">2013-06-24T19:31:38Z</dim:field>
<dim:field element="date" qualifier="available" language="" mdschema="dc">2013-06-24T19:31:38Z</dim:field>
<dim:field element="date" qualifier="issued" language="" mdschema="dc">2013-06-21</dim:field>
<dim:field element="identifier" language="" mdschema="dc">doi:10.5061/dryad.12dp5/1</dim:field>
<dim:field element="identifier" qualifier="uri" language="" mdschema="dc">http://hdl.handle.net/10255/dryad.50100</dim:field>
<dim:field element="description" language="" mdschema="dc">The raw data presented is in excel format with sheet one containing the data of the larger study comprising 60 South African individuals, while sheet two contains data for a smaller study in which the effect of increased vitamin D on VDR function was assessed (n = 8).</dim:field>
<dim:field element="relation" qualifier="ispartof" language="" mdschema="dc">doi:10.5061/dryad.12dp5</dim:field>
<dim:field element="rights" qualifier="uri" language="" mdschema="dc">http://creativecommons.org/publicdomain/zero/1.0/</dim:field>
<dim:field element="subject" confidence="NOVALUE" language="" mdschema="dc">VDR</dim:field>
<dim:field element="subject" confidence="NOVALUE" language="" mdschema="dc">vitamin D</dim:field>
<dim:field element="subject" confidence="NOVALUE" language="" mdschema="dc">ethnicity</dim:field>
<dim:field element="subject" confidence="NOVALUE" language="" mdschema="dc">FokI</dim:field>
<dim:field element="subject" confidence="NOVALUE" language="" mdschema="dc">CAMP</dim:field>
<dim:field element="subject" confidence="NOVALUE" language="" mdschema="dc">CYP24A1</dim:field>
<dim:field element="title" language="" mdschema="dc">Data for Vitamin D receptor gene expression and function in a South African population</dim:field>
<dim:field element="type" language="*" mdschema="dc">Dataset</dim:field>
<dim:field element="type" qualifier="embargo" language="en" mdschema="dc">none</dim:field>
<dim:field element="dryad" qualifier="pageviews">65</dim:field>
<dim:field element="dryad" qualifier="downloads">30</dim:field>
</dim:dim>
</mets:xmlData>
</mets:mdWrap>
</mets:dmdSec>
<mets:fileSec>
<mets:fileGrp USE="CONTENT">
<mets:file CHECKSUMTYPE="MD5" GROUPID="group_file_133126" ID="file_133126" MIMETYPE="application/vnd.openxmlformats-officedocument.spreadsheetml.sheet" SIZE="22991" CHECKSUM="24d50d66859df77da5a4a89694eb0d3a">
<mets:FLocat LOCTYPE="URL" xlink:title="DATA for open access.xlsx" xlink:label="dataset-file" xlink:type="locator" xlink:href="/bitstream/handle/10255/dryad.50100/DATA%20for%20open%20access.xlsx?sequence=1"/>
</mets:file>
<mets:file CHECKSUMTYPE="MD5" GROUPID="group_file_133128" ID="file_133128" MIMETYPE="application/vnd.openxmlformats-officedocument.wordprocessingml.document" SIZE="14261" CHECKSUM="de3c92e0ee07b7c0a34ea157a0ea1982">
<mets:FLocat LOCTYPE="URL" xlink:title="README.docx" xlink:label="dc_readme" xlink:type="locator" xlink:href="/bitstream/handle/10255/dryad.50100/README.docx?sequence=2"/>
</mets:file>
</mets:fileGrp>
</mets:fileSec>
<mets:structMap LABEL="DSpace" TYPE="LOGICAL">
<mets:div DMDID="dmd_1" TYPE="DSpace Item">
<mets:div ID="div_2" TYPE="DSpace Content Bitstream">
<mets:fptr FILEID="file_133126"/>
</mets:div>
<mets:div ID="div_3" TYPE="DSpace Content Bitstream">
<mets:fptr FILEID="file_133128"/>
</mets:div>
</mets:div>
</mets:structMap>
</mets:METS>
