<?xml version="1.0" encoding="UTF-8"?>
<mets:METS xmlns:mets="http://www.loc.gov/METS/" xmlns:xlink="http://www.w3.org/TR/xlink/" xmlns:xsi="http://www.w3.org/2001/XMLSchema-instance" xmlns:dim="http://www.dspace.org/xmlns/dspace/dim" OBJEDIT="/admin/item?itemID=1961" OBJID="/handle/10255/dryad.1728" PROFILE="DSPACE METS SIP Profile 1.0" LABEL="DSpace Item" ID="hdl:10255/dryad.1728">
<mets:dmdSec GROUPID="group_dmd_0" ID="dmd_1">
<mets:mdWrap MDTYPE="OTHER" OTHERMDTYPE="DIM">
<mets:xmlData>
<dim:dim dspaceType="ITEM">
<dim:field element="contributor" qualifier="author" language="en" mdschema="dc">Nunes, Flavia</dim:field>
<dim:field element="contributor" qualifier="author" language="en" mdschema="dc">Norris, Richard</dim:field>
<dim:field element="contributor" qualifier="author" language="en" mdschema="dc">Knowlton, Nancy</dim:field>
<dim:field element="coverage" qualifier="spatial" language="en" mdschema="dc">Brazil</dim:field>
<dim:field element="coverage" qualifier="spatial" language="en" mdschema="dc">Caribbean</dim:field>
<dim:field element="coverage" qualifier="spatial" language="en" mdschema="dc">Gulf of Guinea</dim:field>
<dim:field element="coverage" qualifier="spatial" language="en" mdschema="dc">Bermuda</dim:field>
<dim:field element="date" qualifier="accessioned" language="" mdschema="dc">2010-07-03T20:57:50Z</dim:field>
<dim:field element="date" qualifier="available" language="" mdschema="dc">2010-07-03T20:57:50Z</dim:field>
<dim:field element="date" qualifier="issued" language="" mdschema="dc">2010-07-03</dim:field>
<dim:field element="identifier" mdschema="dc">doi:10.5061/dryad.1723/5</dim:field>
<dim:field element="identifier" qualifier="uri" language="" mdschema="dc">http://hdl.handle.net/10255/dryad.1728</dim:field>
<dim:field element="description" language="en" mdschema="dc">Genotype over all loci for each sampled individual.</dim:field>
<dim:field element="relation" qualifier="ispartof" language="en" mdschema="dc">doi:10.5061/dryad.1723</dim:field>
<dim:field element="rights" qualifier="uri" language="en" mdschema="dc">http://creativecommons.org/publicdomain/zero/1.0/</dim:field>
<dim:field element="subject" language="en" mdschema="dc">coral</dim:field>
<dim:field element="subject" language="en" mdschema="dc">connectivity</dim:field>
<dim:field element="subject" language="en" mdschema="dc">genetic diversity</dim:field>
<dim:field element="subject" language="en" mdschema="dc">peripheral population</dim:field>
<dim:field element="subject" language="en" mdschema="dc">dispersal</dim:field>
<dim:field element="title" language="en" mdschema="dc">Genotypes</dim:field>
<dim:field element="type" language="en" mdschema="dc">Dataset</dim:field>
<dim:field element="ScientificName" language="en" mdschema="dwc">Montastraea cavernosa</dim:field>
<dim:field element="dryad" qualifier="pageviews">131</dim:field>
<dim:field element="dryad" qualifier="downloads">55</dim:field>
</dim:dim>
</mets:xmlData>
</mets:mdWrap>
</mets:dmdSec>
<mets:fileSec>
<mets:fileGrp USE="CONTENT">
<mets:file CHECKSUMTYPE="MD5" GROUPID="group_file_1548" ID="file_1548" MIMETYPE="application/vnd.ms-excel" SIZE="61440" CHECKSUM="d3310227a831ae5e1f71e0410870e377">
<mets:FLocat LOCTYPE="URL" xlink:title="SuppTable2.xls" xlink:type="locator" xlink:href="/bitstream/handle/10255/dryad.1728/SuppTable2.xls?sequence=1"/>
</mets:file>
</mets:fileGrp>
</mets:fileSec>
<mets:structMap LABEL="DSpace" TYPE="LOGICAL">
<mets:div DMDID="dmd_1" TYPE="DSpace Item">
<mets:div ID="div_2" TYPE="DSpace Content Bitstream">
<mets:fptr FILEID="file_1548"/>
</mets:div>
</mets:div>
</mets:structMap>
</mets:METS>
