<?xml version="1.0" encoding="UTF-8"?>
<mets:METS xmlns:mets="http://www.loc.gov/METS/" xmlns:xlink="http://www.w3.org/TR/xlink/" xmlns:xsi="http://www.w3.org/2001/XMLSchema-instance" xmlns:dim="http://www.dspace.org/xmlns/dspace/dim" OBJEDIT="/admin/item?itemID=1367" OBJID="/handle/10255/dryad.1199" PROFILE="DSPACE METS SIP Profile 1.0" LABEL="DSpace Item" ID="hdl:10255/dryad.1199">
<mets:dmdSec GROUPID="group_dmd_0" ID="dmd_1">
<mets:mdWrap MDTYPE="OTHER" OTHERMDTYPE="DIM">
<mets:xmlData>
<dim:dim dspaceType="ITEM">
<dim:field element="contributor" qualifier="author" language="en" mdschema="dc">Richter-Boix, Alex</dim:field>
<dim:field element="contributor" qualifier="author" language="en" mdschema="dc">Teplitsky, Céline</dim:field>
<dim:field element="contributor" qualifier="author" language="en" mdschema="dc">Rogell, Björn</dim:field>
<dim:field element="contributor" qualifier="author" language="en" mdschema="dc">Laurila, Anssi</dim:field>
<dim:field element="coverage" qualifier="spatial" language="en" mdschema="dc">Mid Sweden</dim:field>
<dim:field element="date" qualifier="accessioned" language="" mdschema="dc">2010-01-16T14:13:48Z</dim:field>
<dim:field element="date" qualifier="available" language="" mdschema="dc">2010-01-16T14:13:48Z</dim:field>
<dim:field element="date" qualifier="issued" language="" mdschema="dc">2010-01-16T14:13:48Z</dim:field>
<dim:field element="identifier" mdschema="dc">doi:10.5061/dryad.1198/1</dim:field>
<dim:field element="identifier" qualifier="uri" language="" mdschema="dc">http://hdl.handle.net/10255/dryad.1199</dim:field>
<dim:field element="description" language="en" mdschema="dc">Microsatellite data of Rana temporaria in popgen format.</dim:field>
<dim:field element="relation" qualifier="ispartof" language="en" mdschema="dc">doi:10.5061/dryad.1198</dim:field>
<dim:field element="rights" qualifier="uri" language="en" mdschema="dc">http://creativecommons.org/publicdomain/zero/1.0/</dim:field>
<dim:field element="subject" language="en" mdschema="dc">Adaptation</dim:field>
<dim:field element="subject" language="en" mdschema="dc">Life History Evolution</dim:field>
<dim:field element="subject" language="en" mdschema="dc">Phenotypic Plasticity</dim:field>
<dim:field element="subject" language="en" mdschema="dc">Natural Selection and Contemporary Evolution</dim:field>
<dim:field element="subject" language="en" mdschema="dc">Quantitative Genetics</dim:field>
<dim:field element="subject" language="en" mdschema="dc">Population Genetics - Empirical</dim:field>
<dim:field element="title" language="en" mdschema="dc">Rana temporaria microsatellite</dim:field>
<dim:field element="type" language="en" mdschema="dc">Dataset</dim:field>
<dim:field element="ScientificName" language="en" mdschema="dwc">Rana temporaria</dim:field>
<dim:field element="status" language="" mdschema="dryad">scanned</dim:field>
<dim:field element="dryad" qualifier="pageviews">166</dim:field>
<dim:field element="dryad" qualifier="downloads">65</dim:field>
</dim:dim>
</mets:xmlData>
</mets:mdWrap>
</mets:dmdSec>
<mets:fileSec>
<mets:fileGrp USE="CONTENT">
<mets:file CHECKSUMTYPE="MD5" GROUPID="group_file_983" ID="file_983" MIMETYPE="text/plain" SIZE="9588" CHECKSUM="d5c2c304ab6a129dac61632de5628230">
<mets:FLocat LOCTYPE="URL" xlink:title="RTmicros.txt" xlink:type="locator" xlink:href="/bitstream/handle/10255/dryad.1199/RTmicros.txt?sequence=1"/>
</mets:file>
</mets:fileGrp>
<mets:fileGrp USE="TEXT">
<mets:file CHECKSUMTYPE="MD5" GROUPID="group_file_983" ID="file_1281" MIMETYPE="text/plain" SIZE="7804" CHECKSUM="1ff73132c9bca9b3d11abef48dd7f5eb">
<mets:FLocat LOCTYPE="URL" xlink:title="RTmicros.txt.txt" xlink:label="Extracted text" xlink:type="locator" xlink:href="/bitstream/handle/10255/dryad.1199/RTmicros.txt.txt?sequence=2"/>
</mets:file>
</mets:fileGrp>
</mets:fileSec>
<mets:structMap LABEL="DSpace" TYPE="LOGICAL">
<mets:div DMDID="dmd_1" TYPE="DSpace Item">
<mets:div ID="div_2" TYPE="DSpace Content Bitstream">
<mets:fptr FILEID="file_983"/>
</mets:div>
</mets:div>
</mets:structMap>
</mets:METS>
