<?xml version="1.0" encoding="UTF-8"?>
<mets:METS xmlns:mets="http://www.loc.gov/METS/" xmlns:xlink="http://www.w3.org/TR/xlink/" xmlns:xsi="http://www.w3.org/2001/XMLSchema-instance" xmlns:dim="http://www.dspace.org/xmlns/dspace/dim" OBJEDIT="/admin/item?itemID=47768" OBJID="/handle/10255/dryad.41782" PROFILE="DSPACE METS SIP Profile 1.0" LABEL="DSpace Item" ID="hdl:10255/dryad.41782">
<mets:dmdSec GROUPID="group_dmd_0" ID="dmd_1">
<mets:mdWrap MDTYPE="OTHER" OTHERMDTYPE="DIM">
<mets:xmlData>
<dim:dim dspaceType="ITEM">
<dim:field element="contributor" qualifier="author" mdschema="dc">Dahdul, Wasila M.</dim:field>
<dim:field element="contributor" qualifier="author" mdschema="dc">Lundberg, John G.</dim:field>
<dim:field element="contributor" qualifier="author" mdschema="dc">Midford, Peter E.</dim:field>
<dim:field element="contributor" qualifier="author" mdschema="dc">Balhoff, James P.</dim:field>
<dim:field element="contributor" qualifier="author" mdschema="dc">Lapp, Hilmar</dim:field>
<dim:field element="contributor" qualifier="author" mdschema="dc">Vision, Todd J.</dim:field>
<dim:field element="contributor" qualifier="author" mdschema="dc">Haendel, Melissa A.</dim:field>
<dim:field element="contributor" qualifier="author" mdschema="dc">Westerfield, Monte</dim:field>
<dim:field element="contributor" qualifier="author" mdschema="dc">Mabee, Paula M.</dim:field>
<dim:field element="identifier" mdschema="dc">doi:10.5061/dryad.112dg.2/2</dim:field>
<dim:field element="description" language="" mdschema="dc">Version 2012-08-10 of the Teleost Anatomy Ontology incorporates major changes in its development by importing terms from the Vertebrate Skeletal Anatomy Ontology.</dim:field>
<dim:field element="relation" qualifier="ispartof" mdschema="dc">doi:10.5061/dryad.112dg.2</dim:field>
<dim:field element="rights" qualifier="uri" mdschema="dc">http://creativecommons.org/publicdomain/zero/1.0/</dim:field>
<dim:field element="title" language="" mdschema="dc">Teleost Anatomy Ontology (revision 2012-08-10)</dim:field>
<dim:field element="type" language="*" mdschema="dc">Dataset</dim:field>
<dim:field element="type" qualifier="embargo" language="" mdschema="dc">none</dim:field>
<dim:field element="dryad" qualifier="pageviews">0</dim:field>
<dim:field element="dryad" qualifier="downloads">0</dim:field>
</dim:dim>
</mets:xmlData>
</mets:mdWrap>
</mets:dmdSec>
<mets:fileSec/>
<mets:structMap LABEL="DSpace" TYPE="LOGICAL">
<mets:div DMDID="dmd_1" TYPE="DSpace Item"/>
</mets:structMap>
</mets:METS>
