<?xml version="1.0" encoding="UTF-8"?>
<mets:METS xmlns:mets="http://www.loc.gov/METS/" xmlns:xlink="http://www.w3.org/TR/xlink/" xmlns:xsi="http://www.w3.org/2001/XMLSchema-instance" xmlns:dim="http://www.dspace.org/xmlns/dspace/dim" OBJEDIT="/admin/item?itemID=58198" OBJID="/handle/10255/dryad.48738" PROFILE="DSPACE METS SIP Profile 1.0" LABEL="DSpace Item" ID="hdl:10255/dryad.48738">
<mets:dmdSec GROUPID="group_dmd_0" ID="dmd_1">
<mets:mdWrap MDTYPE="OTHER" OTHERMDTYPE="DIM">
<mets:xmlData>
<dim:dim dspaceType="ITEM">
<dim:field element="contributor" qualifier="author" mdschema="dc">Me</dim:field>
<dim:field element="identifier" mdschema="dc">doi:10.5061/dryad.03m19</dim:field>
<dim:field element="title" language="" mdschema="dc">Data from: Article</dim:field>
<dim:field element="type" language="*" mdschema="dc">Article</dim:field>
<dim:field element="publicationName" confidence="ACCEPTED" language="" mdschema="prism">MyJournal</dim:field>
<dim:field element="workflow" qualifier="submitted" mdschema="internal">true</dim:field>
</dim:dim>
</mets:xmlData>
</mets:mdWrap>
</mets:dmdSec>
<mets:fileSec/>
<mets:structMap LABEL="DSpace" TYPE="LOGICAL">
<mets:div DMDID="dmd_1" TYPE="DSpace Item"/>
</mets:structMap>
</mets:METS>
