<?xml version="1.0" encoding="UTF-8"?>
<mets:METS xmlns:mets="http://www.loc.gov/METS/" xmlns:xlink="http://www.w3.org/TR/xlink/" xmlns:xsi="http://www.w3.org/2001/XMLSchema-instance" xmlns:dim="http://www.dspace.org/xmlns/dspace/dim" OBJEDIT="/admin/item?itemID=46328" OBJID="/handle/10255/dryad.40854" PROFILE="DSPACE METS SIP Profile 1.0" LABEL="DSpace Item" ID="hdl:10255/dryad.40854">
<mets:dmdSec GROUPID="group_dmd_0" ID="dmd_1">
<mets:mdWrap MDTYPE="OTHER" OTHERMDTYPE="DIM">
<mets:xmlData>
<dim:dim dspaceType="ITEM">
<dim:field element="contributor" qualifier="author" language="" mdschema="dc">Wilson, Robert E.</dim:field>
<dim:field element="contributor" qualifier="author" language="" mdschema="dc">Peters, Jeffrey L.</dim:field>
<dim:field element="contributor" qualifier="author" language="" mdschema="dc">McCracken, Kevin G.</dim:field>
<dim:field element="coverage" qualifier="spatial" language="" mdschema="dc">Andes</dim:field>
<dim:field element="date" qualifier="accessioned" mdschema="dc">2012-07-09T17:43:39Z</dim:field>
<dim:field element="date" qualifier="available" mdschema="dc">2012-09-07T16:21:47Z</dim:field>
<dim:field element="date" qualifier="issued" mdschema="dc">2012-07-09</dim:field>
<dim:field element="identifier" language="" mdschema="dc">doi:10.5061/dryad.1683s/1</dim:field>
<dim:field element="identifier" mdschema="dc">doi:10.5061/dryad.1683s/1</dim:field>
<dim:field element="identifier" qualifier="uri" mdschema="dc">http://hdl.handle.net/10255/dryad.40854</dim:field>
<dim:field element="description" language="" mdschema="dc">Body size measurements of South American Cinnamon Teal (Anas cyanoptera) taken from recently collected individuals before museum skin preparation (Table 1) and from museum specimens (Table 2).</dim:field>
<dim:field element="relation" qualifier="ispartof" language="" mdschema="dc">doi:10.5061/dryad.1683s</dim:field>
<dim:field element="rights" qualifier="uri" language="" mdschema="dc">http://creativecommons.org/publicdomain/zero/1.0/</dim:field>
<dim:field element="subject" confidence="NOVALUE" language="" mdschema="dc">Gene Flow</dim:field>
<dim:field element="subject" confidence="NOVALUE" language="" mdschema="dc">hemoglobin</dim:field>
<dim:field element="subject" confidence="NOVALUE" language="" mdschema="dc">hypoxia</dim:field>
<dim:field element="subject" confidence="NOVALUE" language="" mdschema="dc">Morphological Evolution</dim:field>
<dim:field element="subject" confidence="NOVALUE" language="" mdschema="dc">waterfowl</dim:field>
<dim:field element="title" language="" mdschema="dc">wilson et al_12-0024</dim:field>
<dim:field element="type" language="*" mdschema="dc">Dataset</dim:field>
<dim:field element="ScientificName" confidence="FAILED" language="" mdschema="dwc">Anas cyanoptera</dim:field>
<dim:field element="type" qualifier="embargo" language="" mdschema="dc">untilArticleAppears</dim:field>
<dim:field element="dryad" qualifier="pageviews">52</dim:field>
<dim:field element="dryad" qualifier="downloads">36</dim:field>
</dim:dim>
</mets:xmlData>
</mets:mdWrap>
</mets:dmdSec>
<mets:fileSec>
<mets:fileGrp USE="CONTENT">
<mets:file CHECKSUMTYPE="MD5" GROUPID="group_file_123559" ID="file_123559" MIMETYPE="application/vnd.openxmlformats-officedocument.spreadsheetml.sheet" SIZE="18548" CHECKSUM="c495b6f2b7b0f1ce9dfe9a013cbec8f9">
<mets:FLocat LOCTYPE="URL" xlink:title="wilson et al_12-0024 .xlsx" xlink:label="dataset-file" xlink:type="locator" xlink:href="/bitstream/handle/10255/dryad.40854/wilson%20et%20al_12-0024%20.xlsx?sequence=1"/>
</mets:file>
</mets:fileGrp>
</mets:fileSec>
<mets:structMap LABEL="DSpace" TYPE="LOGICAL">
<mets:div DMDID="dmd_1" TYPE="DSpace Item">
<mets:div ID="div_2" TYPE="DSpace Content Bitstream">
<mets:fptr FILEID="file_123559"/>
</mets:div>
</mets:div>
</mets:structMap>
</mets:METS>
