<?xml version="1.0" encoding="UTF-8"?>
<mets:METS xmlns:mets="http://www.loc.gov/METS/" xmlns:xlink="http://www.w3.org/TR/xlink/" xmlns:xsi="http://www.w3.org/2001/XMLSchema-instance" xmlns:dim="http://www.dspace.org/xmlns/dspace/dim" OBJEDIT="/admin/item?itemID=60224" OBJID="/handle/10255/dryad.50093" PROFILE="DSPACE METS SIP Profile 1.0" LABEL="DSpace Item" ID="hdl:10255/dryad.50093">
<mets:dmdSec GROUPID="group_dmd_0" ID="dmd_1">
<mets:mdWrap MDTYPE="OTHER" OTHERMDTYPE="DIM">
<mets:xmlData>
<dim:dim dspaceType="ITEM">
<dim:field element="contributor" qualifier="author" language="" mdschema="dc">Ghalambor, Cameron K.</dim:field>
<dim:field element="contributor" qualifier="author" language="" mdschema="dc">Peluc, Susana I.</dim:field>
<dim:field element="contributor" qualifier="author" language="" mdschema="dc">Martin, Thomas E.</dim:field>
<dim:field element="coverage" qualifier="spatial" language="" mdschema="dc">Arizona</dim:field>
<dim:field element="coverage" qualifier="spatial" language="" mdschema="dc">Argentina</dim:field>
<dim:field element="coverage" qualifier="temporal" language="" mdschema="dc">Holocene</dim:field>
<dim:field element="date" qualifier="accessioned" mdschema="dc">2013-06-12T15:57:53Z</dim:field>
<dim:field element="date" qualifier="available" mdschema="dc">2013-06-12T15:57:53Z</dim:field>
<dim:field element="date" qualifier="issued" mdschema="dc">2013-06-12</dim:field>
<dim:field element="identifier" language="" mdschema="dc">doi:10.5061/dryad.0m480/1</dim:field>
<dim:field element="identifier" mdschema="dc">doi:10.5061/dryad.0m480/1</dim:field>
<dim:field element="identifier" qualifier="uri" mdschema="dc">http://hdl.handle.net/10255/dryad.50093</dim:field>
<dim:field element="description" language="" mdschema="dc">these data describe changes in nestling provisioning rates of 10 species of birds in response to increased perceived risk of nest predation. The data were collected in the field and match phylogenetically paired species from Arizona, USA and Salta, Argentina. The nest predator was a jay that occurs on each of the study sites.</dim:field>
<dim:field element="relation" qualifier="ispartof" language="" mdschema="dc">doi:10.5061/dryad.0m480</dim:field>
<dim:field element="rights" qualifier="uri" language="" mdschema="dc">http://creativecommons.org/publicdomain/zero/1.0/</dim:field>
<dim:field element="subject" confidence="NOVALUE" language="" mdschema="dc">behavioural plasticity</dim:field>
<dim:field element="subject" confidence="NOVALUE" language="" mdschema="dc">nest predation risk</dim:field>
<dim:field element="subject" confidence="NOVALUE" language="" mdschema="dc">parental care</dim:field>
<dim:field element="subject" confidence="NOVALUE" language="" mdschema="dc">nestling feeding rates</dim:field>
<dim:field element="title" language="" mdschema="dc">Ghalamboretal_Predator_Induced_Behavior_Data</dim:field>
<dim:field element="type" language="*" mdschema="dc">Dataset</dim:field>
<dim:field element="ScientificName" confidence="NOVALUE" language="" mdschema="dwc">Empidonax difficilis</dim:field>
<dim:field element="ScientificName" confidence="NOVALUE" language="" mdschema="dwc">Lathrotriccus eurleri</dim:field>
<dim:field element="ScientificName" confidence="NOVALUE" language="" mdschema="dwc">Turdus migratorius</dim:field>
<dim:field element="ScientificName" confidence="NOVALUE" language="" mdschema="dwc">Turdus rufiventris</dim:field>
<dim:field element="ScientificName" confidence="NOVALUE" language="" mdschema="dwc">Troglodytes aedon</dim:field>
<dim:field element="ScientificName" confidence="NOVALUE" language="" mdschema="dwc">Junco hyemalis</dim:field>
<dim:field element="ScientificName" confidence="NOVALUE" language="" mdschema="dwc">Arremon flavirostris</dim:field>
<dim:field element="ScientificName" confidence="NOVALUE" language="" mdschema="dwc">Oreothlypis celata</dim:field>
<dim:field element="ScientificName" confidence="NOVALUE" language="" mdschema="dwc">Basileuterus bivittatus</dim:field>
<dim:field element="ScientificName" confidence="NOVALUE" language="" mdschema="dwc">Cyanocorax chrysops</dim:field>
<dim:field element="ScientificName" confidence="NOVALUE" language="" mdschema="dwc">Cyanocitta stelleri</dim:field>
<dim:field element="type" qualifier="embargo" language="en" mdschema="dc">none</dim:field>
<dim:field element="dryad" qualifier="pageviews">44</dim:field>
<dim:field element="dryad" qualifier="downloads">12</dim:field>
</dim:dim>
</mets:xmlData>
</mets:mdWrap>
</mets:dmdSec>
<mets:fileSec>
<mets:fileGrp USE="CONTENT">
<mets:file CHECKSUMTYPE="MD5" GROUPID="group_file_133124" ID="file_133124" MIMETYPE="text/csv" SIZE="8394" CHECKSUM="24a9ebfdfc267d0d7d56141cc698fe76">
<mets:FLocat LOCTYPE="URL" xlink:title="Ghalamboretal_Predator_Induced_Behavior_Data.csv" xlink:label="dataset-file" xlink:type="locator" xlink:href="/bitstream/handle/10255/dryad.50093/Ghalamboretal_Predator_Induced_Behavior_Data.csv?sequence=1"/>
</mets:file>
</mets:fileGrp>
</mets:fileSec>
<mets:structMap LABEL="DSpace" TYPE="LOGICAL">
<mets:div DMDID="dmd_1" TYPE="DSpace Item">
<mets:div ID="div_2" TYPE="DSpace Content Bitstream">
<mets:fptr FILEID="file_133124"/>
</mets:div>
</mets:div>
</mets:structMap>
</mets:METS>
