<?xml version="1.0" encoding="UTF-8"?>
<mets:METS xmlns:mets="http://www.loc.gov/METS/" xmlns:xlink="http://www.w3.org/TR/xlink/" xmlns:xsi="http://www.w3.org/2001/XMLSchema-instance" xmlns:dim="http://www.dspace.org/xmlns/dspace/dim" OBJEDIT="/admin/item?itemID=228" OBJID="/handle/10255/dryad.206" PROFILE="DSPACE METS SIP Profile 1.0" LABEL="DSpace Item" ID="hdl:10255/dryad.206">
<mets:dmdSec GROUPID="group_dmd_0" ID="dmd_1">
<mets:mdWrap MDTYPE="OTHER" OTHERMDTYPE="DIM">
<mets:xmlData>
<dim:dim dspaceType="ITEM">
<dim:field element="contributor" qualifier="author" language="" mdschema="dc">Benson, D.A., et al</dim:field>
<dim:field element="date" qualifier="accessioned" language="" mdschema="dc">2008-10-10T17:57:35Z</dim:field>
<dim:field element="date" qualifier="available" language="" mdschema="dc">2008-10-10T17:57:35Z</dim:field>
<dim:field element="date" qualifier="issued" language="" mdschema="dc">1999-08</dim:field>
<dim:field element="identifier" mdschema="dc">doi:10.5061/dryad.159/26</dim:field>
<dim:field element="identifier" qualifier="uri" language="" mdschema="dc">http://hdl.handle.net/10255/dryad.206</dim:field>
<dim:field element="description" language="en_US" mdschema="dc">This data set is a listing of accession numbers taken from the GenBank records of BIRDD sample sequences. The sequences are of seven nucleic acids and proteins from 207 individual finches of thirteen different species. Records also include sequences from 6 individuals of two sister-taxa of Darwin's finches, Tiaris olivacea and Coerba flaveola.</dim:field>
<dim:field element="relation" qualifier="ispartof" language="" mdschema="dc">http://hdl.handle.net/10255/dryad.159</dim:field>
<dim:field element="rights" qualifier="uri" language="" mdschema="dc">http://datadryad.org/bitstream/handle/10255/dryad.206/license.txt?sequence=2</dim:field>
<dim:field element="title" language="en_US" mdschema="dc">Genbank Identifiers of  BIRDD Sample Sequences</dim:field>
<dim:field element="type" language="en_US" mdschema="dc">Dataset</dim:field>
<dim:field element="dryad" qualifier="pageviews">566</dim:field>
<dim:field element="dryad" qualifier="downloads">386</dim:field>
</dim:dim>
</mets:xmlData>
</mets:mdWrap>
</mets:dmdSec>
<mets:fileSec>
<mets:fileGrp USE="CONTENT">
<mets:file CHECKSUMTYPE="MD5" GROUPID="group_file_417" ID="file_417" MIMETYPE="application/pdf" SIZE="34575" CHECKSUM="b7c679b9342a8327a82d046fdba50db3">
<mets:FLocat LOCTYPE="URL" xlink:title="Genbank identifiers of  BIRDD sample sequences.pdf" xlink:type="locator" xlink:href="/bitstream/handle/10255/dryad.206/Genbank%20identifiers%20of%20%20BIRDD%20sample%20sequences.pdf?sequence=1"/>
</mets:file>
</mets:fileGrp>
<mets:fileGrp USE="LICENSE">
<mets:file CHECKSUMTYPE="MD5" GROUPID="group_file_418" ID="file_418" MIMETYPE="text/plain" SIZE="784" CHECKSUM="db5c254f60d3227d9a63e024e7dd8330">
<mets:FLocat LOCTYPE="URL" xlink:title="license.txt" xlink:type="locator" xlink:href="/bitstream/handle/10255/dryad.206/license.txt?sequence=2"/>
</mets:file>
</mets:fileGrp>
<mets:fileGrp USE="TEXT">
<mets:file CHECKSUMTYPE="MD5" GROUPID="group_file_417" ID="file_1449" MIMETYPE="text/plain" SIZE="1844" CHECKSUM="d5b0d2331de9349b96154e138f17abe0">
<mets:FLocat LOCTYPE="URL" xlink:title="Genbank identifiers of  BIRDD sample sequences.pdf.txt" xlink:label="Extracted text" xlink:type="locator" xlink:href="/bitstream/handle/10255/dryad.206/Genbank%20identifiers%20of%20%20BIRDD%20sample%20sequences.pdf.txt?sequence=3"/>
</mets:file>
</mets:fileGrp>
</mets:fileSec>
<mets:structMap LABEL="DSpace" TYPE="LOGICAL">
<mets:div DMDID="dmd_1" TYPE="DSpace Item">
<mets:div ID="div_2" TYPE="DSpace Content Bitstream">
<mets:fptr FILEID="file_417"/>
</mets:div>
</mets:div>
</mets:structMap>
</mets:METS>
