<?xml version="1.0" encoding="UTF-8"?>
<mets:METS xmlns:mets="http://www.loc.gov/METS/" xmlns:xlink="http://www.w3.org/TR/xlink/" xmlns:xsi="http://www.w3.org/2001/XMLSchema-instance" xmlns:dim="http://www.dspace.org/xmlns/dspace/dim" OBJEDIT="/admin/item?itemID=59949" OBJID="/handle/10255/dryad.49905" PROFILE="DSPACE METS SIP Profile 1.0" LABEL="DSpace Item" ID="hdl:10255/dryad.49905">
<mets:dmdSec GROUPID="group_dmd_0" ID="dmd_1">
<mets:mdWrap MDTYPE="OTHER" OTHERMDTYPE="DIM">
<mets:xmlData>
<dim:dim dspaceType="ITEM">
<dim:field element="contributor" qualifier="author" language="" mdschema="dc">Temperli, Christian</dim:field>
<dim:field element="contributor" qualifier="author" language="" mdschema="dc">Bugmann, Harald</dim:field>
<dim:field element="contributor" qualifier="author" language="" mdschema="dc">Elkin, Ché</dim:field>
<dim:field element="coverage" qualifier="spatial" language="" mdschema="dc">Central Europe</dim:field>
<dim:field element="date" qualifier="accessioned" mdschema="dc">2013-05-20T15:58:18Z</dim:field>
<dim:field element="date" qualifier="available" mdschema="dc">2013-05-20T15:58:18Z</dim:field>
<dim:field element="date" qualifier="issued" mdschema="dc">2013-05-20</dim:field>
<dim:field element="identifier" language="" mdschema="dc">doi:10.5061/dryad.18790/2</dim:field>
<dim:field element="identifier" mdschema="dc">doi:10.5061/dryad.18790/2</dim:field>
<dim:field element="identifier" qualifier="uri" mdschema="dc">http://hdl.handle.net/10255/dryad.49905</dim:field>
<dim:field element="description" language="" mdschema="dc">The .zip file contains three text files (beetle.cpp, climate.cpp and cohort.cpp) that contain the C++ source code for the beetle model implemented in LandClim. The code is annotated with references to variable names and equations in the published article. beetle.cpp contains the main routines of the beetle model, climate.cpp calculations of bioclimatic variables and cohort.cpp contains the routines used to simulate beetle-induced tree mortality.</dim:field>
<dim:field element="relation" qualifier="ispartof" language="" mdschema="dc">doi:10.5061/dryad.18790</dim:field>
<dim:field element="rights" qualifier="uri" language="" mdschema="dc">http://creativecommons.org/publicdomain/zero/1.0/</dim:field>
<dim:field element="subject" confidence="NOVALUE" language="" mdschema="dc">bark beetles</dim:field>
<dim:field element="subject" confidence="NOVALUE" language="" mdschema="dc">climate change</dim:field>
<dim:field element="subject" confidence="NOVALUE" language="" mdschema="dc">disturbance interactions</dim:field>
<dim:field element="subject" confidence="NOVALUE" language="" mdschema="dc">forest dynamics</dim:field>
<dim:field element="subject" confidence="NOVALUE" language="" mdschema="dc">LandClim</dim:field>
<dim:field element="subject" confidence="NOVALUE" language="" mdschema="dc">landscape model</dim:field>
<dim:field element="subject" confidence="NOVALUE" language="" mdschema="dc">management strategy</dim:field>
<dim:field element="subject" confidence="NOVALUE" language="" mdschema="dc">regime shift</dim:field>
<dim:field element="subject" confidence="FAILED" language="" mdschema="dc">European spruce bark beetle</dim:field>
<dim:field element="subject" confidence="FAILED" language="" mdschema="dc">Norway spruce</dim:field>
<dim:field element="title" language="" mdschema="dc">Annotated C++ source code of the LandClim beetle model</dim:field>
<dim:field element="type" language="*" mdschema="dc">Dataset</dim:field>
<dim:field element="ScientificName" confidence="NOVALUE" language="" mdschema="dwc">Ips typographus</dim:field>
<dim:field element="ScientificName" confidence="NOVALUE" language="" mdschema="dwc">Picea abies</dim:field>
<dim:field element="type" qualifier="embargo" language="en" mdschema="dc">none</dim:field>
<dim:field element="dryad" qualifier="pageviews">49</dim:field>
<dim:field element="dryad" qualifier="downloads">10</dim:field>
</dim:dim>
</mets:xmlData>
</mets:mdWrap>
</mets:dmdSec>
<mets:fileSec>
<mets:fileGrp USE="CONTENT">
<mets:file CHECKSUMTYPE="MD5" GROUPID="group_file_132951" ID="file_132951" MIMETYPE="application/zip" SIZE="11194" CHECKSUM="e7ffdc760fcdb8000bbf04fcba91883b">
<mets:FLocat LOCTYPE="URL" xlink:title="LandClim_beetle_model_source_code.zip" xlink:label="dataset-file" xlink:type="locator" xlink:href="/bitstream/handle/10255/dryad.49905/LandClim_beetle_model_source_code.zip?sequence=1"/>
</mets:file>
</mets:fileGrp>
</mets:fileSec>
<mets:structMap LABEL="DSpace" TYPE="LOGICAL">
<mets:div DMDID="dmd_1" TYPE="DSpace Item">
<mets:div ID="div_2" TYPE="DSpace Content Bitstream">
<mets:fptr FILEID="file_132951"/>
</mets:div>
</mets:div>
</mets:structMap>
</mets:METS>
