<?xml version="1.0" encoding="UTF-8"?>
<mets:METS xmlns:mets="http://www.loc.gov/METS/" xmlns:xlink="http://www.w3.org/TR/xlink/" xmlns:xsi="http://www.w3.org/2001/XMLSchema-instance" xmlns:dim="http://www.dspace.org/xmlns/dspace/dim" OBJEDIT="/admin/item?itemID=51283" OBJID="/handle/10255/dryad.44112" PROFILE="DSPACE METS SIP Profile 1.0" LABEL="DSpace Item" ID="hdl:10255/dryad.44112">
<mets:dmdSec GROUPID="group_dmd_0" ID="dmd_1">
<mets:mdWrap MDTYPE="OTHER" OTHERMDTYPE="DIM">
<mets:xmlData>
<dim:dim dspaceType="ITEM">
<dim:field element="contributor" qualifier="author" mdschema="dc">Liu, Jun</dim:field>
<dim:field element="contributor" qualifier="author" mdschema="dc">Jung, Choonkyun</dim:field>
<dim:field element="contributor" qualifier="author" mdschema="dc">Xu, Jun</dim:field>
<dim:field element="contributor" qualifier="author" mdschema="dc">Wang, Huan</dim:field>
<dim:field element="contributor" qualifier="author" mdschema="dc">Deng, Shulin</dim:field>
<dim:field element="contributor" qualifier="author" mdschema="dc">Bernad, Lucia</dim:field>
<dim:field element="contributor" qualifier="author" mdschema="dc">Arenas-Huertero, Catalina</dim:field>
<dim:field element="contributor" qualifier="author" mdschema="dc">Chua, Nam-Hai</dim:field>
<dim:field element="date" qualifier="issued" mdschema="dc">2012-11</dim:field>
<dim:field element="identifier" mdschema="dc">doi:10.5061/dryad.10hf6</dim:field>
<dim:field element="description" language="" mdschema="dc">Long intergenic noncoding RNAs (lincRNAs) transcribed from intergenic regions of yeast and animal genomes play important roles in key biological processes. Yet, plant lincRNAs remain poorly characterized and how lincRNA biogenesis is regulated is unclear. Using a reproducibility-based bioinformatics strategy to analyze 200 Arabidopsis thaliana transcriptome data sets, we identified 13,230 intergenic transcripts of which 6480 can be classified as lincRNAs. Expression of 2708 lincRNAs was detected by RNA sequencing experiments. Transcriptome profiling by custom microarrays revealed that the majority of these lincRNAs are expressed at a level between those of mRNAs and precursors of miRNAs. A subset of lincRNA genes shows organ-specific expression, whereas others are responsive to biotic and/or abiotic stresses. Further analysis of transcriptome data in 11 mutants uncovered SERRATE, CAP BINDING PROTEIN20 (CBP20), and CBP80 as regulators of lincRNA expression and biogenesis. RT-PCR experiments confirmed these three proteins are also needed for splicing of a small group of intron-containing lincRNAs.</dim:field>
<dim:field element="relation" qualifier="isreferencedby" language="" mdschema="dc">doi:PMID:23136377, doi:10.5061/dryad.n40hc</dim:field>
<dim:field element="title" language="" mdschema="dc">Data from: Genome-Wide Analysis Uncovers Regulation of Long Intergenic Noncoding RNAs in Arabidopsis.</dim:field>
<dim:field element="type" language="*" mdschema="dc">Article</dim:field>
<dim:field element="contributor" qualifier="correspondingAuthor" language="" mdschema="dc">Liu, Jun</dim:field>
<dim:field authority="17fb567f1a521a1e1a482031fa52eb4b" element="publicationName" confidence="UNCERTAIN" language="" mdschema="prism">The Plant cell</dim:field>
<dim:field element="workflow" qualifier="submitted" mdschema="internal">true</dim:field>
</dim:dim>
</mets:xmlData>
</mets:mdWrap>
</mets:dmdSec>
<mets:fileSec/>
<mets:structMap LABEL="DSpace" TYPE="LOGICAL">
<mets:div DMDID="dmd_1" TYPE="DSpace Item"/>
</mets:structMap>
</mets:METS>
