<?xml version="1.0" encoding="UTF-8"?>
<mets:METS xmlns:mets="http://www.loc.gov/METS/" xmlns:xlink="http://www.w3.org/TR/xlink/" xmlns:xsi="http://www.w3.org/2001/XMLSchema-instance" xmlns:dim="http://www.dspace.org/xmlns/dspace/dim" OBJEDIT="/admin/item?itemID=1296" OBJID="/handle/10255/dryad.1135" PROFILE="DSPACE METS SIP Profile 1.0" LABEL="DSpace Item" ID="hdl:10255/dryad.1135">
<mets:dmdSec GROUPID="group_dmd_0" ID="dmd_1">
<mets:mdWrap MDTYPE="OTHER" OTHERMDTYPE="DIM">
<mets:xmlData>
<dim:dim dspaceType="ITEM">
<dim:field element="contributor" qualifier="author" language="en" mdschema="dc">Aguileta, Gabriela</dim:field>
<dim:field element="contributor" qualifier="author" language="en" mdschema="dc">Lengelle, Juliette</dim:field>
<dim:field element="contributor" qualifier="author" language="en" mdschema="dc">Marthey, Sylvain</dim:field>
<dim:field element="contributor" qualifier="author" language="en" mdschema="dc">Chiapello, Hélène</dim:field>
<dim:field element="contributor" qualifier="author" language="en" mdschema="dc">Rodolphe, François</dim:field>
<dim:field element="contributor" qualifier="author" language="en" mdschema="dc">Gendrault, Annie</dim:field>
<dim:field element="contributor" qualifier="author" language="en" mdschema="dc">Yockteng, Roxana</dim:field>
<dim:field element="contributor" qualifier="author" language="en" mdschema="dc">Vercken, Elodie</dim:field>
<dim:field element="contributor" qualifier="author" language="en" mdschema="dc">Devier, Benjamin</dim:field>
<dim:field element="contributor" qualifier="author" language="en" mdschema="dc">Fontaine, Michael</dim:field>
<dim:field element="contributor" qualifier="author" language="en" mdschema="dc">Wincker, Patrick</dim:field>
<dim:field element="contributor" qualifier="author" language="en" mdschema="dc">Dossat, Carole</dim:field>
<dim:field element="contributor" qualifier="author" language="en" mdschema="dc">Cruaud, Corinne</dim:field>
<dim:field element="contributor" qualifier="author" language="en" mdschema="dc">Couloux, Arnaud</dim:field>
<dim:field element="contributor" qualifier="author" language="en" mdschema="dc">Giraud, Tatiana</dim:field>
<dim:field element="date" qualifier="accessioned" language="" mdschema="dc">2009-12-10T15:40:51Z</dim:field>
<dim:field element="date" qualifier="available" language="" mdschema="dc">2009-12-10T15:40:51Z</dim:field>
<dim:field element="date" qualifier="issued" language="" mdschema="dc">2009-12-10T15:40:51Z</dim:field>
<dim:field element="identifier" mdschema="dc">doi:10.5061/dryad.1131/4</dim:field>
<dim:field element="identifier" qualifier="uri" language="" mdschema="dc">http://hdl.handle.net/10255/dryad.1135</dim:field>
<dim:field element="description" language="en" mdschema="dc">ESTs of Microbotryum violaceum on S. vulgaris</dim:field>
<dim:field element="relation" qualifier="ispartof" language="en" mdschema="dc">doi:10.5061/dryad.1131</dim:field>
<dim:field element="rights" qualifier="uri" language="en" mdschema="dc">http://creativecommons.org/publicdomain/zero/1.0/</dim:field>
<dim:field element="subject" language="en" mdschema="dc">Coevolution</dim:field>
<dim:field element="subject" language="en" mdschema="dc">Host Parasite Interactions</dim:field>
<dim:field element="subject" language="en" mdschema="dc">Natural Selection and Contemporary Evolution</dim:field>
<dim:field element="subject" language="en" mdschema="dc">Molecular Evolution</dim:field>
<dim:field element="subject" language="en" mdschema="dc">Fungi</dim:field>
<dim:field element="subject" language="en" mdschema="dc">Genomics/Proteomics</dim:field>
<dim:field element="title" language="en" mdschema="dc">Mviol_Svulgaris_EST.fasta.zip</dim:field>
<dim:field element="type" language="en" mdschema="dc">Dataset</dim:field>
<dim:field element="status" language="" mdschema="dryad">scanned</dim:field>
<dim:field element="dryad" qualifier="pageviews">173</dim:field>
<dim:field element="dryad" qualifier="downloads">50</dim:field>
</dim:dim>
</mets:xmlData>
</mets:mdWrap>
</mets:dmdSec>
<mets:fileSec>
<mets:fileGrp USE="CONTENT">
<mets:file CHECKSUMTYPE="MD5" GROUPID="group_file_960" ID="file_960" MIMETYPE="application/zip" SIZE="4884643" CHECKSUM="922ac672caad47cc9dda0601f341fff7">
<mets:FLocat LOCTYPE="URL" xlink:title="Mviol_Svulgaris_EST.fasta.zip" xlink:type="locator" xlink:href="/bitstream/handle/10255/dryad.1135/Mviol_Svulgaris_EST.fasta.zip?sequence=1"/>
</mets:file>
</mets:fileGrp>
</mets:fileSec>
<mets:structMap LABEL="DSpace" TYPE="LOGICAL">
<mets:div DMDID="dmd_1" TYPE="DSpace Item">
<mets:div ID="div_2" TYPE="DSpace Content Bitstream">
<mets:fptr FILEID="file_960"/>
</mets:div>
</mets:div>
</mets:structMap>
</mets:METS>
