<?xml version="1.0" encoding="UTF-8"?>
<mets:METS xmlns:mets="http://www.loc.gov/METS/" xmlns:xlink="http://www.w3.org/TR/xlink/" xmlns:xsi="http://www.w3.org/2001/XMLSchema-instance" xmlns:dim="http://www.dspace.org/xmlns/dspace/dim" OBJEDIT="/admin/item?itemID=1359" OBJID="/handle/10255/dryad.1192" PROFILE="DSPACE METS SIP Profile 1.0" LABEL="DSpace Item" ID="hdl:10255/dryad.1192">
<mets:dmdSec GROUPID="group_dmd_0" ID="dmd_1">
<mets:mdWrap MDTYPE="OTHER" OTHERMDTYPE="DIM">
<mets:xmlData>
<dim:dim dspaceType="ITEM">
<dim:field element="contributor" qualifier="author" language="en" mdschema="dc">Polezhaeva, Maria</dim:field>
<dim:field element="contributor" qualifier="author" language="en" mdschema="dc">Lascoux, Martin</dim:field>
<dim:field element="contributor" qualifier="author" language="en" mdschema="dc">Semerikov, Vladimir</dim:field>
<dim:field element="coverage" qualifier="spatial" language="en" mdschema="dc">Northeast Asia</dim:field>
<dim:field element="coverage" qualifier="temporal" language="en" mdschema="dc">Holocene</dim:field>
<dim:field element="coverage" qualifier="temporal" language="en" mdschema="dc">Pleistocene</dim:field>
<dim:field element="date" qualifier="accessioned" language="" mdschema="dc">2010-01-12T09:28:46Z</dim:field>
<dim:field element="date" qualifier="available" language="" mdschema="dc">2010-01-12T09:28:46Z</dim:field>
<dim:field element="date" qualifier="issued" language="" mdschema="dc">2010-01-12T09:28:46Z</dim:field>
<dim:field element="identifier" mdschema="dc">doi:10.5061/dryad.1191/1</dim:field>
<dim:field element="identifier" qualifier="uri" language="" mdschema="dc">http://hdl.handle.net/10255/dryad.1192</dim:field>
<dim:field element="relation" qualifier="ispartof" language="en" mdschema="dc">doi:10.5061/dryad.1191</dim:field>
<dim:field element="rights" qualifier="uri" language="en" mdschema="dc">http://creativecommons.org/publicdomain/zero/1.0/</dim:field>
<dim:field element="subject" language="en" mdschema="dc">Larix</dim:field>
<dim:field element="subject" language="en" mdschema="dc">mtDNA</dim:field>
<dim:field element="subject" language="en" mdschema="dc">cpDNA</dim:field>
<dim:field element="subject" language="en" mdschema="dc">biogeography</dim:field>
<dim:field element="subject" language="en" mdschema="dc">Northeast Asia</dim:field>
<dim:field element="subject" language="en" mdschema="dc">glacial refugia</dim:field>
<dim:field element="title" language="en" mdschema="dc">Dryad.xls</dim:field>
<dim:field element="type" language="en" mdschema="dc">Dataset</dim:field>
<dim:field element="ScientificName" language="en" mdschema="dwc">Larix gmelinii</dim:field>
<dim:field element="ScientificName" language="en" mdschema="dwc">Larix olgensis</dim:field>
<dim:field element="ScientificName" language="en" mdschema="dwc">Larix cajanderi</dim:field>
<dim:field element="ScientificName" language="en" mdschema="dwc">Larix kamtschatica</dim:field>
<dim:field element="ScientificName" language="en" mdschema="dwc">Larix kaempferi</dim:field>
<dim:field element="status" language="" mdschema="dryad">scanned</dim:field>
<dim:field element="dryad" qualifier="pageviews">146</dim:field>
<dim:field element="dryad" qualifier="downloads">75</dim:field>
</dim:dim>
</mets:xmlData>
</mets:mdWrap>
</mets:dmdSec>
<mets:fileSec>
<mets:fileGrp USE="CONTENT">
<mets:file CHECKSUMTYPE="MD5" GROUPID="group_file_981" ID="file_981" MIMETYPE="application/vnd.ms-excel" SIZE="88064" CHECKSUM="9251a7c060f4f0e3173cec1e598e188d">
<mets:FLocat LOCTYPE="URL" xlink:title="Dryad.xls" xlink:type="locator" xlink:href="/bitstream/handle/10255/dryad.1192/Dryad.xls?sequence=1"/>
</mets:file>
</mets:fileGrp>
</mets:fileSec>
<mets:structMap LABEL="DSpace" TYPE="LOGICAL">
<mets:div DMDID="dmd_1" TYPE="DSpace Item">
<mets:div ID="div_2" TYPE="DSpace Content Bitstream">
<mets:fptr FILEID="file_981"/>
</mets:div>
</mets:div>
</mets:structMap>
</mets:METS>
