<?xml version="1.0" encoding="UTF-8"?>
<mets:METS xmlns:mets="http://www.loc.gov/METS/" xmlns:xlink="http://www.w3.org/TR/xlink/" xmlns:xsi="http://www.w3.org/2001/XMLSchema-instance" xmlns:dim="http://www.dspace.org/xmlns/dspace/dim" OBJEDIT="/admin/item?itemID=36353" OBJID="/handle/10255/dryad.34395" PROFILE="DSPACE METS SIP Profile 1.0" LABEL="DSpace Item" ID="hdl:10255/dryad.34395">
<mets:dmdSec GROUPID="group_dmd_0" ID="dmd_1">
<mets:mdWrap MDTYPE="OTHER" OTHERMDTYPE="DIM">
<mets:xmlData>
<dim:dim dspaceType="ITEM">
<dim:field element="contributor" qualifier="author" language="" mdschema="dc">Gefen, Eran</dim:field>
<dim:field element="contributor" qualifier="author" language="" mdschema="dc">Brendzel Orit</dim:field>
<dim:field element="coverage" qualifier="spatial" language="en" mdschema="dc">Lower Nahal Oren</dim:field>
<dim:field element="coverage" qualifier="spatial" language="en" mdschema="dc">Israel</dim:field>
<dim:field element="date" qualifier="accessioned" mdschema="dc">2011-07-14T16:08:55Z</dim:field>
<dim:field element="date" qualifier="available" mdschema="dc">2011-07-14T16:08:55Z</dim:field>
<dim:field element="date" qualifier="issued" mdschema="dc">2011-07-14</dim:field>
<dim:field element="identifier" mdschema="dc">doi:10.5061/dryad.0mq34/1</dim:field>
<dim:field element="identifier" qualifier="uri" mdschema="dc">http://hdl.handle.net/10255/dryad.34395</dim:field>
<dim:field element="relation" qualifier="ispartof" language="" mdschema="dc">doi:10.5061/dryad.0mq34</dim:field>
<dim:field element="rights" qualifier="uri" language="" mdschema="dc">http://creativecommons.org/publicdomain/zero/1.0/</dim:field>
<dim:field element="subject" language="en" mdschema="dc">desiccation resistance</dim:field>
<dim:field element="subject" language="en" mdschema="dc">adaptation</dim:field>
<dim:field element="subject" language="en" mdschema="dc">mating success</dim:field>
<dim:field element="subject" language="en" mdschema="dc">assortative mating</dim:field>
<dim:field element="subject" language="en" mdschema="dc">reproductive isolation</dim:field>
<dim:field element="subject" language="en" mdschema="dc">population divergence</dim:field>
<dim:field element="title" language="en" mdschema="dc">Nahal_Oren_D_simulans</dim:field>
<dim:field element="type" language="*" mdschema="dc">Dataset</dim:field>
<dim:field element="ScientificName" language="en" mdschema="dwc">Drosophila simulans</dim:field>
<dim:field element="type" qualifier="embargo" language="en" mdschema="dc">none</dim:field>
<dim:field element="dryad" qualifier="pageviews">88</dim:field>
<dim:field element="dryad" qualifier="downloads">171</dim:field>
</dim:dim>
</mets:xmlData>
</mets:mdWrap>
</mets:dmdSec>
<mets:fileSec>
<mets:fileGrp USE="CONTENT">
<mets:file CHECKSUMTYPE="MD5" GROUPID="group_file_115325" ID="file_115325" MIMETYPE="application/vnd.ms-excel" SIZE="76800" CHECKSUM="4e6878aefebf541c502645119166ce78">
<mets:FLocat LOCTYPE="URL" xlink:title="Nahal_Oren_D_simulans.xls" xlink:label="dataset-file" xlink:type="locator" xlink:href="/bitstream/handle/10255/dryad.34395/Nahal_Oren_D_simulans.xls?sequence=1"/>
</mets:file>
<mets:file CHECKSUMTYPE="MD5" GROUPID="group_file_115326" ID="file_115326" MIMETYPE="application/msword" SIZE="22528" CHECKSUM="8eb43f17a161368e5ef06a427474ba07">
<mets:FLocat LOCTYPE="URL" xlink:title="README.doc" xlink:label="dc_readme" xlink:type="locator" xlink:href="/bitstream/handle/10255/dryad.34395/README.doc?sequence=2"/>
</mets:file>
<mets:file CHECKSUMTYPE="MD5" GROUPID="group_file_115328" ID="file_115328" MIMETYPE="text/plain" SIZE="975" CHECKSUM="ee3eafd7a760747783b74fb213d1584a">
<mets:FLocat LOCTYPE="URL" xlink:title="README.txt" xlink:label="dc_readme" xlink:type="locator" xlink:href="/bitstream/handle/10255/dryad.34395/README.txt?sequence=3"/>
</mets:file>
</mets:fileGrp>
<mets:fileGrp USE="TEXT">
<mets:file CHECKSUMTYPE="MD5" GROUPID="group_file_115328" ID="file_115339" MIMETYPE="text/plain" SIZE="966" CHECKSUM="0cad2ee3adb12018b8ad54b68ea70e78">
<mets:FLocat LOCTYPE="URL" xlink:title="README.txt.txt" xlink:label="Extracted text" xlink:type="locator" xlink:href="/bitstream/handle/10255/dryad.34395/README.txt.txt?sequence=4"/>
</mets:file>
<mets:file CHECKSUMTYPE="MD5" GROUPID="group_file_115326" ID="file_115340" MIMETYPE="text/plain" SIZE="1013" CHECKSUM="285828e3ff069918aaf45653b4513068">
<mets:FLocat LOCTYPE="URL" xlink:title="README.doc.txt" xlink:label="Extracted text" xlink:type="locator" xlink:href="/bitstream/handle/10255/dryad.34395/README.doc.txt?sequence=5"/>
</mets:file>
</mets:fileGrp>
</mets:fileSec>
<mets:structMap LABEL="DSpace" TYPE="LOGICAL">
<mets:div DMDID="dmd_1" TYPE="DSpace Item">
<mets:div ID="div_2" TYPE="DSpace Content Bitstream">
<mets:fptr FILEID="file_115325"/>
</mets:div>
<mets:div ID="div_3" TYPE="DSpace Content Bitstream">
<mets:fptr FILEID="file_115326"/>
</mets:div>
<mets:div ID="div_4" TYPE="DSpace Content Bitstream">
<mets:fptr FILEID="file_115328"/>
</mets:div>
</mets:div>
</mets:structMap>
</mets:METS>
