<?xml version="1.0" encoding="UTF-8"?>
<mets:METS xmlns:mets="http://www.loc.gov/METS/" xmlns:xlink="http://www.w3.org/TR/xlink/" xmlns:xsi="http://www.w3.org/2001/XMLSchema-instance" xmlns:dim="http://www.dspace.org/xmlns/dspace/dim" OBJEDIT="/admin/item?itemID=55913" OBJID="/handle/10255/dryad.47188" PROFILE="DSPACE METS SIP Profile 1.0" LABEL="DSpace Item" ID="hdl:10255/dryad.47188">
<mets:dmdSec GROUPID="group_dmd_0" ID="dmd_1">
<mets:mdWrap MDTYPE="OTHER" OTHERMDTYPE="DIM">
<mets:xmlData>
<dim:dim dspaceType="ITEM">
<dim:field element="contributor" qualifier="author" language="" mdschema="dc">Teasdale, Luisa C.</dim:field>
<dim:field element="contributor" qualifier="author" language="" mdschema="dc">Stevens, Martin</dim:field>
<dim:field element="contributor" qualifier="author" language="" mdschema="dc">Stuart-Fox, Devi</dim:field>
<dim:field element="date" qualifier="accessioned" language="" mdschema="dc">2013-03-04T18:57:29Z</dim:field>
<dim:field element="date" qualifier="available" language="" mdschema="dc">2013-03-04T19:10:33Z</dim:field>
<dim:field element="date" qualifier="issued" language="" mdschema="dc">2013-03-04</dim:field>
<dim:field element="identifier" language="" mdschema="dc">doi:10.5061/dryad.1b2q0/1</dim:field>
<dim:field element="identifier" qualifier="uri" language="" mdschema="dc">http://hdl.handle.net/10255/dryad.47188</dim:field>
<dim:field element="description" language="" mdschema="dc">This data was collected for male tawny dragons (Ctenophorus decresii) in the field (Flinders ranges, South Australia). Details as to how the contrast data and the pattern and colour proportion data was calculated can be found in the paper and the references there in.</dim:field>
<dim:field element="relation" qualifier="ispartof" language="" mdschema="dc">doi:10.5061/dryad.1b2q0</dim:field>
<dim:field element="rights" qualifier="uri" language="" mdschema="dc">http://creativecommons.org/publicdomain/zero/1.0/</dim:field>
<dim:field element="subject" confidence="NOVALUE" language="" mdschema="dc">Visual systems</dim:field>
<dim:field element="subject" confidence="NOVALUE" language="" mdschema="dc">signalling</dim:field>
<dim:field element="subject" confidence="NOVALUE" language="" mdschema="dc">digital image analysis</dim:field>
<dim:field element="subject" confidence="NOVALUE" language="" mdschema="dc">spectrophotometry</dim:field>
<dim:field element="subject" confidence="NOVALUE" language="" mdschema="dc">lizard</dim:field>
<dim:field element="title" language="" mdschema="dc">Teasdale et al 2013 data</dim:field>
<dim:field element="type" language="*" mdschema="dc">Dataset</dim:field>
<dim:field element="type" qualifier="embargo" language="" mdschema="dc">untilArticleAppears</dim:field>
<dim:field element="dryad" qualifier="pageviews">106</dim:field>
<dim:field element="dryad" qualifier="downloads">34</dim:field>
</dim:dim>
</mets:xmlData>
</mets:mdWrap>
</mets:dmdSec>
<mets:fileSec>
<mets:fileGrp USE="CONTENT">
<mets:file CHECKSUMTYPE="MD5" GROUPID="group_file_130330" ID="file_130330" MIMETYPE="application/vnd.ms-excel" SIZE="97280" CHECKSUM="5d8583ed6588902b72838a3aa805c69f">
<mets:FLocat LOCTYPE="URL" xlink:title="Teasdale et al 2013 data.xls" xlink:label="dataset-file" xlink:type="locator" xlink:href="/bitstream/handle/10255/dryad.47188/Teasdale%20et%20al%202013%20data.xls?sequence=1"/>
</mets:file>
</mets:fileGrp>
</mets:fileSec>
<mets:structMap LABEL="DSpace" TYPE="LOGICAL">
<mets:div DMDID="dmd_1" TYPE="DSpace Item">
<mets:div ID="div_2" TYPE="DSpace Content Bitstream">
<mets:fptr FILEID="file_130330"/>
</mets:div>
</mets:div>
</mets:structMap>
</mets:METS>
