<?xml version="1.0" encoding="UTF-8"?>
<mets:METS xmlns:mets="http://www.loc.gov/METS/" xmlns:xlink="http://www.w3.org/TR/xlink/" xmlns:xsi="http://www.w3.org/2001/XMLSchema-instance" xmlns:dim="http://www.dspace.org/xmlns/dspace/dim" OBJEDIT="/admin/item?itemID=1308" OBJID="/handle/10255/dryad.1147" PROFILE="DSPACE METS SIP Profile 1.0" LABEL="DSpace Item" ID="hdl:10255/dryad.1147">
<mets:dmdSec GROUPID="group_dmd_0" ID="dmd_1">
<mets:mdWrap MDTYPE="OTHER" OTHERMDTYPE="DIM">
<mets:xmlData>
<dim:dim dspaceType="ITEM">
<dim:field element="contributor" qualifier="author" language="en" mdschema="dc">Tezanos-Pinto, Gabriela</dim:field>
<dim:field element="contributor" qualifier="author" language="en" mdschema="dc">Baker, Charles S</dim:field>
<dim:field element="contributor" qualifier="author" language="en" mdschema="dc">Russell, Kirsty</dim:field>
<dim:field element="contributor" qualifier="author" language="en" mdschema="dc">Martien, Karen</dim:field>
<dim:field element="contributor" qualifier="author" language="en" mdschema="dc">Baird, Robin</dim:field>
<dim:field element="contributor" qualifier="author" language="en" mdschema="dc">Hutt, Alistair</dim:field>
<dim:field element="contributor" qualifier="author" language="en" mdschema="dc">Stone, Gregory</dim:field>
<dim:field element="contributor" qualifier="author" language="en" mdschema="dc">Mignucci-Giannoni, Antonio A</dim:field>
<dim:field element="contributor" qualifier="author" language="en" mdschema="dc">Caballero, Susana</dim:field>
<dim:field element="contributor" qualifier="author" language="en" mdschema="dc">Endo, Tetsuya</dim:field>
<dim:field element="contributor" qualifier="author" language="en" mdschema="dc">Lavery, Shane</dim:field>
<dim:field element="contributor" qualifier="author" language="en" mdschema="dc">Oremus, Marc</dim:field>
<dim:field element="contributor" qualifier="author" language="en" mdschema="dc">Olavarria, Carlos</dim:field>
<dim:field element="contributor" qualifier="author" language="en" mdschema="dc">Garrigue, Claire</dim:field>
<dim:field element="coverage" qualifier="spatial" language="en" mdschema="dc">Eastern North Atlantic</dim:field>
<dim:field element="coverage" qualifier="spatial" language="en" mdschema="dc">Mediterranean Sea</dim:field>
<dim:field element="coverage" qualifier="spatial" language="en" mdschema="dc">West Africa</dim:field>
<dim:field element="coverage" qualifier="spatial" language="en" mdschema="dc">Japan</dim:field>
<dim:field element="coverage" qualifier="spatial" language="en" mdschema="dc">China</dim:field>
<dim:field element="coverage" qualifier="spatial" language="en" mdschema="dc">Taiwan</dim:field>
<dim:field element="coverage" qualifier="spatial" language="en" mdschema="dc">Hawai‘i</dim:field>
<dim:field element="coverage" qualifier="spatial" language="en" mdschema="dc">Palmyra Atoll</dim:field>
<dim:field element="coverage" qualifier="spatial" language="en" mdschema="dc">Republic of Kiribati</dim:field>
<dim:field element="coverage" qualifier="spatial" language="en" mdschema="dc">Samoa</dim:field>
<dim:field element="coverage" qualifier="spatial" language="en" mdschema="dc">French Polynesia</dim:field>
<dim:field element="coverage" qualifier="spatial" language="en" mdschema="dc">New Caledonia</dim:field>
<dim:field element="coverage" qualifier="spatial" language="en" mdschema="dc">New Zealand</dim:field>
<dim:field element="coverage" qualifier="spatial" language="en" mdschema="dc">Eastern North Pacific</dim:field>
<dim:field element="coverage" qualifier="spatial" language="en" mdschema="dc">Gulf of Mexico</dim:field>
<dim:field element="coverage" qualifier="spatial" language="en" mdschema="dc">Western North Atlantic</dim:field>
<dim:field element="coverage" qualifier="spatial" language="en" mdschema="dc">Bahamas</dim:field>
<dim:field element="coverage" qualifier="spatial" language="en" mdschema="dc">Caribbean</dim:field>
<dim:field element="coverage" qualifier="spatial" language="en" mdschema="dc">Brazil</dim:field>
<dim:field element="date" qualifier="accessioned" language="" mdschema="dc">2009-12-16T01:28:54Z</dim:field>
<dim:field element="date" qualifier="available" language="" mdschema="dc">2009-12-16T01:28:54Z</dim:field>
<dim:field element="date" qualifier="issued" language="" mdschema="dc">2009-12-16T01:28:54Z</dim:field>
<dim:field element="identifier" mdschema="dc">doi:10.5061/dryad.1146/1</dim:field>
<dim:field element="identifier" qualifier="uri" language="" mdschema="dc">http://hdl.handle.net/10255/dryad.1147</dim:field>
<dim:field element="description" language="en" mdschema="dc">Table of haplotype sequences (including their frequency by population) obtained from published sequences, biopsy samples,‘‘whale meat’’ products, and GenBank sources</dim:field>
<dim:field element="relation" qualifier="ispartof" language="en" mdschema="dc">doi:10.5061/dryad.1146</dim:field>
<dim:field element="rights" qualifier="uri" language="en" mdschema="dc">http://creativecommons.org/publicdomain/zero/1.0/</dim:field>
<dim:field element="subject" language="en" mdschema="dc">tursiops truncatus</dim:field>
<dim:field element="subject" language="en" mdschema="dc">bottlenose dolphin</dim:field>
<dim:field element="subject" language="en" mdschema="dc">ecotype</dim:field>
<dim:field element="subject" language="en" mdschema="dc">population structure</dim:field>
<dim:field element="subject" language="en" mdschema="dc">genetic diversity</dim:field>
<dim:field element="subject" language="en" mdschema="dc">New Zealand</dim:field>
<dim:field element="title" language="en" mdschema="dc">esn039_supp.doc</dim:field>
<dim:field element="type" language="en" mdschema="dc">Dataset</dim:field>
<dim:field element="ScientificName" language="en" mdschema="dwc">Tursiops truncatus</dim:field>
<dim:field element="status" language="" mdschema="dryad">scanned</dim:field>
<dim:field element="dryad" qualifier="pageviews">217</dim:field>
<dim:field element="dryad" qualifier="downloads">73</dim:field>
</dim:dim>
</mets:xmlData>
</mets:mdWrap>
</mets:dmdSec>
<mets:fileSec>
<mets:fileGrp USE="CONTENT">
<mets:file CHECKSUMTYPE="MD5" GROUPID="group_file_965" ID="file_965" MIMETYPE="application/msword" SIZE="462848" CHECKSUM="25d3543a05a58b1181aa4b53dc429a48">
<mets:FLocat LOCTYPE="URL" xlink:title="esn039_supp.doc" xlink:type="locator" xlink:href="/bitstream/handle/10255/dryad.1147/esn039_supp.doc?sequence=1"/>
</mets:file>
</mets:fileGrp>
<mets:fileGrp USE="TEXT">
<mets:file CHECKSUMTYPE="MD5" GROUPID="group_file_965" ID="file_1261" MIMETYPE="text/plain" SIZE="6267" CHECKSUM="6898846d9c9cbb4b9d5179dd5a656bfc">
<mets:FLocat LOCTYPE="URL" xlink:title="esn039_supp.doc.txt" xlink:label="Extracted text" xlink:type="locator" xlink:href="/bitstream/handle/10255/dryad.1147/esn039_supp.doc.txt?sequence=2"/>
</mets:file>
</mets:fileGrp>
</mets:fileSec>
<mets:structMap LABEL="DSpace" TYPE="LOGICAL">
<mets:div DMDID="dmd_1" TYPE="DSpace Item">
<mets:div ID="div_2" TYPE="DSpace Content Bitstream">
<mets:fptr FILEID="file_965"/>
</mets:div>
</mets:div>
</mets:structMap>
</mets:METS>
