<?xml version="1.0" encoding="UTF-8"?>
<mets:METS xmlns:mets="http://www.loc.gov/METS/" xmlns:xlink="http://www.w3.org/TR/xlink/" xmlns:xsi="http://www.w3.org/2001/XMLSchema-instance" xmlns:dim="http://www.dspace.org/xmlns/dspace/dim" OBJEDIT="/admin/item?itemID=1940" OBJID="/handle/10255/dryad.1709" PROFILE="DSPACE METS SIP Profile 1.0" LABEL="DSpace Item" ID="hdl:10255/dryad.1709">
<mets:dmdSec GROUPID="group_dmd_0" ID="dmd_1">
<mets:mdWrap MDTYPE="OTHER" OTHERMDTYPE="DIM">
<mets:xmlData>
<dim:dim dspaceType="ITEM">
<dim:field element="contributor" qualifier="author" language="en" mdschema="dc">Elias, Marianne</dim:field>
<dim:field element="contributor" qualifier="author" language="en" mdschema="dc">Joron, Mathieu</dim:field>
<dim:field element="contributor" qualifier="author" language="en" mdschema="dc">Willmott, Keith</dim:field>
<dim:field element="contributor" qualifier="author" language="en" mdschema="dc">Kaiser, Vera</dim:field>
<dim:field element="contributor" qualifier="author" language="en" mdschema="dc">Silva-Brandão, Karina</dim:field>
<dim:field element="contributor" qualifier="author" language="en" mdschema="dc">Arias, Carlos</dim:field>
<dim:field element="contributor" qualifier="author" language="en" mdschema="dc">Gomez Piñeres, Luz Miryam</dim:field>
<dim:field element="contributor" qualifier="author" language="en" mdschema="dc">Uribe, Sandra</dim:field>
<dim:field element="contributor" qualifier="author" language="en" mdschema="dc">Brower, Andrew</dim:field>
<dim:field element="contributor" qualifier="author" language="en" mdschema="dc">Freitas, André</dim:field>
<dim:field element="contributor" qualifier="author" language="en" mdschema="dc">Jiggins, Chris</dim:field>
<dim:field element="coverage" qualifier="spatial" language="en" mdschema="dc">South and Central America</dim:field>
<dim:field element="coverage" qualifier="temporal" language="en" mdschema="dc">Middle Miocene</dim:field>
<dim:field element="date" qualifier="accessioned" language="" mdschema="dc">2010-06-25T15:15:20Z</dim:field>
<dim:field element="date" qualifier="available" language="" mdschema="dc">2010-06-25T15:15:20Z</dim:field>
<dim:field element="date" qualifier="issued" language="" mdschema="dc">2010-06-25</dim:field>
<dim:field element="identifier" mdschema="dc">doi:10.5061/dryad.1705/4</dim:field>
<dim:field element="identifier" qualifier="uri" language="" mdschema="dc">http://hdl.handle.net/10255/dryad.1709</dim:field>
<dim:field element="description" language="en" mdschema="dc">Concatenated sequences of CoxI, CoxII, EF1a, Tektin and wingless genes for all but one known species of the butterfly Genus Ithomia(Nymphalidae: Danainae). Format for BEAST.</dim:field>
<dim:field element="relation" qualifier="ispartof" language="en" mdschema="dc">doi:10.5061/dryad.1705</dim:field>
<dim:field element="rights" qualifier="uri" language="en" mdschema="dc">http://creativecommons.org/publicdomain/zero/1.0/</dim:field>
<dim:field element="subject" language="en" mdschema="dc">Comparative Biology</dim:field>
<dim:field element="subject" language="en" mdschema="dc">Insects</dim:field>
<dim:field element="subject" language="en" mdschema="dc">Molecular Evolution</dim:field>
<dim:field element="subject" language="en" mdschema="dc">Speciation</dim:field>
<dim:field element="title" language="en" mdschema="dc">Ithomiaspecies.xml</dim:field>
<dim:field element="type" language="en" mdschema="dc">Dataset</dim:field>
<dim:field element="ScientificName" language="en" mdschema="dwc">Ithomia</dim:field>
<dim:field element="dryad" qualifier="pageviews">158</dim:field>
<dim:field element="dryad" qualifier="downloads">76</dim:field>
</dim:dim>
</mets:xmlData>
</mets:mdWrap>
</mets:dmdSec>
<mets:fileSec>
<mets:fileGrp USE="CONTENT">
<mets:file CHECKSUMTYPE="MD5" GROUPID="group_file_1537" ID="file_1537" MIMETYPE="text/xml" SIZE="120741" CHECKSUM="5fdfabccae31d0acf3b6d3d8a597927c">
<mets:FLocat LOCTYPE="URL" xlink:title="Ithomiaspecies.xml" xlink:type="locator" xlink:href="/bitstream/handle/10255/dryad.1709/Ithomiaspecies.xml?sequence=1"/>
</mets:file>
</mets:fileGrp>
</mets:fileSec>
<mets:structMap LABEL="DSpace" TYPE="LOGICAL">
<mets:div DMDID="dmd_1" TYPE="DSpace Item">
<mets:div ID="div_2" TYPE="DSpace Content Bitstream">
<mets:fptr FILEID="file_1537"/>
</mets:div>
</mets:div>
</mets:structMap>
</mets:METS>
