<?xml version="1.0" encoding="UTF-8"?>
<mets:METS xmlns:mets="http://www.loc.gov/METS/" xmlns:xlink="http://www.w3.org/TR/xlink/" xmlns:xsi="http://www.w3.org/2001/XMLSchema-instance" xmlns:dim="http://www.dspace.org/xmlns/dspace/dim" OBJEDIT="/admin/item?itemID=211" OBJID="/handle/10255/dryad.191" PROFILE="DSPACE METS SIP Profile 1.0" LABEL="DSpace Item" ID="hdl:10255/dryad.191">
<mets:dmdSec GROUPID="group_dmd_0" ID="dmd_1">
<mets:mdWrap MDTYPE="OTHER" OTHERMDTYPE="DIM">
<mets:xmlData>
<dim:dim dspaceType="ITEM">
<dim:field element="contributor" qualifier="author" language="" mdschema="dc">Newton, Alicia</dim:field>
<dim:field element="contributor" qualifier="author" language="" mdschema="dc">Pistiner, Janna</dim:field>
<dim:field element="coverage" qualifier="spatial" language="" mdschema="dc">Santa Cruz, Farm near Bellavista</dim:field>
<dim:field element="coverage" qualifier="temporal" language="" mdschema="dc">8/4/1999</dim:field>
<dim:field element="date" qualifier="accessioned" language="" mdschema="dc">2008-09-30T16:39:48Z</dim:field>
<dim:field element="date" qualifier="available" language="" mdschema="dc">2008-09-30T16:39:48Z</dim:field>
<dim:field element="date" qualifier="issued" language="" mdschema="dc">1999-08</dim:field>
<dim:field element="identifier" mdschema="dc">doi:10.5061/dryad.159/22</dim:field>
<dim:field element="identifier" qualifier="uri" language="" mdschema="dc">http://hdl.handle.net/10255/dryad.191</dim:field>
<dim:field element="relation" qualifier="ispartof" language="" mdschema="dc">http://hdl.handle.net/10255/dryad.159</dim:field>
<dim:field element="rights" qualifier="uri" language="" mdschema="dc">http://datadryad.org/bitstream/handle/10255/dryad.191/license.txt?sequence=2</dim:field>
<dim:field element="subject" language="en_US" mdschema="dc">human impact</dim:field>
<dim:field element="subject" language="en_US" mdschema="dc">agriculture</dim:field>
<dim:field element="title" language="en_US" mdschema="dc">Farm Yard Near Puerto Ayora</dim:field>
<dim:field element="type" language="en_US" mdschema="dc">Image</dim:field>
<dim:field element="dryad" qualifier="pageviews">229</dim:field>
<dim:field element="dryad" qualifier="downloads">122</dim:field>
</dim:dim>
</mets:xmlData>
</mets:mdWrap>
</mets:dmdSec>
<mets:fileSec>
<mets:fileGrp USE="CONTENT">
<mets:file CHECKSUMTYPE="MD5" GROUPID="group_file_387" ID="file_387" MIMETYPE="image/jpeg" SIZE="207020" CHECKSUM="9698f65f54431e39be13668aad454847">
<mets:FLocat LOCTYPE="URL" xlink:title="Farm496_L.jpg" xlink:type="locator" xlink:href="/bitstream/handle/10255/dryad.191/Farm496_L.jpg?sequence=1"/>
</mets:file>
</mets:fileGrp>
<mets:fileGrp USE="LICENSE">
<mets:file CHECKSUMTYPE="MD5" GROUPID="group_file_388" ID="file_388" MIMETYPE="text/plain" SIZE="784" CHECKSUM="042343d77988e50c94ebe9df6902c8bb">
<mets:FLocat LOCTYPE="URL" xlink:title="license.txt" xlink:type="locator" xlink:href="/bitstream/handle/10255/dryad.191/license.txt?sequence=2"/>
</mets:file>
</mets:fileGrp>
<mets:fileGrp USE="THUMBNAIL">
<mets:file CHECKSUMTYPE="MD5" GROUPID="group_file_387" ID="file_1453" MIMETYPE="image/jpeg" SIZE="2541" CHECKSUM="90f9ce6afc78291653cdd7b8618d72fd">
<mets:FLocat LOCTYPE="URL" xlink:title="Farm496_L.jpg.jpg" xlink:label="Generated Thumbnail" xlink:type="locator" xlink:href="/bitstream/handle/10255/dryad.191/Farm496_L.jpg.jpg?sequence=3"/>
</mets:file>
</mets:fileGrp>
</mets:fileSec>
<mets:structMap LABEL="DSpace" TYPE="LOGICAL">
<mets:div DMDID="dmd_1" TYPE="DSpace Item">
<mets:div ID="div_2" TYPE="DSpace Content Bitstream">
<mets:fptr FILEID="file_387"/>
</mets:div>
</mets:div>
</mets:structMap>
</mets:METS>
