<?xml version="1.0" encoding="UTF-8"?>
<mets:METS xmlns:mets="http://www.loc.gov/METS/" xmlns:xlink="http://www.w3.org/TR/xlink/" xmlns:xsi="http://www.w3.org/2001/XMLSchema-instance" xmlns:dim="http://www.dspace.org/xmlns/dspace/dim" OBJEDIT="/admin/item?itemID=1986" OBJID="/handle/10255/dryad.1751" PROFILE="DSPACE METS SIP Profile 1.0" LABEL="DSpace Item" ID="hdl:10255/dryad.1751">
<mets:dmdSec GROUPID="group_dmd_0" ID="dmd_1">
<mets:mdWrap MDTYPE="OTHER" OTHERMDTYPE="DIM">
<mets:xmlData>
<dim:dim dspaceType="ITEM">
<dim:field element="contributor" qualifier="author" language="en" mdschema="dc">Møller, Anders P</dim:field>
<dim:field element="contributor" qualifier="author" language="en" mdschema="dc">Erritzøe, Johannes</dim:field>
<dim:field element="contributor" qualifier="author" language="en" mdschema="dc">Karadas, Filiz</dim:field>
<dim:field element="contributor" qualifier="author" language="en" mdschema="dc">Mousseau, Timothy A</dim:field>
<dim:field element="coverage" qualifier="spatial" language="en" mdschema="dc">Europe</dim:field>
<dim:field element="date" qualifier="accessioned" language="" mdschema="dc">2010-07-12T13:53:46Z</dim:field>
<dim:field element="date" qualifier="available" language="" mdschema="dc">2010-09-15T06:30:06Z</dim:field>
<dim:field element="date" qualifier="issued" language="" mdschema="dc">2010-07-12</dim:field>
<dim:field element="identifier" mdschema="dc">doi:10.5061/dryad.1750/1</dim:field>
<dim:field element="identifier" qualifier="uri" language="" mdschema="dc">http://hdl.handle.net/10255/dryad.1751</dim:field>
<dim:field element="description" language="en" mdschema="dc">Datafile containing all information as defined in paper</dim:field>
<dim:field element="relation" qualifier="ispartof" language="en" mdschema="dc">doi:10.5061/dryad.1750</dim:field>
<dim:field element="rights" qualifier="uri" language="en" mdschema="dc">http://creativecommons.org/publicdomain/zero/1.0/</dim:field>
<dim:field element="subject" language="en" mdschema="dc">Birds</dim:field>
<dim:field element="subject" language="en" mdschema="dc">Comparative studies</dim:field>
<dim:field element="subject" language="en" mdschema="dc">Molecular evolution</dim:field>
<dim:field element="title" language="en" mdschema="dc">ChernobylData.txt</dim:field>
<dim:field element="type" language="en" mdschema="dc">Dataset</dim:field>
<dim:field element="ScientificName" language="en" mdschema="dwc">Birds</dim:field>
<dim:field element="dryad" qualifier="pageviews">133</dim:field>
<dim:field element="dryad" qualifier="downloads">58</dim:field>
</dim:dim>
</mets:xmlData>
</mets:mdWrap>
</mets:dmdSec>
<mets:fileSec>
<mets:fileGrp USE="CONTENT">
<mets:file CHECKSUMTYPE="MD5" GROUPID="group_file_1569" ID="file_1569" MIMETYPE="text/plain" SIZE="3078" CHECKSUM="e1678459b9844389839cc836bee49d9d">
<mets:FLocat LOCTYPE="URL" xlink:title="ChernobylData.txt" xlink:type="locator" xlink:href="/bitstream/handle/10255/dryad.1751/ChernobylData.txt?sequence=1"/>
</mets:file>
</mets:fileGrp>
<mets:fileGrp USE="TEXT">
<mets:file CHECKSUMTYPE="MD5" GROUPID="group_file_1569" ID="file_1570" MIMETYPE="text/plain" SIZE="3078" CHECKSUM="aa28b6e1f0637591e7c241ea4b0a5943">
<mets:FLocat LOCTYPE="URL" xlink:title="ChernobylData.txt.txt" xlink:label="Extracted text" xlink:type="locator" xlink:href="/bitstream/handle/10255/dryad.1751/ChernobylData.txt.txt?sequence=2"/>
</mets:file>
</mets:fileGrp>
</mets:fileSec>
<mets:structMap LABEL="DSpace" TYPE="LOGICAL">
<mets:div DMDID="dmd_1" TYPE="DSpace Item">
<mets:div ID="div_2" TYPE="DSpace Content Bitstream">
<mets:fptr FILEID="file_1569"/>
</mets:div>
</mets:div>
</mets:structMap>
</mets:METS>
