<?xml version="1.0" encoding="UTF-8"?>
<mets:METS xmlns:mets="http://www.loc.gov/METS/" xmlns:xlink="http://www.w3.org/TR/xlink/" xmlns:xsi="http://www.w3.org/2001/XMLSchema-instance" xmlns:dim="http://www.dspace.org/xmlns/dspace/dim" OBJEDIT="/admin/item?itemID=50423" OBJID="/handle/10255/dryad.43592" PROFILE="DSPACE METS SIP Profile 1.0" LABEL="DSpace Item" ID="hdl:10255/dryad.43592">
<mets:dmdSec GROUPID="group_dmd_0" ID="dmd_1">
<mets:mdWrap MDTYPE="OTHER" OTHERMDTYPE="DIM">
<mets:xmlData>
<dim:dim dspaceType="ITEM">
<dim:field element="contributor" qualifier="author" mdschema="dc">Patterson, Michelle</dim:field>
<dim:field element="contributor" qualifier="author" mdschema="dc">Moniruzzaman, Akm</dim:field>
<dim:field element="contributor" qualifier="author" mdschema="dc">Frankish, Charles</dim:field>
<dim:field element="contributor" qualifier="author" mdschema="dc">Somers, Julian</dim:field>
<dim:field element="identifier" mdschema="dc">doi:10.5061/dryad.17sk4</dim:field>
<dim:field element="description" language="" mdschema="dc">Objectives. Childhood learning disabilities adversely impact child development and a wide range of adult outcomes; however, these indicators have received scant attention among homeless adults. This study examines self-reported learning disabilities in childhood as predictors of duration of homelessness, mental and substance use disorders, physical health, and service utilization in a sample of homeless adults with current mental illness. Design: This study was conducted using the baseline sample from a randomized controlled trial. Setting: Participants were sampled from the community in Vancouver, British Columbia. Participants: The total sample included 497 adult participants who met criteria for absolute homelessness or precarious housing and a current mental disorder based on a structured diagnostic interview. Learning disabilities in childhood were assessed by asking adult participants whether they thought they had a learning disability in childhood and if anyone had told them they had a learning disability. Only participants who responded positively to both questions (n=133) were included in analyses. Outcome measures. Primary outcomes include current mental disorders, substance use disorders, physical health, service utilization and duration of homelessness. Results. In multivariable regression models, self-reported learning disability during childhood independently predicted self-reported educational attainment and lifetime duration of homelessness as well as a range of mental health, physical health, and substance use problems, but did not predict reported health or justice service utilization. Conclusions. Childhood learning problems are overrepresented among homeless adults with complex comorbidities and long histories of homelessness. Our findings are consistent with a growing body of literature indicating that adverse childhood events are potent risk factors for a number of adult health and psychiatric problems, including substance abuse. Results are discussed in the context of cumulative adversity and problem behaviour theory. Trials registration Number: ISRCTN42520374.</dim:field>
<dim:field element="subject" confidence="NOVALUE" language="" mdschema="dc">MENTAL HEALTH</dim:field>
<dim:field element="subject" confidence="NOVALUE" language="" mdschema="dc">Substance misuse</dim:field>
<dim:field element="subject" confidence="NOVALUE" language="" mdschema="dc">PSYCHIATRY</dim:field>
<dim:field element="subject" confidence="NOVALUE" language="" mdschema="dc">PUBLIC HEALTH</dim:field>
<dim:field element="title" language="" mdschema="dc">Data from: Missed Opportunities: Childhood Learning Disabilities as Early Indicators of Risk among Homeless Adults with Mental Illness in Vancouver, British Columbia</dim:field>
<dim:field element="type" language="*" mdschema="dc">Article</dim:field>
<dim:field element="contributor" qualifier="correspondingAuthor" language="" mdschema="dc">Patterson, Michelle</dim:field>
<dim:field element="identifier" qualifier="manuscriptNumber" mdschema="dc">bmjOpen-bmjopen-2012-001586.R1</dim:field>
<dim:field authority="a14a5ed14e3e6f6a54e4758912146652" element="publicationName" confidence="UNCERTAIN" language="" mdschema="prism">BMJ Open</dim:field>
<dim:field element="archive" qualifier="mailUsers" mdschema="workflow">editorial.bmjopen@bmjgroup.com</dim:field>
<dim:field element="archive" qualifier="mailUsers" mdschema="workflow">admin@datadryad.org</dim:field>
<dim:field element="archive" qualifier="mailUsers" mdschema="workflow">curator@datadryad.org</dim:field>
<dim:field element="submit" qualifier="skipReviewStage" mdschema="workflow">false</dim:field>
<dim:field element="workflow" qualifier="submitted" mdschema="internal">true</dim:field>
<dim:field element="submit" qualifier="showEmbargo" mdschema="internal">false</dim:field>
<dim:field element="review" qualifier="mailUsers" mdschema="workflow">editorial.bmjopen@bmjgroup.com</dim:field>
<dim:field element="review" qualifier="mailUsers" mdschema="workflow">admin@datadryad.org</dim:field>
<dim:field element="review" qualifier="mailUsers" mdschema="workflow">curator@datadryad.org</dim:field>
</dim:dim>
</mets:xmlData>
</mets:mdWrap>
</mets:dmdSec>
<mets:fileSec/>
<mets:structMap LABEL="DSpace" TYPE="LOGICAL">
<mets:div DMDID="dmd_1" TYPE="DSpace Item"/>
</mets:structMap>
</mets:METS>
