<?xml version="1.0" encoding="UTF-8"?>
<mets:METS xmlns:mets="http://www.loc.gov/METS/" xmlns:xlink="http://www.w3.org/TR/xlink/" xmlns:xsi="http://www.w3.org/2001/XMLSchema-instance" xmlns:dim="http://www.dspace.org/xmlns/dspace/dim" OBJEDIT="/admin/item?itemID=1375" OBJID="/handle/10255/dryad.1206" PROFILE="DSPACE METS SIP Profile 1.0" LABEL="DSpace Item" ID="hdl:10255/dryad.1206">
<mets:dmdSec GROUPID="group_dmd_0" ID="dmd_1">
<mets:mdWrap MDTYPE="OTHER" OTHERMDTYPE="DIM">
<mets:xmlData>
<dim:dim dspaceType="ITEM">
<dim:field element="contributor" qualifier="author" language="en" mdschema="dc">Farlow, Ashley</dim:field>
<dim:field element="contributor" qualifier="author" language="en" mdschema="dc">Meduri, Eshwar</dim:field>
<dim:field element="contributor" qualifier="author" language="en" mdschema="dc">Dolezal, Marlies</dim:field>
<dim:field element="contributor" qualifier="author" language="en" mdschema="dc">Hua, Liushuai</dim:field>
<dim:field element="contributor" qualifier="author" language="en" mdschema="dc">Schlötterer, Christian</dim:field>
<dim:field element="date" qualifier="accessioned" language="" mdschema="dc">2010-01-25T11:45:24Z</dim:field>
<dim:field element="date" qualifier="available" language="" mdschema="dc">2010-01-25T11:45:24Z</dim:field>
<dim:field element="date" qualifier="issued" language="" mdschema="dc">2010-01-25T11:45:24Z</dim:field>
<dim:field element="identifier" mdschema="dc">doi:10.5061/dryad.1205/1</dim:field>
<dim:field element="identifier" qualifier="uri" language="" mdschema="dc">http://hdl.handle.net/10255/dryad.1206</dim:field>
<dim:field element="relation" qualifier="ispartof" language="en" mdschema="dc">doi:10.5061/dryad.1205</dim:field>
<dim:field element="rights" qualifier="uri" language="en" mdschema="dc">http://creativecommons.org/publicdomain/zero/1.0/</dim:field>
<dim:field element="subject" language="en" mdschema="dc">Intron gain</dim:field>
<dim:field element="subject" language="en" mdschema="dc">NMD</dim:field>
<dim:field element="title" language="en" mdschema="dc">Drosophila_annotation.zip</dim:field>
<dim:field element="type" language="en" mdschema="dc">Dataset</dim:field>
<dim:field element="status" language="" mdschema="dryad">scanned</dim:field>
<dim:field element="dryad" qualifier="pageviews">136</dim:field>
<dim:field element="dryad" qualifier="downloads">111</dim:field>
</dim:dim>
</mets:xmlData>
</mets:mdWrap>
</mets:dmdSec>
<mets:fileSec>
<mets:fileGrp USE="CONTENT">
<mets:file CHECKSUMTYPE="MD5" GROUPID="group_file_985" ID="file_985" MIMETYPE="application/zip" SIZE="123476058" CHECKSUM="83eaa9c3aedfc0667843ed3b34c39033">
<mets:FLocat LOCTYPE="URL" xlink:title="Drosophila_annotation.zip" xlink:type="locator" xlink:href="/bitstream/handle/10255/dryad.1206/Drosophila_annotation.zip?sequence=1"/>
</mets:file>
<mets:file CHECKSUMTYPE="MD5" GROUPID="group_file_986" ID="file_986" MIMETYPE="application/pdf" SIZE="345924" CHECKSUM="99329c508d21fa833984a13512576b20">
<mets:FLocat LOCTYPE="URL" xlink:title="README.pdf" xlink:type="locator" xlink:href="/bitstream/handle/10255/dryad.1206/README.pdf?sequence=2"/>
</mets:file>
</mets:fileGrp>
<mets:fileGrp USE="TEXT">
<mets:file CHECKSUMTYPE="MD5" GROUPID="group_file_986" ID="file_1417" MIMETYPE="text/plain" SIZE="4892" CHECKSUM="18892dbbc755ddf1395c3c16b335f88a">
<mets:FLocat LOCTYPE="URL" xlink:title="README.pdf.txt" xlink:label="Extracted text" xlink:type="locator" xlink:href="/bitstream/handle/10255/dryad.1206/README.pdf.txt?sequence=3"/>
</mets:file>
</mets:fileGrp>
</mets:fileSec>
<mets:structMap LABEL="DSpace" TYPE="LOGICAL">
<mets:div DMDID="dmd_1" TYPE="DSpace Item">
<mets:div ID="div_2" TYPE="DSpace Content Bitstream">
<mets:fptr FILEID="file_985"/>
</mets:div>
<mets:div ID="div_3" TYPE="DSpace Content Bitstream">
<mets:fptr FILEID="file_986"/>
</mets:div>
</mets:div>
</mets:structMap>
</mets:METS>
