<?xml version="1.0" encoding="UTF-8"?>
<mets:METS xmlns:mets="http://www.loc.gov/METS/" xmlns:xlink="http://www.w3.org/TR/xlink/" xmlns:xsi="http://www.w3.org/2001/XMLSchema-instance" xmlns:dim="http://www.dspace.org/xmlns/dspace/dim" OBJEDIT="/admin/item?itemID=59749" OBJID="/handle/10255/dryad.49767" PROFILE="DSPACE METS SIP Profile 1.0" LABEL="DSpace Item" ID="hdl:10255/dryad.49767">
<mets:dmdSec GROUPID="group_dmd_0" ID="dmd_1">
<mets:mdWrap MDTYPE="OTHER" OTHERMDTYPE="DIM">
<mets:xmlData>
<dim:dim dspaceType="ITEM">
<dim:field element="contributor" qualifier="author" mdschema="dc">Churcher, Thomas</dim:field>
<dim:field element="contributor" qualifier="author" mdschema="dc">Bousema, Teun</dim:field>
<dim:field element="contributor" qualifier="author" mdschema="dc">Walker, Martin</dim:field>
<dim:field element="contributor" qualifier="author" mdschema="dc">Drakeley, Chris</dim:field>
<dim:field element="contributor" qualifier="author" mdschema="dc">Schneider, Petra</dim:field>
<dim:field element="contributor" qualifier="author" mdschema="dc">Ouédraogo, André Lin</dim:field>
<dim:field element="contributor" qualifier="author" mdschema="dc">Basáñez, María-Gloria</dim:field>
<dim:field element="coverage" qualifier="spatial" language="" mdschema="dc">Kenya</dim:field>
<dim:field element="coverage" qualifier="spatial" language="" mdschema="dc">Burkina Faso</dim:field>
<dim:field element="date" qualifier="accessioned" mdschema="dc">2013-08-19T14:57:04Z</dim:field>
<dim:field element="date" qualifier="available" mdschema="dc">2013-08-19T14:57:04Z</dim:field>
<dim:field element="date" qualifier="issued" mdschema="dc">2013-08-19</dim:field>
<dim:field element="identifier" mdschema="dc">doi:10.5061/dryad.0k402/1</dim:field>
<dim:field element="identifier" qualifier="uri" mdschema="dc">http://hdl.handle.net/10255/dryad.49767</dim:field>
<dim:field element="description" language="" mdschema="dc">Model takes raw QT-NASBA data from Schneider et al. 2007 (doi:10.5061/dryad.589ft) and Ouédraogo et al. 2009  (doi:10.5061/dryad.hv01f) and fits a mathematical model to estimate the gametocyte density (gam.median) and 95% Bayesian Credible Intervals (gam.lower, gam.upper). These are combined with blood donor and mosquito characteristics from the membrane feeding assays. Column “Host” denotes host id, “Experiment” gives country (0=Burkina, 1=Kenya), age (0=&lt;7 or 1=&gt;=7 years old) and “asexual.cat” is the asexual parasite density category as measured by microscopy (0=none,1=low,2=high). The point estimate for prevalence of oocysts is given from the model outputs “prev.median” together with 95% Bayesian Credible Intervals (prev.lower, prev.upper). Full details are given in the manuscript.</dim:field>
<dim:field element="relation" qualifier="ispartof" mdschema="dc">doi:10.5061/dryad.0k402</dim:field>
<dim:field element="rights" qualifier="uri" mdschema="dc">http://creativecommons.org/publicdomain/zero/1.0/</dim:field>
<dim:field element="subject" confidence="NOVALUE" language="" mdschema="dc">Mosquito feeding assay</dim:field>
<dim:field element="subject" confidence="NOVALUE" language="" mdschema="dc">Malaria</dim:field>
<dim:field element="subject" confidence="NOVALUE" language="" mdschema="dc">Mathematical model</dim:field>
<dim:field element="subject" confidence="NOVALUE" language="" mdschema="dc">Measurement error</dim:field>
<dim:field element="title" language="" mdschema="dc">Characteristics of membrane feeding assay blood donors and mosquito infections</dim:field>
<dim:field element="type" language="*" mdschema="dc">Dataset</dim:field>
<dim:field element="ScientificName" confidence="NOVALUE" language="" mdschema="dwc">Plasmodium falciparum</dim:field>
<dim:field element="ScientificName" confidence="NOVALUE" language="" mdschema="dwc">Anopheles gambiae</dim:field>
<dim:field element="dryad" qualifier="pageviews">19</dim:field>
<dim:field element="dryad" qualifier="downloads">10</dim:field>
</dim:dim>
</mets:xmlData>
</mets:mdWrap>
</mets:dmdSec>
<mets:fileSec>
<mets:fileGrp USE="CONTENT">
<mets:file CHECKSUMTYPE="MD5" GROUPID="group_file_132814" ID="file_132814" MIMETYPE="application/vnd.openxmlformats-officedocument.spreadsheetml.sheet" SIZE="19310" CHECKSUM="d0b9671be9a7cd3c0fa7a501db5d2814">
<mets:FLocat LOCTYPE="URL" xlink:title="data_eLife.xlsx" xlink:label="dataset-file" xlink:type="locator" xlink:href="/bitstream/handle/10255/dryad.49767/data_eLife.xlsx?sequence=1"/>
</mets:file>
</mets:fileGrp>
</mets:fileSec>
<mets:structMap LABEL="DSpace" TYPE="LOGICAL">
<mets:div DMDID="dmd_1" TYPE="DSpace Item">
<mets:div ID="div_2" TYPE="DSpace Content Bitstream">
<mets:fptr FILEID="file_132814"/>
</mets:div>
</mets:div>
</mets:structMap>
</mets:METS>
