<?xml version="1.0" encoding="UTF-8"?>
<mets:METS xmlns:mets="http://www.loc.gov/METS/" xmlns:xlink="http://www.w3.org/TR/xlink/" xmlns:xsi="http://www.w3.org/2001/XMLSchema-instance" xmlns:dim="http://www.dspace.org/xmlns/dspace/dim" OBJEDIT="/admin/item?itemID=48049" OBJID="/handle/10255/dryad.41982" PROFILE="DSPACE METS SIP Profile 1.0" LABEL="DSpace Item" ID="hdl:10255/dryad.41982">
<mets:dmdSec GROUPID="group_dmd_0" ID="dmd_1">
<mets:mdWrap MDTYPE="OTHER" OTHERMDTYPE="DIM">
<mets:xmlData>
<dim:dim dspaceType="ITEM">
<dim:field element="contributor" qualifier="author" language="" mdschema="dc">Hess, Maureen A.</dim:field>
<dim:field element="contributor" qualifier="author" language="" mdschema="dc">Rabe, Craig D.</dim:field>
<dim:field element="contributor" qualifier="author" language="" mdschema="dc">Vogel, Jason L.</dim:field>
<dim:field element="contributor" qualifier="author" language="" mdschema="dc">Stephenson, Jeff J.</dim:field>
<dim:field element="contributor" qualifier="author" language="" mdschema="dc">Nelson, Doug D.</dim:field>
<dim:field element="contributor" qualifier="author" language="" mdschema="dc">Narum, Shawn R.</dim:field>
<dim:field element="coverage" qualifier="spatial" language="" mdschema="dc">Salmon River</dim:field>
<dim:field element="coverage" qualifier="spatial" language="" mdschema="dc">Idaho</dim:field>
<dim:field element="coverage" qualifier="spatial" language="" mdschema="dc">USA</dim:field>
<dim:field element="date" qualifier="accessioned" language="" mdschema="dc">2012-08-29T15:02:47Z</dim:field>
<dim:field element="date" qualifier="available" language="" mdschema="dc">2012-10-25T19:18:35Z</dim:field>
<dim:field element="date" qualifier="issued" language="" mdschema="dc">2012-08-29</dim:field>
<dim:field element="identifier" language="" mdschema="dc">doi:10.5061/dryad.19p14/1</dim:field>
<dim:field element="identifier" language="" mdschema="dc">doi:10.5061/dryad.19p14/1</dim:field>
<dim:field element="identifier" language="" mdschema="dc">doi:10.5061/dryad.19p14/1</dim:field>
<dim:field element="identifier" qualifier="uri" language="" mdschema="dc">http://hdl.handle.net/10255/dryad.41982</dim:field>
<dim:field element="description" language="" mdschema="dc">Microsatellite data for individuals included in parentage analysis. PLEASE NOTE: Additional information will be added to this data file in a formal version, with new content under a two year embargo after article publication.</dim:field>
<dim:field element="relation" qualifier="ispartof" language="" mdschema="dc">doi:10.5061/dryad.19p14</dim:field>
<dim:field element="rights" qualifier="uri" language="" mdschema="dc">http://creativecommons.org/publicdomain/zero/1.0/</dim:field>
<dim:field element="subject" confidence="NOVALUE" language="" mdschema="dc">Fish</dim:field>
<dim:field element="subject" confidence="NOVALUE" language="" mdschema="dc">Fisheries Management</dim:field>
<dim:field element="subject" confidence="NOVALUE" language="" mdschema="dc">Population Genetics - Empirical</dim:field>
<dim:field element="subject" confidence="NOVALUE" language="" mdschema="dc">Conservation Genetics</dim:field>
<dim:field element="title" language="" mdschema="dc">MEC_12_0538_Hess et al 2012_Dryad</dim:field>
<dim:field element="type" language="*" mdschema="dc">Dataset</dim:field>
<dim:field element="ScientificName" confidence="NOVALUE" language="" mdschema="dwc">Oncorhynchus tshawytscha</dim:field>
<dim:field element="type" qualifier="embargo" language="" mdschema="dc">untilArticleAppears</dim:field>
<dim:field element="dryad" qualifier="pageviews">109</dim:field>
<dim:field element="dryad" qualifier="downloads">52</dim:field>
</dim:dim>
</mets:xmlData>
</mets:mdWrap>
</mets:dmdSec>
<mets:fileSec>
<mets:fileGrp USE="CONTENT">
<mets:file CHECKSUMTYPE="MD5" GROUPID="group_file_124780" ID="file_124780" MIMETYPE="text/csv" SIZE="975275" CHECKSUM="208bc08910175a3b67332997761ddd98">
<mets:FLocat LOCTYPE="URL" xlink:title="MEC_12_0538_Hess et al 2012_Dryad.csv" xlink:label="dataset-file" xlink:type="locator" xlink:href="/bitstream/handle/10255/dryad.41982/MEC_12_0538_Hess%20et%20al%202012_Dryad.csv?sequence=1"/>
</mets:file>
</mets:fileGrp>
</mets:fileSec>
<mets:structMap LABEL="DSpace" TYPE="LOGICAL">
<mets:div DMDID="dmd_1" TYPE="DSpace Item">
<mets:div ID="div_2" TYPE="DSpace Content Bitstream">
<mets:fptr FILEID="file_124780"/>
</mets:div>
</mets:div>
</mets:structMap>
</mets:METS>
