<?xml version="1.0" encoding="UTF-8"?>
<mets:METS xmlns:mets="http://www.loc.gov/METS/" xmlns:xlink="http://www.w3.org/TR/xlink/" xmlns:xsi="http://www.w3.org/2001/XMLSchema-instance" xmlns:dim="http://www.dspace.org/xmlns/dspace/dim" OBJEDIT="/admin/item?itemID=1328" OBJID="/handle/10255/dryad.1165" PROFILE="DSPACE METS SIP Profile 1.0" LABEL="DSpace Item" ID="hdl:10255/dryad.1165">
<mets:dmdSec GROUPID="group_dmd_0" ID="dmd_1">
<mets:mdWrap MDTYPE="OTHER" OTHERMDTYPE="DIM">
<mets:xmlData>
<dim:dim dspaceType="ITEM">
<dim:field element="contributor" qualifier="author" language="en" mdschema="dc">Keller, Stephen</dim:field>
<dim:field element="contributor" qualifier="author" language="en" mdschema="dc">Olson, Matthew</dim:field>
<dim:field element="contributor" qualifier="author" language="en" mdschema="dc">Silim, Salim</dim:field>
<dim:field element="contributor" qualifier="author" language="en" mdschema="dc">Schroeder, William</dim:field>
<dim:field element="contributor" qualifier="author" language="en" mdschema="dc">Tiffin, Peter</dim:field>
<dim:field element="coverage" qualifier="spatial" language="en" mdschema="dc">North America</dim:field>
<dim:field element="coverage" qualifier="spatial" language="en" mdschema="dc">Canada</dim:field>
<dim:field element="coverage" qualifier="spatial" language="en" mdschema="dc">Alaska</dim:field>
<dim:field element="date" qualifier="accessioned" mdschema="dc">2010-01-06T21:23:04Z</dim:field>
<dim:field element="date" qualifier="available" mdschema="dc">2010-01-06T21:23:04Z</dim:field>
<dim:field element="date" qualifier="issued" mdschema="dc">2010-01-06T21:23:04Z</dim:field>
<dim:field element="identifier" mdschema="dc">doi:10.5061/dryad.1164/1</dim:field>
<dim:field element="identifier" qualifier="uri" mdschema="dc">http://hdl.handle.net/10255/dryad.1165</dim:field>
<dim:field element="description" language="en" mdschema="dc">These data are diploid SNP genotypes for 412 nuclear genomic regions in Populus balsamifera (balsam poplar). Individuals are grouped in Col A according to population of origin (pop = ""), and each row is a unique individual (e.g., individual 1 from pop "BOY" = "BOY01"). Each biallelic SNP is represented by 2 columns per individual. Alleles symbols are the nucleotide bases at that locus; missing data are represented as "?". Loci are labeled across row 1 and are named according to the transcript I.D. from the Populus trichocarpa genome.</dim:field>
<dim:field element="relation" qualifier="ispartof" language="en" mdschema="dc">doi:10.5061/dryad.1164</dim:field>
<dim:field element="rights" qualifier="uri" language="en" mdschema="dc">http://creativecommons.org/publicdomain/zero/1.0/</dim:field>
<dim:field element="subject" language="en" mdschema="dc">Population Genetics - Empirical</dim:field>
<dim:field element="subject" language="en" mdschema="dc">Phylogeography</dim:field>
<dim:field element="subject" language="en" mdschema="dc">Molecular Evolution</dim:field>
<dim:field element="subject" language="en" mdschema="dc">Genomics/Proteomics</dim:field>
<dim:field element="title" language="en" mdschema="dc">Balsam Poplar nuclear genomic SNP loci</dim:field>
<dim:field element="type" language="en" mdschema="dc">Dataset</dim:field>
<dim:field element="ScientificName" language="en" mdschema="dwc">Populus balsamifera</dim:field>
<dim:field element="status" language="" mdschema="dryad">scanned</dim:field>
<dim:field element="dryad" qualifier="pageviews">183</dim:field>
<dim:field element="dryad" qualifier="downloads">72</dim:field>
</dim:dim>
</mets:xmlData>
</mets:mdWrap>
</mets:dmdSec>
<mets:fileSec>
<mets:fileGrp USE="CONTENT">
<mets:file CHECKSUMTYPE="MD5" GROUPID="group_file_971" ID="file_971" MIMETYPE="application/vnd.openxmlformats-officedocument.spreadsheetml.sheet" SIZE="3089262" CHECKSUM="c0a09582f5267706eb62e5f11c029334">
<mets:FLocat LOCTYPE="URL" xlink:title="P_balsamifera_ref_SNPs.xlsx" xlink:type="locator" xlink:href="/bitstream/handle/10255/dryad.1165/P_balsamifera_ref_SNPs.xlsx?sequence=1"/>
</mets:file>
</mets:fileGrp>
</mets:fileSec>
<mets:structMap LABEL="DSpace" TYPE="LOGICAL">
<mets:div DMDID="dmd_1" TYPE="DSpace Item">
<mets:div ID="div_2" TYPE="DSpace Content Bitstream">
<mets:fptr FILEID="file_971"/>
</mets:div>
</mets:div>
</mets:structMap>
</mets:METS>
