<?xml version="1.0" encoding="UTF-8"?>
<mets:METS xmlns:mets="http://www.loc.gov/METS/" xmlns:xlink="http://www.w3.org/TR/xlink/" xmlns:xsi="http://www.w3.org/2001/XMLSchema-instance" xmlns:dim="http://www.dspace.org/xmlns/dspace/dim" OBJEDIT="/admin/item?itemID=55466" OBJID="/handle/10255/dryad.46927" PROFILE="DSPACE METS SIP Profile 1.0" LABEL="DSpace Item" ID="hdl:10255/dryad.46927">
<mets:dmdSec GROUPID="group_dmd_0" ID="dmd_1">
<mets:mdWrap MDTYPE="OTHER" OTHERMDTYPE="DIM">
<mets:xmlData>
<dim:dim dspaceType="ITEM">
<dim:field element="contributor" qualifier="author" language="" mdschema="dc">Rollinson, Njal</dim:field>
<dim:field element="contributor" qualifier="author" language="" mdschema="dc">Hutchings, Jeffrey A.</dim:field>
<dim:field element="coverage" qualifier="spatial" language="" mdschema="dc">Stewiacke River</dim:field>
<dim:field element="coverage" qualifier="spatial" language="" mdschema="dc">Economy River</dim:field>
<dim:field element="coverage" qualifier="spatial" language="" mdschema="dc">Great Village River</dim:field>
<dim:field element="coverage" qualifier="spatial" language="" mdschema="dc">Nova Scotia</dim:field>
<dim:field element="coverage" qualifier="temporal" language="" mdschema="dc">2009</dim:field>
<dim:field element="date" qualifier="accessioned" language="" mdschema="dc">2013-02-21T15:49:23Z</dim:field>
<dim:field element="date" qualifier="available" mdschema="dc">2013-06-13T17:35:37Z</dim:field>
<dim:field element="date" qualifier="issued" language="" mdschema="dc">2013-02-21</dim:field>
<dim:field element="identifier" language="" mdschema="dc">doi:10.5061/dryad.0q13g/5</dim:field>
<dim:field element="identifier" qualifier="uri" language="" mdschema="dc">http://hdl.handle.net/10255/dryad.46927</dim:field>
<dim:field element="description" language="" mdschema="dc">This script can be used in R, in conjunction with the dryad data "Economy_Releases.xls", "Stewiacke_Releases.xls" and "GreatVillage_Releases.xls", to estimate the relationship between egg size and offspring fitness in eight streams near the Minas Basin, Nova Scotia.</dim:field>
<dim:field element="relation" qualifier="ispartof" language="" mdschema="dc">doi:10.5061/dryad.0q13g</dim:field>
<dim:field element="rights" qualifier="uri" language="" mdschema="dc">http://creativecommons.org/publicdomain/zero/1.0/</dim:field>
<dim:field element="subject" confidence="NOVALUE" language="" mdschema="dc">Fitness</dim:field>
<dim:field element="subject" confidence="NOVALUE" language="" mdschema="dc">Life history: theory</dim:field>
<dim:field element="subject" confidence="NOVALUE" language="" mdschema="dc">Life history: trade offs</dim:field>
<dim:field element="subject" confidence="NOVALUE" language="" mdschema="dc">Maternal effects</dim:field>
<dim:field element="subject" confidence="NOVALUE" language="" mdschema="dc">Reproduction: investment</dim:field>
<dim:field element="subject" confidence="NOVALUE" language="" mdschema="dc">Resource allocation</dim:field>
<dim:field element="title" language="" mdschema="dc">R_Script_for_estimaing_offspring_fitness_curves</dim:field>
<dim:field element="type" language="*" mdschema="dc">Dataset</dim:field>
<dim:field element="ScientificName" confidence="NOVALUE" language="" mdschema="dwc">Salmo salar</dim:field>
<dim:field element="type" qualifier="embargo" language="" mdschema="dc">untilArticleAppears</dim:field>
<dim:field element="dryad" qualifier="pageviews">51</dim:field>
<dim:field element="dryad" qualifier="downloads">14</dim:field>
</dim:dim>
</mets:xmlData>
</mets:mdWrap>
</mets:dmdSec>
<mets:fileSec>
<mets:fileGrp USE="CONTENT">
<mets:file CHECKSUMTYPE="MD5" GROUPID="group_file_130051" ID="file_130051" MIMETYPE="text/plain" SIZE="7913" CHECKSUM="049c2c5097ba0d7456c5bc2f0163e0b9">
<mets:FLocat LOCTYPE="URL" xlink:title="R_Script_for_estimaing_offspring_fitness_curves.txt" xlink:label="dataset-file" xlink:type="locator" xlink:href="/bitstream/handle/10255/dryad.46927/R_Script_for_estimaing_offspring_fitness_curves.txt?sequence=1"/>
</mets:file>
</mets:fileGrp>
</mets:fileSec>
<mets:structMap LABEL="DSpace" TYPE="LOGICAL">
<mets:div DMDID="dmd_1" TYPE="DSpace Item">
<mets:div ID="div_2" TYPE="DSpace Content Bitstream">
<mets:fptr FILEID="file_130051"/>
</mets:div>
</mets:div>
</mets:structMap>
</mets:METS>
