<?xml version="1.0" encoding="UTF-8"?>
<mets:METS xmlns:mets="http://www.loc.gov/METS/" xmlns:xlink="http://www.w3.org/TR/xlink/" xmlns:xsi="http://www.w3.org/2001/XMLSchema-instance" xmlns:dim="http://www.dspace.org/xmlns/dspace/dim" OBJEDIT="/admin/item?itemID=214" OBJID="/handle/10255/dryad.194" PROFILE="DSPACE METS SIP Profile 1.0" LABEL="DSpace Item" ID="hdl:10255/dryad.194">
<mets:dmdSec GROUPID="group_dmd_0" ID="dmd_1">
<mets:mdWrap MDTYPE="OTHER" OTHERMDTYPE="DIM">
<mets:xmlData>
<dim:dim dspaceType="ITEM">
<dim:field element="contributor" qualifier="author" language="" mdschema="dc">Newton, Alicia</dim:field>
<dim:field element="contributor" qualifier="author" language="" mdschema="dc">Pistiner, Janna</dim:field>
<dim:field element="coverage" qualifier="spatial" language="" mdschema="dc">Santa Cruz, Farm near Bellavista</dim:field>
<dim:field element="coverage" qualifier="temporal" language="" mdschema="dc">Date: 8/4/1999</dim:field>
<dim:field element="date" qualifier="accessioned" language="" mdschema="dc">2008-09-30T17:17:00Z</dim:field>
<dim:field element="date" qualifier="available" language="" mdschema="dc">2008-09-30T17:17:00Z</dim:field>
<dim:field element="date" qualifier="issued" language="" mdschema="dc">1999-08</dim:field>
<dim:field element="identifier" mdschema="dc">doi:10.5061/dryad.159/2</dim:field>
<dim:field element="identifier" qualifier="uri" language="" mdschema="dc">http://hdl.handle.net/10255/dryad.194</dim:field>
<dim:field element="relation" qualifier="ispartof" language="" mdschema="dc">http://hdl.handle.net/10255/dryad.159</dim:field>
<dim:field element="rights" qualifier="uri" language="" mdschema="dc">http://datadryad.org/bitstream/handle/10255/dryad.194/license.txt?sequence=2</dim:field>
<dim:field element="subject" language="en_US" mdschema="dc">agriculture</dim:field>
<dim:field element="title" language="en_US" mdschema="dc">Farm Field Near Puerto Ayora</dim:field>
<dim:field element="type" language="en_US" mdschema="dc">Image</dim:field>
<dim:field element="dryad" qualifier="pageviews">189</dim:field>
<dim:field element="dryad" qualifier="downloads">124</dim:field>
</dim:dim>
</mets:xmlData>
</mets:mdWrap>
</mets:dmdSec>
<mets:fileSec>
<mets:fileGrp USE="CONTENT">
<mets:file CHECKSUMTYPE="MD5" GROUPID="group_file_393" ID="file_393" MIMETYPE="image/jpeg" SIZE="227924" CHECKSUM="14744290ff4e532802080c4a6ed5fc4e">
<mets:FLocat LOCTYPE="URL" xlink:title="Field498_L.jpg" xlink:type="locator" xlink:href="/bitstream/handle/10255/dryad.194/Field498_L.jpg?sequence=1"/>
</mets:file>
</mets:fileGrp>
<mets:fileGrp USE="LICENSE">
<mets:file CHECKSUMTYPE="MD5" GROUPID="group_file_394" ID="file_394" MIMETYPE="text/plain" SIZE="784" CHECKSUM="8184a0d71b5ff19a77847c97f9b9e994">
<mets:FLocat LOCTYPE="URL" xlink:title="license.txt" xlink:type="locator" xlink:href="/bitstream/handle/10255/dryad.194/license.txt?sequence=2"/>
</mets:file>
</mets:fileGrp>
<mets:fileGrp USE="THUMBNAIL">
<mets:file CHECKSUMTYPE="MD5" GROUPID="group_file_393" ID="file_1456" MIMETYPE="image/jpeg" SIZE="2660" CHECKSUM="0aeb2cea64a840fb2951516a50121d39">
<mets:FLocat LOCTYPE="URL" xlink:title="Field498_L.jpg.jpg" xlink:label="Generated Thumbnail" xlink:type="locator" xlink:href="/bitstream/handle/10255/dryad.194/Field498_L.jpg.jpg?sequence=3"/>
</mets:file>
</mets:fileGrp>
</mets:fileSec>
<mets:structMap LABEL="DSpace" TYPE="LOGICAL">
<mets:div DMDID="dmd_1" TYPE="DSpace Item">
<mets:div ID="div_2" TYPE="DSpace Content Bitstream">
<mets:fptr FILEID="file_393"/>
</mets:div>
</mets:div>
</mets:structMap>
</mets:METS>
