<?xml version="1.0" encoding="UTF-8"?>
<mets:METS xmlns:mets="http://www.loc.gov/METS/" xmlns:xlink="http://www.w3.org/TR/xlink/" xmlns:xsi="http://www.w3.org/2001/XMLSchema-instance" xmlns:dim="http://www.dspace.org/xmlns/dspace/dim" OBJEDIT="/admin/item?itemID=2246" OBJID="/handle/10255/dryad.1962" PROFILE="DSPACE METS SIP Profile 1.0" LABEL="DSpace Item" ID="hdl:10255/dryad.1962">
<mets:dmdSec GROUPID="group_dmd_0" ID="dmd_1">
<mets:mdWrap MDTYPE="OTHER" OTHERMDTYPE="DIM">
<mets:xmlData>
<dim:dim dspaceType="ITEM">
<dim:field element="contributor" language="" mdschema="dc">Berner, Daniel</dim:field>
<dim:field element="contributor" language="" mdschema="dc">Roesti, Marius</dim:field>
<dim:field element="contributor" language="" mdschema="dc">Hendry, Andrew P</dim:field>
<dim:field element="contributor" language="" mdschema="dc">Salzburger, Walter</dim:field>
<dim:field element="coverage" qualifier="spatial" language="en" mdschema="dc">Central Europe</dim:field>
<dim:field element="coverage" qualifier="spatial" language="en" mdschema="dc">Vancouver Island</dim:field>
<dim:field element="date" language="en" mdschema="dc">Holocene</dim:field>
<dim:field element="date" qualifier="accessioned" language="" mdschema="dc">2010-09-07T16:57:37Z</dim:field>
<dim:field element="date" qualifier="available" language="" mdschema="dc">2010-09-07T16:57:37Z</dim:field>
<dim:field element="date" qualifier="issued" language="" mdschema="dc">2010-09-07</dim:field>
<dim:field element="identifier" mdschema="dc">doi:10.5061/dryad.1960/2</dim:field>
<dim:field element="identifier" qualifier="uri" language="" mdschema="dc">http://hdl.handle.net/10255/dryad.1962</dim:field>
<dim:field element="relation" qualifier="ispartof" language="" mdschema="dc">doi:10.5061/dryad.1960</dim:field>
<dim:field element="subject" language="en" mdschema="dc">Biological invasion</dim:field>
<dim:field element="subject" language="en" mdschema="dc">Ecological speciation</dim:field>
<dim:field element="subject" language="en" mdschema="dc">Ectodysplasin</dim:field>
<dim:field element="subject" language="en" mdschema="dc">Reproductive isolation</dim:field>
<dim:field element="subject" language="en" mdschema="dc">Trophic morphology</dim:field>
<dim:field element="title" language="en" mdschema="dc">morphology data Berner et al. 2010</dim:field>
<dim:field element="ScientificName" language="en" mdschema="dwc">Gasterosteus aculeatus</dim:field>
<dim:field element="type" qualifier="embargo" language="en" mdschema="dc">none</dim:field>
<dim:field element="dryad" qualifier="pageviews">188</dim:field>
<dim:field element="dryad" qualifier="downloads">181</dim:field>
</dim:dim>
</mets:xmlData>
</mets:mdWrap>
</mets:dmdSec>
<mets:fileSec>
<mets:fileGrp USE="TEXT">
<mets:file CHECKSUMTYPE="MD5" GROUPID="group_file_1716" ID="file_1720" MIMETYPE="text/plain" SIZE="1045" CHECKSUM="70a940ddec13ec360f4449b13627df8e">
<mets:FLocat LOCTYPE="URL" xlink:title="README.txt.txt" xlink:label="Extracted text" xlink:type="locator" xlink:href="/bitstream/handle/10255/dryad.1962/README.txt.txt?sequence=3"/>
</mets:file>
<mets:file CHECKSUMTYPE="MD5" GROUPID="group_file_1715" ID="file_1721" MIMETYPE="text/plain" SIZE="164018" CHECKSUM="a4b29cebcaf6bfdd6002d1039680fe11">
<mets:FLocat LOCTYPE="URL" xlink:title="morphology data Berner et al. 2010.txt.txt" xlink:label="Extracted text" xlink:type="locator" xlink:href="/bitstream/handle/10255/dryad.1962/morphology%20data%20Berner%20et%20al.%202010.txt.txt?sequence=4"/>
</mets:file>
</mets:fileGrp>
<mets:fileGrp USE="CONTENT">
<mets:file CHECKSUMTYPE="MD5" GROUPID="group_file_1715" ID="file_1715" MIMETYPE="text/plain" SIZE="164388" CHECKSUM="8c01f8db79e42758a56a5b0c05e09392">
<mets:FLocat LOCTYPE="URL" xlink:title="morphology data Berner et al. 2010.txt" xlink:label="dataset-file" xlink:type="locator" xlink:href="/bitstream/handle/10255/dryad.1962/morphology%20data%20Berner%20et%20al.%202010.txt?sequence=1"/>
</mets:file>
<mets:file CHECKSUMTYPE="MD5" GROUPID="group_file_1716" ID="file_1716" MIMETYPE="text/plain" SIZE="1055" CHECKSUM="19d99b66d229ba50a7c5ba59ab4b5cad">
<mets:FLocat LOCTYPE="URL" xlink:title="README.txt" xlink:label="dc_readme" xlink:type="locator" xlink:href="/bitstream/handle/10255/dryad.1962/README.txt?sequence=2"/>
</mets:file>
</mets:fileGrp>
</mets:fileSec>
<mets:structMap LABEL="DSpace" TYPE="LOGICAL">
<mets:div DMDID="dmd_1" TYPE="DSpace Item">
<mets:div ID="div_2" TYPE="DSpace Content Bitstream">
<mets:fptr FILEID="file_1715"/>
</mets:div>
<mets:div ID="div_3" TYPE="DSpace Content Bitstream">
<mets:fptr FILEID="file_1716"/>
</mets:div>
</mets:div>
</mets:structMap>
</mets:METS>
