<?xml version="1.0" encoding="UTF-8"?>
<mets:METS xmlns:mets="http://www.loc.gov/METS/" xmlns:xlink="http://www.w3.org/TR/xlink/" xmlns:xsi="http://www.w3.org/2001/XMLSchema-instance" xmlns:dim="http://www.dspace.org/xmlns/dspace/dim" OBJEDIT="/admin/item?itemID=112" OBJID="/handle/10255/dryad.105" PROFILE="DSPACE METS SIP Profile 1.0" LABEL="DSpace Item" ID="hdl:10255/dryad.105">
<mets:dmdSec GROUPID="group_dmd_0" ID="dmd_1">
<mets:mdWrap MDTYPE="OTHER" OTHERMDTYPE="DIM">
<mets:xmlData>
<dim:dim dspaceType="ITEM">
<dim:field element="contributor" qualifier="author" language="" mdschema="dc">Burk, Angela</dim:field>
<dim:field element="contributor" qualifier="author" language="" mdschema="dc">Westerman, Michael</dim:field>
<dim:field element="contributor" qualifier="author" language="" mdschema="dc">Springer, Mark S.</dim:field>
<dim:field element="date" qualifier="accessioned" language="" mdschema="dc">2008-03-19T19:50:32Z</dim:field>
<dim:field element="date" qualifier="available" language="" mdschema="dc">2008-03-19T19:50:32Z</dim:field>
<dim:field element="date" qualifier="issued" language="" mdschema="dc">1998-09-01</dim:field>
<dim:field element="identifier" mdschema="dc">doi:10.5061/dryad.104/1</dim:field>
<dim:field element="identifier" qualifier="uri" language="" mdschema="dc">http://hdl.handle.net/10255/dryad.105</dim:field>
<dim:field element="publisher" language="en_US" mdschema="dc">Taylor &amp; Francis</dim:field>
<dim:field element="relation" qualifier="ispartof" language="" mdschema="dc">doi:10.5061/dryad.104</dim:field>
<dim:field element="rights" qualifier="uri" language="" mdschema="dc">http://creativecommons.org/publicdomain/zero/1.0/</dim:field>
<dim:field element="subject" language="" mdschema="dc">ribosomal RNA</dim:field>
<dim:field element="subject" language="" mdschema="dc">bipedal hopping</dim:field>
<dim:field element="subject" language="" mdschema="dc">kangaroo</dim:field>
<dim:field element="title" language="en_US" mdschema="dc">Burk et al Data Matrix</dim:field>
<dim:field element="type" language="en_US" mdschema="dc">Dataset</dim:field>
<dim:field element="ScientificName" language="" mdschema="dwc">Hypsiprymnodon</dim:field>
<dim:field element="ScientificName" language="" mdschema="dwc">Macropodidae</dim:field>
<dim:field element="status" language="" mdschema="dryad">scanned</dim:field>
<dim:field element="dryad" qualifier="pageviews">155</dim:field>
<dim:field element="dryad" qualifier="downloads">182</dim:field>
</dim:dim>
</mets:xmlData>
</mets:mdWrap>
</mets:dmdSec>
<mets:fileSec>
<mets:fileGrp USE="CONTENT">
<mets:file CHECKSUMTYPE="MD5" GROUPID="group_file_207" ID="file_207" MIMETYPE="text/plain" SIZE="30815" CHECKSUM="27b04d35e8afdd118042bbad964f25f4">
<mets:FLocat LOCTYPE="URL" xlink:title="12Cpaup.txt" xlink:type="locator" xlink:href="/bitstream/handle/10255/dryad.105/12Cpaup.txt?sequence=1"/>
</mets:file>
</mets:fileGrp>
<mets:fileGrp USE="TEXT">
<mets:file CHECKSUMTYPE="MD5" GROUPID="group_file_207" ID="file_1507" MIMETYPE="text/plain" SIZE="27985" CHECKSUM="57a6b8f40b576f073305e94052df0c4b">
<mets:FLocat LOCTYPE="URL" xlink:title="12Cpaup.txt.txt" xlink:label="Extracted text" xlink:type="locator" xlink:href="/bitstream/handle/10255/dryad.105/12Cpaup.txt.txt?sequence=2"/>
</mets:file>
</mets:fileGrp>
</mets:fileSec>
<mets:structMap LABEL="DSpace" TYPE="LOGICAL">
<mets:div DMDID="dmd_1" TYPE="DSpace Item">
<mets:div ID="div_2" TYPE="DSpace Content Bitstream">
<mets:fptr FILEID="file_207"/>
</mets:div>
</mets:div>
</mets:structMap>
</mets:METS>
