<?xml version="1.0" encoding="UTF-8"?>
<mets:METS xmlns:mets="http://www.loc.gov/METS/" xmlns:xlink="http://www.w3.org/TR/xlink/" xmlns:xsi="http://www.w3.org/2001/XMLSchema-instance" xmlns:dim="http://www.dspace.org/xmlns/dspace/dim" OBJEDIT="/admin/item?itemID=2241" OBJID="/handle/10255/dryad.1958" PROFILE="DSPACE METS SIP Profile 1.0" LABEL="DSpace Item" ID="hdl:10255/dryad.1958">
<mets:dmdSec GROUPID="group_dmd_0" ID="dmd_1">
<mets:mdWrap MDTYPE="OTHER" OTHERMDTYPE="DIM">
<mets:xmlData>
<dim:dim dspaceType="ITEM">
<dim:field element="contributor" language="" mdschema="dc">Groot, Astrid</dim:field>
<dim:field element="contributor" language="" mdschema="dc">Classen, Alice</dim:field>
<dim:field element="contributor" language="" mdschema="dc">Staudacher, Heike</dim:field>
<dim:field element="contributor" language="" mdschema="dc">Schal, Coby</dim:field>
<dim:field element="contributor" language="" mdschema="dc">Heckel, David</dim:field>
<dim:field element="date" qualifier="accessioned" language="" mdschema="dc">2010-09-07T16:52:42Z</dim:field>
<dim:field element="date" qualifier="available" mdschema="dc">2010-10-08T06:30:09Z</dim:field>
<dim:field element="date" qualifier="issued" language="" mdschema="dc">2010-09-07</dim:field>
<dim:field element="identifier" mdschema="dc">doi:10.5061/dryad.1956/1</dim:field>
<dim:field element="identifier" qualifier="uri" language="" mdschema="dc">http://hdl.handle.net/10255/dryad.1958</dim:field>
<dim:field element="description" language="en" mdschema="dc">Excel file with the normalized amounts of pheromone compounds per female relative to Z9-16:OH. Abbreviations used in the column headings: file = GC file name, female = female name, odor = odor used in the experiment (Hv = Heliothis virescens pheromone odor, Hs = Heliothis subflexa pheromone odor), trt = treatment (NP = no pheromone, P = pheromone), total = total amount (in ng) of pheromone.</dim:field>
<dim:field element="relation" qualifier="ispartof" language="" mdschema="dc">doi:10.5061/dryad.1956</dim:field>
<dim:field element="subject" language="en" mdschema="dc">Phenotypic plasticity</dim:field>
<dim:field element="subject" language="en" mdschema="dc">Intraspecific variation</dim:field>
<dim:field element="subject" language="en" mdschema="dc">communication interference</dim:field>
<dim:field element="subject" language="en" mdschema="dc">early-adult experience</dim:field>
<dim:field element="subject" language="en" mdschema="dc">sex pheromone production</dim:field>
<dim:field element="subject" language="en" mdschema="dc">environmental effects</dim:field>
<dim:field element="title" language="en" mdschema="dc">pherrel%916oh</dim:field>
<dim:field element="ScientificName" language="en" mdschema="dwc">Heliothis subflexa</dim:field>
<dim:field element="ScientificName" language="en" mdschema="dwc">Heliothis virescens</dim:field>
<dim:field element="type" qualifier="embargo" language="en" mdschema="dc">untilArticleAppears</dim:field>
<dim:field element="dryad" qualifier="pageviews">133</dim:field>
<dim:field element="dryad" qualifier="downloads">42</dim:field>
</dim:dim>
</mets:xmlData>
</mets:mdWrap>
</mets:dmdSec>
<mets:fileSec>
<mets:fileGrp USE="CONTENT">
<mets:file CHECKSUMTYPE="MD5" GROUPID="group_file_1710" ID="file_1710" MIMETYPE="application/vnd.ms-excel" SIZE="46592" CHECKSUM="d97a0864dc45da273496f6a5c9409517">
<mets:FLocat LOCTYPE="URL" xlink:title="pherrel%916oh.xls" xlink:label="dataset-file" xlink:type="locator" xlink:href="/bitstream/handle/10255/dryad.1958/pherrel%25916oh.xls?sequence=1"/>
</mets:file>
</mets:fileGrp>
</mets:fileSec>
<mets:structMap LABEL="DSpace" TYPE="LOGICAL">
<mets:div DMDID="dmd_1" TYPE="DSpace Item">
<mets:div ID="div_2" TYPE="DSpace Content Bitstream">
<mets:fptr FILEID="file_1710"/>
</mets:div>
</mets:div>
</mets:structMap>
</mets:METS>
