<?xml version="1.0" encoding="UTF-8"?>
<mets:METS xmlns:mets="http://www.loc.gov/METS/" xmlns:xlink="http://www.w3.org/TR/xlink/" xmlns:xsi="http://www.w3.org/2001/XMLSchema-instance" xmlns:dim="http://www.dspace.org/xmlns/dspace/dim" OBJEDIT="/admin/item?itemID=201" OBJID="/handle/10255/dryad.183" PROFILE="DSPACE METS SIP Profile 1.0" LABEL="DSpace Item" ID="hdl:10255/dryad.183">
<mets:dmdSec GROUPID="group_dmd_0" ID="dmd_1">
<mets:mdWrap MDTYPE="OTHER" OTHERMDTYPE="DIM">
<mets:xmlData>
<dim:dim dspaceType="ITEM">
<dim:field element="contributor" qualifier="author" language="" mdschema="dc">Newton, Alicia</dim:field>
<dim:field element="contributor" qualifier="author" language="" mdschema="dc">Pistiner, Janna</dim:field>
<dim:field element="coverage" qualifier="spatial" language="" mdschema="dc">Santa Cruz, Near road south from landing of Baltra ferry landing&#13;
Lat: S 00° 32.53’&#13;
Long: W 90° 19.7’</dim:field>
<dim:field element="coverage" qualifier="temporal" language="" mdschema="dc">Date:	8/11/1999</dim:field>
<dim:field element="date" qualifier="accessioned" language="" mdschema="dc">2008-09-23T17:17:57Z</dim:field>
<dim:field element="date" qualifier="available" language="" mdschema="dc">2008-09-23T17:17:57Z</dim:field>
<dim:field element="date" qualifier="issued" language="" mdschema="dc">1999-08</dim:field>
<dim:field element="identifier" mdschema="dc">doi:10.5061/dryad.159/8</dim:field>
<dim:field element="identifier" qualifier="uri" language="" mdschema="dc">http://hdl.handle.net/10255/dryad.183</dim:field>
<dim:field element="description" language="en_US" mdschema="dc">Initial view is to north-east; Isla Baltra is visible across Canal Itabaca.&#13;
&#13;
Elev:	104 m&#13;
Location:  Road S from Baltra&#13;
Zone:	   Transition&#13;
Date:	   8/11/1999&#13;
Lat:	   S 00° 32.53’&#13;
Long:	   W 90° 19.7’</dim:field>
<dim:field element="relation" qualifier="ispartof" language="" mdschema="dc">http://hdl.handle.net/10255/dryad.159</dim:field>
<dim:field element="rights" qualifier="uri" language="" mdschema="dc">http://datadryad.org/bitstream/handle/10255/dryad.183/license.txt?sequence=2</dim:field>
<dim:field element="subject" language="en_US" mdschema="dc">Transition Zone</dim:field>
<dim:field element="subject" language="" mdschema="dc">Habitat</dim:field>
<dim:field element="subject" language="" mdschema="dc">Transition Zone</dim:field>
<dim:field element="subject" language="en_US" mdschema="dc">Habitat</dim:field>
<dim:field element="title" language="en_US" mdschema="dc">Panorama of Transition Zone Along Road from Baltra</dim:field>
<dim:field element="type" language="en_US" mdschema="dc">Image</dim:field>
<dim:field element="dryad" qualifier="pageviews">184</dim:field>
<dim:field element="dryad" qualifier="downloads">86</dim:field>
</dim:dim>
</mets:xmlData>
</mets:mdWrap>
</mets:dmdSec>
<mets:fileSec>
<mets:fileGrp USE="CONTENT">
<mets:file CHECKSUMTYPE="MD5" GROUPID="group_file_371" ID="file_371" MIMETYPE="video/quicktime" SIZE="2326709" CHECKSUM="bd9afea06ffea594887f0eea98604178">
<mets:FLocat LOCTYPE="URL" xlink:title="Trans01.mov" xlink:type="locator" xlink:href="/bitstream/handle/10255/dryad.183/Trans01.mov?sequence=1"/>
</mets:file>
</mets:fileGrp>
<mets:fileGrp USE="LICENSE">
<mets:file CHECKSUMTYPE="MD5" GROUPID="group_file_372" ID="file_372" MIMETYPE="text/plain" SIZE="784" CHECKSUM="c08014a6f66f5221db7c565bc69944e1">
<mets:FLocat LOCTYPE="URL" xlink:title="license.txt" xlink:type="locator" xlink:href="/bitstream/handle/10255/dryad.183/license.txt?sequence=2"/>
</mets:file>
</mets:fileGrp>
</mets:fileSec>
<mets:structMap LABEL="DSpace" TYPE="LOGICAL">
<mets:div DMDID="dmd_1" TYPE="DSpace Item">
<mets:div ID="div_2" TYPE="DSpace Content Bitstream">
<mets:fptr FILEID="file_371"/>
</mets:div>
</mets:div>
</mets:structMap>
</mets:METS>
