<?xml version="1.0" encoding="UTF-8"?>
<mets:METS xmlns:mets="http://www.loc.gov/METS/" xmlns:xlink="http://www.w3.org/TR/xlink/" xmlns:xsi="http://www.w3.org/2001/XMLSchema-instance" xmlns:dim="http://www.dspace.org/xmlns/dspace/dim" OBJEDIT="/admin/item?itemID=1355" OBJID="/handle/10255/dryad.1188" PROFILE="DSPACE METS SIP Profile 1.0" LABEL="DSpace Item" ID="hdl:10255/dryad.1188">
<mets:dmdSec GROUPID="group_dmd_0" ID="dmd_1">
<mets:mdWrap MDTYPE="OTHER" OTHERMDTYPE="DIM">
<mets:xmlData>
<dim:dim dspaceType="ITEM">
<dim:field element="contributor" qualifier="author" language="en" mdschema="dc">Mullen, Lindy</dim:field>
<dim:field element="contributor" qualifier="author" language="en" mdschema="dc">Woods, H.</dim:field>
<dim:field element="contributor" qualifier="author" language="en" mdschema="dc">Schwartz, Michael</dim:field>
<dim:field element="contributor" qualifier="author" language="en" mdschema="dc">Sepulveda, Adam</dim:field>
<dim:field element="contributor" qualifier="author" language="en" mdschema="dc">Lowe, Winsor</dim:field>
<dim:field element="coverage" qualifier="spatial" language="en" mdschema="dc">Idaho</dim:field>
<dim:field element="coverage" qualifier="spatial" language="en" mdschema="dc">Montana</dim:field>
<dim:field element="coverage" qualifier="spatial" language="en" mdschema="dc">Lochsa drainage</dim:field>
<dim:field element="coverage" qualifier="spatial" language="en" mdschema="dc">St. Joe drainage</dim:field>
<dim:field element="coverage" qualifier="spatial" language="en" mdschema="dc">St. Regis drainage</dim:field>
<dim:field element="date" qualifier="accessioned" language="" mdschema="dc">2010-01-11T23:32:50Z</dim:field>
<dim:field element="date" qualifier="available" language="" mdschema="dc">2010-01-11T23:32:50Z</dim:field>
<dim:field element="date" qualifier="issued" language="" mdschema="dc">2010-01-11T23:32:50Z</dim:field>
<dim:field element="identifier" mdschema="dc">doi:10.5061/dryad.1187/1</dim:field>
<dim:field element="identifier" qualifier="uri" language="" mdschema="dc">http://hdl.handle.net/10255/dryad.1188</dim:field>
<dim:field element="description" language="en" mdschema="dc">Individuals were sampled in 1st-order streams which were nested within catchments of confluent streams draining into a mainstem river. Catchments were nested within basins of three major rivers: the Lochsa (four catchments), the St. Joe (two catchments) and the St. Regis (two catchments).  We collected 15 individuals from three 1st-order streams within each catchment. Individuals were genotyped at 9 microsatellite loci.</dim:field>
<dim:field element="relation" qualifier="ispartof" language="en" mdschema="dc">doi:10.5061/dryad.1187</dim:field>
<dim:field element="rights" qualifier="uri" language="en" mdschema="dc">http://creativecommons.org/publicdomain/zero/1.0/</dim:field>
<dim:field element="subject" language="en" mdschema="dc">genetic structure</dim:field>
<dim:field element="subject" language="en" mdschema="dc">scale dependence</dim:field>
<dim:field element="subject" language="en" mdschema="dc">Amphibians</dim:field>
<dim:field element="subject" language="en" mdschema="dc">Population Genetics - Empirical</dim:field>
<dim:field element="subject" language="en" mdschema="dc">stream networks</dim:field>
<dim:field element="subject" language="en" mdschema="dc">dispersal</dim:field>
<dim:field element="title" language="en" mdschema="dc">Microsatellite genotypes of Idaho giant salamanders in stream networks of eastern Idaho and western Montana</dim:field>
<dim:field element="type" language="en" mdschema="dc">Dataset</dim:field>
<dim:field element="ScientificName" language="en" mdschema="dwc">Dicamptodon aterrimus</dim:field>
<dim:field element="status" language="" mdschema="dryad">scanned</dim:field>
<dim:field element="dryad" qualifier="pageviews">152</dim:field>
<dim:field element="dryad" qualifier="downloads">62</dim:field>
</dim:dim>
</mets:xmlData>
</mets:mdWrap>
</mets:dmdSec>
<mets:fileSec>
<mets:fileGrp USE="CONTENT">
<mets:file CHECKSUMTYPE="MD5" GROUPID="group_file_980" ID="file_980" MIMETYPE="application/vnd.ms-excel" SIZE="94208" CHECKSUM="329f2390fef6de1a0fd0f8fcac5d6713">
<mets:FLocat LOCTYPE="URL" xlink:title="IGS_genotypes.xls" xlink:type="locator" xlink:href="/bitstream/handle/10255/dryad.1188/IGS_genotypes.xls?sequence=1"/>
</mets:file>
</mets:fileGrp>
</mets:fileSec>
<mets:structMap LABEL="DSpace" TYPE="LOGICAL">
<mets:div DMDID="dmd_1" TYPE="DSpace Item">
<mets:div ID="div_2" TYPE="DSpace Content Bitstream">
<mets:fptr FILEID="file_980"/>
</mets:div>
</mets:div>
</mets:structMap>
</mets:METS>
