<?xml version="1.0" encoding="UTF-8"?>
<mets:METS xmlns:mets="http://www.loc.gov/METS/" xmlns:xlink="http://www.w3.org/TR/xlink/" xmlns:xsi="http://www.w3.org/2001/XMLSchema-instance" xmlns:dim="http://www.dspace.org/xmlns/dspace/dim" OBJEDIT="/admin/item?itemID=36013" OBJID="/handle/10255/dryad.34166" PROFILE="DSPACE METS SIP Profile 1.0" LABEL="DSpace Item" ID="hdl:10255/dryad.34166">
<mets:dmdSec GROUPID="group_dmd_0" ID="dmd_1">
<mets:mdWrap MDTYPE="OTHER" OTHERMDTYPE="DIM">
<mets:xmlData>
<dim:dim dspaceType="ITEM">
<dim:field element="contributor" qualifier="author" language="" mdschema="dc">Ribeiro, Ângela Maria</dim:field>
<dim:field element="contributor" qualifier="author" language="" mdschema="dc">Lloyd, Penn</dim:field>
<dim:field element="contributor" qualifier="author" language="" mdschema="dc">Bowie, Rauri C. K.</dim:field>
<dim:field element="coverage" qualifier="spatial" language="en" mdschema="dc">South Africa</dim:field>
<dim:field element="coverage" qualifier="spatial" language="en" mdschema="dc">Namibia</dim:field>
<dim:field element="date" qualifier="accessioned" language="" mdschema="dc">2011-06-22T14:52:14Z</dim:field>
<dim:field element="date" qualifier="available" mdschema="dc">2011-07-06T15:20:23Z</dim:field>
<dim:field element="date" qualifier="issued" language="" mdschema="dc">2011-06-22</dim:field>
<dim:field element="identifier" mdschema="dc">doi:10.5061/dryad.0pm3v/3</dim:field>
<dim:field element="identifier" qualifier="uri" language="" mdschema="dc">http://hdl.handle.net/10255/dryad.34166</dim:field>
<dim:field element="description" language="en" mdschema="dc">Morphological data: body mass (g) and tarsus-length (mm)</dim:field>
<dim:field element="relation" qualifier="ispartof" language="" mdschema="dc">doi:10.5061/dryad.0pm3v</dim:field>
<dim:field element="rights" qualifier="uri" language="" mdschema="dc">http://creativecommons.org/publicdomain/zero/1.0/</dim:field>
<dim:field element="subject" language="en" mdschema="dc">climatic envelope</dim:field>
<dim:field element="subject" language="en" mdschema="dc">morphology</dim:field>
<dim:field element="subject" language="en" mdschema="dc">mtDNA OXPHOS genes</dim:field>
<dim:field element="subject" language="en" mdschema="dc">neutral loci</dim:field>
<dim:field element="title" language="en" mdschema="dc">Morphology</dim:field>
<dim:field element="type" language="*" mdschema="dc">Dataset</dim:field>
<dim:field element="ScientificName" language="en" mdschema="dwc">Cercotrichas coryphaeus</dim:field>
<dim:field element="ScientificName" language="" mdschema="dwc">Passeriformes</dim:field>
<dim:field element="type" qualifier="embargo" language="en" mdschema="dc">untilArticleAppears</dim:field>
<dim:field element="dryad" qualifier="pageviews">137</dim:field>
<dim:field element="dryad" qualifier="downloads">62</dim:field>
</dim:dim>
</mets:xmlData>
</mets:mdWrap>
</mets:dmdSec>
<mets:fileSec>
<mets:fileGrp USE="CONTENT">
<mets:file CHECKSUMTYPE="MD5" GROUPID="group_file_115002" ID="file_115002" MIMETYPE="application/vnd.ms-excel" SIZE="52736" CHECKSUM="3fccabc116d08b43a0d95df641dcd676">
<mets:FLocat LOCTYPE="URL" xlink:title="Morphology.xls" xlink:label="dataset-file" xlink:type="locator" xlink:href="/bitstream/handle/10255/dryad.34166/Morphology.xls?sequence=1"/>
</mets:file>
</mets:fileGrp>
</mets:fileSec>
<mets:structMap LABEL="DSpace" TYPE="LOGICAL">
<mets:div DMDID="dmd_1" TYPE="DSpace Item">
<mets:div ID="div_2" TYPE="DSpace Content Bitstream">
<mets:fptr FILEID="file_115002"/>
</mets:div>
</mets:div>
</mets:structMap>
</mets:METS>
