<?xml version="1.0" encoding="UTF-8"?>
<mets:METS xmlns:mets="http://www.loc.gov/METS/" xmlns:xlink="http://www.w3.org/TR/xlink/" xmlns:xsi="http://www.w3.org/2001/XMLSchema-instance" xmlns:dim="http://www.dspace.org/xmlns/dspace/dim" OBJEDIT="/admin/item?itemID=2064" OBJID="/handle/10255/dryad.1828" PROFILE="DSPACE METS SIP Profile 1.0" LABEL="DSpace Item" ID="hdl:10255/dryad.1828">
<mets:dmdSec GROUPID="group_dmd_0" ID="dmd_1">
<mets:mdWrap MDTYPE="OTHER" OTHERMDTYPE="DIM">
<mets:xmlData>
<dim:dim dspaceType="ITEM">
<dim:field element="contributor" qualifier="author" language="en" mdschema="dc">Sensenig, Andrew</dim:field>
<dim:field element="contributor" qualifier="author" language="en" mdschema="dc">Blackledge, Todd</dim:field>
<dim:field element="contributor" qualifier="author" language="en" mdschema="dc">Agnarsson, Ingi</dim:field>
<dim:field element="coverage" qualifier="spatial" language="en" mdschema="dc">Ohio</dim:field>
<dim:field element="coverage" qualifier="spatial" language="" mdschema="dc">Florida</dim:field>
<dim:field element="coverage" qualifier="spatial" language="" mdschema="dc">Slovenia</dim:field>
<dim:field element="coverage" qualifier="spatial" language="" mdschema="dc">Madagascar</dim:field>
<dim:field element="coverage" qualifier="temporal" language="en" mdschema="dc">Present</dim:field>
<dim:field element="date" qualifier="accessioned" language="" mdschema="dc">2010-08-05T16:33:26Z</dim:field>
<dim:field element="date" qualifier="available" language="" mdschema="dc">2010-08-05T16:33:26Z</dim:field>
<dim:field element="date" qualifier="issued" language="" mdschema="dc">2010-08-05</dim:field>
<dim:field element="identifier" mdschema="dc">doi:10.5061/dryad.1827/1</dim:field>
<dim:field element="identifier" qualifier="uri" language="" mdschema="dc">http://hdl.handle.net/10255/dryad.1828</dim:field>
<dim:field element="description" language="en" mdschema="dc">This excel file contains measurements from single webs spun by ~280 individual spiders, representing ~22 different species of orb weavers (Araneidae). Abbreviations include n,s,e,w (North, South, East, West sides of the orb web), g (glue silk), eng or Eg(engineering).</dim:field>
<dim:field element="relation" qualifier="ispartof" language="en" mdschema="dc">doi:10.5061/dryad.1827</dim:field>
<dim:field element="rights" qualifier="uri" language="en" mdschema="dc">http://creativecommons.org/publicdomain/zero/1.0/</dim:field>
<dim:field element="subject" language="en" mdschema="dc">Comparative studies</dim:field>
<dim:field element="subject" language="en" mdschema="dc">Molecular evolution</dim:field>
<dim:field element="subject" language="en" mdschema="dc">Insects</dim:field>
<dim:field element="subject" language="en" mdschema="dc">silk biomechanics</dim:field>
<dim:field element="title" language="en" mdschema="dc">Silk tensile and web architecture measurements for 280 individuals and 22 species of Araneidae</dim:field>
<dim:field element="type" language="en" mdschema="dc">Dataset</dim:field>
<dim:field element="ScientificName" language="en" mdschema="dwc">Araneidae</dim:field>
<dim:field element="dryad" qualifier="pageviews">147</dim:field>
<dim:field element="dryad" qualifier="downloads">78</dim:field>
</dim:dim>
</mets:xmlData>
</mets:mdWrap>
</mets:dmdSec>
<mets:fileSec>
<mets:fileGrp USE="CONTENT">
<mets:file CHECKSUMTYPE="MD5" GROUPID="group_file_1616" ID="file_1616" MIMETYPE="application/vnd.ms-excel" SIZE="1280512" CHECKSUM="a3a7aa3aa7d05f5cf62fa94fc80381cd">
<mets:FLocat LOCTYPE="URL" xlink:title="excelfileofJEvBmainprojectforsubmissiontoDryad.xls" xlink:type="locator" xlink:href="/bitstream/handle/10255/dryad.1828/excelfileofJEvBmainprojectforsubmissiontoDryad.xls?sequence=1"/>
</mets:file>
</mets:fileGrp>
</mets:fileSec>
<mets:structMap LABEL="DSpace" TYPE="LOGICAL">
<mets:div DMDID="dmd_1" TYPE="DSpace Item">
<mets:div ID="div_2" TYPE="DSpace Content Bitstream">
<mets:fptr FILEID="file_1616"/>
</mets:div>
</mets:div>
</mets:structMap>
</mets:METS>
