<?xml version="1.0" encoding="UTF-8"?>
<mets:METS xmlns:mets="http://www.loc.gov/METS/" xmlns:xlink="http://www.w3.org/TR/xlink/" xmlns:xsi="http://www.w3.org/2001/XMLSchema-instance" xmlns:dim="http://www.dspace.org/xmlns/dspace/dim" OBJEDIT="/admin/item?itemID=65421" OBJID="/handle/10255/dryad.53522" PROFILE="DSPACE METS SIP Profile 1.0" LABEL="DSpace Item" ID="hdl:10255/dryad.53522">
<mets:dmdSec GROUPID="group_dmd_0" ID="dmd_1">
<mets:mdWrap MDTYPE="OTHER" OTHERMDTYPE="DIM">
<mets:xmlData>
<dim:dim dspaceType="ITEM">
<dim:field element="contributor" qualifier="author" language="" mdschema="dc">Fabbri, Elena</dim:field>
<dim:field element="contributor" qualifier="author" language="" mdschema="dc">Caniglia, Romolo</dim:field>
<dim:field element="contributor" qualifier="author" language="" mdschema="dc">Galov, Ana</dim:field>
<dim:field element="contributor" qualifier="author" language="" mdschema="dc">Arbanasić, Haidi</dim:field>
<dim:field element="contributor" qualifier="author" language="" mdschema="dc">Lapini, Luca</dim:field>
<dim:field element="contributor" qualifier="author" language="" mdschema="dc">Bošković, Ivica</dim:field>
<dim:field element="contributor" qualifier="author" language="" mdschema="dc">Florijančić, Tihomir</dim:field>
<dim:field element="contributor" qualifier="author" language="" mdschema="dc">Vlasseva, Albena</dim:field>
<dim:field element="contributor" qualifier="author" language="" mdschema="dc">Ahmed, Atidzhe</dim:field>
<dim:field element="contributor" qualifier="author" language="" mdschema="dc">Mirchev, Rossen</dim:field>
<dim:field element="contributor" qualifier="author" language="" mdschema="dc">Randi, Ettore</dim:field>
<dim:field element="coverage" qualifier="spatial" language="" mdschema="dc">Bulgaria</dim:field>
<dim:field element="coverage" qualifier="spatial" language="" mdschema="dc">Croatia</dim:field>
<dim:field element="coverage" qualifier="spatial" language="" mdschema="dc">Italy</dim:field>
<dim:field element="identifier" language="" mdschema="dc">doi:10.5061/dryad.1529d/1</dim:field>
<dim:field element="description" language="" mdschema="dc">Genotypes table at 15 canine microsatellites. The first column includes the sample identifiers, the second column the country of origin of samples.</dim:field>
<dim:field element="relation" qualifier="ispartof" language="" mdschema="dc">doi:10.5061/dryad.1529d</dim:field>
<dim:field element="rights" qualifier="uri" language="" mdschema="dc">http://creativecommons.org/publicdomain/zero/1.0/</dim:field>
<dim:field element="subject" confidence="NOVALUE" language="" mdschema="dc">admixture analysis</dim:field>
<dim:field element="subject" confidence="FAILED" language="" mdschema="dc">assignment testing</dim:field>
<dim:field element="subject" confidence="FAILED" language="" mdschema="dc">autosomal microsatellites</dim:field>
<dim:field element="subject" confidence="FAILED" language="" mdschema="dc">colonization genetics</dim:field>
<dim:field element="subject" confidence="FAILED" language="" mdschema="dc">mitochondrial DNA control-region</dim:field>
<dim:field element="subject" confidence="FAILED" language="" mdschema="dc">population structure</dim:field>
<dim:field element="title" language="" mdschema="dc">Golden_Jackal_Genotypes</dim:field>
<dim:field element="type" language="*" mdschema="dc">Dataset</dim:field>
<dim:field element="ScientificName" confidence="NOVALUE" language="" mdschema="dwc">Canis aureus</dim:field>
<dim:field element="type" qualifier="embargo" language="" mdschema="dc">oneyear</dim:field>
<dim:field element="dryad" qualifier="pageviews">1</dim:field>
<dim:field element="dryad" qualifier="downloads">1</dim:field>
</dim:dim>
</mets:xmlData>
</mets:mdWrap>
</mets:dmdSec>
<mets:fileSec/>
<mets:structMap LABEL="DSpace" TYPE="LOGICAL">
<mets:div DMDID="dmd_1" TYPE="DSpace Item"/>
</mets:structMap>
</mets:METS>
