<?xml version="1.0" encoding="UTF-8"?>
<mets:METS xmlns:mets="http://www.loc.gov/METS/" xmlns:xlink="http://www.w3.org/TR/xlink/" xmlns:xsi="http://www.w3.org/2001/XMLSchema-instance" xmlns:dim="http://www.dspace.org/xmlns/dspace/dim" OBJEDIT="/admin/item?itemID=35019" OBJID="/handle/10255/dryad.33565" PROFILE="DSPACE METS SIP Profile 1.0" LABEL="DSpace Item" ID="hdl:10255/dryad.33565">
<mets:dmdSec GROUPID="group_dmd_0" ID="dmd_1">
<mets:mdWrap MDTYPE="OTHER" OTHERMDTYPE="DIM">
<mets:xmlData>
<dim:dim dspaceType="ITEM">
<dim:field element="contributor" qualifier="author" language="" mdschema="dc">Xhaard, Constance</dim:field>
<dim:field element="contributor" qualifier="author" language="" mdschema="dc">Fabre, Bénédicte</dim:field>
<dim:field element="contributor" qualifier="author" language="" mdschema="dc">Andrieux, Axelle</dim:field>
<dim:field element="contributor" qualifier="author" language="" mdschema="dc">Frey, Pascal</dim:field>
<dim:field element="contributor" qualifier="author" language="" mdschema="dc">Halkett, Fabien</dim:field>
<dim:field element="coverage" qualifier="spatial" language="en" mdschema="dc">France</dim:field>
<dim:field element="coverage" qualifier="temporal" language="en" mdschema="dc">contemporary</dim:field>
<dim:field element="coverage" qualifier="temporal" language="en" mdschema="dc">2009</dim:field>
<dim:field element="date" qualifier="accessioned" mdschema="dc">2011-04-29T14:50:19Z</dim:field>
<dim:field element="date" qualifier="available" mdschema="dc">2011-06-01T17:19:08Z</dim:field>
<dim:field element="date" qualifier="issued" mdschema="dc">2011-04-29</dim:field>
<dim:field element="identifier" mdschema="dc">doi:10.5061/dryad.022dv/1</dim:field>
<dim:field element="identifier" qualifier="uri" mdschema="dc">http://hdl.handle.net/10255/dryad.33565</dim:field>
<dim:field element="description" language="en" mdschema="dc">Population genetic data (microsatellite loci) of a plant pathogenic fungi (Melampsora larici-populina) collected on its wild hosts. &#13;
See ReadMe files and publication for details</dim:field>
<dim:field element="relation" qualifier="ispartof" language="" mdschema="dc">doi:10.5061/dryad.022dv</dim:field>
<dim:field element="rights" qualifier="uri" language="" mdschema="dc">http://creativecommons.org/publicdomain/zero/1.0/</dim:field>
<dim:field element="subject" language="en" mdschema="dc">Natural Selection and Contemporary Evolution</dim:field>
<dim:field element="subject" language="en" mdschema="dc">Population Genetics - Empirical</dim:field>
<dim:field element="subject" language="en" mdschema="dc">Disease Biology</dim:field>
<dim:field element="subject" language="en" mdschema="dc">Agriculture</dim:field>
<dim:field element="subject" language="en" mdschema="dc">Fungi</dim:field>
<dim:field element="subject" language="en" mdschema="dc">Domestication</dim:field>
<dim:field element="title" language="en" mdschema="dc">Data-11691887MEC-10-1357</dim:field>
<dim:field element="type" language="*" mdschema="dc">Dataset</dim:field>
<dim:field element="ScientificName" language="en" mdschema="dwc">Melampsora larici-populina</dim:field>
<dim:field element="type" qualifier="embargo" language="en" mdschema="dc">untilArticleAppears</dim:field>
<dim:field element="dryad" qualifier="pageviews">95</dim:field>
<dim:field element="dryad" qualifier="downloads">106</dim:field>
</dim:dim>
</mets:xmlData>
</mets:mdWrap>
</mets:dmdSec>
<mets:fileSec>
<mets:fileGrp USE="CONTENT">
<mets:file CHECKSUMTYPE="MD5" GROUPID="group_file_114061" ID="file_114061" MIMETYPE="text/csv" SIZE="134646" CHECKSUM="b78bb6044ddde83d53e17a6d0eb58e7a">
<mets:FLocat LOCTYPE="URL" xlink:title="Data-11691887MEC-10-1357.csv" xlink:label="dataset-file" xlink:type="locator" xlink:href="/bitstream/handle/10255/dryad.33565/Data-11691887MEC-10-1357.csv?sequence=1"/>
</mets:file>
<mets:file CHECKSUMTYPE="MD5" GROUPID="group_file_114062" ID="file_114062" MIMETYPE="text/plain" SIZE="1136" CHECKSUM="d05f9db199bcf93f6f1f6a76a22416cf">
<mets:FLocat LOCTYPE="URL" xlink:title="README.txt" xlink:label="dc_readme" xlink:type="locator" xlink:href="/bitstream/handle/10255/dryad.33565/README.txt?sequence=2"/>
</mets:file>
</mets:fileGrp>
<mets:fileGrp USE="TEXT">
<mets:file CHECKSUMTYPE="MD5" GROUPID="group_file_114062" ID="file_114073" MIMETYPE="text/plain" SIZE="1106" CHECKSUM="5e8819acc36030154afbe4e5aa1785e9">
<mets:FLocat LOCTYPE="URL" xlink:title="README.txt.txt" xlink:label="Extracted text" xlink:type="locator" xlink:href="/bitstream/handle/10255/dryad.33565/README.txt.txt?sequence=3"/>
</mets:file>
</mets:fileGrp>
</mets:fileSec>
<mets:structMap LABEL="DSpace" TYPE="LOGICAL">
<mets:div DMDID="dmd_1" TYPE="DSpace Item">
<mets:div ID="div_2" TYPE="DSpace Content Bitstream">
<mets:fptr FILEID="file_114061"/>
</mets:div>
<mets:div ID="div_3" TYPE="DSpace Content Bitstream">
<mets:fptr FILEID="file_114062"/>
</mets:div>
</mets:div>
</mets:structMap>
</mets:METS>
