<?xml version="1.0" encoding="UTF-8"?>
<mets:METS xmlns:mets="http://www.loc.gov/METS/" xmlns:xlink="http://www.w3.org/TR/xlink/" xmlns:xsi="http://www.w3.org/2001/XMLSchema-instance" xmlns:dim="http://www.dspace.org/xmlns/dspace/dim" OBJEDIT="/admin/item?itemID=65979" OBJID="/handle/10255/dryad.53868" PROFILE="DSPACE METS SIP Profile 1.0" LABEL="DSpace Item" ID="hdl:10255/dryad.53868">
<mets:dmdSec GROUPID="group_dmd_0" ID="dmd_1">
<mets:mdWrap MDTYPE="OTHER" OTHERMDTYPE="DIM">
<mets:xmlData>
<dim:dim dspaceType="ITEM">
<dim:field element="contributor" qualifier="author" mdschema="dc">Sousa, Filipe</dim:field>
<dim:field element="contributor" qualifier="author" mdschema="dc">Bertrand, Yann</dim:field>
<dim:field element="contributor" qualifier="author" mdschema="dc">Doyle, Jeff</dim:field>
<dim:field element="contributor" qualifier="author" mdschema="dc">Oxelman, Bengt</dim:field>
<dim:field element="contributor" qualifier="author" mdschema="dc">Pfeil, Bernard</dim:field>
<dim:field element="identifier" mdschema="dc">doi:10.5061/dryad.04hg6/1</dim:field>
<dim:field element="description" language="" mdschema="dc">nexus files with simulated data (simulated matrices) and table showing the correspondance between each nexus file and the 12-gene replicates</dim:field>
<dim:field element="relation" qualifier="ispartof" mdschema="dc">doi:10.5061/dryad.04hg6</dim:field>
<dim:field element="rights" qualifier="uri" mdschema="dc">http://creativecommons.org/publicdomain/zero/1.0/</dim:field>
<dim:field element="subject" confidence="NOVALUE" language="" mdschema="dc">phylogenetic incongruence</dim:field>
<dim:field element="subject" confidence="NOVALUE" language="" mdschema="dc">species tree</dim:field>
<dim:field element="subject" confidence="NOVALUE" language="" mdschema="dc">simulation</dim:field>
<dim:field element="subject" confidence="NOVALUE" language="" mdschema="dc">genome</dim:field>
<dim:field element="subject" confidence="NOVALUE" language="" mdschema="dc">principal tree</dim:field>
<dim:field element="subject" confidence="NOVALUE" language="" mdschema="dc">multispecies coalescent model</dim:field>
<dim:field element="title" language="" mdschema="dc">nexus_files</dim:field>
<dim:field element="type" language="*" mdschema="dc">Dataset</dim:field>
<dim:field element="dryad" qualifier="pageviews">0</dim:field>
<dim:field element="dryad" qualifier="downloads">0</dim:field>
</dim:dim>
</mets:xmlData>
</mets:mdWrap>
</mets:dmdSec>
<mets:fileSec/>
<mets:structMap LABEL="DSpace" TYPE="LOGICAL">
<mets:div DMDID="dmd_1" TYPE="DSpace Item"/>
</mets:structMap>
</mets:METS>
