<?xml version="1.0" encoding="UTF-8"?>
<mets:METS xmlns:mets="http://www.loc.gov/METS/" xmlns:xlink="http://www.w3.org/TR/xlink/" xmlns:xsi="http://www.w3.org/2001/XMLSchema-instance" xmlns:dim="http://www.dspace.org/xmlns/dspace/dim" OBJEDIT="/admin/item?itemID=54138" OBJID="/handle/10255/dryad.45983" PROFILE="DSPACE METS SIP Profile 1.0" LABEL="DSpace Item" ID="hdl:10255/dryad.45983">
<mets:dmdSec GROUPID="group_dmd_0" ID="dmd_1">
<mets:mdWrap MDTYPE="OTHER" OTHERMDTYPE="DIM">
<mets:xmlData>
<dim:dim dspaceType="ITEM">
<dim:field element="contributor" qualifier="author" mdschema="dc">William J. Resetarits, Jr.</dim:field>
<dim:field element="contributor" qualifier="author" mdschema="dc">Christopher A. Binckley, Ph.D.</dim:field>
<dim:field element="coverage" qualifier="spatial" language="" mdschema="dc">Southeast and Central US</dim:field>
<dim:field element="date" qualifier="accessioned" mdschema="dc">2013-01-24T15:36:37Z</dim:field>
<dim:field element="date" qualifier="available" mdschema="dc">2013-04-23T19:52:57Z</dim:field>
<dim:field element="date" qualifier="issued" mdschema="dc">2013-01-24</dim:field>
<dim:field element="identifier" mdschema="dc">doi:10.5061/dryad.1bt11/1</dim:field>
<dim:field element="identifier" qualifier="uri" mdschema="dc">http://hdl.handle.net/10255/dryad.45983</dim:field>
<dim:field element="description" language="" mdschema="dc">summary from published data and several unpublished experiments.</dim:field>
<dim:field element="relation" qualifier="ispartof" mdschema="dc">doi:10.5061/dryad.1bt11</dim:field>
<dim:field element="rights" qualifier="uri" mdschema="dc">http://creativecommons.org/publicdomain/zero/1.0/</dim:field>
<dim:field element="subject" confidence="NOVALUE" language="" mdschema="dc">Behavior</dim:field>
<dim:field element="subject" confidence="NOVALUE" language="" mdschema="dc">Colonization</dim:field>
<dim:field element="subject" confidence="NOVALUE" language="" mdschema="dc">Community: structure</dim:field>
<dim:field element="subject" confidence="NOVALUE" language="" mdschema="dc">Crypsis</dim:field>
<dim:field element="subject" confidence="NOVALUE" language="" mdschema="dc">Interactions: predation</dim:field>
<dim:field element="subject" confidence="NOVALUE" language="" mdschema="dc">Patch selection</dim:field>
<dim:field element="subject" confidence="NOVALUE" language="" mdschema="dc">Lakes/ponds</dim:field>
<dim:field element="subject" confidence="NOVALUE" language="" mdschema="dc">Anurans (frogs and toads)</dim:field>
<dim:field element="subject" confidence="NOVALUE" language="" mdschema="dc">beetles</dim:field>
<dim:field element="subject" confidence="NOVALUE" language="" mdschema="dc">cloaking</dim:field>
<dim:field element="title" language="" mdschema="dc">Summaryofdata for Cloaking (version 1)</dim:field>
<dim:field element="type" language="*" mdschema="dc">Dataset</dim:field>
<dim:field element="ScientificName" confidence="NOVALUE" language="" mdschema="dwc">Dytiscidae</dim:field>
<dim:field element="ScientificName" confidence="NOVALUE" language="" mdschema="dwc">Hydrophilidae</dim:field>
<dim:field element="ScientificName" confidence="NOVALUE" language="" mdschema="dwc">Hylidae</dim:field>
<dim:field element="ScientificName" confidence="NOVALUE" language="" mdschema="dwc">Hyla</dim:field>
<dim:field element="ScientificName" confidence="NOVALUE" language="" mdschema="dwc">Aphredoderus</dim:field>
<dim:field element="ScientificName" confidence="NOVALUE" language="" mdschema="dwc">Aphredoderidae</dim:field>
<dim:field element="ScientificName" confidence="FAILED" language="" mdschema="dwc">Aphredoderus sayanus</dim:field>
<dim:field element="type" qualifier="embargo" language="" mdschema="dc">untilArticleAppears</dim:field>
<dim:field element="dryad" qualifier="pageviews">53</dim:field>
<dim:field element="dryad" qualifier="downloads">10</dim:field>
</dim:dim>
</mets:xmlData>
</mets:mdWrap>
</mets:dmdSec>
<mets:fileSec>
<mets:fileGrp USE="CONTENT">
<mets:file CHECKSUMTYPE="MD5" GROUPID="group_file_128959" ID="file_128959" MIMETYPE="application/vnd.ms-excel.sheet.binary.macroEnabled.12" SIZE="14502" CHECKSUM="484b62a4043bb056cde06dbf56bf3616">
<mets:FLocat LOCTYPE="URL" xlink:title="Summaryofdata for Cloaking (version 1).xlsb" xlink:label="dataset-file" xlink:type="locator" xlink:href="/bitstream/handle/10255/dryad.45983/Summaryofdata%20for%20Cloaking%20%28version%201%29.xlsb?sequence=1"/>
</mets:file>
</mets:fileGrp>
</mets:fileSec>
<mets:structMap LABEL="DSpace" TYPE="LOGICAL">
<mets:div DMDID="dmd_1" TYPE="DSpace Item">
<mets:div ID="div_2" TYPE="DSpace Content Bitstream">
<mets:fptr FILEID="file_128959"/>
</mets:div>
</mets:div>
</mets:structMap>
</mets:METS>
