<?xml version="1.0" encoding="UTF-8"?>
<mets:METS xmlns:mets="http://www.loc.gov/METS/" xmlns:xlink="http://www.w3.org/TR/xlink/" xmlns:xsi="http://www.w3.org/2001/XMLSchema-instance" xmlns:dim="http://www.dspace.org/xmlns/dspace/dim" OBJEDIT="/admin/item?itemID=1918" OBJID="/handle/10255/dryad.1687" PROFILE="DSPACE METS SIP Profile 1.0" LABEL="DSpace Item" ID="hdl:10255/dryad.1687">
<mets:dmdSec GROUPID="group_dmd_0" ID="dmd_1">
<mets:mdWrap MDTYPE="OTHER" OTHERMDTYPE="DIM">
<mets:xmlData>
<dim:dim withdrawn="y" dspaceType="ITEM">
<dim:field element="contributor" qualifier="author" language="en" mdschema="dc">Evgen'ev, Michael</dim:field>
<dim:field element="contributor" qualifier="author" language="en" mdschema="dc">Garbuz, David</dim:field>
<dim:field element="contributor" qualifier="author" language="en" mdschema="dc">Zatsepina, Olga</dim:field>
<dim:field element="contributor" qualifier="author" language="en" mdschema="dc">Przhiboro, Andrey</dim:field>
<dim:field element="contributor" qualifier="author" language="en" mdschema="dc">Guzhova, Irina</dim:field>
<dim:field element="contributor" qualifier="author" language="en" mdschema="dc">Yushenova, Irina</dim:field>
<dim:field element="coverage" qualifier="spatial" language="en" mdschema="dc">Kuril Islands</dim:field>
<dim:field element="date" qualifier="accessioned" language="" mdschema="dc">2010-06-24T07:15:46Z</dim:field>
<dim:field element="date" qualifier="available" language="" mdschema="dc">2010-06-24T07:15:46Z</dim:field>
<dim:field element="date" qualifier="issued" language="" mdschema="dc">2010-06-24</dim:field>
<dim:field element="identifier" mdschema="dc">doi:10.5061/dryad.1686/1</dim:field>
<dim:field element="identifier" qualifier="uri" language="" mdschema="dc">http://hdl.handle.net/10255/dryad.1687</dim:field>
<dim:field element="relation" qualifier="ispartof" language="en" mdschema="dc">http://hdl.handle.net/10255/dryad.1686</dim:field>
<dim:field element="rights" qualifier="uri" language="en" mdschema="dc">http://creativecommons.org/publicdomain/zero/1.0/</dim:field>
<dim:field element="subject" language="en" mdschema="dc">Adaptation</dim:field>
<dim:field element="subject" language="en" mdschema="dc">Gene Structure and Function</dim:field>
<dim:field element="subject" language="en" mdschema="dc">Molecular Evolution</dim:field>
<dim:field element="title" language="en" mdschema="dc">mecPDF.pdf</dim:field>
<dim:field element="type" language="en" mdschema="dc">Dataset</dim:field>
<dim:field element="ScientificName" language="en" mdschema="dwc">Stratiomys japonica</dim:field>
<dim:field element="ScientificName" language="en" mdschema="dwc">Stratiomys singularior</dim:field>
<dim:field element="ScientificName" language="en" mdschema="dwc">Nemotelus bipunctatus</dim:field>
<dim:field element="ScientificName" language="en" mdschema="dwc">Oxycera pardalina</dim:field>
<dim:field element="date" qualifier="embargoedUntil" language="" mdschema="dc">2011-06-30</dim:field>
<dim:field element="dryad" qualifier="pageviews">0</dim:field>
<dim:field element="dryad" qualifier="downloads">0</dim:field>
</dim:dim>
</mets:xmlData>
</mets:mdWrap>
</mets:dmdSec>
<mets:fileSec/>
<mets:structMap LABEL="DSpace" TYPE="LOGICAL">
<mets:div DMDID="dmd_1" TYPE="DSpace Item"/>
</mets:structMap>
</mets:METS>
