<?xml version="1.0" encoding="UTF-8"?>
<mets:METS xmlns:mets="http://www.loc.gov/METS/" xmlns:xlink="http://www.w3.org/TR/xlink/" xmlns:xsi="http://www.w3.org/2001/XMLSchema-instance" xmlns:dim="http://www.dspace.org/xmlns/dspace/dim" OBJEDIT="/admin/item?itemID=1994" OBJID="/handle/10255/dryad.1759" PROFILE="DSPACE METS SIP Profile 1.0" LABEL="DSpace Item" ID="hdl:10255/dryad.1759">
<mets:dmdSec GROUPID="group_dmd_0" ID="dmd_1">
<mets:mdWrap MDTYPE="OTHER" OTHERMDTYPE="DIM">
<mets:xmlData>
<dim:dim dspaceType="ITEM">
<dim:field element="contributor" qualifier="author" language="en" mdschema="dc">Krist, Miloš</dim:field>
<dim:field element="contributor" qualifier="author" language="en" mdschema="dc">Remeš, Vladimír</dim:field>
<dim:field element="contributor" qualifier="author" language="en" mdschema="dc">Uvírová, Lenka</dim:field>
<dim:field element="contributor" qualifier="author" language="en" mdschema="dc">Nádvorník, Petr</dim:field>
<dim:field element="contributor" qualifier="author" language="en" mdschema="dc">Bureš, Stanislav</dim:field>
<dim:field element="coverage" qualifier="spatial" language="en" mdschema="dc">Czech Republic</dim:field>
<dim:field element="coverage" qualifier="spatial" language="en" mdschema="dc">Europe</dim:field>
<dim:field element="date" qualifier="accessioned" language="" mdschema="dc">2010-07-13T15:50:55Z</dim:field>
<dim:field element="date" qualifier="available" language="" mdschema="dc">2010-07-13T15:50:55Z</dim:field>
<dim:field element="date" qualifier="issued" language="" mdschema="dc">2004-04-29</dim:field>
<dim:field element="identifier" language="" mdschema="dc">doi:10.5061/dryad.1758/1</dim:field>
<dim:field element="identifier" qualifier="uri" language="" mdschema="dc">http://hdl.handle.net/10255/dryad.1759</dim:field>
<dim:field element="relation" qualifier="ispartof" language="en" mdschema="dc">doi:10.5061/dryad.1758</dim:field>
<dim:field element="rights" qualifier="uri" language="en" mdschema="dc">http://creativecommons.org/publicdomain/zero/1.0/</dim:field>
<dim:field element="subject" language="en" mdschema="dc">egg size</dim:field>
<dim:field element="subject" language="en" mdschema="dc">intraclutch</dim:field>
<dim:field element="subject" language="en" mdschema="dc">offspring fitness</dim:field>
<dim:field element="subject" language="en" mdschema="dc">growth</dim:field>
<dim:field element="subject" language="en" mdschema="dc">extra-pair</dim:field>
<dim:field element="title" language="en" mdschema="dc">dataset.csv</dim:field>
<dim:field element="type" language="en" mdschema="dc">Dataset</dim:field>
<dim:field element="ScientificName" language="en" mdschema="dwc">Ficedula albicollis</dim:field>
<dim:field element="dryad" qualifier="pageviews">197</dim:field>
<dim:field element="dryad" qualifier="downloads">299</dim:field>
</dim:dim>
</mets:xmlData>
</mets:mdWrap>
</mets:dmdSec>
<mets:fileSec>
<mets:fileGrp USE="CONTENT">
<mets:file CHECKSUMTYPE="MD5" GROUPID="group_file_1572" ID="file_1572" MIMETYPE="text/csv" SIZE="18485" CHECKSUM="6a348281fb532f9fdb6a969f4eda571e">
<mets:FLocat LOCTYPE="URL" xlink:title="dataset.csv" xlink:type="locator" xlink:href="/bitstream/handle/10255/dryad.1759/dataset.csv?sequence=1"/>
</mets:file>
<mets:file CHECKSUMTYPE="MD5" GROUPID="group_file_1578" ID="file_1578" MIMETYPE="text/plain" SIZE="2060" CHECKSUM="16884673d1384bf80868462d8a74a33f">
<mets:FLocat LOCTYPE="URL" xlink:title="README.txt" xlink:label="" xlink:type="locator" xlink:href="/bitstream/handle/10255/dryad.1759/README.txt?sequence=2"/>
</mets:file>
</mets:fileGrp>
<mets:fileGrp USE="TEXT">
<mets:file CHECKSUMTYPE="MD5" GROUPID="group_file_1578" ID="file_1580" MIMETYPE="text/plain" SIZE="2006" CHECKSUM="4fa17aeac0d6ed42acf75dd79a7d9199">
<mets:FLocat LOCTYPE="URL" xlink:title="README.txt.txt" xlink:label="Extracted text" xlink:type="locator" xlink:href="/bitstream/handle/10255/dryad.1759/README.txt.txt?sequence=3"/>
</mets:file>
</mets:fileGrp>
</mets:fileSec>
<mets:structMap LABEL="DSpace" TYPE="LOGICAL">
<mets:div DMDID="dmd_1" TYPE="DSpace Item">
<mets:div ID="div_2" TYPE="DSpace Content Bitstream">
<mets:fptr FILEID="file_1572"/>
</mets:div>
<mets:div ID="div_3" TYPE="DSpace Content Bitstream">
<mets:fptr FILEID="file_1578"/>
</mets:div>
</mets:div>
</mets:structMap>
</mets:METS>
