<?xml version="1.0" encoding="UTF-8"?>
<mets:METS xmlns:mets="http://www.loc.gov/METS/" xmlns:xlink="http://www.w3.org/TR/xlink/" xmlns:xsi="http://www.w3.org/2001/XMLSchema-instance" xmlns:dim="http://www.dspace.org/xmlns/dspace/dim" OBJEDIT="/admin/item?itemID=40322" OBJID="/handle/10255/dryad.36850" PROFILE="DSPACE METS SIP Profile 1.0" LABEL="DSpace Item" ID="hdl:10255/dryad.36850">
<mets:dmdSec GROUPID="group_dmd_0" ID="dmd_1">
<mets:mdWrap MDTYPE="OTHER" OTHERMDTYPE="DIM">
<mets:xmlData>
<dim:dim dspaceType="ITEM">
<dim:field element="contributor" qualifier="author" language="" mdschema="dc">Gibbons, Philip</dim:field>
<dim:field element="contributor" qualifier="author" language="" mdschema="dc">van Bommel, Linda</dim:field>
<dim:field element="contributor" qualifier="author" language="" mdschema="dc">Gill, A. Malcolm</dim:field>
<dim:field element="contributor" qualifier="author" language="" mdschema="dc">Cary, Geoffrey J.</dim:field>
<dim:field element="contributor" qualifier="author" language="" mdschema="dc">Driscoll, Don A.</dim:field>
<dim:field element="contributor" qualifier="author" language="" mdschema="dc">Bradstock, Ross A.</dim:field>
<dim:field element="contributor" qualifier="author" language="" mdschema="dc">Knight, Emma A.</dim:field>
<dim:field element="contributor" qualifier="author" language="" mdschema="dc">Moritz, Max A.</dim:field>
<dim:field element="contributor" qualifier="author" language="" mdschema="dc">Stephens, Scott L.</dim:field>
<dim:field element="contributor" qualifier="author" language="" mdschema="dc">Lindenmayer, David B.</dim:field>
<dim:field element="coverage" qualifier="spatial" language="" mdschema="dc">Australia</dim:field>
<dim:field element="coverage" qualifier="spatial" language="" mdschema="dc">Victoria</dim:field>
<dim:field element="date" qualifier="accessioned" mdschema="dc">2012-11-05T20:13:55Z</dim:field>
<dim:field element="date" qualifier="available" mdschema="dc">2012-11-05T20:13:55Z</dim:field>
<dim:field element="date" qualifier="issued" mdschema="dc">2012-11-05</dim:field>
<dim:field element="identifier" mdschema="dc">doi:10.5061/dryad.0875q1v2/1</dim:field>
<dim:field element="identifier" qualifier="uri" mdschema="dc">http://hdl.handle.net/10255/dryad.36850</dim:field>
<dim:field element="description" language="" mdschema="dc">Covariates measured at each of 499 houses within wildfires that burnt on 7 February 2009 in Victoria, Australia</dim:field>
<dim:field element="relation" qualifier="ispartof" language="" mdschema="dc">doi:10.5061/dryad.0875q1v2</dim:field>
<dim:field element="rights" qualifier="uri" language="" mdschema="dc">http://creativecommons.org/publicdomain/zero/1.0/</dim:field>
<dim:field element="subject" language="" mdschema="dc">wildfire</dim:field>
<dim:field element="subject" language="" mdschema="dc">prescribed burning</dim:field>
<dim:field element="subject" language="" mdschema="dc">climate change adaptation</dim:field>
<dim:field element="subject" language="" mdschema="dc">logging</dim:field>
<dim:field element="subject" language="" mdschema="dc">Black Saturday</dim:field>
<dim:field element="title" language="" mdschema="dc">house_loss</dim:field>
<dim:field element="type" language="*" mdschema="dc">Dataset</dim:field>
<dim:field element="dryad" qualifier="pageviews">147</dim:field>
<dim:field element="dryad" qualifier="downloads">60</dim:field>
</dim:dim>
</mets:xmlData>
</mets:mdWrap>
</mets:dmdSec>
<mets:fileSec>
<mets:fileGrp USE="CONTENT">
<mets:file CHECKSUMTYPE="MD5" GROUPID="group_file_118788" ID="file_118788" MIMETYPE="text/plain" SIZE="54129" CHECKSUM="0fb1d95f79352cb69a934dc970948eda">
<mets:FLocat LOCTYPE="URL" xlink:title="house_loss.txt" xlink:label="dataset-file" xlink:type="locator" xlink:href="/bitstream/handle/10255/dryad.36850/house_loss.txt?sequence=1"/>
</mets:file>
</mets:fileGrp>
</mets:fileSec>
<mets:structMap LABEL="DSpace" TYPE="LOGICAL">
<mets:div DMDID="dmd_1" TYPE="DSpace Item">
<mets:div ID="div_2" TYPE="DSpace Content Bitstream">
<mets:fptr FILEID="file_118788"/>
</mets:div>
</mets:div>
</mets:structMap>
</mets:METS>
