<?xml version="1.0" encoding="UTF-8"?>
<mets:METS xmlns:mets="http://www.loc.gov/METS/" xmlns:xlink="http://www.w3.org/TR/xlink/" xmlns:xsi="http://www.w3.org/2001/XMLSchema-instance" xmlns:dim="http://www.dspace.org/xmlns/dspace/dim" OBJEDIT="/admin/item?itemID=66250" OBJID="/handle/10255/dryad.54039" PROFILE="DSPACE METS SIP Profile 1.0" LABEL="DSpace Item" ID="hdl:10255/dryad.54039">
<mets:dmdSec GROUPID="group_dmd_0" ID="dmd_1">
<mets:mdWrap MDTYPE="OTHER" OTHERMDTYPE="DIM">
<mets:xmlData>
<dim:dim dspaceType="ITEM">
<dim:field element="contributor" qualifier="author" mdschema="dc">Korall, Petra</dim:field>
<dim:field element="contributor" qualifier="author" mdschema="dc">Pryer, Kathleen M.</dim:field>
<dim:field element="identifier" mdschema="dc">doi:10.5061/dryad.0q08k/2</dim:field>
<dim:field element="description" language="" mdschema="dc">The combined (rbcL, rbcL-accD IGS, rbcL-atpB IGS, trnGR, and trnLF) dataset as nexus file. Data partitions and excluded characters are listed.</dim:field>
<dim:field element="relation" qualifier="ispartof" mdschema="dc">doi:10.5061/dryad.0q08k</dim:field>
<dim:field element="rights" qualifier="uri" mdschema="dc">http://creativecommons.org/publicdomain/zero/1.0/</dim:field>
<dim:field element="subject" confidence="NOVALUE" language="" mdschema="dc">Cyatheaceae</dim:field>
<dim:field element="subject" confidence="NOVALUE" language="" mdschema="dc">historical biogeography</dim:field>
<dim:field element="subject" confidence="NOVALUE" language="" mdschema="dc">Lagrange</dim:field>
<dim:field element="subject" confidence="NOVALUE" language="" mdschema="dc">scaly tree ferns</dim:field>
<dim:field element="title" language="" mdschema="dc">Combined dataset</dim:field>
<dim:field element="type" language="*" mdschema="dc">Dataset</dim:field>
<dim:field element="ScientificName" confidence="NOVALUE" language="" mdschema="dwc">Cyatheaceae</dim:field>
<dim:field element="ScientificName" confidence="NOVALUE" language="" mdschema="dwc">Cyathea</dim:field>
<dim:field element="ScientificName" confidence="NOVALUE" language="" mdschema="dwc">Alsophila</dim:field>
<dim:field element="ScientificName" confidence="NOVALUE" language="" mdschema="dwc">Sphaeropteris</dim:field>
<dim:field element="type" qualifier="embargo" language="" mdschema="dc">untilArticleAppears</dim:field>
<dim:field element="dryad" qualifier="pageviews">0</dim:field>
<dim:field element="dryad" qualifier="downloads">1</dim:field>
</dim:dim>
</mets:xmlData>
</mets:mdWrap>
</mets:dmdSec>
<mets:fileSec/>
<mets:structMap LABEL="DSpace" TYPE="LOGICAL">
<mets:div DMDID="dmd_1" TYPE="DSpace Item"/>
</mets:structMap>
</mets:METS>
