<?xml version="1.0" encoding="UTF-8"?>
<mets:METS xmlns:mets="http://www.loc.gov/METS/" xmlns:xlink="http://www.w3.org/TR/xlink/" xmlns:xsi="http://www.w3.org/2001/XMLSchema-instance" xmlns:dim="http://www.dspace.org/xmlns/dspace/dim" OBJEDIT="/admin/item?itemID=66211" OBJID="/handle/10255/dryad.54026" PROFILE="DSPACE METS SIP Profile 1.0" LABEL="DSpace Item" ID="hdl:10255/dryad.54026">
<mets:dmdSec GROUPID="group_dmd_0" ID="dmd_1">
<mets:mdWrap MDTYPE="OTHER" OTHERMDTYPE="DIM">
<mets:xmlData>
<dim:dim dspaceType="ITEM">
<dim:field element="contributor" qualifier="author" mdschema="dc">Robinson, Stephen</dim:field>
<dim:field element="contributor" qualifier="author" mdschema="dc">Simmons, Leigh</dim:field>
<dim:field element="contributor" qualifier="author" mdschema="dc">Kennington, Jason</dim:field>
<dim:field element="coverage" qualifier="spatial" language="" mdschema="dc">Margaret River</dim:field>
<dim:field element="coverage" qualifier="spatial" language="" mdschema="dc">Western Australia</dim:field>
<dim:field element="coverage" qualifier="spatial" language="" mdschema="dc">Australia</dim:field>
<dim:field element="coverage" qualifier="spatial" language="" mdschema="dc">33.95 °S</dim:field>
<dim:field element="coverage" qualifier="spatial" language="" mdschema="dc">115.07 °E</dim:field>
<dim:field element="identifier" mdschema="dc">doi:10.5061/dryad.060b1/29</dim:field>
<dim:field element="relation" qualifier="ispartof" mdschema="dc">doi:10.5061/dryad.060b1</dim:field>
<dim:field element="rights" qualifier="uri" mdschema="dc">http://creativecommons.org/publicdomain/zero/1.0/</dim:field>
<dim:field element="subject" confidence="NOVALUE" language="" mdschema="dc">Heterozygosity</dim:field>
<dim:field element="subject" confidence="NOVALUE" language="" mdschema="dc">Inbreeding</dim:field>
<dim:field element="subject" confidence="NOVALUE" language="" mdschema="dc">Null Allele</dim:field>
<dim:field element="subject" confidence="NOVALUE" language="" mdschema="dc">Population Bottleneck</dim:field>
<dim:field element="subject" confidence="NOVALUE" language="" mdschema="dc">Relatedness</dim:field>
<dim:field element="title" language="" mdschema="dc">list of file names and descriptions</dim:field>
<dim:field element="type" language="*" mdschema="dc">Dataset</dim:field>
<dim:field element="ScientificName" confidence="NOVALUE" language="" mdschema="dwc">Drosophila melanogaster</dim:field>
<dim:field element="type" qualifier="embargo" language="" mdschema="dc">untilArticleAppears</dim:field>
<dim:field element="dryad" qualifier="pageviews">0</dim:field>
<dim:field element="dryad" qualifier="downloads">0</dim:field>
</dim:dim>
</mets:xmlData>
</mets:mdWrap>
</mets:dmdSec>
<mets:fileSec/>
<mets:structMap LABEL="DSpace" TYPE="LOGICAL">
<mets:div DMDID="dmd_1" TYPE="DSpace Item"/>
</mets:structMap>
</mets:METS>
