<?xml version="1.0" encoding="UTF-8"?>
<mets:METS xmlns:mets="http://www.loc.gov/METS/" xmlns:xlink="http://www.w3.org/TR/xlink/" xmlns:xsi="http://www.w3.org/2001/XMLSchema-instance" xmlns:dim="http://www.dspace.org/xmlns/dspace/dim" OBJEDIT="/admin/item?itemID=45960" OBJID="/handle/10255/dryad.40587" PROFILE="DSPACE METS SIP Profile 1.0" LABEL="DSpace Item" ID="hdl:10255/dryad.40587">
<mets:dmdSec GROUPID="group_dmd_0" ID="dmd_1">
<mets:mdWrap MDTYPE="OTHER" OTHERMDTYPE="DIM">
<mets:xmlData>
<dim:dim dspaceType="ITEM">
<dim:field element="contributor" qualifier="author" mdschema="dc">Ismail, Khaled</dim:field>
<dim:field element="contributor" qualifier="author" mdschema="dc">Dudley, Lynn</dim:field>
<dim:field element="contributor" qualifier="author" mdschema="dc">Kettle, Christine</dim:field>
<dim:field element="contributor" qualifier="author" mdschema="dc">Carter, Pamela</dim:field>
<dim:field element="contributor" qualifier="author" mdschema="dc">Thomas, Peter</dim:field>
<dim:field element="identifier" mdschema="dc">doi:10.5061/dryad.02j8r/1</dim:field>
<dim:field element="description" language="" mdschema="dc">Word document</dim:field>
<dim:field element="relation" qualifier="ispartof" mdschema="dc">doi:10.5061/dryad.02j8r</dim:field>
<dim:field element="rights" qualifier="uri" mdschema="dc">http://creativecommons.org/publicdomain/zero/1.0/</dim:field>
<dim:field element="subject" confidence="NOVALUE" language="" mdschema="dc">Maternal medicine</dim:field>
<dim:field element="subject" confidence="NOVALUE" language="" mdschema="dc">WOUND MANAGEMENT</dim:field>
<dim:field element="subject" confidence="NOVALUE" language="" mdschema="dc">QUALITATIVE RESEARCH</dim:field>
<dim:field element="subject" confidence="NOVALUE" language="" mdschema="dc">STATISTICS &amp; RESEARCH METHODS</dim:field>
<dim:field element="subject" confidence="NOVALUE" language="" mdschema="dc">Postnatal</dim:field>
<dim:field element="subject" confidence="NOVALUE" language="" mdschema="dc">perineal wound dehiscence</dim:field>
<dim:field element="subject" confidence="NOVALUE" language="" mdschema="dc">re-suturing</dim:field>
<dim:field element="subject" confidence="NOVALUE" language="" mdschema="dc">expectant management</dim:field>
<dim:field element="title" language="" mdschema="dc">BMJ Open 25th June 2012 Revision 2 Dryad</dim:field>
<dim:field element="type" language="*" mdschema="dc">Dataset</dim:field>
<dim:field element="dryad" qualifier="pageviews">0</dim:field>
<dim:field element="dryad" qualifier="downloads">0</dim:field>
</dim:dim>
</mets:xmlData>
</mets:mdWrap>
</mets:dmdSec>
<mets:fileSec/>
<mets:structMap LABEL="DSpace" TYPE="LOGICAL">
<mets:div DMDID="dmd_1" TYPE="DSpace Item"/>
</mets:structMap>
</mets:METS>
