<?xml version="1.0" encoding="UTF-8"?>
<mets:METS xmlns:mets="http://www.loc.gov/METS/" xmlns:xlink="http://www.w3.org/TR/xlink/" xmlns:xsi="http://www.w3.org/2001/XMLSchema-instance" xmlns:dim="http://www.dspace.org/xmlns/dspace/dim" OBJEDIT="/admin/item?itemID=2105" OBJID="/handle/10255/dryad.1869" PROFILE="DSPACE METS SIP Profile 1.0" LABEL="DSpace Item" ID="hdl:10255/dryad.1869">
<mets:dmdSec GROUPID="group_dmd_0" ID="dmd_1">
<mets:mdWrap MDTYPE="OTHER" OTHERMDTYPE="DIM">
<mets:xmlData>
<dim:dim dspaceType="ITEM">
<dim:field element="contributor" qualifier="author" language="en" mdschema="dc">Santos, Scott R</dim:field>
<dim:field element="contributor" qualifier="author" language="en" mdschema="dc">Xiang, Yu</dim:field>
<dim:field element="contributor" qualifier="author" language="en" mdschema="dc">Tagawa, Annette W</dim:field>
<dim:field element="coverage" qualifier="spatial" language="" mdschema="dc">Hawaii</dim:field>
<dim:field element="coverage" qualifier="spatial" language="" mdschema="dc">High Hawaiian Islands</dim:field>
<dim:field element="coverage" qualifier="temporal" language="en" mdschema="dc">2006-2007</dim:field>
<dim:field element="date" qualifier="accessioned" language="" mdschema="dc">2010-08-19T20:09:48Z</dim:field>
<dim:field element="date" qualifier="available" language="" mdschema="dc">2010-10-01T06:30:09Z</dim:field>
<dim:field element="date" qualifier="issued" language="" mdschema="dc">2010-08-19</dim:field>
<dim:field element="identifier" mdschema="dc">doi:10.5061/dryad.1868/1</dim:field>
<dim:field element="identifier" qualifier="uri" language="" mdschema="dc">http://hdl.handle.net/10255/dryad.1869</dim:field>
<dim:field element="description" language="en" mdschema="dc">Mitochondrial ATPase 6 and ATPase 8 DNA sequences utilized in the study in NEXUS format. Also see README file.</dim:field>
<dim:field element="relation" qualifier="ispartof" language="en" mdschema="dc">doi:10.5061/dryad.1868</dim:field>
<dim:field element="rights" qualifier="uri" language="en" mdschema="dc">http://creativecommons.org/publicdomain/zero/1.0/</dim:field>
<dim:field element="subject" language="en" mdschema="dc">jacks</dim:field>
<dim:field element="subject" language="en" mdschema="dc">population genetics</dim:field>
<dim:field element="subject" language="en" mdschema="dc">phylogeography</dim:field>
<dim:field element="title" language="en" mdschema="dc">CignobilisCmelampygusTOTALATPase6ATPase8COMBINED.nex</dim:field>
<dim:field element="type" language="en" mdschema="dc">Dataset</dim:field>
<dim:field element="ScientificName" language="" mdschema="dwc">Carangidae</dim:field>
<dim:field element="ScientificName" language="" mdschema="dwc">Caranx</dim:field>
<dim:field element="ScientificName" language="" mdschema="dwc">Caranx ignobilis</dim:field>
<dim:field element="ScientificName" language="" mdschema="dwc">Caranx melampygus</dim:field>
<dim:field element="dryad" qualifier="pageviews">145</dim:field>
<dim:field element="dryad" qualifier="downloads">114</dim:field>
</dim:dim>
</mets:xmlData>
</mets:mdWrap>
</mets:dmdSec>
<mets:fileSec>
<mets:fileGrp USE="CONTENT">
<mets:file CHECKSUMTYPE="MD5" GROUPID="group_file_1635" ID="file_1635" MIMETYPE="text/plain" SIZE="60891" CHECKSUM="76946ef7d2fa37057a5eb6c5d1772552">
<mets:FLocat LOCTYPE="URL" xlink:title="CignobilisCmelampygusTOTALATPase6ATPase8COMBINED.nex" xlink:type="locator" xlink:href="/bitstream/handle/10255/dryad.1869/CignobilisCmelampygusTOTALATPase6ATPase8COMBINED.nex?sequence=1"/>
</mets:file>
<mets:file CHECKSUMTYPE="MD5" GROUPID="group_file_1638" ID="file_1638" MIMETYPE="application/rtf" SIZE="207717" CHECKSUM="d611ec442cdb3ee41dbdf5a96d6c811a">
<mets:FLocat LOCTYPE="URL" xlink:title="README.rtf" xlink:label="" xlink:type="locator" xlink:href="/bitstream/handle/10255/dryad.1869/README.rtf?sequence=2"/>
</mets:file>
</mets:fileGrp>
</mets:fileSec>
<mets:structMap LABEL="DSpace" TYPE="LOGICAL">
<mets:div DMDID="dmd_1" TYPE="DSpace Item">
<mets:div ID="div_2" TYPE="DSpace Content Bitstream">
<mets:fptr FILEID="file_1635"/>
</mets:div>
<mets:div ID="div_3" TYPE="DSpace Content Bitstream">
<mets:fptr FILEID="file_1638"/>
</mets:div>
</mets:div>
</mets:structMap>
</mets:METS>
