<?xml version="1.0" encoding="UTF-8"?>
<mets:METS xmlns:mets="http://www.loc.gov/METS/" xmlns:xlink="http://www.w3.org/TR/xlink/" xmlns:xsi="http://www.w3.org/2001/XMLSchema-instance" xmlns:dim="http://www.dspace.org/xmlns/dspace/dim" OBJEDIT="/admin/item?itemID=43708" OBJID="/handle/10255/dryad.39182" PROFILE="DSPACE METS SIP Profile 1.0" LABEL="DSpace Item" ID="hdl:10255/dryad.39182">
<mets:dmdSec GROUPID="group_dmd_0" ID="dmd_1">
<mets:mdWrap MDTYPE="OTHER" OTHERMDTYPE="DIM">
<mets:xmlData>
<dim:dim dspaceType="ITEM">
<dim:field element="contributor" qualifier="author" mdschema="dc">Dzur-Gejdosova, Maria</dim:field>
<dim:field element="contributor" qualifier="author" mdschema="dc">Simecek, Petr</dim:field>
<dim:field element="contributor" qualifier="author" mdschema="dc">Gregorova, Sona</dim:field>
<dim:field element="contributor" qualifier="author" mdschema="dc">Bhattacharyya, Tanomy</dim:field>
<dim:field element="contributor" qualifier="author" mdschema="dc">Forejt, Jiri</dim:field>
<dim:field element="identifier" mdschema="dc">doi:10.5061/dryad.10c77</dim:field>
<dim:field element="description" language="" mdschema="dc">Hybrid sterility as a postzygotic reproductive isolation mechanism has been studied for over 80 years, yet the first identifications of hybrid sterility genes in Drosophila and mouse are quite recent. To study the genetic architecture of F&lt;sub&gt;1&lt;/sub&gt; hybrid sterility between young subspecies of house mouse Mus m. domesticus and Mus m. musculus we conducted QTL analysis of a backcross between inbred strains representing these two subspecies and probed the role of individual chromosomes in hybrid sterility using the inter-subspecific chromosome substitution strains. We provide direct evidence that the asymmetry in male infertility between reciprocal crosses is conferred by the middle region of Mus m. musculus Chr X, thus excluding other potential candidates such as Y, imprinted genes, and mitochondrial DNA. QTL analysis identified strong hybrid sterility loci on Chr 17 and Chr X and predicted a set of interchangeable autosomal loci, a subset of which is sufficient to activate the Dobzhansky-Muller incompatibility of the strong loci. Overall, our results indicate the oligogenic nature of F&lt;sub&gt;1&lt;/sub&gt; hybrid sterility, which should be amenable to reconstruction by proper combination of chromosome substitution strains. Such prefabricated model system should help to uncover the gene networks and molecular mechanisms underlying hybrid sterility.</dim:field>
<dim:field element="subject" language="" mdschema="dc">Reproductive Isolation</dim:field>
<dim:field element="subject" language="" mdschema="dc">Speciation</dim:field>
<dim:field element="subject" language="" mdschema="dc">Epistasis</dim:field>
<dim:field element="title" language="" mdschema="dc">Data from: Dissecting the genetic architecture of F&lt;sub&gt;1&lt;/sub&gt; hybrid sterility in house mice</dim:field>
<dim:field element="type" language="*" mdschema="dc">Article</dim:field>
<dim:field element="contributor" qualifier="correspondingAuthor" language="" mdschema="dc">Forejt, Jiri</dim:field>
<dim:field element="identifier" qualifier="manuscriptNumber" mdschema="dc">evolution-12-0182.R1</dim:field>
<dim:field authority="05f3089547be1c9d0cfb55ba4f182471" element="publicationName" confidence="UNCERTAIN" language="" mdschema="prism">Evolution</dim:field>
<dim:field element="archive" qualifier="mailUsers" mdschema="workflow">jmahar@wiley.com</dim:field>
<dim:field element="archive" qualifier="mailUsers" mdschema="workflow">admin@datadryad.org</dim:field>
<dim:field element="archive" qualifier="mailUsers" mdschema="workflow">curator@datadryad.org</dim:field>
<dim:field element="submit" qualifier="skipReviewStage" mdschema="workflow">true</dim:field>
<dim:field element="workflow" qualifier="submitted" mdschema="internal">true</dim:field>
<dim:field element="review" qualifier="mailUsers" mdschema="workflow"/>
</dim:dim>
</mets:xmlData>
</mets:mdWrap>
</mets:dmdSec>
<mets:fileSec/>
<mets:structMap LABEL="DSpace" TYPE="LOGICAL">
<mets:div DMDID="dmd_1" TYPE="DSpace Item"/>
</mets:structMap>
</mets:METS>
