<?xml version="1.0" encoding="UTF-8"?>
<mets:METS xmlns:mets="http://www.loc.gov/METS/" xmlns:xlink="http://www.w3.org/TR/xlink/" xmlns:xsi="http://www.w3.org/2001/XMLSchema-instance" xmlns:dim="http://www.dspace.org/xmlns/dspace/dim" OBJEDIT="/admin/item?itemID=1476" OBJID="/handle/10255/dryad.1293" PROFILE="DSPACE METS SIP Profile 1.0" LABEL="DSpace Item" ID="hdl:10255/dryad.1293">
<mets:dmdSec GROUPID="group_dmd_0" ID="dmd_1">
<mets:mdWrap MDTYPE="OTHER" OTHERMDTYPE="DIM">
<mets:xmlData>
<dim:dim dspaceType="ITEM">
<dim:field element="contributor" qualifier="author" language="en" mdschema="dc">Tamaki, Ichiro</dim:field>
<dim:field element="contributor" qualifier="author" language="en" mdschema="dc">Ishida, Kiyoshi</dim:field>
<dim:field element="contributor" qualifier="author" language="en" mdschema="dc">Setsuko, Suzuki</dim:field>
<dim:field element="contributor" qualifier="author" language="en" mdschema="dc">Tomaru, Nobuhiro</dim:field>
<dim:field element="coverage" qualifier="spatial" language="en" mdschema="dc">Japan</dim:field>
<dim:field element="coverage" qualifier="spatial" language="en" mdschema="dc">central Japan</dim:field>
<dim:field element="date" qualifier="accessioned" language="" mdschema="dc">2010-03-04T01:21:58Z</dim:field>
<dim:field element="date" qualifier="available" language="" mdschema="dc">2010-03-04T01:21:58Z</dim:field>
<dim:field element="date" qualifier="issued" language="" mdschema="dc">2010-03-04T01:21:58Z</dim:field>
<dim:field element="identifier" mdschema="dc">doi:10.5061/dryad.1292/1</dim:field>
<dim:field element="identifier" qualifier="uri" language="" mdschema="dc">http://hdl.handle.net/10255/dryad.1293</dim:field>
<dim:field element="description" language="en" mdschema="dc">This data is simple tab delimited text and its line break style is UNIX. It contains 9 microsatellite genotypes of 142 maternal trees and 1216 their seeds. In column headings, pop, family, fruit indicates population code, family and fruit ID, respectively. Fruit ID, whose value is 0, indicates that the individual is the maternal tree of seeds that has the same family ID of it. Lia and Lib indicates first and second alleles of the loci, respectively. Li_oc and Lall_oc indicates the outcrossing status of ith locus and over all loci. For example, if the value of L1_oc is 0 or 1, the status of first locus is selfed or outcrossed, respectively. NA indicates no data.</dim:field>
<dim:field element="relation" qualifier="ispartof" language="en" mdschema="dc">doi:10.5061/dryad.1292</dim:field>
<dim:field element="rights" qualifier="uri" language="en" mdschema="dc">http://creativecommons.org/publicdomain/zero/1.0/</dim:field>
<dim:field element="subject" language="en" mdschema="dc">Biparental inbreeding</dim:field>
<dim:field element="subject" language="en" mdschema="dc">Conservation</dim:field>
<dim:field element="subject" language="en" mdschema="dc">Correlation of paternity</dim:field>
<dim:field element="subject" language="en" mdschema="dc">Inbreeding coefficient</dim:field>
<dim:field element="subject" language="en" mdschema="dc">Outcrossing rate</dim:field>
<dim:field element="title" language="en" mdschema="dc">GenotypeData100304.txt</dim:field>
<dim:field element="type" language="en" mdschema="dc">Dataset</dim:field>
<dim:field element="ScientificName" language="en" mdschema="dwc">Magnolia stellata</dim:field>
<dim:field element="ScientificName" language="en" mdschema="dwc">Magnoliacea</dim:field>
<dim:field element="status" language="" mdschema="dryad">scanned</dim:field>
<dim:field element="dryad" qualifier="pageviews">192</dim:field>
<dim:field element="dryad" qualifier="downloads">335</dim:field>
</dim:dim>
</mets:xmlData>
</mets:mdWrap>
</mets:dmdSec>
<mets:fileSec>
<mets:fileGrp USE="CONTENT">
<mets:file CHECKSUMTYPE="MD5" GROUPID="group_file_1019" ID="file_1019" MIMETYPE="text/plain" SIZE="142116" CHECKSUM="14888ef3a7e2cec469ab7e2d7c205d27">
<mets:FLocat LOCTYPE="URL" xlink:title="seed_data_of_10_pop100304.txt" xlink:type="locator" xlink:href="/bitstream/handle/10255/dryad.1293/seed_data_of_10_pop100304.txt?sequence=1"/>
</mets:file>
</mets:fileGrp>
<mets:fileGrp USE="TEXT">
<mets:file CHECKSUMTYPE="MD5" GROUPID="group_file_1019" ID="file_1462" MIMETYPE="text/plain" SIZE="142116" CHECKSUM="68cb94fac78c4dad30f88c2337395896">
<mets:FLocat LOCTYPE="URL" xlink:title="seed_data_of_10_pop100304.txt.txt" xlink:label="Extracted text" xlink:type="locator" xlink:href="/bitstream/handle/10255/dryad.1293/seed_data_of_10_pop100304.txt.txt?sequence=2"/>
</mets:file>
</mets:fileGrp>
</mets:fileSec>
<mets:structMap LABEL="DSpace" TYPE="LOGICAL">
<mets:div DMDID="dmd_1" TYPE="DSpace Item">
<mets:div ID="div_2" TYPE="DSpace Content Bitstream">
<mets:fptr FILEID="file_1019"/>
</mets:div>
</mets:div>
</mets:structMap>
</mets:METS>
