<?xml version="1.0" encoding="UTF-8"?>
<mets:METS xmlns:mets="http://www.loc.gov/METS/" xmlns:xlink="http://www.w3.org/TR/xlink/" xmlns:xsi="http://www.w3.org/2001/XMLSchema-instance" xmlns:dim="http://www.dspace.org/xmlns/dspace/dim" OBJEDIT="/admin/item?itemID=65258" OBJID="/handle/10255/dryad.53410" PROFILE="DSPACE METS SIP Profile 1.0" LABEL="DSpace Item" ID="hdl:10255/dryad.53410">
<mets:dmdSec GROUPID="group_dmd_0" ID="dmd_1">
<mets:mdWrap MDTYPE="OTHER" OTHERMDTYPE="DIM">
<mets:xmlData>
<dim:dim dspaceType="ITEM">
<dim:field element="contributor" qualifier="author" mdschema="dc">Haller, Benjamin C.</dim:field>
<dim:field element="contributor" qualifier="author" mdschema="dc">Hendry, Andrew P.</dim:field>
<dim:field element="date" qualifier="accessioned" mdschema="dc">2013-09-12T14:01:38Z</dim:field>
<dim:field element="date" qualifier="issued" mdschema="dc">2013-09-12</dim:field>
<dim:field element="identifier" mdschema="dc">doi:10.5061/dryad.0jj03/7</dim:field>
<dim:field element="identifier" qualifier="uri" mdschema="dc">http://hdl.handle.net/10255/dryad.53410</dim:field>
<dim:field element="description" language="" mdschema="dc">Information on all files in this Dryad repository</dim:field>
<dim:field element="relation" qualifier="ispartof" mdschema="dc">doi:10.5061/dryad.0jj03</dim:field>
<dim:field element="rights" qualifier="uri" mdschema="dc">http://creativecommons.org/publicdomain/zero/1.0/</dim:field>
<dim:field element="subject" confidence="NOVALUE" language="" mdschema="dc">disruptive selection</dim:field>
<dim:field element="subject" confidence="NOVALUE" language="" mdschema="dc">directional selection</dim:field>
<dim:field element="subject" confidence="NOVALUE" language="" mdschema="dc">selection gradient</dim:field>
<dim:field element="subject" confidence="NOVALUE" language="" mdschema="dc">fitness landscape</dim:field>
<dim:field element="subject" confidence="NOVALUE" language="" mdschema="dc">frequency-dependent selection</dim:field>
<dim:field element="subject" confidence="NOVALUE" language="" mdschema="dc">competition</dim:field>
<dim:field element="title" language="" mdschema="dc">README</dim:field>
<dim:field element="type" language="*" mdschema="dc">Dataset</dim:field>
<dim:field element="date" qualifier="embargoedUntil" mdschema="dc">9999-01-01</dim:field>
<dim:field element="type" qualifier="embargo" language="" mdschema="dc">untilArticleAppears</dim:field>
<dim:field element="dryad" qualifier="pageviews">4</dim:field>
<dim:field element="dryad" qualifier="downloads">2</dim:field>
</dim:dim>
</mets:xmlData>
</mets:mdWrap>
</mets:dmdSec>
<mets:fileSec/>
<mets:structMap LABEL="DSpace" TYPE="LOGICAL">
<mets:div DMDID="dmd_1" TYPE="DSpace Item"/>
</mets:structMap>
</mets:METS>
