<?xml version="1.0" encoding="UTF-8"?>
<mets:METS xmlns:mets="http://www.loc.gov/METS/" xmlns:xlink="http://www.w3.org/TR/xlink/" xmlns:xsi="http://www.w3.org/2001/XMLSchema-instance" xmlns:dim="http://www.dspace.org/xmlns/dspace/dim" OBJEDIT="/admin/item?itemID=64995" OBJID="/handle/10255/dryad.53221" PROFILE="DSPACE METS SIP Profile 1.0" LABEL="DSpace Item" ID="hdl:10255/dryad.53221">
<mets:dmdSec GROUPID="group_dmd_0" ID="dmd_1">
<mets:mdWrap MDTYPE="OTHER" OTHERMDTYPE="DIM">
<mets:xmlData>
<dim:dim dspaceType="ITEM">
<dim:field element="contributor" qualifier="author" mdschema="dc">Bidon, Tobias</dim:field>
<dim:field element="contributor" qualifier="author" mdschema="dc">Janke, Axel</dim:field>
<dim:field element="contributor" qualifier="author" mdschema="dc">Fain, Steve</dim:field>
<dim:field element="contributor" qualifier="author" mdschema="dc">Eiken, Hans</dim:field>
<dim:field element="contributor" qualifier="author" mdschema="dc">Hagen, Snorre</dim:field>
<dim:field element="contributor" qualifier="author" mdschema="dc">Saarma, Urmas</dim:field>
<dim:field element="contributor" qualifier="author" mdschema="dc">Hallström, Björn</dim:field>
<dim:field element="contributor" qualifier="author" mdschema="dc">Lecomte, Nicolas</dim:field>
<dim:field element="contributor" qualifier="author" mdschema="dc">Hailer, Frank</dim:field>
<dim:field element="coverage" qualifier="spatial" language="" mdschema="dc">ABC-islands</dim:field>
<dim:field element="coverage" qualifier="spatial" language="" mdschema="dc">Europe</dim:field>
<dim:field element="coverage" qualifier="spatial" language="" mdschema="dc">Siberia</dim:field>
<dim:field element="coverage" qualifier="spatial" language="" mdschema="dc">Kamchatka</dim:field>
<dim:field element="coverage" qualifier="spatial" language="" mdschema="dc">Canada</dim:field>
<dim:field element="coverage" qualifier="spatial" language="" mdschema="dc">Arctic</dim:field>
<dim:field element="coverage" qualifier="spatial" language="" mdschema="dc">Alaska</dim:field>
<dim:field element="identifier" mdschema="dc">doi:10.5061/dryad.12q10/1</dim:field>
<dim:field element="description" language="" mdschema="dc">Nine Y-specific microsatellite markers and allele sizes for 90 brown, 40 polar and 4 black bears</dim:field>
<dim:field element="relation" qualifier="ispartof" mdschema="dc">doi:10.5061/dryad.12q10</dim:field>
<dim:field element="rights" qualifier="uri" mdschema="dc">http://creativecommons.org/publicdomain/zero/1.0/</dim:field>
<dim:field element="subject" confidence="NOVALUE" language="" mdschema="dc">Y chromosome</dim:field>
<dim:field element="subject" confidence="NOVALUE" language="" mdschema="dc">microsatellites</dim:field>
<dim:field element="subject" confidence="NOVALUE" language="" mdschema="dc">bears</dim:field>
<dim:field element="subject" confidence="NOVALUE" language="" mdschema="dc">Ursus</dim:field>
<dim:field element="subject" confidence="NOVALUE" language="" mdschema="dc">Hybridization</dim:field>
<dim:field element="subject" confidence="NOVALUE" language="" mdschema="dc">Mammals</dim:field>
<dim:field element="subject" confidence="NOVALUE" language="" mdschema="dc">Phylogeography</dim:field>
<dim:field element="subject" confidence="NOVALUE" language="" mdschema="dc">Population Genetics - Empirical</dim:field>
<dim:field element="title" language="" mdschema="dc">Y chromosome microsatellite allele sizes</dim:field>
<dim:field element="type" language="*" mdschema="dc">Dataset</dim:field>
<dim:field element="ScientificName" confidence="NOVALUE" language="" mdschema="dwc">Ursus arctos</dim:field>
<dim:field element="ScientificName" confidence="NOVALUE" language="" mdschema="dwc">Ursus maritimus</dim:field>
<dim:field element="ScientificName" confidence="NOVALUE" language="" mdschema="dwc">Ursus americanus</dim:field>
<dim:field element="ScientificName" confidence="NOVALUE" language="" mdschema="dwc">Ursidae</dim:field>
<dim:field element="ScientificName" confidence="NOVALUE" language="" mdschema="dwc">bears</dim:field>
<dim:field element="type" qualifier="embargo" language="" mdschema="dc">untilArticleAppears</dim:field>
<dim:field element="workflow" qualifier="submitted" mdschema="internal">true</dim:field>
<dim:field element="dryad" qualifier="pageviews">1</dim:field>
<dim:field element="dryad" qualifier="downloads">1</dim:field>
</dim:dim>
</mets:xmlData>
</mets:mdWrap>
</mets:dmdSec>
<mets:fileSec/>
<mets:structMap LABEL="DSpace" TYPE="LOGICAL">
<mets:div DMDID="dmd_1" TYPE="DSpace Item"/>
</mets:structMap>
</mets:METS>
