<?xml version="1.0" encoding="UTF-8"?>
<mets:METS xmlns:mets="http://www.loc.gov/METS/" xmlns:xlink="http://www.w3.org/TR/xlink/" xmlns:xsi="http://www.w3.org/2001/XMLSchema-instance" xmlns:dim="http://www.dspace.org/xmlns/dspace/dim" OBJEDIT="/admin/item?itemID=1827" OBJID="/handle/10255/dryad.1598" PROFILE="DSPACE METS SIP Profile 1.0" LABEL="DSpace Item" ID="hdl:10255/dryad.1598">
<mets:dmdSec GROUPID="group_dmd_0" ID="dmd_1">
<mets:mdWrap MDTYPE="OTHER" OTHERMDTYPE="DIM">
<mets:xmlData>
<dim:dim dspaceType="ITEM">
<dim:field element="contributor" qualifier="author" language="en" mdschema="dc">Serbezov, Dimitar</dim:field>
<dim:field element="contributor" qualifier="author" language="en" mdschema="dc">Bernatchez, Louis</dim:field>
<dim:field element="contributor" qualifier="author" language="en" mdschema="dc">Olsen, Esben</dim:field>
<dim:field element="contributor" qualifier="author" language="en" mdschema="dc">Vøllestad, Leif</dim:field>
<dim:field element="coverage" qualifier="spatial" language="en" mdschema="dc">Bellbekken</dim:field>
<dim:field element="coverage" qualifier="spatial" language="en" mdschema="dc">South-East Norway</dim:field>
<dim:field element="coverage" qualifier="spatial" language="en" mdschema="dc">N: 61. 15N</dim:field>
<dim:field element="coverage" qualifier="spatial" language="en" mdschema="dc">11. 51E</dim:field>
<dim:field element="coverage" qualifier="temporal" language="en" mdschema="dc">2002-2007</dim:field>
<dim:field element="date" qualifier="accessioned" language="" mdschema="dc">2010-05-31T14:26:31Z</dim:field>
<dim:field element="date" qualifier="available" language="" mdschema="dc">2010-05-31T14:26:31Z</dim:field>
<dim:field element="date" qualifier="issued" language="" mdschema="dc">2010-05-31</dim:field>
<dim:field element="identifier" mdschema="dc">doi:10.5061/dryad.1597/1</dim:field>
<dim:field element="identifier" qualifier="uri" language="" mdschema="dc">http://hdl.handle.net/10255/dryad.1598</dim:field>
<dim:field element="description" language="en" mdschema="dc">The genotype data from three consecutive seasons used in the parentage assignment analyses. The columns in the dataset are as follows: trout-the identity of the individual fish, function-description whether an individual is a potential parent or an offspring in each season, distance-the distance in meters from the mouth of the stream, present-whether an individual was observed in the focal spawning season (1) or not(0), the sex, age and length of the individuals, and the genotypes for 15 microsatellite loci.</dim:field>
<dim:field element="relation" qualifier="ispartof" language="en" mdschema="dc">doi:10.5061/dryad.1597</dim:field>
<dim:field element="rights" qualifier="uri" language="en" mdschema="dc">http://creativecommons.org/publicdomain/zero/1.0/</dim:field>
<dim:field element="subject" language="en" mdschema="dc">microsatellite</dim:field>
<dim:field element="subject" language="en" mdschema="dc">parentage assignment</dim:field>
<dim:field element="subject" language="en" mdschema="dc">assortative mating</dim:field>
<dim:field element="subject" language="en" mdschema="dc">fitness</dim:field>
<dim:field element="subject" language="en" mdschema="dc">Sexual Selection</dim:field>
<dim:field element="subject" language="en" mdschema="dc">Bateman's gradient</dim:field>
<dim:field element="title" language="en" mdschema="dc">parentage data</dim:field>
<dim:field element="type" language="en" mdschema="dc">Dataset</dim:field>
<dim:field element="ScientificName" language="en" mdschema="dwc">Salmo trutta</dim:field>
<dim:field element="dryad" qualifier="pageviews">172</dim:field>
<dim:field element="dryad" qualifier="downloads">91</dim:field>
</dim:dim>
</mets:xmlData>
</mets:mdWrap>
</mets:dmdSec>
<mets:fileSec>
<mets:fileGrp USE="CONTENT">
<mets:file CHECKSUMTYPE="MD5" GROUPID="group_file_1162" ID="file_1162" MIMETYPE="text/plain" SIZE="519536" CHECKSUM="535235a4a2d7fdbe1ce9be1735b59c8c">
<mets:FLocat LOCTYPE="URL" xlink:title="parentagedata.txt" xlink:type="locator" xlink:href="/bitstream/handle/10255/dryad.1598/parentagedata.txt?sequence=1"/>
</mets:file>
</mets:fileGrp>
<mets:fileGrp USE="TEXT">
<mets:file CHECKSUMTYPE="MD5" GROUPID="group_file_1162" ID="file_1497" MIMETYPE="text/plain" SIZE="516278" CHECKSUM="b57e3dc9295f02fdc27e9090e122ba5c">
<mets:FLocat LOCTYPE="URL" xlink:title="parentagedata.txt.txt" xlink:label="Extracted text" xlink:type="locator" xlink:href="/bitstream/handle/10255/dryad.1598/parentagedata.txt.txt?sequence=2"/>
</mets:file>
</mets:fileGrp>
</mets:fileSec>
<mets:structMap LABEL="DSpace" TYPE="LOGICAL">
<mets:div DMDID="dmd_1" TYPE="DSpace Item">
<mets:div ID="div_2" TYPE="DSpace Content Bitstream">
<mets:fptr FILEID="file_1162"/>
</mets:div>
</mets:div>
</mets:structMap>
</mets:METS>
