<?xml version="1.0" encoding="UTF-8"?>
<mets:METS xmlns:mets="http://www.loc.gov/METS/" xmlns:xlink="http://www.w3.org/TR/xlink/" xmlns:xsi="http://www.w3.org/2001/XMLSchema-instance" xmlns:dim="http://www.dspace.org/xmlns/dspace/dim" OBJEDIT="/admin/item?itemID=35472" OBJID="/handle/10255/dryad.33823" PROFILE="DSPACE METS SIP Profile 1.0" LABEL="DSpace Item" ID="hdl:10255/dryad.33823">
<mets:dmdSec GROUPID="group_dmd_0" ID="dmd_1">
<mets:mdWrap MDTYPE="OTHER" OTHERMDTYPE="DIM">
<mets:xmlData>
<dim:dim dspaceType="ITEM">
<dim:field element="contributor" qualifier="author" language="" mdschema="dc">Jardine, Phillip E.</dim:field>
<dim:field element="contributor" qualifier="author" language="" mdschema="dc">Harrington, Guy J.</dim:field>
<dim:field element="contributor" qualifier="author" language="" mdschema="dc">Stidham, Thomas A.</dim:field>
<dim:field element="coverage" qualifier="spatial" language="en" mdschema="dc">North America</dim:field>
<dim:field element="coverage" qualifier="spatial" language="en" mdschema="dc">South America</dim:field>
<dim:field element="coverage" qualifier="spatial" language="en" mdschema="dc">Mississippi</dim:field>
<dim:field element="coverage" qualifier="spatial" language="en" mdschema="dc">Alabama</dim:field>
<dim:field element="coverage" qualifier="spatial" language="en" mdschema="dc">Texas</dim:field>
<dim:field element="coverage" qualifier="temporal" language="en" mdschema="dc">Paleocene</dim:field>
<dim:field element="coverage" qualifier="temporal" language="en" mdschema="dc">Holocene</dim:field>
<dim:field element="date" qualifier="accessioned" language="" mdschema="dc">2011-05-24T15:49:43Z</dim:field>
<dim:field element="date" qualifier="available" mdschema="dc">2012-02-01T19:10:53Z</dim:field>
<dim:field element="date" qualifier="issued" language="" mdschema="dc">2011-05-24</dim:field>
<dim:field element="identifier" mdschema="dc">doi:10.5061/dryad.0d7t0/4</dim:field>
<dim:field element="identifier" qualifier="uri" language="" mdschema="dc">http://hdl.handle.net/10255/dryad.33823</dim:field>
<dim:field element="description" language="en" mdschema="dc">Annotated R code used to analyse data.</dim:field>
<dim:field element="relation" qualifier="ispartof" language="" mdschema="dc">doi:10.5061/dryad.0d7t0</dim:field>
<dim:field element="rights" qualifier="uri" language="" mdschema="dc">http://creativecommons.org/publicdomain/zero/1.0/</dim:field>
<dim:field element="subject" language="en" mdschema="dc">spores</dim:field>
<dim:field element="subject" language="en" mdschema="dc">spatial heterogeneity</dim:field>
<dim:field element="subject" language="en" mdschema="dc">composition</dim:field>
<dim:field element="subject" language="en" mdschema="dc">macroecology</dim:field>
<dim:field element="subject" language="en" mdschema="dc">pollen</dim:field>
<dim:field element="title" language="en" mdschema="dc">Supp_File_Rcode</dim:field>
<dim:field element="type" language="*" mdschema="dc">Dataset</dim:field>
<dim:field element="type" qualifier="embargo" language="en" mdschema="dc">untilArticleAppears</dim:field>
<dim:field element="dryad" qualifier="pageviews">94</dim:field>
<dim:field element="dryad" qualifier="downloads">41</dim:field>
</dim:dim>
</mets:xmlData>
</mets:mdWrap>
</mets:dmdSec>
<mets:fileSec>
<mets:fileGrp USE="CONTENT">
<mets:file CHECKSUMTYPE="MD5" GROUPID="group_file_114465" ID="file_114465" MIMETYPE="application/rtf" SIZE="12739" CHECKSUM="9b8a06becd4d03baca64ecf50d47ce39">
<mets:FLocat LOCTYPE="URL" xlink:title="Supp_File_Rcode.rtf" xlink:label="dataset-file" xlink:type="locator" xlink:href="/bitstream/handle/10255/dryad.33823/Supp_File_Rcode.rtf?sequence=1"/>
</mets:file>
</mets:fileGrp>
</mets:fileSec>
<mets:structMap LABEL="DSpace" TYPE="LOGICAL">
<mets:div DMDID="dmd_1" TYPE="DSpace Item">
<mets:div ID="div_2" TYPE="DSpace Content Bitstream">
<mets:fptr FILEID="file_114465"/>
</mets:div>
</mets:div>
</mets:structMap>
</mets:METS>
