<?xml version="1.0" encoding="UTF-8"?>
<mets:METS xmlns:mets="http://www.loc.gov/METS/" xmlns:xlink="http://www.w3.org/TR/xlink/" xmlns:xsi="http://www.w3.org/2001/XMLSchema-instance" xmlns:dim="http://www.dspace.org/xmlns/dspace/dim" OBJEDIT="/admin/item?itemID=1265" OBJID="/handle/10255/dryad.1106" PROFILE="DSPACE METS SIP Profile 1.0" LABEL="DSpace Item" ID="hdl:10255/dryad.1106">
<mets:dmdSec GROUPID="group_dmd_0" ID="dmd_1">
<mets:mdWrap MDTYPE="OTHER" OTHERMDTYPE="DIM">
<mets:xmlData>
<dim:dim dspaceType="ITEM">
<dim:field element="contributor" qualifier="author" language="en" mdschema="dc">Roberts, Trina E.</dim:field>
<dim:field element="contributor" qualifier="author" language="en" mdschema="dc">Davenport, Tim R. B.</dim:field>
<dim:field element="contributor" qualifier="author" language="en" mdschema="dc">Hildebrandt, Kyndall B. P.</dim:field>
<dim:field element="contributor" qualifier="author" language="en" mdschema="dc">Jones, Trevor</dim:field>
<dim:field element="contributor" qualifier="author" language="en" mdschema="dc">Stanley, William T.</dim:field>
<dim:field element="contributor" qualifier="author" language="en" mdschema="dc">Sargis, Eric J.</dim:field>
<dim:field element="contributor" qualifier="author" language="en" mdschema="dc">Olson, Link E.</dim:field>
<dim:field element="coverage" qualifier="spatial" language="en" mdschema="dc">Africa</dim:field>
<dim:field element="coverage" qualifier="spatial" language="en" mdschema="dc">Tanzania</dim:field>
<dim:field element="coverage" qualifier="spatial" language="en" mdschema="dc">Udzungwa Mountains</dim:field>
<dim:field element="date" qualifier="accessioned" language="" mdschema="dc">2009-11-20T22:12:12Z</dim:field>
<dim:field element="date" qualifier="available" language="" mdschema="dc">2009-11-20T22:12:12Z</dim:field>
<dim:field element="date" qualifier="issued" language="" mdschema="dc">2009-11-20T22:12:12Z</dim:field>
<dim:field element="identifier" mdschema="dc">doi:10.5061/dryad.1096/10</dim:field>
<dim:field element="identifier" qualifier="uri" language="" mdschema="dc">http://hdl.handle.net/10255/dryad.1106</dim:field>
<dim:field element="relation" qualifier="ispartof" language="en" mdschema="dc">doi:10.5061/dryad.1096</dim:field>
<dim:field element="rights" qualifier="uri" language="en" mdschema="dc">http://creativecommons.org/publicdomain/zero/1.0/</dim:field>
<dim:field element="subject" language="en" mdschema="dc">baboons</dim:field>
<dim:field element="subject" language="en" mdschema="dc">hybridization</dim:field>
<dim:field element="title" language="en" mdschema="dc">SH Test Treefiles</dim:field>
<dim:field element="type" language="en" mdschema="dc">Dataset</dim:field>
<dim:field element="ScientificName" language="" mdschema="dwc">Rungwecebus</dim:field>
<dim:field element="ScientificName" language="" mdschema="dwc">Kipunji</dim:field>
<dim:field element="ScientificName" language="" mdschema="dwc">Papio</dim:field>
<dim:field element="status" language="" mdschema="dryad">scanned</dim:field>
<dim:field element="dryad" qualifier="pageviews">217</dim:field>
<dim:field element="dryad" qualifier="downloads">68</dim:field>
</dim:dim>
</mets:xmlData>
</mets:mdWrap>
</mets:dmdSec>
<mets:fileSec>
<mets:fileGrp USE="CONTENT">
<mets:file CHECKSUMTYPE="MD5" GROUPID="group_file_945" ID="file_945" MIMETYPE="application/zip" SIZE="4363" CHECKSUM="f9271c8dc29a2195900b9fc1aaf76cfd">
<mets:FLocat LOCTYPE="URL" xlink:title="SH_test_trees.zip" xlink:type="locator" xlink:href="/bitstream/handle/10255/dryad.1106/SH_test_trees.zip?sequence=1"/>
</mets:file>
</mets:fileGrp>
</mets:fileSec>
<mets:structMap LABEL="DSpace" TYPE="LOGICAL">
<mets:div DMDID="dmd_1" TYPE="DSpace Item">
<mets:div ID="div_2" TYPE="DSpace Content Bitstream">
<mets:fptr FILEID="file_945"/>
</mets:div>
</mets:div>
</mets:structMap>
</mets:METS>
