<?xml version="1.0" encoding="UTF-8"?>
<mets:METS xmlns:mets="http://www.loc.gov/METS/" xmlns:xlink="http://www.w3.org/TR/xlink/" xmlns:xsi="http://www.w3.org/2001/XMLSchema-instance" xmlns:dim="http://www.dspace.org/xmlns/dspace/dim" OBJEDIT="/admin/item?itemID=58894" OBJID="/handle/10255/dryad.49224" PROFILE="DSPACE METS SIP Profile 1.0" LABEL="DSpace Item" ID="hdl:10255/dryad.49224">
<mets:dmdSec GROUPID="group_dmd_0" ID="dmd_1">
<mets:mdWrap MDTYPE="OTHER" OTHERMDTYPE="DIM">
<mets:xmlData>
<dim:dim dspaceType="ITEM">
<dim:field element="contributor" qualifier="author" language="" mdschema="dc">Rantala, Markus J.</dim:field>
<dim:field element="contributor" qualifier="author" language="" mdschema="dc">Coetzee, Vinet</dim:field>
<dim:field element="contributor" qualifier="author" language="" mdschema="dc">Moore, Fhionna R.</dim:field>
<dim:field element="contributor" qualifier="author" language="" mdschema="dc">Skrida, Ilona</dim:field>
<dim:field element="contributor" qualifier="author" language="" mdschema="dc">Kecko, Sanita</dim:field>
<dim:field element="contributor" qualifier="author" language="" mdschema="dc">Krama, Tatjana</dim:field>
<dim:field element="contributor" qualifier="author" language="" mdschema="dc">Kivleniece, Inese</dim:field>
<dim:field element="contributor" qualifier="author" language="" mdschema="dc">Krams, Indrikis</dim:field>
<dim:field element="date" qualifier="accessioned" mdschema="dc">2013-06-06T17:16:16Z</dim:field>
<dim:field element="date" qualifier="available" mdschema="dc">2013-06-06T17:16:16Z</dim:field>
<dim:field element="date" qualifier="issued" mdschema="dc">2013-06-06</dim:field>
<dim:field element="identifier" language="" mdschema="dc">doi:10.5061/dryad.11vs5/1</dim:field>
<dim:field element="identifier" mdschema="dc">doi:10.5061/dryad.11vs5/1</dim:field>
<dim:field element="identifier" qualifier="uri" mdschema="dc">http://hdl.handle.net/10255/dryad.49224</dim:field>
<dim:field element="relation" qualifier="ispartof" language="" mdschema="dc">doi:10.5061/dryad.11vs5</dim:field>
<dim:field element="rights" qualifier="uri" language="" mdschema="dc">http://creativecommons.org/publicdomain/zero/1.0/</dim:field>
<dim:field element="subject" confidence="NOVALUE" language="" mdschema="dc">beauty</dim:field>
<dim:field element="subject" confidence="NOVALUE" language="" mdschema="dc">immunecompetence</dim:field>
<dim:field element="subject" confidence="NOVALUE" language="" mdschema="dc">attractiveness</dim:field>
<dim:field element="subject" confidence="NOVALUE" language="" mdschema="dc">sexual selection</dim:field>
<dim:field element="title" language="" mdschema="dc">Data about women</dim:field>
<dim:field element="type" language="*" mdschema="dc">Dataset</dim:field>
<dim:field element="type" qualifier="embargo" language="en" mdschema="dc">none</dim:field>
<dim:field element="dryad" qualifier="pageviews">112</dim:field>
<dim:field element="dryad" qualifier="downloads">25</dim:field>
</dim:dim>
</mets:xmlData>
</mets:mdWrap>
</mets:dmdSec>
<mets:fileSec>
<mets:fileGrp USE="CONTENT">
<mets:file CHECKSUMTYPE="MD5" GROUPID="group_file_132292" ID="file_132292" MIMETYPE="application/vnd.openxmlformats-officedocument.spreadsheetml.sheet" SIZE="12803" CHECKSUM="d6243dd18328574c7ddef0d5f6275eb3">
<mets:FLocat LOCTYPE="URL" xlink:title="Rantala et al.xlsx" xlink:label="dataset-file" xlink:type="locator" xlink:href="/bitstream/handle/10255/dryad.49224/Rantala%20et%20al.xlsx?sequence=1"/>
</mets:file>
</mets:fileGrp>
</mets:fileSec>
<mets:structMap LABEL="DSpace" TYPE="LOGICAL">
<mets:div DMDID="dmd_1" TYPE="DSpace Item">
<mets:div ID="div_2" TYPE="DSpace Content Bitstream">
<mets:fptr FILEID="file_132292"/>
</mets:div>
</mets:div>
</mets:structMap>
</mets:METS>
