<?xml version="1.0" encoding="UTF-8"?>
<mets:METS xmlns:mets="http://www.loc.gov/METS/" xmlns:xlink="http://www.w3.org/TR/xlink/" xmlns:xsi="http://www.w3.org/2001/XMLSchema-instance" xmlns:dim="http://www.dspace.org/xmlns/dspace/dim" OBJEDIT="/admin/item?itemID=41668" OBJID="/handle/10255/dryad.37811" PROFILE="DSPACE METS SIP Profile 1.0" LABEL="DSpace Item" ID="hdl:10255/dryad.37811">
<mets:dmdSec GROUPID="group_dmd_0" ID="dmd_1">
<mets:mdWrap MDTYPE="OTHER" OTHERMDTYPE="DIM">
<mets:xmlData>
<dim:dim dspaceType="ITEM">
<dim:field element="contributor" qualifier="author" mdschema="dc">Cooke, Georgina</dim:field>
<dim:field element="contributor" qualifier="author" mdschema="dc">Chao, Ning</dim:field>
<dim:field element="contributor" qualifier="author" mdschema="dc">Beheregaray, Luciano</dim:field>
<dim:field element="coverage" qualifier="spatial" language="" mdschema="dc">Amazon Basin</dim:field>
<dim:field element="coverage" qualifier="spatial" language="" mdschema="dc">Brazil</dim:field>
<dim:field element="identifier" mdschema="dc">doi:10.5061/dryad.0vn38g54/1</dim:field>
<dim:field element="description" language="" mdschema="dc">360 AFLP loci for 177 &lt;i&gt;Triportheus albus &lt;/i&gt; including individual ID for each sample,the site label, latitude, longitude and loci identifier. Missing AFLP data is denoted with a blank space.</dim:field>
<dim:field element="relation" qualifier="ispartof" mdschema="dc">doi:10.5061/dryad.0vn38g54</dim:field>
<dim:field element="rights" qualifier="uri" mdschema="dc">http://creativecommons.org/publicdomain/zero/1.0/</dim:field>
<dim:field element="subject" language="" mdschema="dc">Adaptive divergence</dim:field>
<dim:field element="subject" language="" mdschema="dc">Ecological genomics</dim:field>
<dim:field element="subject" language="" mdschema="dc">Isolation by selection gradient</dim:field>
<dim:field element="subject" language="" mdschema="dc">Ecological speciation</dim:field>
<dim:field element="subject" language="" mdschema="dc">AFLP</dim:field>
<dim:field element="title" language="" mdschema="dc">GCookeAFLP</dim:field>
<dim:field element="type" language="*" mdschema="dc">Dataset</dim:field>
<dim:field element="type" qualifier="embargo" language="" mdschema="dc">untilArticleAppears</dim:field>
<dim:field element="dryad" qualifier="pageviews">0</dim:field>
<dim:field element="dryad" qualifier="downloads">2</dim:field>
</dim:dim>
</mets:xmlData>
</mets:mdWrap>
</mets:dmdSec>
<mets:fileSec/>
<mets:structMap LABEL="DSpace" TYPE="LOGICAL">
<mets:div DMDID="dmd_1" TYPE="DSpace Item"/>
</mets:structMap>
</mets:METS>
