<?xml version="1.0" encoding="UTF-8"?>
<mets:METS xmlns:mets="http://www.loc.gov/METS/" xmlns:xlink="http://www.w3.org/TR/xlink/" xmlns:xsi="http://www.w3.org/2001/XMLSchema-instance" xmlns:dim="http://www.dspace.org/xmlns/dspace/dim" OBJEDIT="/admin/item?itemID=63183" OBJID="/handle/10255/dryad.52072" PROFILE="DSPACE METS SIP Profile 1.0" LABEL="DSpace Item" ID="hdl:10255/dryad.52072">
<mets:dmdSec GROUPID="group_dmd_0" ID="dmd_1">
<mets:mdWrap MDTYPE="OTHER" OTHERMDTYPE="DIM">
<mets:xmlData>
<dim:dim dspaceType="ITEM">
<dim:field element="contributor" qualifier="author" language="" mdschema="dc">Bhosale, Rahul</dim:field>
<dim:field element="contributor" qualifier="author" language="" mdschema="dc">Jewell, Jeremy B.</dim:field>
<dim:field element="contributor" qualifier="author" language="" mdschema="dc">Hollunder, Jens</dim:field>
<dim:field element="contributor" qualifier="author" language="" mdschema="dc">Koo, Abraham J. K.</dim:field>
<dim:field element="contributor" qualifier="author" language="" mdschema="dc">Vuylsteke, Marnik</dim:field>
<dim:field element="contributor" qualifier="author" language="" mdschema="dc">Michoel, Tom</dim:field>
<dim:field element="contributor" qualifier="author" language="" mdschema="dc">Hilson, Pierre</dim:field>
<dim:field element="contributor" qualifier="author" language="" mdschema="dc">Goossens, Alain</dim:field>
<dim:field element="contributor" qualifier="author" language="" mdschema="dc">Howe, Gregg A.</dim:field>
<dim:field element="contributor" qualifier="author" language="" mdschema="dc">Browse, John</dim:field>
<dim:field element="contributor" qualifier="author" language="" mdschema="dc">Maere, Steven</dim:field>
<dim:field element="date" qualifier="accessioned" mdschema="dc">2013-08-14T18:47:37Z</dim:field>
<dim:field element="date" qualifier="available" mdschema="dc">2013-08-14T18:47:37Z</dim:field>
<dim:field element="date" qualifier="issued" mdschema="dc">2013-08-14</dim:field>
<dim:field element="identifier" language="" mdschema="dc">doi:10.5061/dryad.10877/2</dim:field>
<dim:field element="identifier" mdschema="dc">doi:10.5061/dryad.10877/2</dim:field>
<dim:field element="identifier" qualifier="uri" mdschema="dc">http://hdl.handle.net/10255/dryad.52072</dim:field>
<dim:field element="description" language="" mdschema="dc">Module figures for all modules learned from the original dataset, without removing lab and accession effects.</dim:field>
<dim:field element="relation" qualifier="ispartof" language="" mdschema="dc">doi:10.5061/dryad.10877</dim:field>
<dim:field element="rights" qualifier="uri" language="" mdschema="dc">http://creativecommons.org/publicdomain/zero/1.0/</dim:field>
<dim:field element="title" language="" mdschema="dc">Supplemental Dataset 3</dim:field>
<dim:field element="type" language="*" mdschema="dc">Dataset</dim:field>
<dim:field element="type" qualifier="embargo" language="en" mdschema="dc">none</dim:field>
<dim:field element="dryad" qualifier="pageviews">37</dim:field>
<dim:field element="dryad" qualifier="downloads">14</dim:field>
</dim:dim>
</mets:xmlData>
</mets:mdWrap>
</mets:dmdSec>
<mets:fileSec>
<mets:fileGrp USE="CONTENT">
<mets:file CHECKSUMTYPE="MD5" GROUPID="group_file_135032" ID="file_135032" MIMETYPE="application/pdf" SIZE="80922359" CHECKSUM="2fd2d61b38553f7b173d913275b58faf">
<mets:FLocat LOCTYPE="URL" xlink:title="Supplemental Dataset 3.pdf" xlink:label="dataset-file" xlink:type="locator" xlink:href="/bitstream/handle/10255/dryad.52072/Supplemental%20Dataset%203.pdf?sequence=1"/>
</mets:file>
</mets:fileGrp>
</mets:fileSec>
<mets:structMap LABEL="DSpace" TYPE="LOGICAL">
<mets:div DMDID="dmd_1" TYPE="DSpace Item">
<mets:div ID="div_2" TYPE="DSpace Content Bitstream">
<mets:fptr FILEID="file_135032"/>
</mets:div>
</mets:div>
</mets:structMap>
</mets:METS>
