<?xml version="1.0" encoding="UTF-8"?>
<mets:METS xmlns:mets="http://www.loc.gov/METS/" xmlns:xlink="http://www.w3.org/TR/xlink/" xmlns:xsi="http://www.w3.org/2001/XMLSchema-instance" xmlns:dim="http://www.dspace.org/xmlns/dspace/dim" OBJEDIT="/admin/item?itemID=55828" OBJID="/handle/10255/dryad.47147" PROFILE="DSPACE METS SIP Profile 1.0" LABEL="DSpace Item" ID="hdl:10255/dryad.47147">
<mets:dmdSec GROUPID="group_dmd_0" ID="dmd_1">
<mets:mdWrap MDTYPE="OTHER" OTHERMDTYPE="DIM">
<mets:xmlData>
<dim:dim dspaceType="ITEM">
<dim:field element="contributor" qualifier="author" mdschema="dc">Salgado-Salazar, Catalina</dim:field>
<dim:field element="contributor" qualifier="author" mdschema="dc">Rossman, Amy</dim:field>
<dim:field element="contributor" qualifier="author" mdschema="dc">Chaverri, Priscila</dim:field>
<dim:field element="identifier" mdschema="dc">doi:10.5061/dryad.14t8k/1</dim:field>
<dim:field element="relation" qualifier="ispartof" mdschema="dc">doi:10.5061/dryad.14t8k</dim:field>
<dim:field element="rights" qualifier="uri" mdschema="dc">http://creativecommons.org/publicdomain/zero/1.0/</dim:field>
<dim:field element="subject" confidence="NOVALUE" language="" mdschema="dc">Fungi</dim:field>
<dim:field element="subject" confidence="NOVALUE" language="" mdschema="dc">Ascomycetes</dim:field>
<dim:field element="subject" confidence="NOVALUE" language="" mdschema="dc">Hypocreales</dim:field>
<dim:field element="subject" confidence="NOVALUE" language="" mdschema="dc">Cosmopolitanism</dim:field>
<dim:field element="subject" confidence="NOVALUE" language="" mdschema="dc">Phylogeny</dim:field>
<dim:field element="subject" confidence="NOVALUE" language="" mdschema="dc">Species complex</dim:field>
<dim:field element="subject" confidence="NOVALUE" language="" mdschema="dc">Species tree</dim:field>
<dim:field element="title" language="" mdschema="dc">Salgado-Salazar et al combined dataset</dim:field>
<dim:field element="type" language="*" mdschema="dc">Dataset</dim:field>
<dim:field element="ScientificName" confidence="NOVALUE" language="" mdschema="dwc">Thelonectria discophora</dim:field>
<dim:field element="dryad" qualifier="pageviews">1</dim:field>
<dim:field element="dryad" qualifier="downloads">0</dim:field>
</dim:dim>
</mets:xmlData>
</mets:mdWrap>
</mets:dmdSec>
<mets:fileSec/>
<mets:structMap LABEL="DSpace" TYPE="LOGICAL">
<mets:div DMDID="dmd_1" TYPE="DSpace Item"/>
</mets:structMap>
</mets:METS>
