<?xml version="1.0" encoding="UTF-8"?>
<mets:METS xmlns:mets="http://www.loc.gov/METS/" xmlns:xlink="http://www.w3.org/TR/xlink/" xmlns:xsi="http://www.w3.org/2001/XMLSchema-instance" xmlns:dim="http://www.dspace.org/xmlns/dspace/dim" OBJEDIT="/admin/item?itemID=1205" OBJID="/handle/10255/dryad.1052" PROFILE="DSPACE METS SIP Profile 1.0" LABEL="DSpace Item" ID="hdl:10255/dryad.1052">
<mets:dmdSec GROUPID="group_dmd_0" ID="dmd_1">
<mets:mdWrap MDTYPE="OTHER" OTHERMDTYPE="DIM">
<mets:xmlData>
<dim:dim dspaceType="ITEM">
<dim:field element="contributor" qualifier="author" language="en" mdschema="dc">Bulach, Dieter M.</dim:field>
<dim:field element="contributor" qualifier="author" language="en" mdschema="dc">Boyle, David B.</dim:field>
<dim:field element="contributor" qualifier="author" language="en" mdschema="dc">Halpin, Rebecca A.</dim:field>
<dim:field element="contributor" qualifier="author" language="en" mdschema="dc">Spiro, David J.</dim:field>
<dim:field element="contributor" qualifier="author" language="en" mdschema="dc">Pomeroy, Laura W.</dim:field>
<dim:field element="contributor" qualifier="author" language="en" mdschema="dc">Janies, Daniel A.</dim:field>
<dim:field element="coverage" qualifier="spatial" language="en" mdschema="dc">Australia</dim:field>
<dim:field element="date" qualifier="accessioned" language="" mdschema="dc">2009-11-04T04:27:30Z</dim:field>
<dim:field element="date" qualifier="available" mdschema="dc">2010-09-28T06:30:07Z</dim:field>
<dim:field element="date" qualifier="issued" language="" mdschema="dc">2009-11-04T04:27:30Z</dim:field>
<dim:field element="identifier" mdschema="dc">doi:10.5061/dryad.1050/2</dim:field>
<dim:field element="identifier" qualifier="uri" language="" mdschema="dc">http://hdl.handle.net/10255/dryad.1052</dim:field>
<dim:field element="relation" qualifier="ispartof" language="en" mdschema="dc">doi:10.5061/dryad.1050</dim:field>
<dim:field element="rights" qualifier="uri" language="en" mdschema="dc">http://creativecommons.org/publicdomain/zero/1.0/</dim:field>
<dim:field element="subject" language="en" mdschema="dc">virus evolution</dim:field>
<dim:field element="subject" language="en" mdschema="dc">biosecurity</dim:field>
<dim:field element="title" language="en" mdschema="dc">H7 Australian Avian Influenza Sequences</dim:field>
<dim:field element="type" language="en" mdschema="dc">Dataset</dim:field>
<dim:field element="status" language="" mdschema="dryad">scanned</dim:field>
<dim:field element="dryad" qualifier="pageviews">148</dim:field>
<dim:field element="dryad" qualifier="downloads">105</dim:field>
</dim:dim>
</mets:xmlData>
</mets:mdWrap>
</mets:dmdSec>
<mets:fileSec>
<mets:fileGrp USE="CONTENT">
<mets:file CHECKSUMTYPE="MD5" GROUPID="group_file_909" ID="file_909" MIMETYPE="application/octet-stream" SIZE="959507" CHECKSUM="58a9cb0257757b2804aee9cc8ec9e21f">
<mets:FLocat LOCTYPE="URL" xlink:title="H7AustralianAvianInfluenza_Sequences.ods" xlink:type="locator" xlink:href="/bitstream/handle/10255/dryad.1052/H7AustralianAvianInfluenza_Sequences.ods?sequence=1"/>
</mets:file>
</mets:fileGrp>
</mets:fileSec>
<mets:structMap LABEL="DSpace" TYPE="LOGICAL">
<mets:div DMDID="dmd_1" TYPE="DSpace Item">
<mets:div ID="div_2" TYPE="DSpace Content Bitstream">
<mets:fptr FILEID="file_909"/>
</mets:div>
</mets:div>
</mets:structMap>
</mets:METS>
