<?xml version="1.0" encoding="UTF-8"?>
<mets:METS xmlns:mets="http://www.loc.gov/METS/" xmlns:xlink="http://www.w3.org/TR/xlink/" xmlns:xsi="http://www.w3.org/2001/XMLSchema-instance" xmlns:dim="http://www.dspace.org/xmlns/dspace/dim" OBJEDIT="/admin/item?itemID=51380" OBJID="/handle/10255/dryad.44160" PROFILE="DSPACE METS SIP Profile 1.0" LABEL="DSpace Item" ID="hdl:10255/dryad.44160">
<mets:dmdSec GROUPID="group_dmd_0" ID="dmd_1">
<mets:mdWrap MDTYPE="OTHER" OTHERMDTYPE="DIM">
<mets:xmlData>
<dim:dim dspaceType="ITEM">
<dim:field element="contributor" qualifier="author" language="" mdschema="dc">McClain, Craig R.</dim:field>
<dim:field element="contributor" qualifier="author" language="" mdschema="dc">Durst, Paul A. P.</dim:field>
<dim:field element="contributor" qualifier="author" language="" mdschema="dc">Boyer, Alison G.</dim:field>
<dim:field element="contributor" qualifier="author" language="" mdschema="dc">Francis, Clinton D.</dim:field>
<dim:field element="coverage" qualifier="spatial" language="" mdschema="dc">Global</dim:field>
<dim:field element="coverage" qualifier="temporal" language="" mdschema="dc">Recent</dim:field>
<dim:field element="date" qualifier="accessioned" mdschema="dc">2013-01-07T18:38:55Z</dim:field>
<dim:field element="date" qualifier="available" mdschema="dc">2013-01-07T18:38:55Z</dim:field>
<dim:field element="date" qualifier="issued" mdschema="dc">2013-01-07</dim:field>
<dim:field element="identifier" language="" mdschema="dc">doi:10.5061/dryad.1b736/2</dim:field>
<dim:field element="identifier" mdschema="dc">doi:10.5061/dryad.1b736/2</dim:field>
<dim:field element="identifier" qualifier="uri" mdschema="dc">http://hdl.handle.net/10255/dryad.44160</dim:field>
<dim:field element="relation" qualifier="ispartof" language="" mdschema="dc">doi:10.5061/dryad.1b736</dim:field>
<dim:field element="rights" qualifier="uri" language="" mdschema="dc">http://creativecommons.org/publicdomain/zero/1.0/</dim:field>
<dim:field element="subject" confidence="NOVALUE" language="" mdschema="dc">island</dim:field>
<dim:field element="subject" confidence="NOVALUE" language="" mdschema="dc">body size</dim:field>
<dim:field element="subject" confidence="NOVALUE" language="" mdschema="dc">evolution</dim:field>
<dim:field element="subject" confidence="NOVALUE" language="" mdschema="dc">adaptation</dim:field>
<dim:field element="subject" confidence="NOVALUE" language="" mdschema="dc">climate</dim:field>
<dim:field element="subject" confidence="NOVALUE" language="" mdschema="dc">niche</dim:field>
<dim:field element="title" language="" mdschema="dc">R Code For Analyses</dim:field>
<dim:field element="type" language="*" mdschema="dc">Dataset</dim:field>
<dim:field element="ScientificName" confidence="NOVALUE" language="" mdschema="dwc">Mammalia</dim:field>
<dim:field element="type" qualifier="embargo" language="" mdschema="dc">none</dim:field>
<dim:field element="dryad" qualifier="pageviews">107</dim:field>
<dim:field element="dryad" qualifier="downloads">50</dim:field>
</dim:dim>
</mets:xmlData>
</mets:mdWrap>
</mets:dmdSec>
<mets:fileSec>
<mets:fileGrp USE="CONTENT">
<mets:file CHECKSUMTYPE="MD5" GROUPID="group_file_127011" ID="file_127011" MIMETYPE="text/plain" SIZE="9368" CHECKSUM="3727c325a737c5fafc9ae4fc8928204e">
<mets:FLocat LOCTYPE="URL" xlink:title="McClain_etal_Islands_BioLett_Code.R" xlink:label="dataset-file" xlink:type="locator" xlink:href="/bitstream/handle/10255/dryad.44160/McClain_etal_Islands_BioLett_Code.R?sequence=1"/>
</mets:file>
</mets:fileGrp>
</mets:fileSec>
<mets:structMap LABEL="DSpace" TYPE="LOGICAL">
<mets:div DMDID="dmd_1" TYPE="DSpace Item">
<mets:div ID="div_2" TYPE="DSpace Content Bitstream">
<mets:fptr FILEID="file_127011"/>
</mets:div>
</mets:div>
</mets:structMap>
</mets:METS>
