<?xml version="1.0" encoding="UTF-8"?>
<mets:METS xmlns:mets="http://www.loc.gov/METS/" xmlns:xlink="http://www.w3.org/TR/xlink/" xmlns:xsi="http://www.w3.org/2001/XMLSchema-instance" xmlns:dim="http://www.dspace.org/xmlns/dspace/dim" OBJEDIT="/admin/item?itemID=2260" OBJID="/handle/10255/dryad.1969" PROFILE="DSPACE METS SIP Profile 1.0" LABEL="DSpace Item" ID="hdl:10255/dryad.1969">
<mets:dmdSec GROUPID="group_dmd_0" ID="dmd_1">
<mets:mdWrap MDTYPE="OTHER" OTHERMDTYPE="DIM">
<mets:xmlData>
<dim:dim dspaceType="ITEM">
<dim:field element="date" qualifier="accessioned" language="" mdschema="dc">2010-09-09T14:45:05Z</dim:field>
<dim:field element="date" qualifier="available" mdschema="dc">2010-11-04T06:30:09Z</dim:field>
<dim:field element="date" qualifier="issued" language="" mdschema="dc">2010-09-09</dim:field>
<dim:field element="identifier" mdschema="dc">doi:10.5061/dryad.1968/1</dim:field>
<dim:field element="identifier" qualifier="uri" language="" mdschema="dc">http://hdl.handle.net/10255/dryad.1969</dim:field>
<dim:field element="description" language="en" mdschema="dc">Pileup files, sequence files, and genotype information from chimpanzee fecal and blood samples (see ReadMe file)</dim:field>
<dim:field element="relation" qualifier="ispartof" language="" mdschema="dc">doi:10.5061/dryad.1968</dim:field>
<dim:field element="rights" qualifier="uri" language="" mdschema="dc">http://creativecommons.org/publicdomain/zero/1.0/</dim:field>
<dim:field element="title" language="en" mdschema="dc">DatasetS1</dim:field>
<dim:field element="type" qualifier="embargo" language="en" mdschema="dc">untilArticleAppears</dim:field>
<dim:field element="dryad" qualifier="pageviews">152</dim:field>
<dim:field element="dryad" qualifier="downloads">99</dim:field>
</dim:dim>
</mets:xmlData>
</mets:mdWrap>
</mets:dmdSec>
<mets:fileSec>
<mets:fileGrp USE="CONTENT">
<mets:file CHECKSUMTYPE="MD5" GROUPID="group_file_1731" ID="file_1731" MIMETYPE="text/plain" SIZE="2716" CHECKSUM="5c8e5d21ca71e2cbea82fe6fca9c614f">
<mets:FLocat LOCTYPE="URL" xlink:title="README.txt" xlink:label="dc_readme" xlink:type="locator" xlink:href="/bitstream/handle/10255/dryad.1969/README.txt?sequence=5"/>
</mets:file>
<mets:file CHECKSUMTYPE="MD5" GROUPID="group_file_1732" ID="file_1732" MIMETYPE="application/zip" SIZE="167587614" CHECKSUM="0540c3dfe43bbbfb46d1252d8df6efa6">
<mets:FLocat LOCTYPE="URL" xlink:title="DatasetS1.zip" xlink:label="dataset-file" xlink:type="locator" xlink:href="/bitstream/handle/10255/dryad.1969/DatasetS1.zip?sequence=6"/>
</mets:file>
</mets:fileGrp>
<mets:fileGrp USE="TEXT">
<mets:file CHECKSUMTYPE="MD5" GROUPID="group_file_1731" ID="file_1768" MIMETYPE="text/plain" SIZE="2703" CHECKSUM="6e604a1e1b51f7ee53e9e48f536d0cfc">
<mets:FLocat LOCTYPE="URL" xlink:title="README.txt.txt" xlink:label="Extracted text" xlink:type="locator" xlink:href="/bitstream/handle/10255/dryad.1969/README.txt.txt?sequence=7"/>
</mets:file>
</mets:fileGrp>
</mets:fileSec>
<mets:structMap LABEL="DSpace" TYPE="LOGICAL">
<mets:div DMDID="dmd_1" TYPE="DSpace Item">
<mets:div ID="div_2" TYPE="DSpace Content Bitstream">
<mets:fptr FILEID="file_1731"/>
</mets:div>
<mets:div ID="div_3" TYPE="DSpace Content Bitstream">
<mets:fptr FILEID="file_1732"/>
</mets:div>
</mets:div>
</mets:structMap>
</mets:METS>
