<?xml version="1.0" encoding="UTF-8"?>
<mets:METS xmlns:mets="http://www.loc.gov/METS/" xmlns:xlink="http://www.w3.org/TR/xlink/" xmlns:xsi="http://www.w3.org/2001/XMLSchema-instance" xmlns:dim="http://www.dspace.org/xmlns/dspace/dim" OBJEDIT="/admin/item?itemID=215" OBJID="/handle/10255/dryad.195" PROFILE="DSPACE METS SIP Profile 1.0" LABEL="DSpace Item" ID="hdl:10255/dryad.195">
<mets:dmdSec GROUPID="group_dmd_0" ID="dmd_1">
<mets:mdWrap MDTYPE="OTHER" OTHERMDTYPE="DIM">
<mets:xmlData>
<dim:dim dspaceType="ITEM">
<dim:field element="contributor" qualifier="author" language="" mdschema="dc">Newton, Alicia</dim:field>
<dim:field element="contributor" qualifier="author" language="" mdschema="dc">Pistiner, Janna</dim:field>
<dim:field element="coverage" qualifier="spatial" language="" mdschema="dc">Santa Cruz, Farm near Bellavista</dim:field>
<dim:field element="coverage" qualifier="temporal" language="" mdschema="dc">Date: 8/4/1999</dim:field>
<dim:field element="date" qualifier="accessioned" language="" mdschema="dc">2008-09-30T17:24:00Z</dim:field>
<dim:field element="date" qualifier="available" language="" mdschema="dc">2008-09-30T17:24:00Z</dim:field>
<dim:field element="date" qualifier="issued" language="" mdschema="dc">1999-08</dim:field>
<dim:field element="identifier" mdschema="dc">doi:10.5061/dryad.159/1</dim:field>
<dim:field element="identifier" qualifier="uri" language="" mdschema="dc">http://hdl.handle.net/10255/dryad.195</dim:field>
<dim:field element="relation" qualifier="ispartof" language="" mdschema="dc">http://hdl.handle.net/10255/dryad.159</dim:field>
<dim:field element="rights" qualifier="uri" language="" mdschema="dc">http://datadryad.org/bitstream/handle/10255/dryad.195/license.txt?sequence=2</dim:field>
<dim:field element="subject" language="en_US" mdschema="dc">human impact</dim:field>
<dim:field element="subject" language="en_US" mdschema="dc">agriculture</dim:field>
<dim:field element="title" language="en_US" mdschema="dc">Greenhouse Near Puerto Ayora</dim:field>
<dim:field element="type" language="en_US" mdschema="dc">Image</dim:field>
<dim:field element="dryad" qualifier="pageviews">322</dim:field>
<dim:field element="dryad" qualifier="downloads">196</dim:field>
</dim:dim>
</mets:xmlData>
</mets:mdWrap>
</mets:dmdSec>
<mets:fileSec>
<mets:fileGrp USE="CONTENT">
<mets:file CHECKSUMTYPE="MD5" GROUPID="group_file_395" ID="file_395" MIMETYPE="image/jpeg" SIZE="210064" CHECKSUM="2b012631969531064242785df55da790">
<mets:FLocat LOCTYPE="URL" xlink:title="GrnHous493_L.jpg" xlink:type="locator" xlink:href="/bitstream/handle/10255/dryad.195/GrnHous493_L.jpg?sequence=1"/>
</mets:file>
</mets:fileGrp>
<mets:fileGrp USE="LICENSE">
<mets:file CHECKSUMTYPE="MD5" GROUPID="group_file_396" ID="file_396" MIMETYPE="text/plain" SIZE="784" CHECKSUM="cc3fa88e10b5c5ef809294e2539bd946">
<mets:FLocat LOCTYPE="URL" xlink:title="license.txt" xlink:type="locator" xlink:href="/bitstream/handle/10255/dryad.195/license.txt?sequence=2"/>
</mets:file>
</mets:fileGrp>
<mets:fileGrp USE="THUMBNAIL">
<mets:file CHECKSUMTYPE="MD5" GROUPID="group_file_395" ID="file_1457" MIMETYPE="image/jpeg" SIZE="2568" CHECKSUM="cdd1364bd212e4dd26525dd78c18a42b">
<mets:FLocat LOCTYPE="URL" xlink:title="GrnHous493_L.jpg.jpg" xlink:label="Generated Thumbnail" xlink:type="locator" xlink:href="/bitstream/handle/10255/dryad.195/GrnHous493_L.jpg.jpg?sequence=3"/>
</mets:file>
</mets:fileGrp>
</mets:fileSec>
<mets:structMap LABEL="DSpace" TYPE="LOGICAL">
<mets:div DMDID="dmd_1" TYPE="DSpace Item">
<mets:div ID="div_2" TYPE="DSpace Content Bitstream">
<mets:fptr FILEID="file_395"/>
</mets:div>
</mets:div>
</mets:structMap>
</mets:METS>
