<?xml version="1.0" encoding="UTF-8"?>
<mets:METS xmlns:mets="http://www.loc.gov/METS/" xmlns:xlink="http://www.w3.org/TR/xlink/" xmlns:xsi="http://www.w3.org/2001/XMLSchema-instance" xmlns:dim="http://www.dspace.org/xmlns/dspace/dim" OBJEDIT="/admin/item?itemID=2322" OBJID="/handle/10255/dryad.1994" PROFILE="DSPACE METS SIP Profile 1.0" LABEL="DSpace Item" ID="hdl:10255/dryad.1994">
<mets:dmdSec GROUPID="group_dmd_0" ID="dmd_1">
<mets:mdWrap MDTYPE="OTHER" OTHERMDTYPE="DIM">
<mets:xmlData>
<dim:dim dspaceType="ITEM">
<dim:field element="contributor" language="" mdschema="dc">Krist, Miloš</dim:field>
<dim:field element="coverage" qualifier="spatial" language="en" mdschema="dc">Central Europe</dim:field>
<dim:field element="date" qualifier="accessioned" language="" mdschema="dc">2010-09-17T15:58:37Z</dim:field>
<dim:field element="date" qualifier="available" language="" mdschema="dc">2010-09-17T15:58:37Z</dim:field>
<dim:field element="date" qualifier="issued" language="" mdschema="dc">2010-09-17</dim:field>
<dim:field element="identifier" mdschema="dc">doi:10.5061/dryad.1984/1</dim:field>
<dim:field element="identifier" qualifier="uri" language="" mdschema="dc">http://hdl.handle.net/10255/dryad.1994</dim:field>
<dim:field element="relation" qualifier="ispartof" language="" mdschema="dc">doi:10.5061/dryad.1984</dim:field>
<dim:field element="subject" language="en" mdschema="dc">egg size</dim:field>
<dim:field element="subject" language="en" mdschema="dc">altricial chick</dim:field>
<dim:field element="subject" language="en" mdschema="dc">parental effort</dim:field>
<dim:field element="subject" language="en" mdschema="dc">parental investment</dim:field>
<dim:field element="subject" language="en" mdschema="dc">propagule</dim:field>
<dim:field element="subject" language="en" mdschema="dc">provisioning behaviour</dim:field>
<dim:field element="subject" language="en" mdschema="dc">feeding frequency</dim:field>
<dim:field element="title" language="en" mdschema="dc">dataset</dim:field>
<dim:field element="ScientificName" language="en" mdschema="dwc">Ficedula albicollis</dim:field>
<dim:field element="type" qualifier="embargo" language="en" mdschema="dc">none</dim:field>
<dim:field element="dryad" qualifier="pageviews">166</dim:field>
<dim:field element="dryad" qualifier="downloads">177</dim:field>
</dim:dim>
</mets:xmlData>
</mets:mdWrap>
</mets:dmdSec>
<mets:fileSec>
<mets:fileGrp USE="TEXT">
<mets:file CHECKSUMTYPE="MD5" GROUPID="group_file_1775" ID="file_1777" MIMETYPE="text/plain" SIZE="5865" CHECKSUM="e2827ca126a3b26c1a67e9109e865022">
<mets:FLocat LOCTYPE="URL" xlink:title="README.txt.txt" xlink:label="Extracted text" xlink:type="locator" xlink:href="/bitstream/handle/10255/dryad.1994/README.txt.txt?sequence=3"/>
</mets:file>
</mets:fileGrp>
<mets:fileGrp USE="CONTENT">
<mets:file CHECKSUMTYPE="MD5" GROUPID="group_file_1774" ID="file_1774" MIMETYPE="text/csv" SIZE="43371" CHECKSUM="a2d0a7fbbc6256fdbe8cc552936824d1">
<mets:FLocat LOCTYPE="URL" xlink:title="dataset.csv" xlink:label="dataset-file" xlink:type="locator" xlink:href="/bitstream/handle/10255/dryad.1994/dataset.csv?sequence=1"/>
</mets:file>
<mets:file CHECKSUMTYPE="MD5" GROUPID="group_file_1775" ID="file_1775" MIMETYPE="text/plain" SIZE="5932" CHECKSUM="33afc102ac00af40f411e64a7788340d">
<mets:FLocat LOCTYPE="URL" xlink:title="README.txt" xlink:label="dc_readme" xlink:type="locator" xlink:href="/bitstream/handle/10255/dryad.1994/README.txt?sequence=2"/>
</mets:file>
</mets:fileGrp>
</mets:fileSec>
<mets:structMap LABEL="DSpace" TYPE="LOGICAL">
<mets:div DMDID="dmd_1" TYPE="DSpace Item">
<mets:div ID="div_2" TYPE="DSpace Content Bitstream">
<mets:fptr FILEID="file_1774"/>
</mets:div>
<mets:div ID="div_3" TYPE="DSpace Content Bitstream">
<mets:fptr FILEID="file_1775"/>
</mets:div>
</mets:div>
</mets:structMap>
</mets:METS>
