<?xml version="1.0" encoding="UTF-8"?>
<mets:METS xmlns:mets="http://www.loc.gov/METS/" xmlns:xlink="http://www.w3.org/TR/xlink/" xmlns:xsi="http://www.w3.org/2001/XMLSchema-instance" xmlns:dim="http://www.dspace.org/xmlns/dspace/dim" OBJEDIT="/admin/item?itemID=52026" OBJID="/handle/10255/dryad.44623" PROFILE="DSPACE METS SIP Profile 1.0" LABEL="DSpace Item" ID="hdl:10255/dryad.44623">
<mets:dmdSec GROUPID="group_dmd_0" ID="dmd_1">
<mets:mdWrap MDTYPE="OTHER" OTHERMDTYPE="DIM">
<mets:xmlData>
<dim:dim dspaceType="ITEM">
<dim:field element="contributor" qualifier="author" mdschema="dc">Dixon, Andrea</dim:field>
<dim:field element="contributor" qualifier="author" mdschema="dc">Herlihy, Christopher</dim:field>
<dim:field element="contributor" qualifier="author" mdschema="dc">Busch, Jeremiah</dim:field>
<dim:field element="identifier" mdschema="dc">doi:10.5061/dryad.0f56q</dim:field>
<dim:field element="description" language="" mdschema="dc">The abundant center model (ACM) assumes that population size, density, and per-capita reproductive output should be highest at the center of a species' geographic range and decline towards the periphery. Increased isolation among and decreased reproductive output within edge populations should lead to reduced within-population genetic diversity and increased genetic differentiation among edge relative to central populations. The ACM also assumes asymmetrical gene flow, with net movement of migrants from the center to edges. We evaluated these ACM assumptions in the endemic flowering plant &lt;i&gt;Leavenworthia stylosa&lt;/i&gt;. Although populations were more spatially isolated near range edges, plant density also increased towards range edges. Per-capita seed number was not associated with distance to the range center. In support of ACM assumptions, allelic diversity at 12 microsatellite loci declined with distance from the range center, and pairwise F&lt;sub&gt;ST&lt;/sub&gt; values were higher between edge populations than between central populations. Coalescent analyses confirmed that edge populations received fewer migrants than central populations, but asymmetric gene flow opposed the direction assumed by the ACM. This pattern of asymmetric gene flow may be explained by greater seed number/m&lt;sup&gt;2&lt;/sup&gt; near range edges, even though these populations were effectively smaller than central populations. This study shows that among-population demographic variability largely did not support the ACM, while patterns of genetic diversity, differentiation, and gene flow were mostly consistent with its assumptions. Such mixed support has frequently been observed in tests of the ACM and raises concerns regarding the generality of this model for species range limits.</dim:field>
<dim:field element="subject" confidence="NOVALUE" language="" mdschema="dc">demography</dim:field>
<dim:field element="subject" confidence="NOVALUE" language="" mdschema="dc">endemism</dim:field>
<dim:field element="subject" confidence="NOVALUE" language="" mdschema="dc">niche</dim:field>
<dim:field element="subject" confidence="NOVALUE" language="" mdschema="dc">range limit</dim:field>
<dim:field element="subject" confidence="NOVALUE" language="" mdschema="dc">species range</dim:field>
<dim:field element="title" language="" mdschema="dc">Data from: Demographic and population-genetic tests provide mixed support for the abundant center model in the endemic plant &lt;i&gt;Levenworthia stylosa&lt;/i&gt;</dim:field>
<dim:field element="type" language="*" mdschema="dc">Article</dim:field>
<dim:field element="contributor" qualifier="correspondingAuthor" language="" mdschema="dc">Dixon, Andrea</dim:field>
<dim:field element="identifier" qualifier="manuscriptNumber" mdschema="dc">MolEcol-27149664MEC-12-1115</dim:field>
<dim:field authority="a312d903f9cad07f83f0a5bbf0b27791" element="publicationName" confidence="UNCERTAIN" language="" mdschema="prism">Molecular Ecology</dim:field>
<dim:field element="archive" qualifier="mailUsers" mdschema="workflow">editorial.office@molecol.com</dim:field>
<dim:field element="archive" qualifier="mailUsers" mdschema="workflow">admin@datadryad.org</dim:field>
<dim:field element="archive" qualifier="mailUsers" mdschema="workflow">curator@datadryad.org</dim:field>
<dim:field element="submit" qualifier="skipReviewStage" mdschema="workflow">false</dim:field>
<dim:field element="workflow" qualifier="submitted" mdschema="internal">true</dim:field>
<dim:field element="review" qualifier="mailUsers" mdschema="workflow">editorial.office@molecol.com</dim:field>
<dim:field element="review" qualifier="mailUsers" mdschema="workflow">managing.editor@molecol.com</dim:field>
<dim:field element="review" qualifier="mailUsers" mdschema="workflow">admin@datadryad.org</dim:field>
<dim:field element="review" qualifier="mailUsers" mdschema="workflow">curator@datadryad.org</dim:field>
</dim:dim>
</mets:xmlData>
</mets:mdWrap>
</mets:dmdSec>
<mets:fileSec/>
<mets:structMap LABEL="DSpace" TYPE="LOGICAL">
<mets:div DMDID="dmd_1" TYPE="DSpace Item"/>
</mets:structMap>
</mets:METS>
