<?xml version="1.0" encoding="UTF-8"?>
<mets:METS xmlns:mets="http://www.loc.gov/METS/" xmlns:xlink="http://www.w3.org/TR/xlink/" xmlns:xsi="http://www.w3.org/2001/XMLSchema-instance" xmlns:dim="http://www.dspace.org/xmlns/dspace/dim" OBJEDIT="/admin/item?itemID=2032" OBJID="/handle/10255/dryad.1795" PROFILE="DSPACE METS SIP Profile 1.0" LABEL="DSpace Item" ID="hdl:10255/dryad.1795">
<mets:dmdSec GROUPID="group_dmd_0" ID="dmd_1">
<mets:mdWrap MDTYPE="OTHER" OTHERMDTYPE="DIM">
<mets:xmlData>
<dim:dim dspaceType="ITEM">
<dim:field element="contributor" qualifier="author" language="en" mdschema="dc">Vrijenhoek, Robert C</dim:field>
<dim:field element="contributor" qualifier="author" language="en" mdschema="dc">Johnson, Shannon B</dim:field>
<dim:field element="contributor" qualifier="author" language="en" mdschema="dc">Rouse, Greg W</dim:field>
<dim:field element="coverage" qualifier="spatial" language="en" mdschema="dc">36 42.4981 N/-122 6.3158 W</dim:field>
<dim:field element="coverage" qualifier="spatial" language="en" mdschema="dc">36 36.81 N/-122 26.12 W</dim:field>
<dim:field element="date" qualifier="accessioned" language="" mdschema="dc">2010-07-22T20:48:21Z</dim:field>
<dim:field element="date" qualifier="available" language="" mdschema="dc">2010-07-22T20:48:21Z</dim:field>
<dim:field element="date" qualifier="issued" language="" mdschema="dc">2010-07-22</dim:field>
<dim:field element="identifier" mdschema="dc">doi:10.5061/dryad.1794/1</dim:field>
<dim:field element="identifier" qualifier="uri" language="" mdschema="dc">http://hdl.handle.net/10255/dryad.1795</dim:field>
<dim:field element="description" language="en" mdschema="dc">These data were collected in the Monterey Bay, CA, extracted and sequenced. The file is a nexus file created by MacClade and edited for submission to GenBank.</dim:field>
<dim:field element="relation" qualifier="ispartof" language="en" mdschema="dc">doi:10.5061/dryad.1794</dim:field>
<dim:field element="rights" qualifier="uri" language="en" mdschema="dc">http://creativecommons.org/publicdomain/zero/1.0/</dim:field>
<dim:field element="subject" language="en" mdschema="dc">Ecological Genetics</dim:field>
<dim:field element="subject" language="en" mdschema="dc">Evolution of Sex</dim:field>
<dim:field element="subject" language="en" mdschema="dc">Invertebrates</dim:field>
<dim:field element="subject" language="en" mdschema="dc">Worms</dim:field>
<dim:field element="title" language="en" mdschema="dc">osemales.TXT</dim:field>
<dim:field element="type" language="en" mdschema="dc">Dataset</dim:field>
<dim:field element="ScientificName" language="en" mdschema="dwc">Osedax rubiplumus</dim:field>
<dim:field element="dryad" qualifier="pageviews">199</dim:field>
<dim:field element="dryad" qualifier="downloads">91</dim:field>
</dim:dim>
</mets:xmlData>
</mets:mdWrap>
</mets:dmdSec>
<mets:fileSec>
<mets:fileGrp USE="CONTENT">
<mets:file CHECKSUMTYPE="MD5" GROUPID="group_file_1590" ID="file_1590" MIMETYPE="text/plain" SIZE="81339" CHECKSUM="cc64d29d9405a0b27154b6beae34e253">
<mets:FLocat LOCTYPE="URL" xlink:title="osemales.TXT" xlink:type="locator" xlink:href="/bitstream/handle/10255/dryad.1795/osemales.TXT?sequence=1"/>
</mets:file>
<mets:file CHECKSUMTYPE="MD5" GROUPID="group_file_1591" ID="file_1591" MIMETYPE="application/octet-stream" SIZE="853" CHECKSUM="6307a2b7f3933d53d6ac710307f2e3c2">
<mets:FLocat LOCTYPE="URL" xlink:title="README" xlink:type="locator" xlink:href="/bitstream/handle/10255/dryad.1795/README?sequence=2"/>
</mets:file>
</mets:fileGrp>
<mets:fileGrp USE="TEXT">
<mets:file CHECKSUMTYPE="MD5" GROUPID="group_file_1590" ID="file_1592" MIMETYPE="text/plain" SIZE="80705" CHECKSUM="01e443d03d4cf4c09dfcf0ddbe3292da">
<mets:FLocat LOCTYPE="URL" xlink:title="osemales.TXT.txt" xlink:label="Extracted text" xlink:type="locator" xlink:href="/bitstream/handle/10255/dryad.1795/osemales.TXT.txt?sequence=3"/>
</mets:file>
</mets:fileGrp>
</mets:fileSec>
<mets:structMap LABEL="DSpace" TYPE="LOGICAL">
<mets:div DMDID="dmd_1" TYPE="DSpace Item">
<mets:div ID="div_2" TYPE="DSpace Content Bitstream">
<mets:fptr FILEID="file_1590"/>
</mets:div>
<mets:div ID="div_3" TYPE="DSpace Content Bitstream">
<mets:fptr FILEID="file_1591"/>
</mets:div>
</mets:div>
</mets:structMap>
</mets:METS>
