<?xml version="1.0" encoding="UTF-8"?>
<mets:METS xmlns:mets="http://www.loc.gov/METS/" xmlns:xlink="http://www.w3.org/TR/xlink/" xmlns:xsi="http://www.w3.org/2001/XMLSchema-instance" xmlns:dim="http://www.dspace.org/xmlns/dspace/dim" OBJEDIT="/admin/item?itemID=1854" OBJID="/handle/10255/dryad.1625" PROFILE="DSPACE METS SIP Profile 1.0" LABEL="DSpace Item" ID="hdl:10255/dryad.1625">
<mets:dmdSec GROUPID="group_dmd_0" ID="dmd_1">
<mets:mdWrap MDTYPE="OTHER" OTHERMDTYPE="DIM">
<mets:xmlData>
<dim:dim dspaceType="ITEM">
<dim:field element="contributor" qualifier="author" language="en" mdschema="dc">Ord, Terry J.</dim:field>
<dim:field element="date" qualifier="accessioned" language="" mdschema="dc">2010-06-03T23:50:17Z</dim:field>
<dim:field element="date" qualifier="available" language="" mdschema="dc">2010-06-03T23:50:17Z</dim:field>
<dim:field element="date" qualifier="issued" language="" mdschema="dc">2010-06-03</dim:field>
<dim:field element="identifier" language="" mdschema="dc">doi:10.5061/dryad.1619/6</dim:field>
<dim:field element="identifier" qualifier="uri" language="" mdschema="dc">http://hdl.handle.net/10255/dryad.1625</dim:field>
<dim:field element="relation" qualifier="ispartof" language="en" mdschema="dc">doi:10.5061/dryad.1619</dim:field>
<dim:field element="rights" qualifier="uri" language="en" mdschema="dc">http://creativecommons.org/publicdomain/zero/1.0/</dim:field>
<dim:field element="subject" language="en" mdschema="dc">Adaptation</dim:field>
<dim:field element="subject" language="en" mdschema="dc">Behavior</dim:field>
<dim:field element="subject" language="en" mdschema="dc">Phenotypic Plasticity</dim:field>
<dim:field element="subject" language="en" mdschema="dc">Variation</dim:field>
<dim:field element="title" language="en" mdschema="dc">OrdTJ-10-0073R2DWduration.txt</dim:field>
<dim:field element="type" language="en" mdschema="dc">Dataset</dim:field>
<dim:field element="dryad" qualifier="pageviews">164</dim:field>
<dim:field element="dryad" qualifier="downloads">78</dim:field>
</dim:dim>
</mets:xmlData>
</mets:mdWrap>
</mets:dmdSec>
<mets:fileSec>
<mets:fileGrp USE="CONTENT">
<mets:file CHECKSUMTYPE="MD5" GROUPID="group_file_1180" ID="file_1180" MIMETYPE="text/plain" SIZE="470799" CHECKSUM="2fcee8acf06c07f6470a6e380477243c">
<mets:FLocat LOCTYPE="URL" xlink:title="OrdTJ-10-0073R2DWduration.txt" xlink:type="locator" xlink:href="/bitstream/handle/10255/dryad.1625/OrdTJ-10-0073R2DWduration.txt?sequence=1"/>
</mets:file>
</mets:fileGrp>
<mets:fileGrp USE="TEXT">
<mets:file CHECKSUMTYPE="MD5" GROUPID="group_file_1180" ID="file_1302" MIMETYPE="text/plain" SIZE="466859" CHECKSUM="25bed3c065079d2267e93e247198e946">
<mets:FLocat LOCTYPE="URL" xlink:title="OrdTJ-10-0073R2DWduration.txt.txt" xlink:label="Extracted text" xlink:type="locator" xlink:href="/bitstream/handle/10255/dryad.1625/OrdTJ-10-0073R2DWduration.txt.txt?sequence=2"/>
</mets:file>
</mets:fileGrp>
</mets:fileSec>
<mets:structMap LABEL="DSpace" TYPE="LOGICAL">
<mets:div DMDID="dmd_1" TYPE="DSpace Item">
<mets:div ID="div_2" TYPE="DSpace Content Bitstream">
<mets:fptr FILEID="file_1180"/>
</mets:div>
</mets:div>
</mets:structMap>
</mets:METS>
