<?xml version="1.0" encoding="UTF-8"?>
<mets:METS xmlns:mets="http://www.loc.gov/METS/" xmlns:xlink="http://www.w3.org/TR/xlink/" xmlns:xsi="http://www.w3.org/2001/XMLSchema-instance" xmlns:dim="http://www.dspace.org/xmlns/dspace/dim" OBJEDIT="/admin/item?itemID=1720" OBJID="/handle/10255/dryad.1506" PROFILE="DSPACE METS SIP Profile 1.0" LABEL="DSpace Item" ID="hdl:10255/dryad.1506">
<mets:dmdSec GROUPID="group_dmd_0" ID="dmd_1">
<mets:mdWrap MDTYPE="OTHER" OTHERMDTYPE="DIM">
<mets:xmlData>
<dim:dim dspaceType="ITEM">
<dim:field element="contributor" qualifier="author" language="" mdschema="dc">Tomašových, Adam</dim:field>
<dim:field element="contributor" qualifier="author" language="" mdschema="dc">Kidwell, Susan M.</dim:field>
<dim:field element="date" qualifier="accessioned" language="" mdschema="dc">2010-02-04T06:05:59Z</dim:field>
<dim:field element="date" qualifier="available" language="" mdschema="dc">2010-02-04T06:05:59Z</dim:field>
<dim:field element="date" qualifier="issued" language="" mdschema="dc">2010-02-04T06:05:59Z</dim:field>
<dim:field element="identifier" mdschema="dc">doi:10.5061/dryad.1225/4</dim:field>
<dim:field element="identifier" qualifier="uri" language="" mdschema="dc">http://hdl.handle.net/10255/dryad.1506</dim:field>
<dim:field element="description" language="en" mdschema="dc">The code in R language used in simulations</dim:field>
<dim:field element="relation" qualifier="ispartof" language="" mdschema="dc">doi:10.5061/dryad.1225</dim:field>
<dim:field element="rights" qualifier="uri" language="en" mdschema="dc">http://creativecommons.org/publicdomain/zero/1.0/</dim:field>
<dim:field element="title" language="en" mdschema="dc">R language source code.txt</dim:field>
<dim:field element="type" language="en" mdschema="dc">Dataset</dim:field>
<dim:field element="dryad" qualifier="pageviews">142</dim:field>
<dim:field element="dryad" qualifier="downloads">52</dim:field>
</dim:dim>
</mets:xmlData>
</mets:mdWrap>
</mets:dmdSec>
<mets:fileSec>
<mets:fileGrp USE="CONTENT">
<mets:file CHECKSUMTYPE="MD5" GROUPID="group_file_1119" ID="file_1119" MIMETYPE="text/plain" SIZE="10436" CHECKSUM="9ed15db0fdf0d91031c43908b298be88">
<mets:FLocat LOCTYPE="URL" xlink:title="R language source code.txt" xlink:type="locator" xlink:href="/bitstream/handle/10255/dryad.1506/R%20language%20source%20code.txt?sequence=1"/>
</mets:file>
</mets:fileGrp>
<mets:fileGrp USE="TEXT">
<mets:file CHECKSUMTYPE="MD5" GROUPID="group_file_1119" ID="file_1441" MIMETYPE="text/plain" SIZE="10031" CHECKSUM="661aa5180483998140466305d4545141">
<mets:FLocat LOCTYPE="URL" xlink:title="R language source code.txt.txt" xlink:label="Extracted text" xlink:type="locator" xlink:href="/bitstream/handle/10255/dryad.1506/R%20language%20source%20code.txt.txt?sequence=2"/>
</mets:file>
</mets:fileGrp>
</mets:fileSec>
<mets:structMap LABEL="DSpace" TYPE="LOGICAL">
<mets:div DMDID="dmd_1" TYPE="DSpace Item">
<mets:div ID="div_2" TYPE="DSpace Content Bitstream">
<mets:fptr FILEID="file_1119"/>
</mets:div>
</mets:div>
</mets:structMap>
</mets:METS>
