<?xml version="1.0" encoding="UTF-8"?>
<mets:METS xmlns:mets="http://www.loc.gov/METS/" xmlns:xlink="http://www.w3.org/TR/xlink/" xmlns:xsi="http://www.w3.org/2001/XMLSchema-instance" xmlns:dim="http://www.dspace.org/xmlns/dspace/dim" OBJEDIT="/admin/item?itemID=1300" OBJID="/handle/10255/dryad.1139" PROFILE="DSPACE METS SIP Profile 1.0" LABEL="DSpace Item" ID="hdl:10255/dryad.1139">
<mets:dmdSec GROUPID="group_dmd_0" ID="dmd_1">
<mets:mdWrap MDTYPE="OTHER" OTHERMDTYPE="DIM">
<mets:xmlData>
<dim:dim dspaceType="ITEM">
<dim:field element="contributor" qualifier="author" language="en" mdschema="dc">Zanne, Amy E.</dim:field>
<dim:field element="contributor" qualifier="author" language="en" mdschema="dc">Westoby, Mark</dim:field>
<dim:field element="contributor" qualifier="author" language="en" mdschema="dc">Falster, Daniel S</dim:field>
<dim:field element="contributor" qualifier="author" language="en" mdschema="dc">Ackerly, David D</dim:field>
<dim:field element="contributor" qualifier="author" language="en" mdschema="dc">Loarie, Scott R</dim:field>
<dim:field element="contributor" qualifier="author" language="en" mdschema="dc">Arnold, Sarah E J</dim:field>
<dim:field element="contributor" qualifier="author" language="en" mdschema="dc">Coomes, David A.</dim:field>
<dim:field element="coverage" qualifier="spatial" language="en" mdschema="dc">global</dim:field>
<dim:field element="date" qualifier="accessioned" language="" mdschema="dc">2009-12-11T18:51:14Z</dim:field>
<dim:field element="date" qualifier="available" language="" mdschema="dc">2009-12-11T18:51:14Z</dim:field>
<dim:field element="date" qualifier="issued" language="" mdschema="dc">2009-12-11T18:51:14Z</dim:field>
<dim:field element="identifier" mdschema="dc">doi:10.5061/dryad.1138/1</dim:field>
<dim:field element="identifier" qualifier="uri" language="" mdschema="dc">http://hdl.handle.net/10255/dryad.1139</dim:field>
<dim:field element="description" language="en" mdschema="dc">The database is a literature compilation of angiosperms vessel anatomy measures for species distributed around the world. The first worksheet defines the data use policy. The second worksheet contains the data with column headings of family, binomial, average individual vessel size (A), vessel number (N), vessel composition (S = A/N), and vessel lumen fraction (F = AN), as well as log transformed values of these 4 variables. The third worksheet contains references for these data.</dim:field>
<dim:field element="relation" qualifier="ispartof" language="en" mdschema="dc">doi:10.5061/dryad.1138</dim:field>
<dim:field element="rights" qualifier="uri" language="en" mdschema="dc">http://creativecommons.org/publicdomain/zero/1.0/</dim:field>
<dim:field element="subject" language="en" mdschema="dc">angiosperms</dim:field>
<dim:field element="subject" language="en" mdschema="dc">evolutionary divergences</dim:field>
<dim:field element="subject" language="en" mdschema="dc">potential conductivity</dim:field>
<dim:field element="subject" language="en" mdschema="dc">variances</dim:field>
<dim:field element="subject" language="en" mdschema="dc">vessel size</dim:field>
<dim:field element="subject" language="en" mdschema="dc">vessel lumen fraction</dim:field>
<dim:field element="subject" language="en" mdschema="dc">vessel number</dim:field>
<dim:field element="subject" language="en" mdschema="dc">wood density</dim:field>
<dim:field element="subject" language="en" mdschema="dc">xylem sapwood</dim:field>
<dim:field element="title" language="en" mdschema="dc">GlobalVesselAnatomyDatabase.xls</dim:field>
<dim:field element="type" language="en" mdschema="dc">Dataset</dim:field>
<dim:field element="ScientificName" language="en" mdschema="dwc">angiosperms</dim:field>
<dim:field element="status" language="" mdschema="dryad">scanned</dim:field>
<dim:field element="dryad" qualifier="pageviews">472</dim:field>
<dim:field element="dryad" qualifier="downloads">403</dim:field>
</dim:dim>
</mets:xmlData>
</mets:mdWrap>
</mets:dmdSec>
<mets:fileSec>
<mets:fileGrp USE="CONTENT">
<mets:file CHECKSUMTYPE="MD5" GROUPID="group_file_961" ID="file_961" MIMETYPE="application/vnd.ms-excel" SIZE="576512" CHECKSUM="c0f429a032e7eae5a187bb7dc6ca3817">
<mets:FLocat LOCTYPE="URL" xlink:title="GlobalVesselAnatomyDatabase.xls" xlink:type="locator" xlink:href="/bitstream/handle/10255/dryad.1139/GlobalVesselAnatomyDatabase.xls?sequence=1"/>
</mets:file>
</mets:fileGrp>
</mets:fileSec>
<mets:structMap LABEL="DSpace" TYPE="LOGICAL">
<mets:div DMDID="dmd_1" TYPE="DSpace Item">
<mets:div ID="div_2" TYPE="DSpace Content Bitstream">
<mets:fptr FILEID="file_961"/>
</mets:div>
</mets:div>
</mets:structMap>
</mets:METS>
