<?xml version="1.0" encoding="UTF-8"?>
<mets:METS xmlns:mets="http://www.loc.gov/METS/" xmlns:xlink="http://www.w3.org/TR/xlink/" xmlns:xsi="http://www.w3.org/2001/XMLSchema-instance" xmlns:dim="http://www.dspace.org/xmlns/dspace/dim" OBJEDIT="/admin/item?itemID=204" OBJID="/handle/10255/dryad.185" PROFILE="DSPACE METS SIP Profile 1.0" LABEL="DSpace Item" ID="hdl:10255/dryad.185">
<mets:dmdSec GROUPID="group_dmd_0" ID="dmd_1">
<mets:mdWrap MDTYPE="OTHER" OTHERMDTYPE="DIM">
<mets:xmlData>
<dim:dim dspaceType="ITEM">
<dim:field element="contributor" qualifier="author" language="" mdschema="dc">Newton, Alicia</dim:field>
<dim:field element="contributor" qualifier="author" language="" mdschema="dc">Pistiner, Janna</dim:field>
<dim:field element="coverage" qualifier="spatial" language="" mdschema="dc">Santa Cruz, Cerro Crocker summit&#13;
Lat: S 00° 36.0’&#13;
Long: W 90° 19.5’</dim:field>
<dim:field element="coverage" qualifier="temporal" language="" mdschema="dc">Date:	8/9/1999&#13;
Time:	9:30 AM</dim:field>
<dim:field element="date" qualifier="accessioned" language="" mdschema="dc">2008-09-25T17:33:02Z</dim:field>
<dim:field element="date" qualifier="available" language="" mdschema="dc">2008-09-25T17:33:02Z</dim:field>
<dim:field element="date" qualifier="issued" language="" mdschema="dc">1999-08</dim:field>
<dim:field element="identifier" mdschema="dc">doi:10.5061/dryad.159/9</dim:field>
<dim:field element="identifier" qualifier="uri" language="" mdschema="dc">http://hdl.handle.net/10255/dryad.185</dim:field>
<dim:field element="description" language="en_US" mdschema="dc">Note heavy garua.&#13;
&#13;
Elev:	870 m&#13;
Location: 	Cerro Crocker summit&#13;
Zone:	Fern-sedge&#13;
Date:	8/9/1999&#13;
Time:	9:30 AM&#13;
Lat:	S 00° 36.0’&#13;
Long:	W 90° 19.5’</dim:field>
<dim:field element="relation" qualifier="ispartof" language="" mdschema="dc">http://hdl.handle.net/10255/dryad.159</dim:field>
<dim:field element="rights" qualifier="uri" language="" mdschema="dc">http://datadryad.org/bitstream/handle/10255/dryad.185/license.txt?sequence=2</dim:field>
<dim:field element="subject" language="en_US" mdschema="dc">Cerro Crocker</dim:field>
<dim:field element="subject" language="en_US" mdschema="dc">Fern-sedge zone</dim:field>
<dim:field element="subject" language="en_US" mdschema="dc">Habitat</dim:field>
<dim:field element="title" language="en_US" mdschema="dc">Panorama of Fern-sedge Zone on Cerro Crocker</dim:field>
<dim:field element="type" language="en_US" mdschema="dc">Image</dim:field>
<dim:field element="dryad" qualifier="pageviews">197</dim:field>
<dim:field element="dryad" qualifier="downloads">98</dim:field>
</dim:dim>
</mets:xmlData>
</mets:mdWrap>
</mets:dmdSec>
<mets:fileSec>
<mets:fileGrp USE="CONTENT">
<mets:file CHECKSUMTYPE="MD5" GROUPID="group_file_375" ID="file_375" MIMETYPE="video/quicktime" SIZE="1194863" CHECKSUM="38f6f5a364c0ca5375d3e155e8fc412b">
<mets:FLocat LOCTYPE="URL" xlink:title="CroCrckr.mov" xlink:type="locator" xlink:href="/bitstream/handle/10255/dryad.185/CroCrckr.mov?sequence=1"/>
</mets:file>
</mets:fileGrp>
<mets:fileGrp USE="LICENSE">
<mets:file CHECKSUMTYPE="MD5" GROUPID="group_file_376" ID="file_376" MIMETYPE="text/plain" SIZE="784" CHECKSUM="75c4e901ecac72370d56cb5f005fd692">
<mets:FLocat LOCTYPE="URL" xlink:title="license.txt" xlink:type="locator" xlink:href="/bitstream/handle/10255/dryad.185/license.txt?sequence=2"/>
</mets:file>
</mets:fileGrp>
</mets:fileSec>
<mets:structMap LABEL="DSpace" TYPE="LOGICAL">
<mets:div DMDID="dmd_1" TYPE="DSpace Item">
<mets:div ID="div_2" TYPE="DSpace Content Bitstream">
<mets:fptr FILEID="file_375"/>
</mets:div>
</mets:div>
</mets:structMap>
</mets:METS>
