<?xml version="1.0" encoding="UTF-8"?>
<mets:METS xmlns:mets="http://www.loc.gov/METS/" xmlns:xlink="http://www.w3.org/TR/xlink/" xmlns:xsi="http://www.w3.org/2001/XMLSchema-instance" xmlns:dim="http://www.dspace.org/xmlns/dspace/dim" OBJEDIT="/admin/item?itemID=2091" OBJID="/handle/10255/dryad.1855" PROFILE="DSPACE METS SIP Profile 1.0" LABEL="DSpace Item" ID="hdl:10255/dryad.1855">
<mets:dmdSec GROUPID="group_dmd_0" ID="dmd_1">
<mets:mdWrap MDTYPE="OTHER" OTHERMDTYPE="DIM">
<mets:xmlData>
<dim:dim dspaceType="ITEM">
<dim:field element="contributor" qualifier="author" language="en" mdschema="dc">Fox, Charles W</dim:field>
<dim:field element="contributor" qualifier="author" language="en" mdschema="dc">Reed, David H</dim:field>
<dim:field element="date" qualifier="accessioned" language="" mdschema="dc">2010-08-13T15:14:34Z</dim:field>
<dim:field element="date" qualifier="available" mdschema="dc">2010-12-08T07:30:10Z</dim:field>
<dim:field element="date" qualifier="issued" language="" mdschema="dc">2010-08-13</dim:field>
<dim:field element="identifier" mdschema="dc">doi:10.5061/dryad.1854/1</dim:field>
<dim:field element="identifier" qualifier="uri" language="" mdschema="dc">http://hdl.handle.net/10255/dryad.1855</dim:field>
<dim:field element="description" language="en" mdschema="dc">Survival data for larvae from two populations (SI=South India and BF=Burkina Faso) of Callosobruchus maculatus reared at three temperature (l=17C, m=27C, h=37C) on two hosts (c=cowpea, m=mung bean). Data are presented as the stage at which larvae died (egg did not develop, egg developed but did not hatch, egg hatched but did not produce an adult, or an adult emerged) for each family. The first sheet presents data for each family. Families are grouped into blocks, with each block containing two inbred and two outbred families, as described in the paper. The additional sheets present summaries of the data, by blocks, or population/treatments. d = inbreeding depression, L = inbreeding load.</dim:field>
<dim:field element="relation" qualifier="ispartof" language="en" mdschema="dc">doi:10.5061/dryad.1854</dim:field>
<dim:field element="rights" qualifier="uri" language="en" mdschema="dc">http://creativecommons.org/publicdomain/zero/1.0/</dim:field>
<dim:field element="subject" language="en" mdschema="dc">Inbreeding</dim:field>
<dim:field element="subject" language="en" mdschema="dc">Mating Systems</dim:field>
<dim:field element="subject" language="en" mdschema="dc">Population Biology</dim:field>
<dim:field element="subject" language="en" mdschema="dc">Population Structure</dim:field>
<dim:field element="title" language="en" mdschema="dc">FoxandReed-Larvalsurvival.xls</dim:field>
<dim:field element="type" language="en" mdschema="dc">Dataset</dim:field>
<dim:field element="ScientificName" language="en" mdschema="dwc">Callosobruchus maculatus</dim:field>
<dim:field element="dryad" qualifier="pageviews">148</dim:field>
<dim:field element="dryad" qualifier="downloads">70</dim:field>
</dim:dim>
</mets:xmlData>
</mets:mdWrap>
</mets:dmdSec>
<mets:fileSec>
<mets:fileGrp USE="CONTENT">
<mets:file CHECKSUMTYPE="MD5" GROUPID="group_file_1629" ID="file_1629" MIMETYPE="application/vnd.ms-excel" SIZE="688640" CHECKSUM="9d125163ecdb9c057dd2d947afd5fd50">
<mets:FLocat LOCTYPE="URL" xlink:title="FoxandReed-Larvalsurvival.xls" xlink:type="locator" xlink:href="/bitstream/handle/10255/dryad.1855/FoxandReed-Larvalsurvival.xls?sequence=2"/>
</mets:file>
</mets:fileGrp>
</mets:fileSec>
<mets:structMap LABEL="DSpace" TYPE="LOGICAL">
<mets:div DMDID="dmd_1" TYPE="DSpace Item">
<mets:div ID="div_2" TYPE="DSpace Content Bitstream">
<mets:fptr FILEID="file_1629"/>
</mets:div>
</mets:div>
</mets:structMap>
</mets:METS>
