<?xml version="1.0" encoding="UTF-8"?>
<mets:METS xmlns:mets="http://www.loc.gov/METS/" xmlns:xlink="http://www.w3.org/TR/xlink/" xmlns:xsi="http://www.w3.org/2001/XMLSchema-instance" xmlns:dim="http://www.dspace.org/xmlns/dspace/dim" OBJEDIT="/admin/item?itemID=53772" OBJID="/handle/10255/dryad.45739" PROFILE="DSPACE METS SIP Profile 1.0" LABEL="DSpace Item" ID="hdl:10255/dryad.45739">
<mets:dmdSec GROUPID="group_dmd_0" ID="dmd_1">
<mets:mdWrap MDTYPE="OTHER" OTHERMDTYPE="DIM">
<mets:xmlData>
<dim:dim dspaceType="ITEM">
<dim:field element="contributor" qualifier="author" language="" mdschema="dc">Lovegrove, Barry G.</dim:field>
<dim:field element="contributor" qualifier="author" language="" mdschema="dc">Mowoe, Metobor O.</dim:field>
<dim:field element="coverage" qualifier="spatial" language="" mdschema="dc">North America</dim:field>
<dim:field element="coverage" qualifier="temporal" language="" mdschema="dc">Mesozoic</dim:field>
<dim:field element="coverage" qualifier="temporal" language="" mdschema="dc">Cenozoic</dim:field>
<dim:field element="date" qualifier="accessioned" language="" mdschema="dc">2013-01-16T18:06:04Z</dim:field>
<dim:field element="date" qualifier="available" mdschema="dc">2013-05-20T16:53:48Z</dim:field>
<dim:field element="date" qualifier="issued" language="" mdschema="dc">2013-01-16</dim:field>
<dim:field element="date" qualifier="issued" language="" mdschema="dc">2013-05-16</dim:field>
<dim:field element="identifier" language="" mdschema="dc">doi:10.5061/dryad.04q24/1</dim:field>
<dim:field element="identifier" qualifier="uri" language="" mdschema="dc">http://hdl.handle.net/10255/dryad.45739</dim:field>
<dim:field element="relation" qualifier="ispartof" language="" mdschema="dc">doi:10.5061/dryad.04q24</dim:field>
<dim:field element="rights" qualifier="uri" language="" mdschema="dc">http://creativecommons.org/publicdomain/zero/1.0/</dim:field>
<dim:field element="subject" confidence="NOVALUE" language="" mdschema="dc">mammals</dim:field>
<dim:field element="subject" confidence="NOVALUE" language="" mdschema="dc">Body size</dim:field>
<dim:field element="subject" confidence="NOVALUE" language="" mdschema="dc">Cenozoic</dim:field>
<dim:field element="title" language="" mdschema="dc">Body size JEB Supplementary electronic information rev 2</dim:field>
<dim:field element="type" language="*" mdschema="dc">Dataset</dim:field>
<dim:field element="ScientificName" confidence="NOVALUE" language="" mdschema="dwc">Eutheria</dim:field>
<dim:field element="ScientificName" confidence="NOVALUE" language="" mdschema="dwc">Metatheria</dim:field>
<dim:field element="type" qualifier="embargo" language="" mdschema="dc">untilArticleAppears</dim:field>
<dim:field element="dryad" qualifier="pageviews">45</dim:field>
<dim:field element="dryad" qualifier="downloads">14</dim:field>
</dim:dim>
</mets:xmlData>
</mets:mdWrap>
</mets:dmdSec>
<mets:fileSec>
<mets:fileGrp USE="CONTENT">
<mets:file CHECKSUMTYPE="MD5" GROUPID="group_file_128687" ID="file_128687" MIMETYPE="application/msword" SIZE="3344896" CHECKSUM="0c0f42dc6b1a2654b05b2653f9b424a7">
<mets:FLocat LOCTYPE="URL" xlink:title="Body size JEB Supplementary electronic information rev 2.doc" xlink:label="dataset-file" xlink:type="locator" xlink:href="/bitstream/handle/10255/dryad.45739/Body%20size%20JEB%20Supplementary%20electronic%20information%20rev%202.doc?sequence=1"/>
</mets:file>
</mets:fileGrp>
</mets:fileSec>
<mets:structMap LABEL="DSpace" TYPE="LOGICAL">
<mets:div DMDID="dmd_1" TYPE="DSpace Item">
<mets:div ID="div_2" TYPE="DSpace Content Bitstream">
<mets:fptr FILEID="file_128687"/>
</mets:div>
</mets:div>
</mets:structMap>
</mets:METS>
