<?xml version="1.0" encoding="UTF-8"?>
<mets:METS xmlns:mets="http://www.loc.gov/METS/" xmlns:xlink="http://www.w3.org/TR/xlink/" xmlns:xsi="http://www.w3.org/2001/XMLSchema-instance" xmlns:dim="http://www.dspace.org/xmlns/dspace/dim" OBJEDIT="/admin/item?itemID=40125" OBJID="/handle/10255/dryad.36727" PROFILE="DSPACE METS SIP Profile 1.0" LABEL="DSpace Item" ID="hdl:10255/dryad.36727">
<mets:dmdSec GROUPID="group_dmd_0" ID="dmd_1">
<mets:mdWrap MDTYPE="OTHER" OTHERMDTYPE="DIM">
<mets:xmlData>
<dim:dim dspaceType="ITEM">
<dim:field element="contributor" qualifier="author" language="" mdschema="dc">Galimberti, Andrea</dim:field>
<dim:field element="contributor" qualifier="author" language="" mdschema="dc">Romano, Daniele F.</dim:field>
<dim:field element="contributor" qualifier="author" language="" mdschema="dc">Genchi, Marco</dim:field>
<dim:field element="contributor" qualifier="author" language="" mdschema="dc">Paoloni, Daniele</dim:field>
<dim:field element="contributor" qualifier="author" language="" mdschema="dc">Vercillo, Francesca</dim:field>
<dim:field element="contributor" qualifier="author" language="" mdschema="dc">Bizzarri, Lolita</dim:field>
<dim:field element="contributor" qualifier="author" language="" mdschema="dc">Sassera, Davide</dim:field>
<dim:field element="contributor" qualifier="author" language="" mdschema="dc">Bandi, Claudio</dim:field>
<dim:field element="contributor" qualifier="author" language="" mdschema="dc">Genchi, Claudio</dim:field>
<dim:field element="contributor" qualifier="author" language="" mdschema="dc">Ragni, Bernardino</dim:field>
<dim:field element="contributor" qualifier="author" language="" mdschema="dc">Casiraghi, Maurizio</dim:field>
<dim:field element="coverage" qualifier="spatial" language="" mdschema="dc">Italy</dim:field>
<dim:field element="date" qualifier="accessioned" language="" mdschema="dc">2011-12-14T21:28:43Z</dim:field>
<dim:field element="date" qualifier="available" mdschema="dc">2012-01-11T17:17:44Z</dim:field>
<dim:field element="date" qualifier="issued" language="" mdschema="dc">2011-12-14</dim:field>
<dim:field element="identifier" mdschema="dc">doi:10.5061/dryad.0p78hg7g/1</dim:field>
<dim:field element="identifier" qualifier="uri" language="" mdschema="dc">http://hdl.handle.net/10255/dryad.36727</dim:field>
<dim:field element="description" language="" mdschema="dc">The file (.xls format), includes the list of taeniid samples examined in this study using a DNA barcoding approach with reference to: specimen voucher, host species (except for unrecognized individuals), GenBank accession numbers of newly identified sequences, sampling localities and assigned molecular lineage of each parasite sample based on the optimum threshold of molecular divergence inferred by our analyses.</dim:field>
<dim:field element="relation" qualifier="ispartof" language="" mdschema="dc">doi:10.5061/dryad.0p78hg7g</dim:field>
<dim:field element="rights" qualifier="uri" language="" mdschema="dc">http://creativecommons.org/publicdomain/zero/1.0/</dim:field>
<dim:field element="subject" language="" mdschema="dc">DNA Barcoding</dim:field>
<dim:field element="subject" language="" mdschema="dc">Parasitology</dim:field>
<dim:field element="subject" language="" mdschema="dc">Population Ecology</dim:field>
<dim:field element="subject" language="" mdschema="dc">Mammals</dim:field>
<dim:field element="subject" language="" mdschema="dc">Ecological Genetics</dim:field>
<dim:field element="title" language="" mdschema="dc">sampling details and Genbank accessions</dim:field>
<dim:field element="type" language="*" mdschema="dc">Dataset</dim:field>
<dim:field element="ScientificName" language="" mdschema="dwc">Felis silvestris</dim:field>
<dim:field element="ScientificName" language="" mdschema="dwc">Taenia taeniaeformis</dim:field>
<dim:field element="type" qualifier="embargo" language="" mdschema="dc">untilArticleAppears</dim:field>
<dim:field element="dryad" qualifier="pageviews">99</dim:field>
<dim:field element="dryad" qualifier="downloads">42</dim:field>
</dim:dim>
</mets:xmlData>
</mets:mdWrap>
</mets:dmdSec>
<mets:fileSec>
<mets:fileGrp USE="CONTENT">
<mets:file CHECKSUMTYPE="MD5" GROUPID="group_file_118586" ID="file_118586" MIMETYPE="application/vnd.ms-excel" SIZE="29696" CHECKSUM="610279c47cc9c6c0c1b9269becc9cbc8">
<mets:FLocat LOCTYPE="URL" xlink:title="sampling details and Genbank accessions.xls" xlink:label="dataset-file" xlink:type="locator" xlink:href="/bitstream/handle/10255/dryad.36727/sampling%20details%20and%20Genbank%20accessions.xls?sequence=1"/>
</mets:file>
</mets:fileGrp>
</mets:fileSec>
<mets:structMap LABEL="DSpace" TYPE="LOGICAL">
<mets:div DMDID="dmd_1" TYPE="DSpace Item">
<mets:div ID="div_2" TYPE="DSpace Content Bitstream">
<mets:fptr FILEID="file_118586"/>
</mets:div>
</mets:div>
</mets:structMap>
</mets:METS>
