<?xml version="1.0" encoding="UTF-8"?>
<mets:METS xmlns:mets="http://www.loc.gov/METS/" xmlns:xlink="http://www.w3.org/TR/xlink/" xmlns:xsi="http://www.w3.org/2001/XMLSchema-instance" xmlns:dim="http://www.dspace.org/xmlns/dspace/dim" OBJEDIT="/admin/item?itemID=1845" OBJID="/handle/10255/dryad.1616" PROFILE="DSPACE METS SIP Profile 1.0" LABEL="DSpace Item" ID="hdl:10255/dryad.1616">
<mets:dmdSec GROUPID="group_dmd_0" ID="dmd_1">
<mets:mdWrap MDTYPE="OTHER" OTHERMDTYPE="DIM">
<mets:xmlData>
<dim:dim dspaceType="ITEM">
<dim:field element="contributor" qualifier="author" language="en" mdschema="dc">Cranston, Karen A.</dim:field>
<dim:field element="contributor" qualifier="author" language="en" mdschema="dc">Hurwitz, Bonnie</dim:field>
<dim:field element="contributor" qualifier="author" language="en" mdschema="dc">Sanderson, Michael J.</dim:field>
<dim:field element="contributor" qualifier="author" language="en" mdschema="dc">Ware, Doreen</dim:field>
<dim:field element="contributor" qualifier="author" language="en" mdschema="dc">Wing, Rod A.</dim:field>
<dim:field element="contributor" qualifier="author" language="en" mdschema="dc">Stein, Lincoln</dim:field>
<dim:field element="date" qualifier="accessioned" language="" mdschema="dc">2010-06-03T19:18:56Z</dim:field>
<dim:field element="date" qualifier="available" language="" mdschema="dc">2010-06-03T19:18:56Z</dim:field>
<dim:field element="date" qualifier="issued" language="" mdschema="dc">2010-06-03</dim:field>
<dim:field element="identifier" mdschema="dc">doi:10.5061/dryad.1611/5</dim:field>
<dim:field element="identifier" qualifier="uri" language="" mdschema="dc">http://hdl.handle.net/10255/dryad.1616</dim:field>
<dim:field element="description" language="en" mdschema="dc">Concatenated sequences for all 10 ORYZA species. Includes trees block corresponding to Figure 2A, 2B and 2C.</dim:field>
<dim:field element="relation" qualifier="ispartof" language="en" mdschema="dc">doi:10.5061/dryad.1611</dim:field>
<dim:field element="rights" qualifier="uri" language="en" mdschema="dc">http://creativecommons.org/publicdomain/zero/1.0/</dim:field>
<dim:field element="subject" language="en" mdschema="dc">phylogenomics</dim:field>
<dim:field element="subject" language="en" mdschema="dc">rice</dim:field>
<dim:field element="subject" language="en" mdschema="dc">Oryza</dim:field>
<dim:field element="subject" language="en" mdschema="dc">BAC-end sequencing</dim:field>
<dim:field element="subject" language="en" mdschema="dc">missing data</dim:field>
<dim:field element="subject" language="en" mdschema="dc">gene trees</dim:field>
<dim:field element="subject" language="en" mdschema="dc">species trees</dim:field>
<dim:field element="title" language="en" mdschema="dc">ORYZA alignment and trees</dim:field>
<dim:field element="type" language="en" mdschema="dc">Dataset</dim:field>
<dim:field element="ScientificName" language="en" mdschema="dwc">Oryza sativa</dim:field>
<dim:field element="ScientificName" language="en" mdschema="dwc">Oryza rufipogon</dim:field>
<dim:field element="ScientificName" language="en" mdschema="dwc">Oryza nivara</dim:field>
<dim:field element="ScientificName" language="en" mdschema="dwc">Oryza glaberrima</dim:field>
<dim:field element="ScientificName" language="en" mdschema="dwc">Oryza barthii</dim:field>
<dim:field element="ScientificName" language="en" mdschema="dwc">Oryza punctata</dim:field>
<dim:field element="ScientificName" language="en" mdschema="dwc">Oryza officinalis</dim:field>
<dim:field element="ScientificName" language="en" mdschema="dwc">Oryza australiensis</dim:field>
<dim:field element="ScientificName" language="en" mdschema="dwc">Oryza brachyantha</dim:field>
<dim:field element="ScientificName" language="en" mdschema="dwc">Oryza granulata</dim:field>
<dim:field element="dryad" qualifier="pageviews">118</dim:field>
<dim:field element="dryad" qualifier="downloads">57</dim:field>
</dim:dim>
</mets:xmlData>
</mets:mdWrap>
</mets:dmdSec>
<mets:fileSec>
<mets:fileGrp USE="CONTENT">
<mets:file CHECKSUMTYPE="MD5" GROUPID="group_file_1174" ID="file_1174" MIMETYPE="text/plain" SIZE="36947241" CHECKSUM="a288c9fcdb6117cd9f9f64511398ea65">
<mets:FLocat LOCTYPE="URL" xlink:title="oryza.nex" xlink:type="locator" xlink:href="/bitstream/handle/10255/dryad.1616/oryza.nex?sequence=1"/>
</mets:file>
</mets:fileGrp>
</mets:fileSec>
<mets:structMap LABEL="DSpace" TYPE="LOGICAL">
<mets:div DMDID="dmd_1" TYPE="DSpace Item">
<mets:div ID="div_2" TYPE="DSpace Content Bitstream">
<mets:fptr FILEID="file_1174"/>
</mets:div>
</mets:div>
</mets:structMap>
</mets:METS>
