<?xml version="1.0" encoding="UTF-8"?>
<mets:METS xmlns:mets="http://www.loc.gov/METS/" xmlns:xlink="http://www.w3.org/TR/xlink/" xmlns:xsi="http://www.w3.org/2001/XMLSchema-instance" xmlns:dim="http://www.dspace.org/xmlns/dspace/dim" OBJEDIT="/admin/item?itemID=1870" OBJID="/handle/10255/dryad.1641" PROFILE="DSPACE METS SIP Profile 1.0" LABEL="DSpace Item" ID="hdl:10255/dryad.1641">
<mets:dmdSec GROUPID="group_dmd_0" ID="dmd_1">
<mets:mdWrap MDTYPE="OTHER" OTHERMDTYPE="DIM">
<mets:xmlData>
<dim:dim dspaceType="ITEM">
<dim:field element="contributor" qualifier="author" language="en" mdschema="dc">Tomašových, Adam</dim:field>
<dim:field element="contributor" qualifier="author" language="en" mdschema="dc">Kidwell, Susan M.</dim:field>
<dim:field element="coverage" qualifier="spatial" language="en" mdschema="dc">Southern California Bight</dim:field>
<dim:field element="coverage" qualifier="spatial" language="en" mdschema="dc">Corpus Cristi shelf</dim:field>
<dim:field element="coverage" qualifier="spatial" language="en" mdschema="dc">Galveston shelf</dim:field>
<dim:field element="coverage" qualifier="spatial" language="en" mdschema="dc">Amazon shelf</dim:field>
<dim:field element="coverage" qualifier="spatial" language="en" mdschema="dc">Yucatan peninsula</dim:field>
<dim:field element="coverage" qualifier="spatial" language="en" mdschema="dc">La Mancha Lagoon</dim:field>
<dim:field element="coverage" qualifier="spatial" language="en" mdschema="dc">Tomales Bay</dim:field>
<dim:field element="coverage" qualifier="spatial" language="en" mdschema="dc">Chihama shelf</dim:field>
<dim:field element="coverage" qualifier="spatial" language="en" mdschema="dc">Patagonia shelf</dim:field>
<dim:field element="coverage" qualifier="spatial" language="en" mdschema="dc">Virgin Islands</dim:field>
<dim:field element="coverage" qualifier="spatial" language="en" mdschema="dc">San Juan Islands</dim:field>
<dim:field element="coverage" qualifier="temporal" language="en" mdschema="dc">Holocene</dim:field>
<dim:field element="date" qualifier="accessioned" language="" mdschema="dc">2010-06-08T20:48:00Z</dim:field>
<dim:field element="date" qualifier="available" language="" mdschema="dc">2010-06-08T20:48:00Z</dim:field>
<dim:field element="date" qualifier="issued" language="" mdschema="dc">2010-06-08</dim:field>
<dim:field element="identifier" mdschema="dc">doi:10.5061/dryad.1637/4</dim:field>
<dim:field element="identifier" qualifier="uri" language="" mdschema="dc">http://hdl.handle.net/10255/dryad.1641</dim:field>
<dim:field element="description" language="en" mdschema="dc">Counts of dead mollusk individuals sampled by dredge in 2002 at several subtidal stations off San Juan Islands. This is restrictive dataset - includes complete individuals and is corrected for disarticulated elements. The source of data and description of sampling and counting methods is in: Kowalewski M., Carroll M., Casazza L., Gupta N., Hannisdal B., Hendy A., Krause R. A. Jr., LaBarbera M., Lazo D.G., Messina C., Puchalski S., Rothfus T. A., Sälgeback J., Stempien J., Terry R.C., Tomašových A. 2003, Quantitative fidelity of brachiopod-mollusk assemblages from modern subtidal environments of San Juan Islands, USA. Journal of Taphonomy 1, 43-65</dim:field>
<dim:field element="relation" qualifier="ispartof" language="en" mdschema="dc">doi:10.5061/dryad.1637</dim:field>
<dim:field element="rights" qualifier="uri" language="en" mdschema="dc">http://creativecommons.org/publicdomain/zero/1.0/</dim:field>
<dim:field element="subject" language="en" mdschema="dc">paleoecology</dim:field>
<dim:field element="subject" language="en" mdschema="dc">taphonomy</dim:field>
<dim:field element="subject" language="en" mdschema="dc">fidelity</dim:field>
<dim:field element="subject" language="en" mdschema="dc">fossil record</dim:field>
<dim:field element="title" language="en" mdschema="dc">Counts of complete dead individuals in subtidal habitats off San Juan Islands</dim:field>
<dim:field element="type" language="en" mdschema="dc">Dataset</dim:field>
<dim:field element="ScientificName" language="en" mdschema="dwc">Mollusca</dim:field>
<dim:field element="ScientificName" language="en" mdschema="dwc">Bivalvia</dim:field>
<dim:field element="dryad" qualifier="pageviews">131</dim:field>
<dim:field element="dryad" qualifier="downloads">56</dim:field>
</dim:dim>
</mets:xmlData>
</mets:mdWrap>
</mets:dmdSec>
<mets:fileSec>
<mets:fileGrp USE="CONTENT">
<mets:file CHECKSUMTYPE="MD5" GROUPID="group_file_1189" ID="file_1189" MIMETYPE="text/plain" SIZE="2993" CHECKSUM="4306b0eed43177735c4af43e72bf8b4a">
<mets:FLocat LOCTYPE="URL" xlink:title="SanJuanIslands-deathassemblages-restrictivedataset.txt" xlink:type="locator" xlink:href="/bitstream/handle/10255/dryad.1641/SanJuanIslands-deathassemblages-restrictivedataset.txt?sequence=1"/>
</mets:file>
</mets:fileGrp>
<mets:fileGrp USE="TEXT">
<mets:file CHECKSUMTYPE="MD5" GROUPID="group_file_1189" ID="file_1476" MIMETYPE="text/plain" SIZE="2921" CHECKSUM="6766c440019eb5ce87ebab2eec334a46">
<mets:FLocat LOCTYPE="URL" xlink:title="SanJuanIslands-deathassemblages-restrictivedataset.txt.txt" xlink:label="Extracted text" xlink:type="locator" xlink:href="/bitstream/handle/10255/dryad.1641/SanJuanIslands-deathassemblages-restrictivedataset.txt.txt?sequence=2"/>
</mets:file>
</mets:fileGrp>
</mets:fileSec>
<mets:structMap LABEL="DSpace" TYPE="LOGICAL">
<mets:div DMDID="dmd_1" TYPE="DSpace Item">
<mets:div ID="div_2" TYPE="DSpace Content Bitstream">
<mets:fptr FILEID="file_1189"/>
</mets:div>
</mets:div>
</mets:structMap>
</mets:METS>
