<?xml version="1.0" encoding="UTF-8"?>
<mets:METS xmlns:mets="http://www.loc.gov/METS/" xmlns:xlink="http://www.w3.org/TR/xlink/" xmlns:xsi="http://www.w3.org/2001/XMLSchema-instance" xmlns:dim="http://www.dspace.org/xmlns/dspace/dim" OBJEDIT="/admin/item?itemID=41714" OBJID="/handle/10255/dryad.37847" PROFILE="DSPACE METS SIP Profile 1.0" LABEL="DSpace Item" ID="hdl:10255/dryad.37847">
<mets:dmdSec GROUPID="group_dmd_0" ID="dmd_1">
<mets:mdWrap MDTYPE="OTHER" OTHERMDTYPE="DIM">
<mets:xmlData>
<dim:dim dspaceType="ITEM">
<dim:field element="contributor" qualifier="author" language="" mdschema="dc">Ladner, Jason T.</dim:field>
<dim:field element="contributor" qualifier="author" language="" mdschema="dc">Palumbi, S. R.</dim:field>
<dim:field element="coverage" qualifier="spatial" language="" mdschema="dc">Magnetic Island</dim:field>
<dim:field element="coverage" qualifier="spatial" language="" mdschema="dc">Queensland</dim:field>
<dim:field element="coverage" qualifier="spatial" language="" mdschema="dc">Australia</dim:field>
<dim:field element="coverage" qualifier="spatial" language="" mdschema="dc">Pelorus Island</dim:field>
<dim:field element="coverage" qualifier="spatial" language="" mdschema="dc">Orpheus Island</dim:field>
<dim:field element="coverage" qualifier="spatial" language="" mdschema="dc">Palau</dim:field>
<dim:field element="coverage" qualifier="spatial" language="" mdschema="dc">Palmyra</dim:field>
<dim:field element="coverage" qualifier="spatial" language="" mdschema="dc">Pohnpei</dim:field>
<dim:field element="coverage" qualifier="spatial" language="" mdschema="dc">Zanzibar</dim:field>
<dim:field element="coverage" qualifier="spatial" language="" mdschema="dc">Fiji</dim:field>
<dim:field element="coverage" qualifier="spatial" language="" mdschema="dc">American Samoa</dim:field>
<dim:field element="date" qualifier="accessioned" language="" mdschema="dc">2012-02-13T21:05:25Z</dim:field>
<dim:field element="date" qualifier="available" mdschema="dc">2012-03-23T16:03:44Z</dim:field>
<dim:field element="date" qualifier="issued" language="" mdschema="dc">2012-02-13</dim:field>
<dim:field element="identifier" mdschema="dc">doi:10.5061/dryad.1bm52p41/8</dim:field>
<dim:field element="identifier" qualifier="uri" language="" mdschema="dc">http://hdl.handle.net/10255/dryad.37847</dim:field>
<dim:field element="description" language="" mdschema="dc">An Excel table listing the GenBank accession numbers of the sequences for each individual sample. A blank indicates a lack of sequence information. GenBank accessions are only available for the 9 loci with lengths ≥200 base pairs.</dim:field>
<dim:field element="relation" qualifier="ispartof" language="" mdschema="dc">doi:10.5061/dryad.1bm52p41</dim:field>
<dim:field element="rights" qualifier="uri" language="" mdschema="dc">http://creativecommons.org/publicdomain/zero/1.0/</dim:field>
<dim:field element="subject" language="" mdschema="dc">Population Genetics - Empirical</dim:field>
<dim:field element="subject" language="" mdschema="dc">Hybridization</dim:field>
<dim:field element="subject" language="" mdschema="dc">Acropora</dim:field>
<dim:field element="subject" language="" mdschema="dc">population structure</dim:field>
<dim:field element="subject" language="" mdschema="dc">cryptic species</dim:field>
<dim:field element="title" language="" mdschema="dc">GenBank Accession Numbers</dim:field>
<dim:field element="type" language="*" mdschema="dc">Dataset</dim:field>
<dim:field element="ScientificName" language="" mdschema="dwc">Acropora cytherea</dim:field>
<dim:field element="ScientificName" language="" mdschema="dwc">Acropora hyacinthus</dim:field>
<dim:field element="type" qualifier="embargo" language="" mdschema="dc">untilArticleAppears</dim:field>
<dim:field element="dryad" qualifier="pageviews">82</dim:field>
<dim:field element="dryad" qualifier="downloads">30</dim:field>
</dim:dim>
</mets:xmlData>
</mets:mdWrap>
</mets:dmdSec>
<mets:fileSec>
<mets:fileGrp USE="CONTENT">
<mets:file CHECKSUMTYPE="MD5" GROUPID="group_file_120128" ID="file_120128" MIMETYPE="application/vnd.openxmlformats-officedocument.spreadsheetml.sheet" SIZE="115765" CHECKSUM="4c1f1a85095fae2f28e27552d3703f63">
<mets:FLocat LOCTYPE="URL" xlink:title="GenBank_accessions.xlsx" xlink:label="dataset-file" xlink:type="locator" xlink:href="/bitstream/handle/10255/dryad.37847/GenBank_accessions.xlsx?sequence=1"/>
</mets:file>
</mets:fileGrp>
</mets:fileSec>
<mets:structMap LABEL="DSpace" TYPE="LOGICAL">
<mets:div DMDID="dmd_1" TYPE="DSpace Item">
<mets:div ID="div_2" TYPE="DSpace Content Bitstream">
<mets:fptr FILEID="file_120128"/>
</mets:div>
</mets:div>
</mets:structMap>
</mets:METS>
