<?xml version="1.0" encoding="UTF-8"?>
<mets:METS xmlns:mets="http://www.loc.gov/METS/" xmlns:xlink="http://www.w3.org/TR/xlink/" xmlns:xsi="http://www.w3.org/2001/XMLSchema-instance" xmlns:dim="http://www.dspace.org/xmlns/dspace/dim" OBJEDIT="/admin/item?itemID=1557" OBJID="/handle/10255/dryad.1363" PROFILE="DSPACE METS SIP Profile 1.0" LABEL="DSpace Item" ID="hdl:10255/dryad.1363">
<mets:dmdSec GROUPID="group_dmd_0" ID="dmd_1">
<mets:mdWrap MDTYPE="OTHER" OTHERMDTYPE="DIM">
<mets:xmlData>
<dim:dim dspaceType="ITEM">
<dim:field element="contributor" qualifier="author" language="en" mdschema="dc">Paun, Ovidiu</dim:field>
<dim:field element="contributor" qualifier="author" language="en" mdschema="dc">Schönswetter, Peter</dim:field>
<dim:field element="contributor" qualifier="author" language="en" mdschema="dc">Winkler, Manuela</dim:field>
<dim:field element="contributor" qualifier="author" language="en" mdschema="dc">Tribsch, Andreas</dim:field>
<dim:field element="coverage" qualifier="spatial" language="en" mdschema="dc">Europe</dim:field>
<dim:field element="coverage" qualifier="spatial" language="en" mdschema="dc">Alps</dim:field>
<dim:field element="coverage" qualifier="spatial" language="en" mdschema="dc">Carpathians</dim:field>
<dim:field element="date" qualifier="accessioned" language="" mdschema="dc">2010-03-14T20:19:03Z</dim:field>
<dim:field element="date" qualifier="available" language="" mdschema="dc">2010-03-14T20:19:03Z</dim:field>
<dim:field element="date" qualifier="issued" language="" mdschema="dc">2010-03-14T20:19:03Z</dim:field>
<dim:field element="identifier" mdschema="dc">doi:10.5061/dryad.1362/1</dim:field>
<dim:field element="identifier" qualifier="uri" language="" mdschema="dc">http://hdl.handle.net/10255/dryad.1363</dim:field>
<dim:field element="relation" qualifier="ispartof" language="en" mdschema="dc">doi:10.5061/dryad.1362</dim:field>
<dim:field element="rights" qualifier="uri" language="en" mdschema="dc">http://creativecommons.org/publicdomain/zero/1.0/</dim:field>
<dim:field element="subject" language="en" mdschema="dc">AFLP</dim:field>
<dim:field element="subject" language="en" mdschema="dc">endemism</dim:field>
<dim:field element="subject" language="en" mdschema="dc">Hybridization</dim:field>
<dim:field element="subject" language="en" mdschema="dc">Phylogeography</dim:field>
<dim:field element="subject" language="en" mdschema="dc">Ranunculus alpestris group</dim:field>
<dim:field element="subject" language="en" mdschema="dc">refugia</dim:field>
<dim:field element="title" language="en" mdschema="dc">AFLP data for Ranunculus alpestris group</dim:field>
<dim:field element="type" language="en" mdschema="dc">Dataset</dim:field>
<dim:field element="ScientificName" language="en" mdschema="dwc">Ranunculus alpestris</dim:field>
<dim:field element="ScientificName" language="en" mdschema="dwc">Ranunculus bilobus</dim:field>
<dim:field element="ScientificName" language="en" mdschema="dwc">Ranunculus traunfellneri</dim:field>
<dim:field element="status" language="" mdschema="dryad">scanned</dim:field>
<dim:field element="dryad" qualifier="pageviews">198</dim:field>
<dim:field element="dryad" qualifier="downloads">56</dim:field>
</dim:dim>
</mets:xmlData>
</mets:mdWrap>
</mets:dmdSec>
<mets:fileSec>
<mets:fileGrp USE="CONTENT">
<mets:file CHECKSUMTYPE="MD5" GROUPID="group_file_1051" ID="file_1051" MIMETYPE="application/vnd.ms-excel" SIZE="755712" CHECKSUM="a1b17ca19fb95827b460ab40f905fb9e">
<mets:FLocat LOCTYPE="URL" xlink:title="Ral_database.xls" xlink:type="locator" xlink:href="/bitstream/handle/10255/dryad.1363/Ral_database.xls?sequence=1"/>
</mets:file>
</mets:fileGrp>
</mets:fileSec>
<mets:structMap LABEL="DSpace" TYPE="LOGICAL">
<mets:div DMDID="dmd_1" TYPE="DSpace Item">
<mets:div ID="div_2" TYPE="DSpace Content Bitstream">
<mets:fptr FILEID="file_1051"/>
</mets:div>
</mets:div>
</mets:structMap>
</mets:METS>
