<?xml version="1.0" encoding="UTF-8"?>
<mets:METS xmlns:mets="http://www.loc.gov/METS/" xmlns:xlink="http://www.w3.org/TR/xlink/" xmlns:xsi="http://www.w3.org/2001/XMLSchema-instance" xmlns:dim="http://www.dspace.org/xmlns/dspace/dim" OBJEDIT="/admin/item?itemID=1454" OBJID="/handle/10255/dryad.1273" PROFILE="DSPACE METS SIP Profile 1.0" LABEL="DSpace Item" ID="hdl:10255/dryad.1273">
<mets:dmdSec GROUPID="group_dmd_0" ID="dmd_1">
<mets:mdWrap MDTYPE="OTHER" OTHERMDTYPE="DIM">
<mets:xmlData>
<dim:dim dspaceType="ITEM">
<dim:field element="contributor" qualifier="author" language="en" mdschema="dc">Blackburn, David C</dim:field>
<dim:field element="contributor" qualifier="author" language="en" mdschema="dc">Measey, John</dim:field>
<dim:field element="coverage" qualifier="spatial" language="en" mdschema="dc">Africa</dim:field>
<dim:field element="coverage" qualifier="spatial" language="en" mdschema="dc">Tanzania</dim:field>
<dim:field element="coverage" qualifier="spatial" language="en" mdschema="dc">Kenya</dim:field>
<dim:field element="coverage" qualifier="spatial" language="en" mdschema="dc">Malawi</dim:field>
<dim:field element="coverage" qualifier="spatial" language="en" mdschema="dc">East Africa</dim:field>
<dim:field element="coverage" qualifier="spatial" language="en" mdschema="dc">Eastern Arc Mountains</dim:field>
<dim:field element="coverage" qualifier="temporal" language="en" mdschema="dc">Pleistocene</dim:field>
<dim:field element="coverage" qualifier="temporal" language="en" mdschema="dc">Pliocene</dim:field>
<dim:field element="coverage" qualifier="temporal" language="en" mdschema="dc">Neogene</dim:field>
<dim:field element="date" qualifier="accessioned" language="" mdschema="dc">2010-03-01T22:41:27Z</dim:field>
<dim:field element="date" qualifier="available" language="" mdschema="dc">2010-03-01T22:41:27Z</dim:field>
<dim:field element="date" qualifier="issued" language="" mdschema="dc">2010-03-01T22:41:27Z</dim:field>
<dim:field element="identifier" mdschema="dc">doi:10.5061/dryad.1272/1</dim:field>
<dim:field element="identifier" qualifier="uri" language="" mdschema="dc">http://hdl.handle.net/10255/dryad.1273</dim:field>
<dim:field element="description" language="en" mdschema="dc">A nexus file containing aligned mitochondrial DNA sequences of Arthroleptis xenodactyloides and related species. Sequences aligned using ClustalX and then trimmed.</dim:field>
<dim:field element="relation" qualifier="ispartof" language="en" mdschema="dc">doi:10.5061/dryad.1272</dim:field>
<dim:field element="rights" qualifier="uri" language="en" mdschema="dc">http://creativecommons.org/publicdomain/zero/1.0/</dim:field>
<dim:field element="subject" language="en" mdschema="dc">Arthroleptidae</dim:field>
<dim:field element="subject" language="en" mdschema="dc">Mitochondrial Genetics</dim:field>
<dim:field element="subject" language="en" mdschema="dc">Phylogenetic Comparative Methods</dim:field>
<dim:field element="subject" language="en" mdschema="dc">Range Expansion</dim:field>
<dim:field element="subject" language="en" mdschema="dc">Phylogeography</dim:field>
<dim:field element="subject" language="en" mdschema="dc">Speciation</dim:field>
<dim:field element="subject" language="en" mdschema="dc">Eastern Arc Mountains</dim:field>
<dim:field element="subject" language="en" mdschema="dc">Southern Rift Mountains</dim:field>
<dim:field element="title" language="en" mdschema="dc">Aligned DNA sequences of Arthroleptis xenodactyloides</dim:field>
<dim:field element="type" language="en" mdschema="dc">Dataset</dim:field>
<dim:field element="ScientificName" language="en" mdschema="dwc">Arthroleptis</dim:field>
<dim:field element="ScientificName" language="en" mdschema="dwc">Arthroleptis xenodactyloides</dim:field>
<dim:field element="status" language="" mdschema="dryad">scanned</dim:field>
<dim:field element="dryad" qualifier="pageviews">198</dim:field>
<dim:field element="dryad" qualifier="downloads">61</dim:field>
</dim:dim>
</mets:xmlData>
</mets:mdWrap>
</mets:dmdSec>
<mets:fileSec>
<mets:fileGrp USE="CONTENT">
<mets:file CHECKSUMTYPE="MD5" GROUPID="group_file_1013" ID="file_1013" MIMETYPE="text/plain" SIZE="76751" CHECKSUM="880223bced2faa9178d633c7c772b8b5">
<mets:FLocat LOCTYPE="URL" xlink:title="xenodactyloides.nex" xlink:type="locator" xlink:href="/bitstream/handle/10255/dryad.1273/xenodactyloides.nex?sequence=1"/>
</mets:file>
</mets:fileGrp>
</mets:fileSec>
<mets:structMap LABEL="DSpace" TYPE="LOGICAL">
<mets:div DMDID="dmd_1" TYPE="DSpace Item">
<mets:div ID="div_2" TYPE="DSpace Content Bitstream">
<mets:fptr FILEID="file_1013"/>
</mets:div>
</mets:div>
</mets:structMap>
</mets:METS>
