<?xml version="1.0" encoding="UTF-8"?>
<mets:METS xmlns:mets="http://www.loc.gov/METS/" xmlns:xlink="http://www.w3.org/TR/xlink/" xmlns:xsi="http://www.w3.org/2001/XMLSchema-instance" xmlns:dim="http://www.dspace.org/xmlns/dspace/dim" OBJEDIT="/admin/item?itemID=212" OBJID="/handle/10255/dryad.192" PROFILE="DSPACE METS SIP Profile 1.0" LABEL="DSpace Item" ID="hdl:10255/dryad.192">
<mets:dmdSec GROUPID="group_dmd_0" ID="dmd_1">
<mets:mdWrap MDTYPE="OTHER" OTHERMDTYPE="DIM">
<mets:xmlData>
<dim:dim dspaceType="ITEM">
<dim:field element="contributor" qualifier="author" language="" mdschema="dc">Newton, Alicia</dim:field>
<dim:field element="contributor" qualifier="author" language="" mdschema="dc">Pistiner, Janna</dim:field>
<dim:field element="coverage" qualifier="spatial" language="" mdschema="dc">Santa Cruz, Farm near Bellavista</dim:field>
<dim:field element="coverage" qualifier="temporal" language="" mdschema="dc">Date: 8/4/1999</dim:field>
<dim:field element="date" qualifier="accessioned" language="" mdschema="dc">2008-09-30T16:45:37Z</dim:field>
<dim:field element="date" qualifier="available" language="" mdschema="dc">2008-09-30T16:45:37Z</dim:field>
<dim:field element="date" qualifier="issued" language="" mdschema="dc">1999-08</dim:field>
<dim:field element="identifier" mdschema="dc">doi:10.5061/dryad.159/18</dim:field>
<dim:field element="identifier" qualifier="uri" language="" mdschema="dc">http://hdl.handle.net/10255/dryad.192</dim:field>
<dim:field element="relation" qualifier="ispartof" language="" mdschema="dc">http://hdl.handle.net/10255/dryad.159</dim:field>
<dim:field element="rights" qualifier="uri" language="" mdschema="dc">http://datadryad.org/bitstream/handle/10255/dryad.192/license.txt?sequence=2</dim:field>
<dim:field element="subject" language="en_US" mdschema="dc">agriculture</dim:field>
<dim:field element="title" language="en_US" mdschema="dc">Farm Field Near Puerto Ayora</dim:field>
<dim:field element="type" language="en_US" mdschema="dc">Image</dim:field>
<dim:field element="dryad" qualifier="pageviews">185</dim:field>
<dim:field element="dryad" qualifier="downloads">135</dim:field>
</dim:dim>
</mets:xmlData>
</mets:mdWrap>
</mets:dmdSec>
<mets:fileSec>
<mets:fileGrp USE="CONTENT">
<mets:file CHECKSUMTYPE="MD5" GROUPID="group_file_389" ID="file_389" MIMETYPE="image/jpeg" SIZE="125499" CHECKSUM="0281df28c9d373c701c503dd0a2a88b6">
<mets:FLocat LOCTYPE="URL" xlink:title="Field492_L.jpg" xlink:type="locator" xlink:href="/bitstream/handle/10255/dryad.192/Field492_L.jpg?sequence=1"/>
</mets:file>
</mets:fileGrp>
<mets:fileGrp USE="LICENSE">
<mets:file CHECKSUMTYPE="MD5" GROUPID="group_file_390" ID="file_390" MIMETYPE="text/plain" SIZE="784" CHECKSUM="1a96c65979003741e3c94ca80690abd7">
<mets:FLocat LOCTYPE="URL" xlink:title="license.txt" xlink:type="locator" xlink:href="/bitstream/handle/10255/dryad.192/license.txt?sequence=2"/>
</mets:file>
</mets:fileGrp>
<mets:fileGrp USE="THUMBNAIL">
<mets:file CHECKSUMTYPE="MD5" GROUPID="group_file_389" ID="file_1454" MIMETYPE="image/jpeg" SIZE="1700" CHECKSUM="bf4d8791d1133d4c6d28d45a70104d3a">
<mets:FLocat LOCTYPE="URL" xlink:title="Field492_L.jpg.jpg" xlink:label="Generated Thumbnail" xlink:type="locator" xlink:href="/bitstream/handle/10255/dryad.192/Field492_L.jpg.jpg?sequence=3"/>
</mets:file>
</mets:fileGrp>
</mets:fileSec>
<mets:structMap LABEL="DSpace" TYPE="LOGICAL">
<mets:div DMDID="dmd_1" TYPE="DSpace Item">
<mets:div ID="div_2" TYPE="DSpace Content Bitstream">
<mets:fptr FILEID="file_389"/>
</mets:div>
</mets:div>
</mets:structMap>
</mets:METS>
