<?xml version="1.0" encoding="UTF-8"?>
<mets:METS xmlns:mets="http://www.loc.gov/METS/" xmlns:xlink="http://www.w3.org/TR/xlink/" xmlns:xsi="http://www.w3.org/2001/XMLSchema-instance" xmlns:dim="http://www.dspace.org/xmlns/dspace/dim" OBJEDIT="/admin/item?itemID=35062" OBJID="/handle/10255/dryad.33596" PROFILE="DSPACE METS SIP Profile 1.0" LABEL="DSpace Item" ID="hdl:10255/dryad.33596">
<mets:dmdSec GROUPID="group_dmd_0" ID="dmd_1">
<mets:mdWrap MDTYPE="OTHER" OTHERMDTYPE="DIM">
<mets:xmlData>
<dim:dim dspaceType="ITEM">
<dim:field element="contributor" qualifier="author" mdschema="dc">Armbruster, Georg F.J.</dim:field>
<dim:field element="contributor" qualifier="author" mdschema="dc">Gielly, Ludovic</dim:field>
<dim:field element="contributor" qualifier="author" mdschema="dc">Taberlet, Pierre</dim:field>
<dim:field element="contributor" qualifier="author" mdschema="dc">Stöcklin, Jürg</dim:field>
<dim:field element="coverage" qualifier="spatial" language="" mdschema="dc">Carpathians</dim:field>
<dim:field element="coverage" qualifier="spatial" language="" mdschema="dc">Romania</dim:field>
<dim:field element="date" qualifier="accessioned" mdschema="dc">2011-11-09T18:35:54Z</dim:field>
<dim:field element="date" qualifier="available" mdschema="dc">2011-11-27T19:58:10Z</dim:field>
<dim:field element="date" qualifier="issued" mdschema="dc">2011-11-09</dim:field>
<dim:field element="identifier" mdschema="dc">doi:10.5061/dryad.05b10/4</dim:field>
<dim:field element="identifier" qualifier="uri" mdschema="dc">http://hdl.handle.net/10255/dryad.33596</dim:field>
<dim:field element="description" language="" mdschema="dc">AFLP data: Matrix with samples (rows) and markers (columns), 1 indicates presence of AFLP-fragments, 0 indicates absence of AFLP-fragments</dim:field>
<dim:field element="relation" qualifier="ispartof" mdschema="dc">doi:10.5061/dryad.05b10</dim:field>
<dim:field element="rights" qualifier="uri" mdschema="dc">http://creativecommons.org/publicdomain/zero/1.0/</dim:field>
<dim:field element="title" language="" mdschema="dc">Vaccinium_uliginosum</dim:field>
<dim:field element="type" language="*" mdschema="dc">Dataset</dim:field>
<dim:field element="ScientificName" language="" mdschema="dwc">Carex curvula All. (Cyperaceae)</dim:field>
<dim:field element="ScientificName" language="" mdschema="dwc">Dryas octopetala L. (Rosaceae)</dim:field>
<dim:field element="ScientificName" language="" mdschema="dwc">Salix herbacea L. (Salicaceae)</dim:field>
<dim:field element="type" qualifier="embargo" language="" mdschema="dc">untilArticleAppears</dim:field>
<dim:field element="dryad" qualifier="pageviews">75</dim:field>
<dim:field element="dryad" qualifier="downloads">70</dim:field>
</dim:dim>
</mets:xmlData>
</mets:mdWrap>
</mets:dmdSec>
<mets:fileSec>
<mets:fileGrp USE="CONTENT">
<mets:file CHECKSUMTYPE="MD5" GROUPID="group_file_114115" ID="file_114115" MIMETYPE="application/vnd.ms-excel" SIZE="619008" CHECKSUM="312b80b7a6329312207411c04c17f7db">
<mets:FLocat LOCTYPE="URL" xlink:title="Vaccinium_uliginosum.xls" xlink:label="dataset-file" xlink:type="locator" xlink:href="/bitstream/handle/10255/dryad.33596/Vaccinium_uliginosum.xls?sequence=1"/>
</mets:file>
<mets:file CHECKSUMTYPE="MD5" GROUPID="group_file_117453" ID="file_117453" MIMETYPE="text/plain" SIZE="1473" CHECKSUM="e9504e974784268aafefd1431523b026">
<mets:FLocat LOCTYPE="URL" xlink:title="README.txt" xlink:label="dc_readme" xlink:type="locator" xlink:href="/bitstream/handle/10255/dryad.33596/README.txt?sequence=2"/>
</mets:file>
</mets:fileGrp>
<mets:fileGrp USE="TEXT">
<mets:file CHECKSUMTYPE="MD5" GROUPID="group_file_117453" ID="file_117457" MIMETYPE="text/plain" SIZE="1449" CHECKSUM="fe6bcf3b7140cb3e419a4ec0676644dd">
<mets:FLocat LOCTYPE="URL" xlink:title="README.txt.txt" xlink:label="Extracted text" xlink:type="locator" xlink:href="/bitstream/handle/10255/dryad.33596/README.txt.txt?sequence=3"/>
</mets:file>
</mets:fileGrp>
</mets:fileSec>
<mets:structMap LABEL="DSpace" TYPE="LOGICAL">
<mets:div DMDID="dmd_1" TYPE="DSpace Item">
<mets:div ID="div_2" TYPE="DSpace Content Bitstream">
<mets:fptr FILEID="file_114115"/>
</mets:div>
<mets:div ID="div_3" TYPE="DSpace Content Bitstream">
<mets:fptr FILEID="file_117453"/>
</mets:div>
</mets:div>
</mets:structMap>
</mets:METS>
