<?xml version="1.0" encoding="UTF-8"?>
<mets:METS xmlns:mets="http://www.loc.gov/METS/" xmlns:xlink="http://www.w3.org/TR/xlink/" xmlns:xsi="http://www.w3.org/2001/XMLSchema-instance" xmlns:dim="http://www.dspace.org/xmlns/dspace/dim" OBJEDIT="/admin/item?itemID=43848" OBJID="/handle/10255/dryad.39267" PROFILE="DSPACE METS SIP Profile 1.0" LABEL="DSpace Item" ID="hdl:10255/dryad.39267">
<mets:dmdSec GROUPID="group_dmd_0" ID="dmd_1">
<mets:mdWrap MDTYPE="OTHER" OTHERMDTYPE="DIM">
<mets:xmlData>
<dim:dim dspaceType="ITEM">
<dim:field element="contributor" qualifier="author" mdschema="dc">Blight, Olivier</dim:field>
<dim:field element="contributor" qualifier="author" mdschema="dc">Berville, Laurence</dim:field>
<dim:field element="contributor" qualifier="author" mdschema="dc">Vogel, Valerie</dim:field>
<dim:field element="contributor" qualifier="author" mdschema="dc">Hefetz, Abraham</dim:field>
<dim:field element="contributor" qualifier="author" mdschema="dc">Renucci, Marielle</dim:field>
<dim:field element="contributor" qualifier="author" mdschema="dc">Orgeas, Jerome</dim:field>
<dim:field element="contributor" qualifier="author" mdschema="dc">Provost, Erick</dim:field>
<dim:field element="contributor" qualifier="author" mdschema="dc">Keller, Laurent</dim:field>
<dim:field element="identifier" mdschema="dc">doi:10.5061/dryad.0835bc03/4</dim:field>
<dim:field element="description" language="" mdschema="dc">Microsatellites, CHC and behavioral data</dim:field>
<dim:field element="relation" qualifier="ispartof" mdschema="dc">doi:10.5061/dryad.0835bc03</dim:field>
<dim:field element="rights" qualifier="uri" mdschema="dc">http://creativecommons.org/publicdomain/zero/1.0/</dim:field>
<dim:field element="subject" language="" mdschema="dc">Behavior/Social Evolution</dim:field>
<dim:field element="subject" language="" mdschema="dc">Invasive Species</dim:field>
<dim:field element="subject" language="" mdschema="dc">Insects</dim:field>
<dim:field element="subject" language="" mdschema="dc">Population Ecology</dim:field>
<dim:field element="title" language="" mdschema="dc">Variation_in_the_level_of aggression_data_ver3</dim:field>
<dim:field element="type" language="*" mdschema="dc">Dataset</dim:field>
<dim:field element="type" qualifier="embargo" language="" mdschema="dc">untilArticleAppears</dim:field>
<dim:field element="dryad" qualifier="pageviews">0</dim:field>
<dim:field element="dryad" qualifier="downloads">2</dim:field>
</dim:dim>
</mets:xmlData>
</mets:mdWrap>
</mets:dmdSec>
<mets:fileSec/>
<mets:structMap LABEL="DSpace" TYPE="LOGICAL">
<mets:div DMDID="dmd_1" TYPE="DSpace Item"/>
</mets:structMap>
</mets:METS>
