<?xml version="1.0" encoding="UTF-8"?>
<mets:METS xmlns:mets="http://www.loc.gov/METS/" xmlns:xlink="http://www.w3.org/TR/xlink/" xmlns:xsi="http://www.w3.org/2001/XMLSchema-instance" xmlns:dim="http://www.dspace.org/xmlns/dspace/dim" OBJEDIT="/admin/item?itemID=39220" OBJID="/handle/10255/dryad.36152" PROFILE="DSPACE METS SIP Profile 1.0" LABEL="DSpace Item" ID="hdl:10255/dryad.36152">
<mets:dmdSec GROUPID="group_dmd_0" ID="dmd_1">
<mets:mdWrap MDTYPE="OTHER" OTHERMDTYPE="DIM">
<mets:xmlData>
<dim:dim dspaceType="ITEM">
<dim:field element="contributor" qualifier="author" language="" mdschema="dc">Drummond, Christopher S.</dim:field>
<dim:field element="contributor" qualifier="author" language="" mdschema="dc">Eastwood, Ruth J.</dim:field>
<dim:field element="contributor" qualifier="author" language="" mdschema="dc">Miotto, Silvia T. S.</dim:field>
<dim:field element="contributor" qualifier="author" language="" mdschema="dc">Hughes, Colin E.</dim:field>
<dim:field element="coverage" qualifier="spatial" language="" mdschema="dc">Andes</dim:field>
<dim:field element="coverage" qualifier="spatial" language="" mdschema="dc">North America</dim:field>
<dim:field element="coverage" qualifier="spatial" language="" mdschema="dc">South America</dim:field>
<dim:field element="coverage" qualifier="spatial" language="" mdschema="dc">Mexican highlands</dim:field>
<dim:field element="coverage" qualifier="temporal" language="" mdschema="dc">Miocene</dim:field>
<dim:field element="coverage" qualifier="temporal" language="" mdschema="dc">Pleistocene</dim:field>
<dim:field element="coverage" qualifier="temporal" language="" mdschema="dc">Pliocene</dim:field>
<dim:field element="date" qualifier="accessioned" language="" mdschema="dc">2011-11-22T19:06:58Z</dim:field>
<dim:field element="date" qualifier="available" language="" mdschema="dc">2011-11-22T19:06:58Z</dim:field>
<dim:field element="date" qualifier="issued" language="" mdschema="dc">2011-11-22</dim:field>
<dim:field element="identifier" language="" mdschema="dc">doi:10.5061/dryad.17rc2f69/8</dim:field>
<dim:field element="identifier" language="" mdschema="dc">doi:10.5061/dryad.17rc2f69/8</dim:field>
<dim:field element="identifier" qualifier="uri" language="" mdschema="dc">http://hdl.handle.net/10255/dryad.36152</dim:field>
<dim:field element="description" language="" mdschema="dc">Life history and habitat data for ancestral state reconstructions of character states in Lupinus.</dim:field>
<dim:field element="relation" qualifier="ispartof" language="" mdschema="dc">doi:10.5061/dryad.17rc2f69</dim:field>
<dim:field element="rights" qualifier="uri" language="" mdschema="dc">http://creativecommons.org/publicdomain/zero/1.0/</dim:field>
<dim:field element="subject" language="" mdschema="dc">adaptive radiation</dim:field>
<dim:field element="subject" language="" mdschema="dc">ancestral state reconstruction</dim:field>
<dim:field element="subject" language="" mdschema="dc">biogeography</dim:field>
<dim:field element="subject" language="" mdschema="dc">diversification rates</dim:field>
<dim:field element="subject" language="" mdschema="dc">incomplete sampling</dim:field>
<dim:field element="subject" language="" mdschema="dc">key innovation</dim:field>
<dim:field element="title" language="" mdschema="dc">Lupinus.online.Appendix4.04.26.11</dim:field>
<dim:field element="type" language="*" mdschema="dc">Dataset</dim:field>
<dim:field element="ScientificName" language="" mdschema="dwc">Lupinus</dim:field>
<dim:field element="ScientificName" language="" mdschema="dwc">Leguminosae</dim:field>
<dim:field element="dryad" qualifier="pageviews">79</dim:field>
<dim:field element="dryad" qualifier="downloads">70</dim:field>
</dim:dim>
</mets:xmlData>
</mets:mdWrap>
</mets:dmdSec>
<mets:fileSec>
<mets:fileGrp USE="CONTENT">
<mets:file CHECKSUMTYPE="MD5" GROUPID="group_file_117728" ID="file_117728" MIMETYPE="application/pdf" SIZE="77310" CHECKSUM="0a25c512521abc2440765182ae95d836">
<mets:FLocat LOCTYPE="URL" xlink:title="Lupinus.online.Appendix4.04.26.11.pdf" xlink:label="dataset-file" xlink:type="locator" xlink:href="/bitstream/handle/10255/dryad.36152/Lupinus.online.Appendix4.04.26.11.pdf?sequence=1"/>
</mets:file>
</mets:fileGrp>
<mets:fileGrp USE="TEXT">
<mets:file CHECKSUMTYPE="MD5" GROUPID="group_file_117728" ID="file_117780" MIMETYPE="text/plain" SIZE="5701" CHECKSUM="e657f8eee3690bbdeb99c825f9e578e3">
<mets:FLocat LOCTYPE="URL" xlink:title="Lupinus.online.Appendix4.04.26.11.pdf.txt" xlink:label="Extracted text" xlink:type="locator" xlink:href="/bitstream/handle/10255/dryad.36152/Lupinus.online.Appendix4.04.26.11.pdf.txt?sequence=2"/>
</mets:file>
</mets:fileGrp>
</mets:fileSec>
<mets:structMap LABEL="DSpace" TYPE="LOGICAL">
<mets:div DMDID="dmd_1" TYPE="DSpace Item">
<mets:div ID="div_2" TYPE="DSpace Content Bitstream">
<mets:fptr FILEID="file_117728"/>
</mets:div>
</mets:div>
</mets:structMap>
</mets:METS>
