<?xml version="1.0" encoding="UTF-8"?>
<mets:METS xmlns:mets="http://www.loc.gov/METS/" xmlns:xlink="http://www.w3.org/TR/xlink/" xmlns:xsi="http://www.w3.org/2001/XMLSchema-instance" xmlns:dim="http://www.dspace.org/xmlns/dspace/dim" OBJEDIT="/admin/item?itemID=43234" OBJID="/handle/10255/dryad.38861" PROFILE="DSPACE METS SIP Profile 1.0" LABEL="DSpace Item" ID="hdl:10255/dryad.38861">
<mets:dmdSec GROUPID="group_dmd_0" ID="dmd_1">
<mets:mdWrap MDTYPE="OTHER" OTHERMDTYPE="DIM">
<mets:xmlData>
<dim:dim dspaceType="ITEM">
<dim:field element="contributor" qualifier="author" language="" mdschema="dc">Jaatinen, Kim</dim:field>
<dim:field element="contributor" qualifier="author" language="" mdschema="dc">Noreikiene, Kristina</dim:field>
<dim:field element="contributor" qualifier="author" language="" mdschema="dc">Merilä, Juha</dim:field>
<dim:field element="contributor" qualifier="author" language="" mdschema="dc">Öst, Markus</dim:field>
<dim:field element="coverage" qualifier="spatial" language="" mdschema="dc">Hanko</dim:field>
<dim:field element="coverage" qualifier="spatial" language="" mdschema="dc">Finland</dim:field>
<dim:field element="date" qualifier="accessioned" language="" mdschema="dc">2012-03-29T20:38:34Z</dim:field>
<dim:field element="date" qualifier="issued" language="" mdschema="dc">2012-03-29</dim:field>
<dim:field element="identifier" language="" mdschema="dc">doi:10.5061/dryad.11312674/3</dim:field>
<dim:field element="identifier" qualifier="uri" language="" mdschema="dc">http://hdl.handle.net/10255/dryad.38861</dim:field>
<dim:field element="description" language="" mdschema="dc">19 loci genotypes for the 529 females genotyped for this study.</dim:field>
<dim:field element="relation" qualifier="ispartof" language="" mdschema="dc">doi:10.5061/dryad.11312674</dim:field>
<dim:field element="rights" qualifier="uri" language="" mdschema="dc">http://creativecommons.org/publicdomain/zero/1.0/</dim:field>
<dim:field element="subject" language="" mdschema="dc">Behavior/Social Evolution</dim:field>
<dim:field element="subject" language="" mdschema="dc">Ecological Genetics</dim:field>
<dim:field element="subject" language="" mdschema="dc">Evolutionary Theory</dim:field>
<dim:field element="subject" language="" mdschema="dc">Life History Evolution</dim:field>
<dim:field element="subject" language="" mdschema="dc">Birds</dim:field>
<dim:field element="title" language="" mdschema="dc">Genotypes</dim:field>
<dim:field element="type" language="*" mdschema="dc">Dataset</dim:field>
<dim:field element="ScientificName" language="" mdschema="dwc">Somateria mollissima</dim:field>
<dim:field element="date" qualifier="embargoedUntil" language="" mdschema="dc">2016-05-09</dim:field>
<dim:field element="type" qualifier="embargo" language="" mdschema="dc">custom</dim:field>
<dim:field element="curatorNote" language="" mdschema="dryad">FOUR YEAR EMBARGO</dim:field>
<dim:field element="dryad" qualifier="pageviews">67</dim:field>
<dim:field element="dryad" qualifier="downloads">0</dim:field>
</dim:dim>
</mets:xmlData>
</mets:mdWrap>
</mets:dmdSec>
<mets:fileSec/>
<mets:structMap LABEL="DSpace" TYPE="LOGICAL">
<mets:div DMDID="dmd_1" TYPE="DSpace Item"/>
</mets:structMap>
</mets:METS>
