<?xml version="1.0" encoding="UTF-8"?>
<mets:METS xmlns:mets="http://www.loc.gov/METS/" xmlns:xlink="http://www.w3.org/TR/xlink/" xmlns:xsi="http://www.w3.org/2001/XMLSchema-instance" xmlns:dim="http://www.dspace.org/xmlns/dspace/dim" OBJEDIT="/admin/item?itemID=50620" OBJID="/handle/10255/dryad.43714" PROFILE="DSPACE METS SIP Profile 1.0" LABEL="DSpace Item" ID="hdl:10255/dryad.43714">
<mets:dmdSec GROUPID="group_dmd_0" ID="dmd_1">
<mets:mdWrap MDTYPE="OTHER" OTHERMDTYPE="DIM">
<mets:xmlData>
<dim:dim dspaceType="ITEM">
<dim:field element="contributor" qualifier="author" language="" mdschema="dc">Marden, James H.</dim:field>
<dim:field element="contributor" qualifier="author" language="" mdschema="dc">Fescemyer, Howard W.</dim:field>
<dim:field element="contributor" qualifier="author" language="" mdschema="dc">Schilder, Rudolf J.</dim:field>
<dim:field element="contributor" qualifier="author" language="" mdschema="dc">Doerfler, William R.</dim:field>
<dim:field element="contributor" qualifier="author" language="" mdschema="dc">Vera, Juan Cristobal</dim:field>
<dim:field element="contributor" qualifier="author" language="" mdschema="dc">Wheat, Christopher</dim:field>
<dim:field element="coverage" qualifier="spatial" language="" mdschema="dc">Finland</dim:field>
<dim:field element="coverage" qualifier="spatial" language="" mdschema="dc">France</dim:field>
<dim:field element="coverage" qualifier="spatial" language="" mdschema="dc">Spain</dim:field>
<dim:field element="date" qualifier="accessioned" mdschema="dc">2012-10-26T18:36:38Z</dim:field>
<dim:field element="date" qualifier="available" mdschema="dc">2012-11-20T16:58:25Z</dim:field>
<dim:field element="date" qualifier="issued" mdschema="dc">2012-10-26</dim:field>
<dim:field element="identifier" language="" mdschema="dc">doi:10.5061/dryad.110nt/6</dim:field>
<dim:field element="identifier" mdschema="dc">doi:10.5061/dryad.110nt/6</dim:field>
<dim:field element="identifier" qualifier="uri" mdschema="dc">http://hdl.handle.net/10255/dryad.43714</dim:field>
<dim:field element="relation" qualifier="ispartof" language="" mdschema="dc">doi:10.5061/dryad.110nt</dim:field>
<dim:field element="rights" qualifier="uri" language="" mdschema="dc">http://creativecommons.org/publicdomain/zero/1.0/</dim:field>
<dim:field element="subject" confidence="NOVALUE" language="" mdschema="dc">Adaptation</dim:field>
<dim:field element="subject" confidence="NOVALUE" language="" mdschema="dc">Development</dim:field>
<dim:field element="subject" confidence="NOVALUE" language="" mdschema="dc">Polymorphism</dim:field>
<dim:field element="subject" confidence="NOVALUE" language="" mdschema="dc">Genetic Variation</dim:field>
<dim:field element="subject" confidence="NOVALUE" language="" mdschema="dc">Life-History Evolution</dim:field>
<dim:field element="subject" confidence="NOVALUE" language="" mdschema="dc">Physiology</dim:field>
<dim:field element="title" language="" mdschema="dc">Phd_Noc_Nrv2_Hif1a in pupae</dim:field>
<dim:field element="type" language="*" mdschema="dc">Dataset</dim:field>
<dim:field element="ScientificName" confidence="NOVALUE" language="" mdschema="dwc">Melitaea cinxia</dim:field>
<dim:field element="type" qualifier="embargo" language="" mdschema="dc">untilArticleAppears</dim:field>
<dim:field element="dryad" qualifier="pageviews">115</dim:field>
<dim:field element="dryad" qualifier="downloads">21</dim:field>
</dim:dim>
</mets:xmlData>
</mets:mdWrap>
</mets:dmdSec>
<mets:fileSec>
<mets:fileGrp USE="CONTENT">
<mets:file CHECKSUMTYPE="MD5" GROUPID="group_file_126565" ID="file_126565" MIMETYPE="application/vnd.ms-excel" SIZE="27648" CHECKSUM="4ef2fe8d65f5efbc2768298c019d5f78">
<mets:FLocat LOCTYPE="URL" xlink:title="Phd_Noc_Nrv2_Hif1a in pupae.xls" xlink:label="dataset-file" xlink:type="locator" xlink:href="/bitstream/handle/10255/dryad.43714/Phd_Noc_Nrv2_Hif1a%20in%20pupae.xls?sequence=1"/>
</mets:file>
</mets:fileGrp>
</mets:fileSec>
<mets:structMap LABEL="DSpace" TYPE="LOGICAL">
<mets:div DMDID="dmd_1" TYPE="DSpace Item">
<mets:div ID="div_2" TYPE="DSpace Content Bitstream">
<mets:fptr FILEID="file_126565"/>
</mets:div>
</mets:div>
</mets:structMap>
</mets:METS>
