<?xml version="1.0" encoding="UTF-8"?>
<mets:METS xmlns:mets="http://www.loc.gov/METS/" xmlns:xlink="http://www.w3.org/TR/xlink/" xmlns:xsi="http://www.w3.org/2001/XMLSchema-instance" xmlns:dim="http://www.dspace.org/xmlns/dspace/dim" OBJEDIT="/admin/item?itemID=47713" OBJID="/handle/10255/dryad.41748" PROFILE="DSPACE METS SIP Profile 1.0" LABEL="DSpace Item" ID="hdl:10255/dryad.41748">
<mets:dmdSec GROUPID="group_dmd_0" ID="dmd_1">
<mets:mdWrap MDTYPE="OTHER" OTHERMDTYPE="DIM">
<mets:xmlData>
<dim:dim dspaceType="ITEM">
<dim:field element="contributor" qualifier="author" language="" mdschema="dc">Remeš, Vladimír</dim:field>
<dim:field element="contributor" qualifier="author" language="" mdschema="dc">Matysioková, Beata</dim:field>
<dim:field element="contributor" qualifier="author" language="" mdschema="dc">Cockburn, Andrew</dim:field>
<dim:field element="coverage" qualifier="spatial" language="" mdschema="dc">Australia</dim:field>
<dim:field element="date" qualifier="accessioned" mdschema="dc">2012-08-16T17:37:40Z</dim:field>
<dim:field element="date" qualifier="available" mdschema="dc">2012-08-16T17:37:40Z</dim:field>
<dim:field element="date" qualifier="issued" mdschema="dc">2012-08-16</dim:field>
<dim:field element="identifier" language="" mdschema="dc">doi:10.5061/dryad.0ct6s/1</dim:field>
<dim:field element="identifier" mdschema="dc">doi:10.5061/dryad.0ct6s/1</dim:field>
<dim:field element="identifier" qualifier="uri" mdschema="dc">http://hdl.handle.net/10255/dryad.41748</dim:field>
<dim:field element="relation" qualifier="ispartof" language="" mdschema="dc">doi:10.5061/dryad.0ct6s</dim:field>
<dim:field element="rights" qualifier="uri" language="" mdschema="dc">http://creativecommons.org/publicdomain/zero/1.0/</dim:field>
<dim:field element="subject" confidence="NOVALUE" language="" mdschema="dc">nest predation</dim:field>
<dim:field element="subject" confidence="NOVALUE" language="" mdschema="dc">predators</dim:field>
<dim:field element="subject" confidence="NOVALUE" language="" mdschema="dc">nest success</dim:field>
<dim:field element="subject" confidence="NOVALUE" language="" mdschema="dc">nest failure</dim:field>
<dim:field element="subject" confidence="NOVALUE" language="" mdschema="dc">southern hemisphere</dim:field>
<dim:field element="subject" confidence="NOVALUE" language="" mdschema="dc">geography</dim:field>
<dim:field element="subject" confidence="ACCEPTED" language="" mdschema="dc">latitude</dim:field>
<dim:field element="subject" confidence="ACCEPTED" language="" mdschema="dc">longitude</dim:field>
<dim:field element="subject" confidence="ACCEPTED" language="" mdschema="dc">decades</dim:field>
<dim:field element="title" language="" mdschema="dc">Nest_predation_Australia_Dryad_data</dim:field>
<dim:field element="type" language="*" mdschema="dc">Dataset</dim:field>
<dim:field element="ScientificName" confidence="NOVALUE" language="" mdschema="dwc">Aves</dim:field>
<dim:field element="ScientificName" confidence="NOVALUE" language="" mdschema="dwc">Passeriformes</dim:field>
<dim:field element="ScientificName" confidence="NOVALUE" language="" mdschema="dwc">Meliphagidae</dim:field>
<dim:field element="ScientificName" confidence="NOVALUE" language="" mdschema="dwc">Maluridae</dim:field>
<dim:field element="ScientificName" confidence="NOVALUE" language="" mdschema="dwc">Petroicidae</dim:field>
<dim:field element="ScientificName" confidence="NOVALUE" language="" mdschema="dwc">Pardalotidae</dim:field>
<dim:field element="type" qualifier="embargo" language="" mdschema="dc">none</dim:field>
<dim:field element="dryad" qualifier="pageviews">70</dim:field>
<dim:field element="dryad" qualifier="downloads">78</dim:field>
</dim:dim>
</mets:xmlData>
</mets:mdWrap>
</mets:dmdSec>
<mets:fileSec>
<mets:fileGrp USE="CONTENT">
<mets:file CHECKSUMTYPE="MD5" GROUPID="group_file_124523" ID="file_124523" MIMETYPE="text/plain" SIZE="28087" CHECKSUM="a694c3c0546198aa4198731f028be5c3">
<mets:FLocat LOCTYPE="URL" xlink:title="Nest_predation_Australia_Dryad_data.txt" xlink:label="dataset-file" xlink:type="locator" xlink:href="/bitstream/handle/10255/dryad.41748/Nest_predation_Australia_Dryad_data.txt?sequence=1"/>
</mets:file>
<mets:file CHECKSUMTYPE="MD5" GROUPID="group_file_124524" ID="file_124524" MIMETYPE="text/plain" SIZE="1968" CHECKSUM="cf312e114018fa21cf0d36dede0f3012">
<mets:FLocat LOCTYPE="URL" xlink:title="README.txt" xlink:label="dc_readme" xlink:type="locator" xlink:href="/bitstream/handle/10255/dryad.41748/README.txt?sequence=2"/>
</mets:file>
</mets:fileGrp>
</mets:fileSec>
<mets:structMap LABEL="DSpace" TYPE="LOGICAL">
<mets:div DMDID="dmd_1" TYPE="DSpace Item">
<mets:div ID="div_2" TYPE="DSpace Content Bitstream">
<mets:fptr FILEID="file_124523"/>
</mets:div>
<mets:div ID="div_3" TYPE="DSpace Content Bitstream">
<mets:fptr FILEID="file_124524"/>
</mets:div>
</mets:div>
</mets:structMap>
</mets:METS>
