<?xml version="1.0" encoding="UTF-8"?>
<mets:METS xmlns:mets="http://www.loc.gov/METS/" xmlns:xlink="http://www.w3.org/TR/xlink/" xmlns:xsi="http://www.w3.org/2001/XMLSchema-instance" xmlns:dim="http://www.dspace.org/xmlns/dspace/dim" OBJEDIT="/admin/item?itemID=1548" OBJID="/handle/10255/dryad.1356" PROFILE="DSPACE METS SIP Profile 1.0" LABEL="DSpace Item" ID="hdl:10255/dryad.1356">
<mets:dmdSec GROUPID="group_dmd_0" ID="dmd_1">
<mets:mdWrap MDTYPE="OTHER" OTHERMDTYPE="DIM">
<mets:xmlData>
<dim:dim dspaceType="ITEM">
<dim:field element="contributor" qualifier="author" language="en" mdschema="dc">Navascués, Miguel</dim:field>
<dim:field element="contributor" qualifier="author" language="en" mdschema="dc">Emerson, Brent</dim:field>
<dim:field element="date" qualifier="accessioned" language="" mdschema="dc">2010-03-12T15:56:29Z</dim:field>
<dim:field element="date" qualifier="available" language="" mdschema="dc">2010-03-12T15:56:29Z</dim:field>
<dim:field element="date" qualifier="issued" language="" mdschema="dc">2010-03-12T15:56:29Z</dim:field>
<dim:field element="identifier" mdschema="dc">doi:10.5061/dryad.1355/1</dim:field>
<dim:field element="identifier" qualifier="uri" language="" mdschema="dc">http://hdl.handle.net/10255/dryad.1356</dim:field>
<dim:field element="description" language="en" mdschema="dc">Each folder contains 10 original input files for each of the 11 models in Table 1</dim:field>
<dim:field element="relation" qualifier="ispartof" language="en" mdschema="dc">doi:10.5061/dryad.1355</dim:field>
<dim:field element="rights" qualifier="uri" language="en" mdschema="dc">http://creativecommons.org/publicdomain/zero/1.0/</dim:field>
<dim:field element="subject" language="en" mdschema="dc">ancient DNA</dim:field>
<dim:field element="subject" language="en" mdschema="dc">heterochronous sequences</dim:field>
<dim:field element="subject" language="en" mdschema="dc">coalescent simulation</dim:field>
<dim:field element="subject" language="en" mdschema="dc">demography</dim:field>
<dim:field element="subject" language="en" mdschema="dc">Bayesian</dim:field>
<dim:field element="subject" language="en" mdschema="dc">mutation rate</dim:field>
<dim:field element="title" language="en" mdschema="dc">input files.zip</dim:field>
<dim:field element="type" language="en" mdschema="dc">Dataset</dim:field>
<dim:field element="status" language="" mdschema="dryad">scanned</dim:field>
<dim:field element="dryad" qualifier="pageviews">156</dim:field>
<dim:field element="dryad" qualifier="downloads">21</dim:field>
</dim:dim>
</mets:xmlData>
</mets:mdWrap>
</mets:dmdSec>
<mets:fileSec>
<mets:fileGrp USE="CONTENT">
<mets:file CHECKSUMTYPE="MD5" GROUPID="group_file_1046" ID="file_1046" MIMETYPE="application/zip" SIZE="452880" CHECKSUM="28bbf253437aff82906876a232eee2a3">
<mets:FLocat LOCTYPE="URL" xlink:title="input files.zip" xlink:type="locator" xlink:href="/bitstream/handle/10255/dryad.1356/input%20files.zip?sequence=1"/>
</mets:file>
</mets:fileGrp>
</mets:fileSec>
<mets:structMap LABEL="DSpace" TYPE="LOGICAL">
<mets:div DMDID="dmd_1" TYPE="DSpace Item">
<mets:div ID="div_2" TYPE="DSpace Content Bitstream">
<mets:fptr FILEID="file_1046"/>
</mets:div>
</mets:div>
</mets:structMap>
</mets:METS>
