<?xml version="1.0" encoding="UTF-8"?>
<mets:METS xmlns:mets="http://www.loc.gov/METS/" xmlns:xlink="http://www.w3.org/TR/xlink/" xmlns:xsi="http://www.w3.org/2001/XMLSchema-instance" xmlns:dim="http://www.dspace.org/xmlns/dspace/dim" OBJEDIT="/admin/item?itemID=1535" OBJID="/handle/10255/dryad.1344" PROFILE="DSPACE METS SIP Profile 1.0" LABEL="DSpace Item" ID="hdl:10255/dryad.1344">
<mets:dmdSec GROUPID="group_dmd_0" ID="dmd_1">
<mets:mdWrap MDTYPE="OTHER" OTHERMDTYPE="DIM">
<mets:xmlData>
<dim:dim dspaceType="ITEM">
<dim:field element="contributor" qualifier="author" language="en" mdschema="dc">Thiel-Egenter, Conny</dim:field>
<dim:field element="contributor" qualifier="author" language="en" mdschema="dc">Holderegger, Rolf</dim:field>
<dim:field element="contributor" qualifier="author" language="en" mdschema="dc">Brodbeck, Sabine</dim:field>
<dim:field element="contributor" qualifier="author" language="en" mdschema="dc">Gugerli, Felix</dim:field>
<dim:field element="coverage" qualifier="spatial" language="en" mdschema="dc">European Alps</dim:field>
<dim:field element="coverage" qualifier="spatial" language="en" mdschema="dc">Carpathian Mountains</dim:field>
<dim:field element="coverage" qualifier="temporal" language="en" mdschema="dc">Quaternary</dim:field>
<dim:field element="date" qualifier="accessioned" mdschema="dc">2010-03-12T07:36:43Z</dim:field>
<dim:field element="date" qualifier="available" mdschema="dc">2010-03-12T07:36:43Z</dim:field>
<dim:field element="date" qualifier="issued" mdschema="dc">2010-03-12T07:36:43Z</dim:field>
<dim:field element="identifier" mdschema="dc">doi:10.5061/dryad.1343/1</dim:field>
<dim:field element="identifier" qualifier="uri" mdschema="dc">http://hdl.handle.net/10255/dryad.1344</dim:field>
<dim:field element="description" language="en" mdschema="dc">AFLP scoring and sampling location information of two alpine plant species, Geum montanum and Geum reptans. Details given in separate ReadMe file.</dim:field>
<dim:field element="relation" qualifier="ispartof" language="en" mdschema="dc">doi:10.5061/dryad.1343</dim:field>
<dim:field element="rights" qualifier="uri" language="en" mdschema="dc">http://creativecommons.org/publicdomain/zero/1.0/</dim:field>
<dim:field element="subject" language="en" mdschema="dc">Angiosperms</dim:field>
<dim:field element="subject" language="en" mdschema="dc">Ecological Genetics</dim:field>
<dim:field element="subject" language="en" mdschema="dc">Phylogeography</dim:field>
<dim:field element="subject" language="en" mdschema="dc">Population Genetics - Empirical</dim:field>
<dim:field element="subject" language="en" mdschema="dc">postglacial recolonization</dim:field>
<dim:field element="title" language="en" mdschema="dc">Thiel-Egenter_etal_MolEcol2009_Data.zip</dim:field>
<dim:field element="type" language="en" mdschema="dc">Dataset</dim:field>
<dim:field element="ScientificName" language="en" mdschema="dwc">Geum montanum</dim:field>
<dim:field element="ScientificName" language="en" mdschema="dwc">Geum reptans</dim:field>
<dim:field element="status" language="" mdschema="dryad">scanned</dim:field>
<dim:field element="dryad" qualifier="pageviews">250</dim:field>
<dim:field element="dryad" qualifier="downloads">116</dim:field>
</dim:dim>
</mets:xmlData>
</mets:mdWrap>
</mets:dmdSec>
<mets:fileSec>
<mets:fileGrp USE="CONTENT">
<mets:file CHECKSUMTYPE="MD5" GROUPID="group_file_1041" ID="file_1041" MIMETYPE="application/zip" SIZE="16678" CHECKSUM="4ffb17e615954033bac2c619e06afdb1">
<mets:FLocat LOCTYPE="URL" xlink:title="Thiel-Egenter_etal_MolEcol2009_Data.zip" xlink:type="locator" xlink:href="/bitstream/handle/10255/dryad.1344/Thiel-Egenter_etal_MolEcol2009_Data.zip?sequence=1"/>
</mets:file>
<mets:file CHECKSUMTYPE="MD5" GROUPID="group_file_1042" ID="file_1042" MIMETYPE="text/plain" SIZE="2038" CHECKSUM="93b7fa1bd4d3058f172f5f5136821fc0">
<mets:FLocat LOCTYPE="URL" xlink:title="README.txt" xlink:type="locator" xlink:href="/bitstream/handle/10255/dryad.1344/README.txt?sequence=2"/>
</mets:file>
</mets:fileGrp>
<mets:fileGrp USE="TEXT">
<mets:file CHECKSUMTYPE="MD5" GROUPID="group_file_1042" ID="file_1477" MIMETYPE="text/plain" SIZE="1979" CHECKSUM="0508b8682dc64b50faf935e60efd8929">
<mets:FLocat LOCTYPE="URL" xlink:title="README.txt.txt" xlink:label="Extracted text" xlink:type="locator" xlink:href="/bitstream/handle/10255/dryad.1344/README.txt.txt?sequence=3"/>
</mets:file>
</mets:fileGrp>
</mets:fileSec>
<mets:structMap LABEL="DSpace" TYPE="LOGICAL">
<mets:div DMDID="dmd_1" TYPE="DSpace Item">
<mets:div ID="div_2" TYPE="DSpace Content Bitstream">
<mets:fptr FILEID="file_1041"/>
</mets:div>
<mets:div ID="div_3" TYPE="DSpace Content Bitstream">
<mets:fptr FILEID="file_1042"/>
</mets:div>
</mets:div>
</mets:structMap>
</mets:METS>
