<?xml version="1.0" encoding="UTF-8"?>
<mets:METS xmlns:mets="http://www.loc.gov/METS/" xmlns:xlink="http://www.w3.org/TR/xlink/" xmlns:xsi="http://www.w3.org/2001/XMLSchema-instance" xmlns:dim="http://www.dspace.org/xmlns/dspace/dim" OBJEDIT="/admin/item?itemID=49414" OBJID="/handle/10255/dryad.42897" PROFILE="DSPACE METS SIP Profile 1.0" LABEL="DSpace Item" ID="hdl:10255/dryad.42897">
<mets:dmdSec GROUPID="group_dmd_0" ID="dmd_1">
<mets:mdWrap MDTYPE="OTHER" OTHERMDTYPE="DIM">
<mets:xmlData>
<dim:dim dspaceType="ITEM">
<dim:field element="contributor" qualifier="author" language="" mdschema="dc">Moura, Andre E.</dim:field>
<dim:field element="contributor" qualifier="author" language="" mdschema="dc">Natoli, Ada</dim:field>
<dim:field element="contributor" qualifier="author" language="" mdschema="dc">Rogan, Emer</dim:field>
<dim:field element="contributor" qualifier="author" language="" mdschema="dc">Hoelzel, Alan R.</dim:field>
<dim:field element="date" qualifier="accessioned" language="" mdschema="dc">2012-10-01T19:37:37Z</dim:field>
<dim:field element="date" qualifier="issued" language="" mdschema="dc">2012-10-01</dim:field>
<dim:field element="identifier" language="" mdschema="dc">doi:10.5061/dryad.15nk1/1</dim:field>
<dim:field element="identifier" qualifier="uri" language="" mdschema="dc">http://hdl.handle.net/10255/dryad.42897</dim:field>
<dim:field element="description" language="" mdschema="dc">Excel table containing individual multilocus genotypes from European common dolphin (Delphinus delphis) using 15 microsatellite loci. Data is in Genalex format, as this allows easy conversion to different population genetics software formats. Samples were obtained from biopsies, strandings and bycatch. Geographic coordinates are include in the field, though check manuscript for more detailed information. Please also check the worksheet "Notes" for more information on data format.</dim:field>
<dim:field element="relation" qualifier="ispartof" language="" mdschema="dc">doi:10.5061/dryad.15nk1</dim:field>
<dim:field element="rights" qualifier="uri" language="" mdschema="dc">http://creativecommons.org/publicdomain/zero/1.0/</dim:field>
<dim:field element="subject" confidence="NOVALUE" language="" mdschema="dc">Population genetics</dim:field>
<dim:field element="subject" confidence="NOVALUE" language="" mdschema="dc">Mammals</dim:field>
<dim:field element="subject" confidence="NOVALUE" language="" mdschema="dc">Ecological genetics</dim:field>
<dim:field element="subject" confidence="NOVALUE" language="" mdschema="dc">Molecular evolution</dim:field>
<dim:field element="title" language="" mdschema="dc">Ddelphis-Microsat-Input</dim:field>
<dim:field element="type" language="*" mdschema="dc">Dataset</dim:field>
<dim:field element="date" qualifier="embargoedUntil" language="" mdschema="dc">2013-12-03</dim:field>
<dim:field element="type" qualifier="embargo" language="" mdschema="dc">oneyear</dim:field>
<dim:field element="dryad" qualifier="pageviews">95</dim:field>
<dim:field element="dryad" qualifier="downloads">0</dim:field>
</dim:dim>
</mets:xmlData>
</mets:mdWrap>
</mets:dmdSec>
<mets:fileSec/>
<mets:structMap LABEL="DSpace" TYPE="LOGICAL">
<mets:div DMDID="dmd_1" TYPE="DSpace Item"/>
</mets:structMap>
</mets:METS>
