<?xml version="1.0" encoding="UTF-8"?>
<mets:METS xmlns:mets="http://www.loc.gov/METS/" xmlns:xlink="http://www.w3.org/TR/xlink/" xmlns:xsi="http://www.w3.org/2001/XMLSchema-instance" xmlns:dim="http://www.dspace.org/xmlns/dspace/dim" OBJEDIT="/admin/item?itemID=48040" OBJID="/handle/10255/dryad.41978" PROFILE="DSPACE METS SIP Profile 1.0" LABEL="DSpace Item" ID="hdl:10255/dryad.41978">
<mets:dmdSec GROUPID="group_dmd_0" ID="dmd_1">
<mets:mdWrap MDTYPE="OTHER" OTHERMDTYPE="DIM">
<mets:xmlData>
<dim:dim dspaceType="ITEM">
<dim:field element="contributor" qualifier="author" language="" mdschema="dc">Dandekar, Ajai A.</dim:field>
<dim:field element="contributor" qualifier="author" language="" mdschema="dc">Chugani, Sudha</dim:field>
<dim:field element="contributor" qualifier="author" language="" mdschema="dc">Greenberg, E. Peter</dim:field>
<dim:field element="date" qualifier="accessioned" mdschema="dc">2012-10-29T15:19:13Z</dim:field>
<dim:field element="date" qualifier="available" mdschema="dc">2012-10-29T15:19:13Z</dim:field>
<dim:field element="date" qualifier="issued" mdschema="dc">2012-10-29</dim:field>
<dim:field element="identifier" language="" mdschema="dc">doi:10.5061/dryad.122sv/1</dim:field>
<dim:field element="identifier" mdschema="dc">doi:10.5061/dryad.122sv/1</dim:field>
<dim:field element="identifier" qualifier="uri" mdschema="dc">http://hdl.handle.net/10255/dryad.41978</dim:field>
<dim:field element="description" language="" mdschema="dc">Biolog Phenotype Microarray data</dim:field>
<dim:field element="relation" qualifier="ispartof" language="" mdschema="dc">doi:10.5061/dryad.122sv</dim:field>
<dim:field element="rights" qualifier="uri" language="" mdschema="dc">http://creativecommons.org/publicdomain/zero/1.0/</dim:field>
<dim:field element="subject" confidence="ACCEPTED" language="" mdschema="dc">Quorum Sensing</dim:field>
<dim:field element="title" language="" mdschema="dc">Dandekar_Biolog_data</dim:field>
<dim:field element="type" language="*" mdschema="dc">Dataset</dim:field>
<dim:field element="ScientificName" confidence="ACCEPTED" language="" mdschema="dwc">Pseudomonas aeruginosa</dim:field>
<dim:field element="type" qualifier="embargo" language="" mdschema="dc">none</dim:field>
<dim:field element="dryad" qualifier="pageviews">95</dim:field>
<dim:field element="dryad" qualifier="downloads">138</dim:field>
</dim:dim>
</mets:xmlData>
</mets:mdWrap>
</mets:dmdSec>
<mets:fileSec>
<mets:fileGrp USE="CONTENT">
<mets:file CHECKSUMTYPE="MD5" GROUPID="group_file_124774" ID="file_124774" MIMETYPE="application/vnd.openxmlformats-officedocument.spreadsheetml.sheet" SIZE="57510" CHECKSUM="17f755ae5bb42e54aeca5ff2a4e280f4">
<mets:FLocat LOCTYPE="URL" xlink:title="Dandekar_Biolog_data.xlsx" xlink:label="dataset-file" xlink:type="locator" xlink:href="/bitstream/handle/10255/dryad.41978/Dandekar_Biolog_data.xlsx?sequence=1"/>
</mets:file>
<mets:file CHECKSUMTYPE="MD5" GROUPID="group_file_124775" ID="file_124775" MIMETYPE="text/plain" SIZE="665" CHECKSUM="78606cabdb76c5e43447c94ef4f2a44e">
<mets:FLocat LOCTYPE="URL" xlink:title="README.txt" xlink:label="dc_readme" xlink:type="locator" xlink:href="/bitstream/handle/10255/dryad.41978/README.txt?sequence=2"/>
</mets:file>
</mets:fileGrp>
</mets:fileSec>
<mets:structMap LABEL="DSpace" TYPE="LOGICAL">
<mets:div DMDID="dmd_1" TYPE="DSpace Item">
<mets:div ID="div_2" TYPE="DSpace Content Bitstream">
<mets:fptr FILEID="file_124774"/>
</mets:div>
<mets:div ID="div_3" TYPE="DSpace Content Bitstream">
<mets:fptr FILEID="file_124775"/>
</mets:div>
</mets:div>
</mets:structMap>
</mets:METS>
