<?xml version="1.0" encoding="UTF-8"?>
<mets:METS xmlns:mets="http://www.loc.gov/METS/" xmlns:xlink="http://www.w3.org/TR/xlink/" xmlns:xsi="http://www.w3.org/2001/XMLSchema-instance" xmlns:dim="http://www.dspace.org/xmlns/dspace/dim" OBJEDIT="/admin/item?itemID=48780" OBJID="/handle/10255/dryad.42480" PROFILE="DSPACE METS SIP Profile 1.0" LABEL="DSpace Item" ID="hdl:10255/dryad.42480">
<mets:dmdSec GROUPID="group_dmd_0" ID="dmd_1">
<mets:mdWrap MDTYPE="OTHER" OTHERMDTYPE="DIM">
<mets:xmlData>
<dim:dim dspaceType="ITEM">
<dim:field element="contributor" qualifier="author" language="" mdschema="dc">Cogni, Rodrigo</dim:field>
<dim:field element="contributor" qualifier="author" language="" mdschema="dc">Trigo, José R.</dim:field>
<dim:field element="contributor" qualifier="author" language="" mdschema="dc">Futuyma, Douglas J.</dim:field>
<dim:field element="date" qualifier="accessioned" language="" mdschema="dc">2012-11-08T20:46:10Z</dim:field>
<dim:field element="date" qualifier="available" mdschema="dc">2012-12-13T17:19:27Z</dim:field>
<dim:field element="date" qualifier="issued" language="" mdschema="dc">2012-11-08</dim:field>
<dim:field element="identifier" language="" mdschema="dc">doi:10.5061/dryad.14fd6/3</dim:field>
<dim:field element="identifier" qualifier="uri" language="" mdschema="dc">http://hdl.handle.net/10255/dryad.42480</dim:field>
<dim:field element="description" language="" mdschema="dc">qPCr data on expression of PNO</dim:field>
<dim:field element="relation" qualifier="ispartof" language="" mdschema="dc">doi:10.5061/dryad.14fd6</dim:field>
<dim:field element="rights" qualifier="uri" language="" mdschema="dc">http://creativecommons.org/publicdomain/zero/1.0/</dim:field>
<dim:field element="subject" confidence="NOVALUE" language="" mdschema="dc">Coevolution</dim:field>
<dim:field element="subject" confidence="NOVALUE" language="" mdschema="dc">Insects</dim:field>
<dim:field element="subject" confidence="NOVALUE" language="" mdschema="dc">Species Interactions</dim:field>
<dim:field element="subject" confidence="NOVALUE" language="" mdschema="dc">Host Parasite Interactions</dim:field>
<dim:field element="title" language="" mdschema="dc">qPCR</dim:field>
<dim:field element="type" language="*" mdschema="dc">Dataset</dim:field>
<dim:field element="type" qualifier="embargo" language="" mdschema="dc">untilArticleAppears</dim:field>
<dim:field element="dryad" qualifier="pageviews">80</dim:field>
<dim:field element="dryad" qualifier="downloads">22</dim:field>
</dim:dim>
</mets:xmlData>
</mets:mdWrap>
</mets:dmdSec>
<mets:fileSec>
<mets:fileGrp USE="CONTENT">
<mets:file CHECKSUMTYPE="MD5" GROUPID="group_file_125291" ID="file_125291" MIMETYPE="application/vnd.openxmlformats-officedocument.spreadsheetml.sheet" SIZE="23066" CHECKSUM="cd17f5f166ef0933db0abd4e23fb795a">
<mets:FLocat LOCTYPE="URL" xlink:title="qPCR.xlsx" xlink:label="dataset-file" xlink:type="locator" xlink:href="/bitstream/handle/10255/dryad.42480/qPCR.xlsx?sequence=1"/>
</mets:file>
</mets:fileGrp>
</mets:fileSec>
<mets:structMap LABEL="DSpace" TYPE="LOGICAL">
<mets:div DMDID="dmd_1" TYPE="DSpace Item">
<mets:div ID="div_2" TYPE="DSpace Content Bitstream">
<mets:fptr FILEID="file_125291"/>
</mets:div>
</mets:div>
</mets:structMap>
</mets:METS>
