<?xml version="1.0" encoding="UTF-8"?>
<mets:METS xmlns:mets="http://www.loc.gov/METS/" xmlns:xlink="http://www.w3.org/TR/xlink/" xmlns:xsi="http://www.w3.org/2001/XMLSchema-instance" xmlns:dim="http://www.dspace.org/xmlns/dspace/dim" OBJEDIT="/admin/item?itemID=59105" OBJID="/handle/10255/dryad.49385" PROFILE="DSPACE METS SIP Profile 1.0" LABEL="DSpace Item" ID="hdl:10255/dryad.49385">
<mets:dmdSec GROUPID="group_dmd_0" ID="dmd_1">
<mets:mdWrap MDTYPE="OTHER" OTHERMDTYPE="DIM">
<mets:xmlData>
<dim:dim dspaceType="ITEM">
<dim:field element="contributor" qualifier="author" language="" mdschema="dc">Starrett, James</dim:field>
<dim:field element="contributor" qualifier="author" language="" mdschema="dc">Hedin, Marshal</dim:field>
<dim:field element="contributor" qualifier="author" language="" mdschema="dc">Ayoub, Nadia</dim:field>
<dim:field element="contributor" qualifier="author" language="" mdschema="dc">Hayashi, Cheryl Y.</dim:field>
<dim:field element="date" qualifier="accessioned" mdschema="dc">2013-05-03T17:47:31Z</dim:field>
<dim:field element="date" qualifier="available" mdschema="dc">2013-05-03T17:47:31Z</dim:field>
<dim:field element="date" qualifier="issued" mdschema="dc">2013-05-03</dim:field>
<dim:field element="identifier" language="" mdschema="dc">doi:10.5061/dryad.105c0/11</dim:field>
<dim:field element="identifier" mdschema="dc">doi:10.5061/dryad.105c0/11</dim:field>
<dim:field element="identifier" qualifier="uri" mdschema="dc">http://hdl.handle.net/10255/dryad.49385</dim:field>
<dim:field element="description" language="" mdschema="dc">50% majority rule consensus tree from Gene tree parsimony analysis of post-burnin Bayesian trees from the analyses of the individual data sets.</dim:field>
<dim:field element="relation" qualifier="ispartof" language="" mdschema="dc">doi:10.5061/dryad.105c0</dim:field>
<dim:field element="rights" qualifier="uri" language="" mdschema="dc">http://creativecommons.org/publicdomain/zero/1.0/</dim:field>
<dim:field element="subject" confidence="NOVALUE" language="" mdschema="dc">Gene duplication</dim:field>
<dim:field element="subject" confidence="NOVALUE" language="" mdschema="dc">Gene tree parsimony</dim:field>
<dim:field element="subject" confidence="NOVALUE" language="" mdschema="dc">Gene tree reconciliation</dim:field>
<dim:field element="subject" confidence="NOVALUE" language="" mdschema="dc">Molecular Clock</dim:field>
<dim:field element="subject" confidence="NOVALUE" language="" mdschema="dc">Respiration</dim:field>
<dim:field element="subject" confidence="NOVALUE" language="" mdschema="dc">Supermatrix</dim:field>
<dim:field element="title" language="" mdschema="dc">Duptree IndiFin1con50</dim:field>
<dim:field element="type" language="*" mdschema="dc">Dataset</dim:field>
<dim:field element="ScientificName" confidence="NOVALUE" language="" mdschema="dwc">Araneae</dim:field>
<dim:field element="ScientificName" confidence="NOVALUE" language="" mdschema="dwc">Mygalomorphae</dim:field>
<dim:field element="type" qualifier="embargo" language="" mdschema="dc">none</dim:field>
<dim:field element="dryad" qualifier="pageviews">67</dim:field>
<dim:field element="dryad" qualifier="downloads">15</dim:field>
</dim:dim>
</mets:xmlData>
</mets:mdWrap>
</mets:dmdSec>
<mets:fileSec>
<mets:fileGrp USE="CONTENT">
<mets:file CHECKSUMTYPE="MD5" GROUPID="group_file_132439" ID="file_132439" MIMETYPE="application/octet-stream" SIZE="680" CHECKSUM="8f59ba90c184e73b9ba96956236ce5f1">
<mets:FLocat LOCTYPE="URL" xlink:title="IndiFin1con50.trees" xlink:label="dataset-file" xlink:type="locator" xlink:href="/bitstream/handle/10255/dryad.49385/IndiFin1con50.trees?sequence=1"/>
</mets:file>
</mets:fileGrp>
</mets:fileSec>
<mets:structMap LABEL="DSpace" TYPE="LOGICAL">
<mets:div DMDID="dmd_1" TYPE="DSpace Item">
<mets:div ID="div_2" TYPE="DSpace Content Bitstream">
<mets:fptr FILEID="file_132439"/>
</mets:div>
</mets:div>
</mets:structMap>
</mets:METS>
