<?xml version="1.0" encoding="UTF-8"?>
<mets:METS xmlns:mets="http://www.loc.gov/METS/" xmlns:xlink="http://www.w3.org/TR/xlink/" xmlns:xsi="http://www.w3.org/2001/XMLSchema-instance" xmlns:dim="http://www.dspace.org/xmlns/dspace/dim" OBJEDIT="/admin/item?itemID=2046" OBJID="/handle/10255/dryad.1809" PROFILE="DSPACE METS SIP Profile 1.0" LABEL="DSpace Item" ID="hdl:10255/dryad.1809">
<mets:dmdSec GROUPID="group_dmd_0" ID="dmd_1">
<mets:mdWrap MDTYPE="OTHER" OTHERMDTYPE="DIM">
<mets:xmlData>
<dim:dim dspaceType="ITEM">
<dim:field element="contributor" qualifier="author" language="en" mdschema="dc">Steeves, Tammy E</dim:field>
<dim:field element="contributor" qualifier="author" language="en" mdschema="dc">Maloney, Richard F</dim:field>
<dim:field element="contributor" qualifier="author" language="en" mdschema="dc">Hale, Marie L</dim:field>
<dim:field element="contributor" qualifier="author" language="en" mdschema="dc">Tylianakis, Jason M</dim:field>
<dim:field element="contributor" qualifier="author" language="en" mdschema="dc">Gemmell, Neil J</dim:field>
<dim:field element="coverage" qualifier="spatial" language="en" mdschema="dc">Upper Waitaki Basin</dim:field>
<dim:field element="coverage" qualifier="spatial" language="en" mdschema="dc">Canterbury</dim:field>
<dim:field element="coverage" qualifier="spatial" language="en" mdschema="dc">New Zealand</dim:field>
<dim:field element="coverage" qualifier="temporal" language="en" mdschema="dc">Holocene</dim:field>
<dim:field element="date" qualifier="accessioned" language="" mdschema="dc">2010-07-31T01:21:57Z</dim:field>
<dim:field element="date" qualifier="available" mdschema="dc">2010-11-04T06:30:09Z</dim:field>
<dim:field element="date" qualifier="issued" language="" mdschema="dc">2010-07-30</dim:field>
<dim:field element="identifier" mdschema="dc">doi:10.5061/dryad.1808/1</dim:field>
<dim:field element="identifier" qualifier="uri" language="" mdschema="dc">http://hdl.handle.net/10255/dryad.1809</dim:field>
<dim:field element="description" language="en" mdschema="dc">Each row represents one individual. Columns represent (in order of appearance): sample number, conservation management category, plumage node, genotype at each of eight microsatellite loci.</dim:field>
<dim:field element="relation" qualifier="ispartof" language="en" mdschema="dc">doi:10.5061/dryad.1808</dim:field>
<dim:field element="rights" qualifier="uri" language="en" mdschema="dc">http://creativecommons.org/publicdomain/zero/1.0/</dim:field>
<dim:field element="subject" language="en" mdschema="dc">Hybridization</dim:field>
<dim:field element="subject" language="en" mdschema="dc">Conservation Genetics</dim:field>
<dim:field element="subject" language="en" mdschema="dc">Wildlife Management</dim:field>
<dim:field element="subject" language="en" mdschema="dc">Invasive Species</dim:field>
<dim:field element="subject" language="en" mdschema="dc">Birds</dim:field>
<dim:field element="title" language="en" mdschema="dc">Steevesetalmicrosatellitedata.xls</dim:field>
<dim:field element="type" language="en" mdschema="dc">Dataset</dim:field>
<dim:field element="ScientificName" language="en" mdschema="dwc">Himantopus novaezelandiae</dim:field>
<dim:field element="ScientificName" language="en" mdschema="dwc">Himantopus himantopus leucocephalus</dim:field>
<dim:field element="dryad" qualifier="pageviews">146</dim:field>
<dim:field element="dryad" qualifier="downloads">69</dim:field>
</dim:dim>
</mets:xmlData>
</mets:mdWrap>
</mets:dmdSec>
<mets:fileSec>
<mets:fileGrp USE="CONTENT">
<mets:file CHECKSUMTYPE="MD5" GROUPID="group_file_1598" ID="file_1598" MIMETYPE="application/vnd.ms-excel" SIZE="52224" CHECKSUM="a7aebae132755170307415e84fe13cef">
<mets:FLocat LOCTYPE="URL" xlink:title="Steevesetalmicrosatellitedata.xls" xlink:type="locator" xlink:href="/bitstream/handle/10255/dryad.1809/Steevesetalmicrosatellitedata.xls?sequence=1"/>
</mets:file>
</mets:fileGrp>
</mets:fileSec>
<mets:structMap LABEL="DSpace" TYPE="LOGICAL">
<mets:div DMDID="dmd_1" TYPE="DSpace Item">
<mets:div ID="div_2" TYPE="DSpace Content Bitstream">
<mets:fptr FILEID="file_1598"/>
</mets:div>
</mets:div>
</mets:structMap>
</mets:METS>
