<?xml version="1.0" encoding="UTF-8"?>
<mets:METS xmlns:mets="http://www.loc.gov/METS/" xmlns:xlink="http://www.w3.org/TR/xlink/" xmlns:xsi="http://www.w3.org/2001/XMLSchema-instance" xmlns:dim="http://www.dspace.org/xmlns/dspace/dim" OBJEDIT="/admin/item?itemID=57717" OBJID="/handle/10255/dryad.48440" PROFILE="DSPACE METS SIP Profile 1.0" LABEL="DSpace Item" ID="hdl:10255/dryad.48440">
<mets:dmdSec GROUPID="group_dmd_0" ID="dmd_1">
<mets:mdWrap MDTYPE="OTHER" OTHERMDTYPE="DIM">
<mets:xmlData>
<dim:dim dspaceType="ITEM">
<dim:field element="contributor" qualifier="author" mdschema="dc">Itoh, Hajime</dim:field>
<dim:field element="contributor" qualifier="author" mdschema="dc">Kamimura, Satomi</dim:field>
<dim:field element="contributor" qualifier="author" mdschema="dc">Takeshima, Hirohiko</dim:field>
<dim:field element="contributor" qualifier="author" mdschema="dc">Kojima, Shigeaki</dim:field>
<dim:field element="coverage" qualifier="spatial" language="" mdschema="dc">Obitsu River estuary</dim:field>
<dim:field element="coverage" qualifier="spatial" language="" mdschema="dc">Chiba Prefecture</dim:field>
<dim:field element="coverage" qualifier="spatial" language="" mdschema="dc">Japan</dim:field>
<dim:field element="coverage" qualifier="temporal" language="" mdschema="dc">Holocene</dim:field>
<dim:field element="identifier" mdschema="dc">doi:10.5061/dryad.15mn0/1</dim:field>
<dim:field element="description" language="" mdschema="dc">37 individuals, GENEPOP format</dim:field>
<dim:field element="relation" qualifier="ispartof" mdschema="dc">doi:10.5061/dryad.15mn0</dim:field>
<dim:field element="rights" qualifier="uri" mdschema="dc">http://creativecommons.org/publicdomain/zero/1.0/</dim:field>
<dim:field element="subject" confidence="NOVALUE" language="" mdschema="dc">Conservation Genetics</dim:field>
<dim:field element="subject" confidence="NOVALUE" language="" mdschema="dc">Invertebrates</dim:field>
<dim:field element="subject" confidence="NOVALUE" language="" mdschema="dc">Molluscs</dim:field>
<dim:field element="subject" confidence="NOVALUE" language="" mdschema="dc">Phylogeography</dim:field>
<dim:field element="subject" confidence="NOVALUE" language="" mdschema="dc">Population Genetics - Empirical</dim:field>
<dim:field element="title" language="" mdschema="dc">Genotype data of Batillaria attramentaria</dim:field>
<dim:field element="type" language="*" mdschema="dc">Dataset</dim:field>
<dim:field element="ScientificName" confidence="NOVALUE" language="" mdschema="dwc">Batillaria attramentaria</dim:field>
<dim:field element="type" qualifier="embargo" language="" mdschema="dc">untilArticleAppears</dim:field>
<dim:field element="dryad" qualifier="pageviews">0</dim:field>
<dim:field element="dryad" qualifier="downloads">1</dim:field>
</dim:dim>
</mets:xmlData>
</mets:mdWrap>
</mets:dmdSec>
<mets:fileSec/>
<mets:structMap LABEL="DSpace" TYPE="LOGICAL">
<mets:div DMDID="dmd_1" TYPE="DSpace Item"/>
</mets:structMap>
</mets:METS>
