<?xml version="1.0" encoding="UTF-8"?>
<mets:METS xmlns:mets="http://www.loc.gov/METS/" xmlns:xlink="http://www.w3.org/TR/xlink/" xmlns:xsi="http://www.w3.org/2001/XMLSchema-instance" xmlns:dim="http://www.dspace.org/xmlns/dspace/dim" OBJEDIT="/admin/item?itemID=1874" OBJID="/handle/10255/dryad.1645" PROFILE="DSPACE METS SIP Profile 1.0" LABEL="DSpace Item" ID="hdl:10255/dryad.1645">
<mets:dmdSec GROUPID="group_dmd_0" ID="dmd_1">
<mets:mdWrap MDTYPE="OTHER" OTHERMDTYPE="DIM">
<mets:xmlData>
<dim:dim dspaceType="ITEM">
<dim:field element="contributor" qualifier="author" language="en" mdschema="dc">Segarra-Moragues, José Gabriel</dim:field>
<dim:field element="contributor" qualifier="author" language="en" mdschema="dc">Ojeda, Fernando</dim:field>
<dim:field element="coverage" qualifier="spatial" language="en" mdschema="dc">South African Cape Floristic Region</dim:field>
<dim:field element="coverage" qualifier="temporal" language="en" mdschema="dc">Holocene</dim:field>
<dim:field element="date" qualifier="accessioned" language="" mdschema="dc">2010-06-10T08:37:16Z</dim:field>
<dim:field element="date" qualifier="available" language="" mdschema="dc">2010-06-10T08:37:16Z</dim:field>
<dim:field element="date" qualifier="issued" language="" mdschema="dc">2010-06-10</dim:field>
<dim:field element="identifier" mdschema="dc">doi:10.5061/dryad.1644/1</dim:field>
<dim:field element="identifier" qualifier="uri" language="" mdschema="dc">http://hdl.handle.net/10255/dryad.1645</dim:field>
<dim:field element="relation" qualifier="ispartof" language="en" mdschema="dc">doi:10.5061/dryad.1644</dim:field>
<dim:field element="rights" qualifier="uri" language="en" mdschema="dc">http://creativecommons.org/publicdomain/zero/1.0/</dim:field>
<dim:field element="subject" language="en" mdschema="dc">Genetic Drift</dim:field>
<dim:field element="subject" language="en" mdschema="dc">Population Biology</dim:field>
<dim:field element="subject" language="en" mdschema="dc">Population Genetics</dim:field>
<dim:field element="subject" language="en" mdschema="dc">Population Structure</dim:field>
<dim:field element="subject" language="en" mdschema="dc">Speciation</dim:field>
<dim:field element="subject" language="en" mdschema="dc">Genetic Variation</dim:field>
<dim:field element="title" language="en" mdschema="dc">Allele frequencies for eight SSR loci in 22 Erica coccinea populations</dim:field>
<dim:field element="type" language="en" mdschema="dc">Dataset</dim:field>
<dim:field element="ScientificName" language="en" mdschema="dwc">Erica coccinea</dim:field>
<dim:field element="dryad" qualifier="pageviews">132</dim:field>
<dim:field element="dryad" qualifier="downloads">63</dim:field>
</dim:dim>
</mets:xmlData>
</mets:mdWrap>
</mets:dmdSec>
<mets:fileSec>
<mets:fileGrp USE="CONTENT">
<mets:file CHECKSUMTYPE="MD5" GROUPID="group_file_1190" ID="file_1190" MIMETYPE="application/msword" SIZE="592896" CHECKSUM="457a76edec44d0b1269afda47f2e750f">
<mets:FLocat LOCTYPE="URL" xlink:title="S1.doc" xlink:type="locator" xlink:href="/bitstream/handle/10255/dryad.1645/S1.doc?sequence=1"/>
</mets:file>
</mets:fileGrp>
</mets:fileSec>
<mets:structMap LABEL="DSpace" TYPE="LOGICAL">
<mets:div DMDID="dmd_1" TYPE="DSpace Item">
<mets:div ID="div_2" TYPE="DSpace Content Bitstream">
<mets:fptr FILEID="file_1190"/>
</mets:div>
</mets:div>
</mets:structMap>
</mets:METS>
