<?xml version="1.0" encoding="UTF-8"?>
<mets:METS xmlns:mets="http://www.loc.gov/METS/" xmlns:xlink="http://www.w3.org/TR/xlink/" xmlns:xsi="http://www.w3.org/2001/XMLSchema-instance" xmlns:dim="http://www.dspace.org/xmlns/dspace/dim" OBJEDIT="/admin/item?itemID=48852" OBJID="/handle/10255/dryad.42534" PROFILE="DSPACE METS SIP Profile 1.0" LABEL="DSpace Item" ID="hdl:10255/dryad.42534">
<mets:dmdSec GROUPID="group_dmd_0" ID="dmd_1">
<mets:mdWrap MDTYPE="OTHER" OTHERMDTYPE="DIM">
<mets:xmlData>
<dim:dim dspaceType="ITEM">
<dim:field element="contributor" qualifier="author" mdschema="dc">Marín, Juan Carlos</dim:field>
<dim:field element="contributor" qualifier="author" mdschema="dc">Gonzalez, Benito</dim:field>
<dim:field element="contributor" qualifier="author" mdschema="dc">Poulin, Elie</dim:field>
<dim:field element="contributor" qualifier="author" mdschema="dc">Casey, Ciara</dim:field>
<dim:field element="contributor" qualifier="author" mdschema="dc">Johnson, Warren</dim:field>
<dim:field element="coverage" qualifier="spatial" language="" mdschema="dc">South America</dim:field>
<dim:field element="coverage" qualifier="temporal" language="" mdschema="dc">Holocene</dim:field>
<dim:field element="identifier" mdschema="dc">doi:10.5061/dryad.10qs2/1</dim:field>
<dim:field element="description" language="" mdschema="dc">Table 6: Prior distributions used for the analysis of the Lama guanicoe data (popABC analysis)</dim:field>
<dim:field element="relation" qualifier="ispartof" mdschema="dc">doi:10.5061/dryad.10qs2</dim:field>
<dim:field element="rights" qualifier="uri" mdschema="dc">http://creativecommons.org/publicdomain/zero/1.0/</dim:field>
<dim:field element="subject" confidence="NOVALUE" language="" mdschema="dc">Camelids</dim:field>
<dim:field element="subject" confidence="NOVALUE" language="" mdschema="dc">microsatellites</dim:field>
<dim:field element="subject" confidence="NOVALUE" language="" mdschema="dc">d-loop</dim:field>
<dim:field element="subject" confidence="NOVALUE" language="" mdschema="dc">contact zone</dim:field>
<dim:field element="subject" confidence="NOVALUE" language="" mdschema="dc">Holocene</dim:field>
<dim:field element="subject" confidence="NOVALUE" language="" mdschema="dc">Patagonia</dim:field>
<dim:field element="title" language="" mdschema="dc">Supplementary Table</dim:field>
<dim:field element="type" language="*" mdschema="dc">Dataset</dim:field>
<dim:field element="type" qualifier="embargo" language="" mdschema="dc">untilArticleAppears</dim:field>
<dim:field element="dryad" qualifier="pageviews">0</dim:field>
<dim:field element="dryad" qualifier="downloads">4</dim:field>
</dim:dim>
</mets:xmlData>
</mets:mdWrap>
</mets:dmdSec>
<mets:fileSec/>
<mets:structMap LABEL="DSpace" TYPE="LOGICAL">
<mets:div DMDID="dmd_1" TYPE="DSpace Item"/>
</mets:structMap>
</mets:METS>
