<?xml version="1.0" encoding="UTF-8"?>
<mets:METS xmlns:mets="http://www.loc.gov/METS/" xmlns:xlink="http://www.w3.org/TR/xlink/" xmlns:xsi="http://www.w3.org/2001/XMLSchema-instance" xmlns:dim="http://www.dspace.org/xmlns/dspace/dim" OBJEDIT="/admin/item?itemID=49148" OBJID="/handle/10255/dryad.42721" PROFILE="DSPACE METS SIP Profile 1.0" LABEL="DSpace Item" ID="hdl:10255/dryad.42721">
<mets:dmdSec GROUPID="group_dmd_0" ID="dmd_1">
<mets:mdWrap MDTYPE="OTHER" OTHERMDTYPE="DIM">
<mets:xmlData>
<dim:dim dspaceType="ITEM">
<dim:field element="contributor" qualifier="author" language="" mdschema="dc">Kraus, Robert H. S.</dim:field>
<dim:field element="contributor" qualifier="author" language="" mdschema="dc">van Hooft, Pim</dim:field>
<dim:field element="contributor" qualifier="author" language="" mdschema="dc">Megens, Hendrik-Jan</dim:field>
<dim:field element="contributor" qualifier="author" language="" mdschema="dc">Tsvey, Arseny</dim:field>
<dim:field element="contributor" qualifier="author" language="" mdschema="dc">Fokin, Sergei Y.</dim:field>
<dim:field element="contributor" qualifier="author" language="" mdschema="dc">Ydenberg, Ronald C.</dim:field>
<dim:field element="contributor" qualifier="author" language="" mdschema="dc">Prins, Herbert H. T.</dim:field>
<dim:field element="date" qualifier="accessioned" language="" mdschema="dc">2012-10-11T18:44:17Z</dim:field>
<dim:field element="date" qualifier="available" mdschema="dc">2012-11-09T18:10:00Z</dim:field>
<dim:field element="date" qualifier="issued" language="" mdschema="dc">2012-10-11</dim:field>
<dim:field element="identifier" language="" mdschema="dc">doi:10.5061/dryad.1bq39/2</dim:field>
<dim:field element="identifier" language="" mdschema="dc">doi:10.5061/dryad.1bq39/2</dim:field>
<dim:field element="identifier" qualifier="uri" language="" mdschema="dc">http://hdl.handle.net/10255/dryad.42721</dim:field>
<dim:field element="description" language="" mdschema="dc">Plain text file holding genoytpes of all analysed mallards.</dim:field>
<dim:field element="relation" qualifier="ispartof" language="" mdschema="dc">doi:10.5061/dryad.1bq39</dim:field>
<dim:field element="rights" qualifier="uri" language="" mdschema="dc">http://creativecommons.org/publicdomain/zero/1.0/</dim:field>
<dim:field element="subject" confidence="NOVALUE" language="" mdschema="dc">Bioinfomatics/Phyloinfomatics</dim:field>
<dim:field element="subject" confidence="NOVALUE" language="" mdschema="dc">Birds</dim:field>
<dim:field element="subject" confidence="NOVALUE" language="" mdschema="dc">Phylogeography</dim:field>
<dim:field element="subject" confidence="NOVALUE" language="" mdschema="dc">Population Genetics - Empirical</dim:field>
<dim:field element="subject" confidence="NOVALUE" language="" mdschema="dc">Wildlife Management</dim:field>
<dim:field element="subject" confidence="NOVALUE" language="" mdschema="dc">Adaptation</dim:field>
<dim:field element="title" language="" mdschema="dc">Mallard SNP genotypes</dim:field>
<dim:field element="type" language="*" mdschema="dc">Dataset</dim:field>
<dim:field element="ScientificName" confidence="ACCEPTED" language="" mdschema="dwc">Anas platyrhynchos</dim:field>
<dim:field element="type" qualifier="embargo" language="" mdschema="dc">untilArticleAppears</dim:field>
<dim:field element="dryad" qualifier="pageviews">85</dim:field>
<dim:field element="dryad" qualifier="downloads">12</dim:field>
</dim:dim>
</mets:xmlData>
</mets:mdWrap>
</mets:dmdSec>
<mets:fileSec>
<mets:fileGrp USE="CONTENT">
<mets:file CHECKSUMTYPE="MD5" GROUPID="group_file_125548" ID="file_125548" MIMETYPE="application/octet-stream" SIZE="1113011" CHECKSUM="213c0fe00d9d134f5208223cdcd250af">
<mets:FLocat LOCTYPE="URL" xlink:title="mallards-SNP-genotypes" xlink:label="dataset-file" xlink:type="locator" xlink:href="/bitstream/handle/10255/dryad.42721/mallards-SNP-genotypes?sequence=1"/>
</mets:file>
</mets:fileGrp>
</mets:fileSec>
<mets:structMap LABEL="DSpace" TYPE="LOGICAL">
<mets:div DMDID="dmd_1" TYPE="DSpace Item">
<mets:div ID="div_2" TYPE="DSpace Content Bitstream">
<mets:fptr FILEID="file_125548"/>
</mets:div>
</mets:div>
</mets:structMap>
</mets:METS>
