<?xml version="1.0" encoding="UTF-8"?>
<mets:METS xmlns:mets="http://www.loc.gov/METS/" xmlns:xlink="http://www.w3.org/TR/xlink/" xmlns:xsi="http://www.w3.org/2001/XMLSchema-instance" xmlns:dim="http://www.dspace.org/xmlns/dspace/dim" OBJEDIT="/admin/item?itemID=60756" OBJID="/handle/10255/dryad.50447" PROFILE="DSPACE METS SIP Profile 1.0" LABEL="DSpace Item" ID="hdl:10255/dryad.50447">
<mets:dmdSec GROUPID="group_dmd_0" ID="dmd_1">
<mets:mdWrap MDTYPE="OTHER" OTHERMDTYPE="DIM">
<mets:xmlData>
<dim:dim dspaceType="ITEM">
<dim:field element="contributor" qualifier="author" mdschema="dc">Leblond, Mathieu</dim:field>
<dim:field element="contributor" qualifier="author" mdschema="dc">Dussault, Christian</dim:field>
<dim:field element="contributor" qualifier="author" mdschema="dc">Ouellet, Jean-Pierre</dim:field>
<dim:field element="coverage" qualifier="spatial" language="" mdschema="dc">Charlevoix</dim:field>
<dim:field element="coverage" qualifier="spatial" language="" mdschema="dc">Québec</dim:field>
<dim:field element="coverage" qualifier="spatial" language="" mdschema="dc">Canada</dim:field>
<dim:field element="identifier" mdschema="dc">doi:10.5061/dryad.1cc4v/1</dim:field>
<dim:field element="description" language="" mdschema="dc">Description of the home range data collected using VHF telemetry from 1999-2000, and GPS telemetry from 2004-2011, on 87 forest-dwelling caribou in the Charlevoix region of Québec, Canada. Each row corresponds to one annual home range (one individual-year). Included are data on individuals (ID, sex, age, type of collar); telemetry program (year, start- and end-dates of monitoring, and duration); status of individuals for the broad scale survival analysis (whether individuals died [1=died], and of which cause [1=predation, 2=natural, 4=undetermined]); information on reproductive success of females from 2004-2007 (whether females had a calf [1=calved], and whether he survived through its first year of life [1=survived]); information on space use (home range size and mean movement rate); and finally home range composition (active, derelict, and total road density, and percentage of each habitat class).</dim:field>
<dim:field element="relation" qualifier="ispartof" mdschema="dc">doi:10.5061/dryad.1cc4v</dim:field>
<dim:field element="rights" qualifier="uri" mdschema="dc">http://creativecommons.org/publicdomain/zero/1.0/</dim:field>
<dim:field element="subject" confidence="NOVALUE" language="" mdschema="dc">Population dynamics</dim:field>
<dim:field element="subject" confidence="NOVALUE" language="" mdschema="dc">Predator-prey relationships</dim:field>
<dim:field element="subject" confidence="NOVALUE" language="" mdschema="dc">Resource selection</dim:field>
<dim:field element="subject" confidence="NOVALUE" language="" mdschema="dc">Predation</dim:field>
<dim:field element="subject" confidence="NOVALUE" language="" mdschema="dc">Anthropogenic disturbance</dim:field>
<dim:field element="title" language="" mdschema="dc">Data on the annual home range of Charlevoix caribou</dim:field>
<dim:field element="type" language="*" mdschema="dc">Dataset</dim:field>
<dim:field element="ScientificName" confidence="NOVALUE" language="" mdschema="dwc">Rangifer tarandus caribou</dim:field>
<dim:field element="ScientificName" confidence="NOVALUE" language="" mdschema="dwc">Canis lupus</dim:field>
<dim:field element="ScientificName" confidence="NOVALUE" language="" mdschema="dwc">Ursus americanus</dim:field>
<dim:field element="type" qualifier="embargo" language="en" mdschema="dc">none</dim:field>
<dim:field element="dryad" qualifier="pageviews">15</dim:field>
<dim:field element="dryad" qualifier="downloads">3</dim:field>
</dim:dim>
</mets:xmlData>
</mets:mdWrap>
</mets:dmdSec>
<mets:fileSec>
<mets:fileGrp USE="CONTENT">
<mets:file CHECKSUMTYPE="MD5" GROUPID="group_file_133456" ID="file_133456" MIMETYPE="application/vnd.openxmlformats-officedocument.spreadsheetml.sheet" SIZE="60397" CHECKSUM="64cdd86e0735c7f64670fd689b721002">
<mets:FLocat LOCTYPE="URL" xlink:title="Table_Data.xlsx" xlink:label="dataset-file" xlink:type="locator" xlink:href="/bitstream/handle/10255/dryad.50447/Table_Data.xlsx?sequence=1"/>
</mets:file>
</mets:fileGrp>
</mets:fileSec>
<mets:structMap LABEL="DSpace" TYPE="LOGICAL">
<mets:div DMDID="dmd_1" TYPE="DSpace Item">
<mets:div ID="div_2" TYPE="DSpace Content Bitstream">
<mets:fptr FILEID="file_133456"/>
</mets:div>
</mets:div>
</mets:structMap>
</mets:METS>
