<?xml version="1.0" encoding="UTF-8"?>
<mets:METS xmlns:mets="http://www.loc.gov/METS/" xmlns:xlink="http://www.w3.org/TR/xlink/" xmlns:xsi="http://www.w3.org/2001/XMLSchema-instance" xmlns:dim="http://www.dspace.org/xmlns/dspace/dim" OBJEDIT="/admin/item?itemID=181" OBJID="/handle/10255/dryad.165" PROFILE="DSPACE METS SIP Profile 1.0" LABEL="DSpace Item" ID="hdl:10255/dryad.165">
<mets:dmdSec GROUPID="group_dmd_0" ID="dmd_1">
<mets:mdWrap MDTYPE="OTHER" OTHERMDTYPE="DIM">
<mets:xmlData>
<dim:dim dspaceType="ITEM">
<dim:field element="contributor" qualifier="author" language="" mdschema="dc">Spaeth, Paula A.</dim:field>
<dim:field element="coverage" qualifier="spatial" language="" mdschema="dc">North America</dim:field>
<dim:field element="date" qualifier="accessioned" language="" mdschema="dc">2008-07-29T21:13:19Z</dim:field>
<dim:field element="date" qualifier="available" language="" mdschema="dc">2008-07-29T21:13:19Z</dim:field>
<dim:field element="date" qualifier="issued" language="" mdschema="dc">2008-07-29T21:13:19Z</dim:field>
<dim:field element="identifier" mdschema="dc">doi:10.5061/dryad.164/1</dim:field>
<dim:field element="identifier" qualifier="uri" language="" mdschema="dc">http://hdl.handle.net/10255/dryad.165</dim:field>
<dim:field element="description" language="en_US" mdschema="dc">Appendix S2.</dim:field>
<dim:field element="relation" qualifier="ispartof" language="" mdschema="dc">doi:10.5061/dryad.164</dim:field>
<dim:field element="rights" qualifier="uri" language="" mdschema="dc">http://creativecommons.org/publicdomain/zero/1.0/</dim:field>
<dim:field element="subject" language="" mdschema="dc">voles</dim:field>
<dim:field element="subject" language="" mdschema="dc">intra-guild competition</dim:field>
<dim:field element="subject" language="" mdschema="dc">morphology</dim:field>
<dim:field element="subject" language="" mdschema="dc">convergence</dim:field>
<dim:field element="subject" language="" mdschema="dc">body size</dim:field>
<dim:field element="subject" language="" mdschema="dc">Greater Yellowstone Ecosystem</dim:field>
<dim:field element="subject" language="" mdschema="dc">rodents</dim:field>
<dim:field element="title" language="en_US" mdschema="dc">Specimen Records of all Animals used in the Morphometric Analyses</dim:field>
<dim:field element="type" language="en_US" mdschema="dc">Dataset</dim:field>
<dim:field element="ScientificName" language="" mdschema="dwc">Microtus Longicaudus</dim:field>
<dim:field element="ScientificName" language="" mdschema="dwc">Microtus Pennsylvanicus</dim:field>
<dim:field element="ScientificName" language="" mdschema="dwc">Microtus Montanus</dim:field>
<dim:field element="ScientificName" language="" mdschema="dwc">Microtus Richardsoni</dim:field>
<dim:field element="status" language="" mdschema="dryad">scanned</dim:field>
<dim:field element="dryad" qualifier="pageviews">171</dim:field>
<dim:field element="dryad" qualifier="downloads">51</dim:field>
</dim:dim>
</mets:xmlData>
</mets:mdWrap>
</mets:dmdSec>
<mets:fileSec>
<mets:fileGrp USE="CONTENT">
<mets:file CHECKSUMTYPE="MD5" GROUPID="group_file_335" ID="file_335" MIMETYPE="application/vnd.ms-excel" SIZE="88576" CHECKSUM="3663befb70c8609a6130ecb6d8fa13a6">
<mets:FLocat LOCTYPE="URL" xlink:title="JBiogeography_dryad_PAS.xls" xlink:type="locator" xlink:href="/bitstream/handle/10255/dryad.165/JBiogeography_dryad_PAS.xls?sequence=1"/>
</mets:file>
</mets:fileGrp>
</mets:fileSec>
<mets:structMap LABEL="DSpace" TYPE="LOGICAL">
<mets:div DMDID="dmd_1" TYPE="DSpace Item">
<mets:div ID="div_2" TYPE="DSpace Content Bitstream">
<mets:fptr FILEID="file_335"/>
</mets:div>
</mets:div>
</mets:structMap>
</mets:METS>
