<?xml version="1.0" encoding="UTF-8"?>
<mets:METS xmlns:mets="http://www.loc.gov/METS/" xmlns:xlink="http://www.w3.org/TR/xlink/" xmlns:xsi="http://www.w3.org/2001/XMLSchema-instance" xmlns:dim="http://www.dspace.org/xmlns/dspace/dim" OBJEDIT="/admin/item?itemID=44803" OBJID="/handle/10255/dryad.39862" PROFILE="DSPACE METS SIP Profile 1.0" LABEL="DSpace Item" ID="hdl:10255/dryad.39862">
<mets:dmdSec GROUPID="group_dmd_0" ID="dmd_1">
<mets:mdWrap MDTYPE="OTHER" OTHERMDTYPE="DIM">
<mets:xmlData>
<dim:dim dspaceType="ITEM">
<dim:field element="contributor" qualifier="author" language="" mdschema="dc">Andersson, Malte</dim:field>
<dim:field element="contributor" qualifier="author" language="" mdschema="dc">Åhlund, Matti</dim:field>
<dim:field element="coverage" qualifier="spatial" language="" mdschema="dc">Sweden</dim:field>
<dim:field element="date" qualifier="accessioned" mdschema="dc">2012-05-21T20:06:03Z</dim:field>
<dim:field element="date" qualifier="available" mdschema="dc">2013-04-25T14:03:15Z</dim:field>
<dim:field element="date" qualifier="issued" mdschema="dc">2012-05-21</dim:field>
<dim:field element="identifier" language="" mdschema="dc">doi:10.5061/dryad.104t1/3</dim:field>
<dim:field element="identifier" mdschema="dc">doi:10.5061/dryad.104t1/3</dim:field>
<dim:field element="identifier" qualifier="uri" mdschema="dc">http://hdl.handle.net/10255/dryad.39862</dim:field>
<dim:field element="description" language="" mdschema="dc">Average time (days) spent in the nest before incubation start, for the eggs of 13 females that laid eggs parasitically before laying in their own nest (laying parasites, see Fig. 5). For each female, “Observed time” is the average time her eggs spent in a nest before incubation start. “One-nest time” is the corresponding average time per egg, if the female had instead laid all her eggs in one nest, with the same timing between her successive eggs. These data were used for the regression analysis described in the paper (Fig. 5).</dim:field>
<dim:field element="relation" qualifier="ispartof" language="" mdschema="dc">doi:10.5061/dryad.104t1</dim:field>
<dim:field element="rights" qualifier="uri" language="" mdschema="dc">http://creativecommons.org/publicdomain/zero/1.0/</dim:field>
<dim:field element="subject" language="" mdschema="dc">Adaptation</dim:field>
<dim:field element="subject" language="" mdschema="dc">Behavior: antipredator</dim:field>
<dim:field element="subject" language="" mdschema="dc">Behavior: reproductive</dim:field>
<dim:field element="subject" language="" mdschema="dc">Life history: theory</dim:field>
<dim:field element="subject" language="" mdschema="dc">Mating systems</dim:field>
<dim:field element="subject" language="" mdschema="dc">Parental care</dim:field>
<dim:field element="subject" language="" mdschema="dc">Reproduction: strategies</dim:field>
<dim:field element="subject" language="" mdschema="dc">Bird</dim:field>
<dim:field element="subject" language="" mdschema="dc">Fish</dim:field>
<dim:field element="subject" language="" mdschema="dc">Insect</dim:field>
<dim:field element="subject" language="" mdschema="dc">Waterfowl</dim:field>
<dim:field element="subject" language="" mdschema="dc">Ratites</dim:field>
<dim:field element="subject" language="" mdschema="dc">Tinamous</dim:field>
<dim:field element="title" language="" mdschema="dc">Timing data, laying parasites</dim:field>
<dim:field element="type" language="*" mdschema="dc">Dataset</dim:field>
<dim:field element="ScientificName" language="" mdschema="dwc">Bucephala clangula</dim:field>
<dim:field element="ScientificName" language="" mdschema="dwc">Rhea americana</dim:field>
<dim:field element="ScientificName" language="" mdschema="dwc">Centropus grillii</dim:field>
<dim:field element="ScientificName" language="" mdschema="dwc">Tinamidae</dim:field>
<dim:field element="type" qualifier="embargo" language="" mdschema="dc">untilArticleAppears</dim:field>
<dim:field element="dryad" qualifier="pageviews">55</dim:field>
<dim:field element="dryad" qualifier="downloads">8</dim:field>
</dim:dim>
</mets:xmlData>
</mets:mdWrap>
</mets:dmdSec>
<mets:fileSec>
<mets:fileGrp USE="CONTENT">
<mets:file CHECKSUMTYPE="MD5" GROUPID="group_file_122545" ID="file_122545" MIMETYPE="application/vnd.openxmlformats-officedocument.wordprocessingml.document" SIZE="35533" CHECKSUM="f9a794a03dc72767c25ab14abbc3f82b">
<mets:FLocat LOCTYPE="URL" xlink:title="Timing data, laying parasites.docx" xlink:label="dataset-file" xlink:type="locator" xlink:href="/bitstream/handle/10255/dryad.39862/Timing%20data%2c%20laying%20parasites.docx?sequence=1"/>
</mets:file>
</mets:fileGrp>
</mets:fileSec>
<mets:structMap LABEL="DSpace" TYPE="LOGICAL">
<mets:div DMDID="dmd_1" TYPE="DSpace Item">
<mets:div ID="div_2" TYPE="DSpace Content Bitstream">
<mets:fptr FILEID="file_122545"/>
</mets:div>
</mets:div>
</mets:structMap>
</mets:METS>
