<?xml version="1.0" encoding="UTF-8"?>
<mets:METS xmlns:mets="http://www.loc.gov/METS/" xmlns:xlink="http://www.w3.org/TR/xlink/" xmlns:xsi="http://www.w3.org/2001/XMLSchema-instance" xmlns:dim="http://www.dspace.org/xmlns/dspace/dim" OBJEDIT="/admin/item?itemID=44933" OBJID="/handle/10255/dryad.39935" PROFILE="DSPACE METS SIP Profile 1.0" LABEL="DSpace Item" ID="hdl:10255/dryad.39935">
<mets:dmdSec GROUPID="group_dmd_0" ID="dmd_1">
<mets:mdWrap MDTYPE="OTHER" OTHERMDTYPE="DIM">
<mets:xmlData>
<dim:dim dspaceType="ITEM">
<dim:field element="contributor" qualifier="author" mdschema="dc">Nosil, Patrik</dim:field>
<dim:field element="contributor" qualifier="author" mdschema="dc">Gompert, Zachariah</dim:field>
<dim:field element="contributor" qualifier="author" mdschema="dc">Comeault, Aaron</dim:field>
<dim:field element="contributor" qualifier="author" mdschema="dc">Farkas, Timothy E</dim:field>
<dim:field element="contributor" qualifier="author" mdschema="dc">Feder, Jeffrey L.</dim:field>
<dim:field element="contributor" qualifier="author" mdschema="dc">Buerkle, C. Alex</dim:field>
<dim:field element="contributor" qualifier="author" mdschema="dc">Parchman, Thomas L.</dim:field>
<dim:field element="identifier" mdschema="dc">doi:10.5061/dryad.0rn44/1</dim:field>
<dim:field element="description" language="" mdschema="dc">This file gives counts of the number of reads representing each of two SNP categories in each individual stick insect across 86,130 loci. The file is organized by locus.</dim:field>
<dim:field element="relation" qualifier="ispartof" mdschema="dc">doi:10.5061/dryad.0rn44</dim:field>
<dim:field element="rights" qualifier="uri" mdschema="dc">http://creativecommons.org/publicdomain/zero/1.0/</dim:field>
<dim:field element="title" language="" mdschema="dc">timema_snpcnt</dim:field>
<dim:field element="type" language="*" mdschema="dc">Dataset</dim:field>
<dim:field element="type" qualifier="embargo" language="" mdschema="dc">untilArticleAppears</dim:field>
<dim:field element="dryad" qualifier="pageviews">0</dim:field>
<dim:field element="dryad" qualifier="downloads">0</dim:field>
</dim:dim>
</mets:xmlData>
</mets:mdWrap>
</mets:dmdSec>
<mets:fileSec/>
<mets:structMap LABEL="DSpace" TYPE="LOGICAL">
<mets:div DMDID="dmd_1" TYPE="DSpace Item"/>
</mets:structMap>
</mets:METS>
