<?xml version="1.0" encoding="UTF-8"?>
<mets:METS xmlns:mets="http://www.loc.gov/METS/" xmlns:xlink="http://www.w3.org/TR/xlink/" xmlns:xsi="http://www.w3.org/2001/XMLSchema-instance" xmlns:dim="http://www.dspace.org/xmlns/dspace/dim" OBJEDIT="/admin/item?itemID=1442" OBJID="/handle/10255/dryad.1264" PROFILE="DSPACE METS SIP Profile 1.0" LABEL="DSpace Item" ID="hdl:10255/dryad.1264">
<mets:dmdSec GROUPID="group_dmd_0" ID="dmd_1">
<mets:mdWrap MDTYPE="OTHER" OTHERMDTYPE="DIM">
<mets:xmlData>
<dim:dim dspaceType="ITEM">
<dim:field element="contributor" qualifier="author" language="en" mdschema="dc">Jaffe, Rodolfo</dim:field>
<dim:field element="contributor" qualifier="author" language="en" mdschema="dc">Dietemann, Vincent</dim:field>
<dim:field element="contributor" qualifier="author" language="en" mdschema="dc">Crewe, Robin</dim:field>
<dim:field element="contributor" qualifier="author" language="en" mdschema="dc">Moritz, Robin</dim:field>
<dim:field element="coverage" qualifier="spatial" language="en" mdschema="dc">Ezemvelo Nature Reserve</dim:field>
<dim:field element="coverage" qualifier="spatial" language="en" mdschema="dc">South Africa</dim:field>
<dim:field element="date" qualifier="accessioned" mdschema="dc">2010-02-26T02:10:30Z</dim:field>
<dim:field element="date" qualifier="available" mdschema="dc">2010-02-26T02:10:30Z</dim:field>
<dim:field element="date" qualifier="issued" mdschema="dc">2010-02-26T02:10:30Z</dim:field>
<dim:field element="identifier" mdschema="dc">doi:10.5061/dryad.1261/3</dim:field>
<dim:field element="identifier" qualifier="uri" mdschema="dc">http://hdl.handle.net/10255/dryad.1264</dim:field>
<dim:field element="description" language="en" mdschema="dc">Arlequin input file containing the multilocus genotype of 510 Apis mellifera scutellata drones collected at a single DCA over a period of 3 years. The 12 loci employed for genotyping are shown in the first line. The collection date of each sample is given as Ma, No, Ap, Se and De, referring to March 2004, November 2004, April 2007, September 2007 and December 2007, respectively.</dim:field>
<dim:field element="relation" qualifier="ispartof" language="en" mdschema="dc">doi:10.5061/dryad.1261</dim:field>
<dim:field element="rights" qualifier="uri" language="en" mdschema="dc">http://creativecommons.org/publicdomain/zero/1.0/</dim:field>
<dim:field element="subject" language="en" mdschema="dc">Animal Mating/Breeding Systems</dim:field>
<dim:field element="subject" language="en" mdschema="dc">Behavior/Social Evolution</dim:field>
<dim:field element="subject" language="en" mdschema="dc">Inbreeding</dim:field>
<dim:field element="subject" language="en" mdschema="dc">Insects</dim:field>
<dim:field element="subject" language="en" mdschema="dc">Life History Evolution</dim:field>
<dim:field element="subject" language="en" mdschema="dc">Population Genetics - Empirical</dim:field>
<dim:field element="title" language="en" mdschema="dc">Table S2</dim:field>
<dim:field element="type" language="en" mdschema="dc">Dataset</dim:field>
<dim:field element="ScientificName" language="en" mdschema="dwc">Apis mellifera scutellata</dim:field>
<dim:field element="status" language="" mdschema="dryad">scanned</dim:field>
<dim:field element="dryad" qualifier="pageviews">153</dim:field>
<dim:field element="dryad" qualifier="downloads">57</dim:field>
</dim:dim>
</mets:xmlData>
</mets:mdWrap>
</mets:dmdSec>
<mets:fileSec>
<mets:fileGrp USE="CONTENT">
<mets:file CHECKSUMTYPE="MD5" GROUPID="group_file_1011" ID="file_1011" MIMETYPE="application/octet-stream" SIZE="37853" CHECKSUM="0442a5d9ce7724e7eb3fb4e1c994702a">
<mets:FLocat LOCTYPE="URL" xlink:title="Table S2.arp" xlink:type="locator" xlink:href="/bitstream/handle/10255/dryad.1264/Table%20S2.arp?sequence=1"/>
</mets:file>
</mets:fileGrp>
</mets:fileSec>
<mets:structMap LABEL="DSpace" TYPE="LOGICAL">
<mets:div DMDID="dmd_1" TYPE="DSpace Item">
<mets:div ID="div_2" TYPE="DSpace Content Bitstream">
<mets:fptr FILEID="file_1011"/>
</mets:div>
</mets:div>
</mets:structMap>
</mets:METS>
