<?xml version="1.0" encoding="UTF-8"?>
<mets:METS xmlns:mets="http://www.loc.gov/METS/" xmlns:xlink="http://www.w3.org/TR/xlink/" xmlns:xsi="http://www.w3.org/2001/XMLSchema-instance" xmlns:dim="http://www.dspace.org/xmlns/dspace/dim" OBJEDIT="/admin/item?itemID=1620" OBJID="/handle/10255/dryad.1418" PROFILE="DSPACE METS SIP Profile 1.0" LABEL="DSpace Item" ID="hdl:10255/dryad.1418">
<mets:dmdSec GROUPID="group_dmd_0" ID="dmd_1">
<mets:mdWrap MDTYPE="OTHER" OTHERMDTYPE="DIM">
<mets:xmlData>
<dim:dim dspaceType="ITEM">
<dim:field element="contributor" qualifier="author" language="en" mdschema="dc">Brommer, Jon</dim:field>
<dim:field element="contributor" qualifier="author" language="en" mdschema="dc">Alho, Jussi S</dim:field>
<dim:field element="contributor" qualifier="author" language="en" mdschema="dc">Biard, Clotilde</dim:field>
<dim:field element="contributor" qualifier="author" language="en" mdschema="dc">Chapman, Joanne R</dim:field>
<dim:field element="contributor" qualifier="author" language="en" mdschema="dc">Charmantier, Anne</dim:field>
<dim:field element="contributor" qualifier="author" language="en" mdschema="dc">Dreiss, Amelie</dim:field>
<dim:field element="contributor" qualifier="author" language="en" mdschema="dc">Hartley, Ian R</dim:field>
<dim:field element="contributor" qualifier="author" language="en" mdschema="dc">Hjernquist, Mårten B</dim:field>
<dim:field element="contributor" qualifier="author" language="en" mdschema="dc">Kempenaers, Bart</dim:field>
<dim:field element="contributor" qualifier="author" language="en" mdschema="dc">Komdeur, Jan</dim:field>
<dim:field element="contributor" qualifier="author" language="en" mdschema="dc">Laaksonen, Toni</dim:field>
<dim:field element="contributor" qualifier="author" language="en" mdschema="dc">Lehtonen, Paula K</dim:field>
<dim:field element="contributor" qualifier="author" language="en" mdschema="dc">Lubjuhn, Thomas</dim:field>
<dim:field element="contributor" qualifier="author" language="en" mdschema="dc">Patrick, Samantha C</dim:field>
<dim:field element="contributor" qualifier="author" language="en" mdschema="dc">Rosivall, Balazs</dim:field>
<dim:field element="contributor" qualifier="author" language="en" mdschema="dc">van Oers, Kees</dim:field>
<dim:field element="contributor" qualifier="author" language="en" mdschema="dc">van der Velde, Marco</dim:field>
<dim:field element="contributor" qualifier="author" language="en" mdschema="dc">Tinbergen, Joost M</dim:field>
<dim:field element="contributor" qualifier="author" language="en" mdschema="dc">Wilk, Tomasz</dim:field>
<dim:field element="contributor" qualifier="author" language="en" mdschema="dc">Winkel, Wolfgang</dim:field>
<dim:field element="coverage" qualifier="spatial" language="en" mdschema="dc">Belgium</dim:field>
<dim:field element="coverage" qualifier="spatial" language="en" mdschema="dc">France</dim:field>
<dim:field element="coverage" qualifier="spatial" language="en" mdschema="dc">United Kingdom</dim:field>
<dim:field element="coverage" qualifier="spatial" language="en" mdschema="dc">Netherlands</dim:field>
<dim:field element="coverage" qualifier="spatial" language="en" mdschema="dc">Germany</dim:field>
<dim:field element="coverage" qualifier="spatial" language="en" mdschema="dc">Hungary</dim:field>
<dim:field element="coverage" qualifier="spatial" language="en" mdschema="dc">Poland</dim:field>
<dim:field element="coverage" qualifier="spatial" language="en" mdschema="dc">Sweden</dim:field>
<dim:field element="coverage" qualifier="spatial" language="en" mdschema="dc">Finland</dim:field>
<dim:field element="coverage" qualifier="temporal" language="en" mdschema="dc">Holocene</dim:field>
<dim:field element="date" qualifier="accessioned" language="" mdschema="dc">2010-04-01T10:25:13Z</dim:field>
<dim:field element="date" qualifier="available" language="" mdschema="dc">2010-04-01T10:25:13Z</dim:field>
<dim:field element="date" qualifier="issued" language="" mdschema="dc">2010-04-01T10:25:13Z</dim:field>
<dim:field element="identifier" mdschema="dc">doi:10.5061/dryad.1416/2</dim:field>
<dim:field element="identifier" qualifier="uri" language="" mdschema="dc">http://hdl.handle.net/10255/dryad.1418</dim:field>
<dim:field element="relation" qualifier="ispartof" language="en" mdschema="dc">doi:10.5061/dryad.1416</dim:field>
<dim:field element="rights" qualifier="uri" language="en" mdschema="dc">http://creativecommons.org/publicdomain/zero/1.0/</dim:field>
<dim:field element="subject" language="en" mdschema="dc">Behavior: reproductive</dim:field>
<dim:field element="subject" language="en" mdschema="dc">Ecology: behavioral</dim:field>
<dim:field element="subject" language="en" mdschema="dc">Modeling: ecological</dim:field>
<dim:field element="subject" language="en" mdschema="dc">Bird</dim:field>
<dim:field element="title" language="en" mdschema="dc">RawDataFile.txt</dim:field>
<dim:field element="type" language="en" mdschema="dc">Dataset</dim:field>
<dim:field element="ScientificName" language="en" mdschema="dwc">Cyanistes caeruleus</dim:field>
<dim:field element="ScientificName" language="en" mdschema="dwc">Parus major</dim:field>
<dim:field element="ScientificName" language="en" mdschema="dwc">Ficedula albicollis</dim:field>
<dim:field element="ScientificName" language="en" mdschema="dwc">Ficedula hypoleuca</dim:field>
<dim:field element="status" language="" mdschema="dryad">scanned</dim:field>
<dim:field element="dryad" qualifier="pageviews">201</dim:field>
<dim:field element="dryad" qualifier="downloads">113</dim:field>
</dim:dim>
</mets:xmlData>
</mets:mdWrap>
</mets:dmdSec>
<mets:fileSec>
<mets:fileGrp USE="CONTENT">
<mets:file CHECKSUMTYPE="MD5" GROUPID="group_file_1083" ID="file_1083" MIMETYPE="text/plain" SIZE="14071" CHECKSUM="79ed6f67ed8abc6c134b77812443f19c">
<mets:FLocat LOCTYPE="URL" xlink:title="RawDataFile.txt" xlink:type="locator" xlink:href="/bitstream/handle/10255/dryad.1418/RawDataFile.txt?sequence=1"/>
</mets:file>
<mets:file CHECKSUMTYPE="MD5" GROUPID="group_file_1084" ID="file_1084" MIMETYPE="text/plain" SIZE="2102" CHECKSUM="0e2cdec159f7b922525ba587d09b2006">
<mets:FLocat LOCTYPE="URL" xlink:title="README.txt" xlink:type="locator" xlink:href="/bitstream/handle/10255/dryad.1418/README.txt?sequence=2"/>
</mets:file>
</mets:fileGrp>
<mets:fileGrp USE="TEXT">
<mets:file CHECKSUMTYPE="MD5" GROUPID="group_file_1083" ID="file_1443" MIMETYPE="text/plain" SIZE="12265" CHECKSUM="b6b8a0742faac96eaa2f687b8cec4985">
<mets:FLocat LOCTYPE="URL" xlink:title="RawDataFile.txt.txt" xlink:label="Extracted text" xlink:type="locator" xlink:href="/bitstream/handle/10255/dryad.1418/RawDataFile.txt.txt?sequence=3"/>
</mets:file>
<mets:file CHECKSUMTYPE="MD5" GROUPID="group_file_1084" ID="file_1444" MIMETYPE="text/plain" SIZE="2033" CHECKSUM="4e0f7743c3f513efd020db5fe34ba174">
<mets:FLocat LOCTYPE="URL" xlink:title="README.txt.txt" xlink:label="Extracted text" xlink:type="locator" xlink:href="/bitstream/handle/10255/dryad.1418/README.txt.txt?sequence=4"/>
</mets:file>
</mets:fileGrp>
</mets:fileSec>
<mets:structMap LABEL="DSpace" TYPE="LOGICAL">
<mets:div DMDID="dmd_1" TYPE="DSpace Item">
<mets:div ID="div_2" TYPE="DSpace Content Bitstream">
<mets:fptr FILEID="file_1083"/>
</mets:div>
<mets:div ID="div_3" TYPE="DSpace Content Bitstream">
<mets:fptr FILEID="file_1084"/>
</mets:div>
</mets:div>
</mets:structMap>
</mets:METS>
