<?xml version="1.0" encoding="UTF-8"?>
<mets:METS xmlns:mets="http://www.loc.gov/METS/" xmlns:xlink="http://www.w3.org/TR/xlink/" xmlns:xsi="http://www.w3.org/2001/XMLSchema-instance" xmlns:dim="http://www.dspace.org/xmlns/dspace/dim" OBJEDIT="/admin/item?itemID=35853" OBJID="/handle/10255/dryad.34063" PROFILE="DSPACE METS SIP Profile 1.0" LABEL="DSpace Item" ID="hdl:10255/dryad.34063">
<mets:dmdSec GROUPID="group_dmd_0" ID="dmd_1">
<mets:mdWrap MDTYPE="OTHER" OTHERMDTYPE="DIM">
<mets:xmlData>
<dim:dim withdrawn="y" dspaceType="ITEM">
<dim:field element="contributor" qualifier="author" language="" mdschema="dc">Mayrose, Itay</dim:field>
<dim:field element="contributor" qualifier="author" language="" mdschema="dc">Zhan, Shing H.</dim:field>
<dim:field element="contributor" qualifier="author" language="" mdschema="dc">Rothfels, Carl J.</dim:field>
<dim:field element="contributor" qualifier="author" language="" mdschema="dc">Magnuson-Ford, Karen</dim:field>
<dim:field element="contributor" qualifier="author" language="" mdschema="dc">Barker, Michael S.</dim:field>
<dim:field element="contributor" qualifier="author" language="" mdschema="dc">Rieseberg, Loren H.</dim:field>
<dim:field element="contributor" qualifier="author" language="" mdschema="dc">Otto, Sarah P.</dim:field>
<dim:field element="date" qualifier="accessioned" language="" mdschema="dc">2011-06-13T18:34:38Z</dim:field>
<dim:field element="date" qualifier="available" mdschema="dc">2011-08-19T19:36:37Z</dim:field>
<dim:field element="date" qualifier="issued" language="" mdschema="dc">2011-06-13</dim:field>
<dim:field element="identifier" mdschema="dc">doi:10.5061/dryad.084hg/2</dim:field>
<dim:field element="identifier" qualifier="uri" language="" mdschema="dc">http://hdl.handle.net/10255/dryad.34063</dim:field>
<dim:field element="relation" qualifier="ispartof" language="" mdschema="dc">doi:10.5061/dryad.084hg</dim:field>
<dim:field element="rights" qualifier="uri" language="" mdschema="dc">http://creativecommons.org/publicdomain/zero/1.0/</dim:field>
<dim:field element="subject" language="en" mdschema="dc">polyploidy</dim:field>
<dim:field element="subject" language="en" mdschema="dc">speciation</dim:field>
<dim:field element="subject" language="en" mdschema="dc">diversification</dim:field>
<dim:field element="subject" language="en" mdschema="dc">extinction</dim:field>
<dim:field element="subject" language="" mdschema="dc">ferns</dim:field>
<dim:field element="subject" language="" mdschema="dc">angiosperms</dim:field>
<dim:field element="subject" language="" mdschema="dc">plants</dim:field>
<dim:field element="title" language="en" mdschema="dc">polyploid_phylogenies</dim:field>
<dim:field element="type" language="*" mdschema="dc">Dataset</dim:field>
<dim:field element="ScientificName" language="" mdschema="dwc">Polypodiopsida</dim:field>
<dim:field element="ScientificName" language="" mdschema="dwc">Angiospermae</dim:field>
<dim:field element="ScientificName" language="" mdschema="dwc">Plantae</dim:field>
<dim:field element="type" qualifier="embargo" language="en" mdschema="dc">untilArticleAppears</dim:field>
<dim:field element="dryad" qualifier="pageviews">17</dim:field>
<dim:field element="dryad" qualifier="downloads">0</dim:field>
</dim:dim>
</mets:xmlData>
</mets:mdWrap>
</mets:dmdSec>
<mets:fileSec>
<mets:fileGrp USE="CONTENT">
<mets:file CHECKSUMTYPE="MD5" GROUPID="group_file_114844" ID="file_114844" MIMETYPE="application/zip" SIZE="4410202" CHECKSUM="b6ce245cb46444f3812bd3cf66483744">
<mets:FLocat LOCTYPE="URL" xlink:title="polyploid_phylogenies.zip" xlink:label="dataset-file" xlink:type="locator" xlink:href="/bitstream/handle/10255/dryad.34063/polyploid_phylogenies.zip?sequence=1"/>
</mets:file>
<mets:file CHECKSUMTYPE="MD5" GROUPID="group_file_114845" ID="file_114845" MIMETYPE="text/plain" SIZE="726" CHECKSUM="6f7cd33e7939315bf17a2614250912b3">
<mets:FLocat LOCTYPE="URL" xlink:title="README.txt" xlink:label="dc_readme" xlink:type="locator" xlink:href="/bitstream/handle/10255/dryad.34063/README.txt?sequence=2"/>
</mets:file>
</mets:fileGrp>
<mets:fileGrp USE="TEXT">
<mets:file CHECKSUMTYPE="MD5" GROUPID="group_file_114845" ID="file_114864" MIMETYPE="text/plain" SIZE="635" CHECKSUM="0bcdae47dbcc03101bd8653e29e1fc8a">
<mets:FLocat LOCTYPE="URL" xlink:title="README.txt.txt" xlink:label="Extracted text" xlink:type="locator" xlink:href="/bitstream/handle/10255/dryad.34063/README.txt.txt?sequence=3"/>
</mets:file>
</mets:fileGrp>
</mets:fileSec>
<mets:structMap LABEL="DSpace" TYPE="LOGICAL">
<mets:div DMDID="dmd_1" TYPE="DSpace Item">
<mets:div ID="div_2" TYPE="DSpace Content Bitstream">
<mets:fptr FILEID="file_114844"/>
</mets:div>
<mets:div ID="div_3" TYPE="DSpace Content Bitstream">
<mets:fptr FILEID="file_114845"/>
</mets:div>
</mets:div>
</mets:structMap>
</mets:METS>
