<?xml version="1.0" encoding="UTF-8"?>
<mets:METS xmlns:mets="http://www.loc.gov/METS/" xmlns:xlink="http://www.w3.org/TR/xlink/" xmlns:xsi="http://www.w3.org/2001/XMLSchema-instance" xmlns:dim="http://www.dspace.org/xmlns/dspace/dim" OBJEDIT="/admin/item?itemID=206" OBJID="/handle/10255/dryad.186" PROFILE="DSPACE METS SIP Profile 1.0" LABEL="DSpace Item" ID="hdl:10255/dryad.186">
<mets:dmdSec GROUPID="group_dmd_0" ID="dmd_1">
<mets:mdWrap MDTYPE="OTHER" OTHERMDTYPE="DIM">
<mets:xmlData>
<dim:dim dspaceType="ITEM">
<dim:field element="contributor" qualifier="author" language="" mdschema="dc">Newton, Alicia</dim:field>
<dim:field element="contributor" qualifier="author" language="" mdschema="dc">Pistiner, Janna</dim:field>
<dim:field element="coverage" qualifier="spatial" language="" mdschema="dc">Santa Cruz, Off road between Puerta Ayora and Bellavista&#13;
Lat: S 00° 44.87’&#13;
Long: W 90° 18.87’</dim:field>
<dim:field element="coverage" qualifier="temporal" language="" mdschema="dc">Date:	8/11/1999&#13;
Time:	12:50 PM</dim:field>
<dim:field element="date" qualifier="accessioned" language="" mdschema="dc">2008-09-26T15:19:53Z</dim:field>
<dim:field element="date" qualifier="available" language="" mdschema="dc">2008-09-26T15:19:53Z</dim:field>
<dim:field element="date" qualifier="issued" language="" mdschema="dc">1999-08</dim:field>
<dim:field element="identifier" mdschema="dc">doi:10.5061/dryad.159/15</dim:field>
<dim:field element="identifier" qualifier="uri" language="" mdschema="dc">http://hdl.handle.net/10255/dryad.186</dim:field>
<dim:field element="description" language="en_US" mdschema="dc">Elev:	153 ‘ = 47 m&#13;
Location: 	Baltra Rd 2.5 km past Puerto Ayora&#13;
Zone:	Transition&#13;
Date:	8/11/1999&#13;
Time:	12:50 PM&#13;
Lat:	S 00° 44.87’&#13;
Long:	W 90° 18.87’</dim:field>
<dim:field element="relation" qualifier="ispartof" language="" mdschema="dc">http://hdl.handle.net/10255/dryad.159</dim:field>
<dim:field element="rights" qualifier="uri" language="" mdschema="dc">http://datadryad.org/bitstream/handle/10255/dryad.186/license.txt?sequence=2</dim:field>
<dim:field element="subject" language="en_US" mdschema="dc">lava tube</dim:field>
<dim:field element="subject" language="en_US" mdschema="dc">geological feature</dim:field>
<dim:field element="title" language="en_US" mdschema="dc">Panorama of Lava-tube Cave</dim:field>
<dim:field element="type" language="en_US" mdschema="dc">Image</dim:field>
<dim:field element="dryad" qualifier="pageviews">223</dim:field>
<dim:field element="dryad" qualifier="downloads">109</dim:field>
</dim:dim>
</mets:xmlData>
</mets:mdWrap>
</mets:dmdSec>
<mets:fileSec>
<mets:fileGrp USE="CONTENT">
<mets:file CHECKSUMTYPE="MD5" GROUPID="group_file_377" ID="file_377" MIMETYPE="video/quicktime" SIZE="1194863" CHECKSUM="38f6f5a364c0ca5375d3e155e8fc412b">
<mets:FLocat LOCTYPE="URL" xlink:title="CroCrckr.mov" xlink:type="locator" xlink:href="/bitstream/handle/10255/dryad.186/CroCrckr.mov?sequence=1"/>
</mets:file>
</mets:fileGrp>
<mets:fileGrp USE="LICENSE">
<mets:file CHECKSUMTYPE="MD5" GROUPID="group_file_378" ID="file_378" MIMETYPE="text/plain" SIZE="784" CHECKSUM="e9c66c18967067fc619fd3a7226aec90">
<mets:FLocat LOCTYPE="URL" xlink:title="license.txt" xlink:type="locator" xlink:href="/bitstream/handle/10255/dryad.186/license.txt?sequence=2"/>
</mets:file>
</mets:fileGrp>
</mets:fileSec>
<mets:structMap LABEL="DSpace" TYPE="LOGICAL">
<mets:div DMDID="dmd_1" TYPE="DSpace Item">
<mets:div ID="div_2" TYPE="DSpace Content Bitstream">
<mets:fptr FILEID="file_377"/>
</mets:div>
</mets:div>
</mets:structMap>
</mets:METS>
