<?xml version="1.0" encoding="UTF-8"?>
<mets:METS xmlns:mets="http://www.loc.gov/METS/" xmlns:xlink="http://www.w3.org/TR/xlink/" xmlns:xsi="http://www.w3.org/2001/XMLSchema-instance" xmlns:dim="http://www.dspace.org/xmlns/dspace/dim" OBJEDIT="/admin/item?itemID=41688" OBJID="/handle/10255/dryad.37831" PROFILE="DSPACE METS SIP Profile 1.0" LABEL="DSpace Item" ID="hdl:10255/dryad.37831">
<mets:dmdSec GROUPID="group_dmd_0" ID="dmd_1">
<mets:mdWrap MDTYPE="OTHER" OTHERMDTYPE="DIM">
<mets:xmlData>
<dim:dim dspaceType="ITEM">
<dim:field element="contributor" qualifier="author" language="" mdschema="dc">Arce, Andres N.</dim:field>
<dim:field element="contributor" qualifier="author" language="" mdschema="dc">Johnston, Paul R.</dim:field>
<dim:field element="contributor" qualifier="author" language="" mdschema="dc">Smiseth, Per T.</dim:field>
<dim:field element="contributor" qualifier="author" language="" mdschema="dc">Rozen, Daniel E.</dim:field>
<dim:field element="date" qualifier="accessioned" language="" mdschema="dc">2012-02-10T17:46:21Z</dim:field>
<dim:field element="date" qualifier="available" mdschema="dc">2012-04-11T15:54:32Z</dim:field>
<dim:field element="date" qualifier="issued" language="" mdschema="dc">2012-02-10</dim:field>
<dim:field element="identifier" language="" mdschema="dc">doi:10.5061/dryad.11t6b14t/1</dim:field>
<dim:field element="identifier" qualifier="uri" language="" mdschema="dc">http://hdl.handle.net/10255/dryad.37831</dim:field>
<dim:field element="relation" qualifier="ispartof" language="" mdschema="dc">doi:10.5061/dryad.11t6b14t</dim:field>
<dim:field element="rights" qualifier="uri" language="" mdschema="dc">http://creativecommons.org/publicdomain/zero/1.0/</dim:field>
<dim:field element="subject" language="" mdschema="dc">Adaptation</dim:field>
<dim:field element="subject" language="" mdschema="dc">Insects</dim:field>
<dim:field element="subject" language="" mdschema="dc">Microbes</dim:field>
<dim:field element="subject" language="" mdschema="dc">Natural selection</dim:field>
<dim:field element="title" language="" mdschema="dc">Arce et al data</dim:field>
<dim:field element="type" language="*" mdschema="dc">Dataset</dim:field>
<dim:field element="type" qualifier="embargo" language="" mdschema="dc">untilArticleAppears</dim:field>
<dim:field element="dryad" qualifier="pageviews">90</dim:field>
<dim:field element="dryad" qualifier="downloads">26</dim:field>
</dim:dim>
</mets:xmlData>
</mets:mdWrap>
</mets:dmdSec>
<mets:fileSec>
<mets:fileGrp USE="CONTENT">
<mets:file CHECKSUMTYPE="MD5" GROUPID="group_file_120116" ID="file_120116" MIMETYPE="application/vnd.openxmlformats-officedocument.spreadsheetml.sheet" SIZE="56799" CHECKSUM="5db302ab0cbe898694055030b1fbf365">
<mets:FLocat LOCTYPE="URL" xlink:title="Arce et al data.xlsx" xlink:label="dataset-file" xlink:type="locator" xlink:href="/bitstream/handle/10255/dryad.37831/Arce%20et%20al%20data.xlsx?sequence=1"/>
</mets:file>
</mets:fileGrp>
</mets:fileSec>
<mets:structMap LABEL="DSpace" TYPE="LOGICAL">
<mets:div DMDID="dmd_1" TYPE="DSpace Item">
<mets:div ID="div_2" TYPE="DSpace Content Bitstream">
<mets:fptr FILEID="file_120116"/>
</mets:div>
</mets:div>
</mets:structMap>
</mets:METS>
