<?xml version="1.0" encoding="UTF-8"?>
<mets:METS xmlns:mets="http://www.loc.gov/METS/" xmlns:xlink="http://www.w3.org/TR/xlink/" xmlns:xsi="http://www.w3.org/2001/XMLSchema-instance" xmlns:dim="http://www.dspace.org/xmlns/dspace/dim" OBJEDIT="/admin/item?itemID=200" OBJID="/handle/10255/dryad.182" PROFILE="DSPACE METS SIP Profile 1.0" LABEL="DSpace Item" ID="hdl:10255/dryad.182">
<mets:dmdSec GROUPID="group_dmd_0" ID="dmd_1">
<mets:mdWrap MDTYPE="OTHER" OTHERMDTYPE="DIM">
<mets:xmlData>
<dim:dim dspaceType="ITEM">
<dim:field element="contributor" qualifier="author" language="" mdschema="dc">Newton, Alicia</dim:field>
<dim:field element="contributor" qualifier="author" language="" mdschema="dc">Pistiner, Janna</dim:field>
<dim:field element="coverage" qualifier="spatial" language="" mdschema="dc">Santa Cruz, Near CDRS water tank&#13;
Lat:	S 00° 44.256’&#13;
Long:	W 90° 18.126’</dim:field>
<dim:field element="coverage" qualifier="temporal" language="" mdschema="dc">Date:	8/5/1999&#13;
Time:	10:45 AM</dim:field>
<dim:field element="date" qualifier="accessioned" language="" mdschema="dc">2008-09-23T16:59:20Z</dim:field>
<dim:field element="date" qualifier="available" language="" mdschema="dc">2008-09-23T16:59:20Z</dim:field>
<dim:field element="date" qualifier="issued" language="" mdschema="dc">1999-08</dim:field>
<dim:field element="identifier" mdschema="dc">doi:10.5061/dryad.159/7</dim:field>
<dim:field element="identifier" qualifier="uri" language="" mdschema="dc">http://hdl.handle.net/10255/dryad.182</dim:field>
<dim:field element="description" language="en_US" mdschema="dc">CDRS is visible in the first frame between the candelabra cactus (Jasminocereus thouarsii) and arborescent prickly pear (Opuntia echios?); Puerto Ayora is just to the right of the prickly pear. Zoom in to see these landmarks.&#13;
&#13;
Elev:	30 m&#13;
Zone:	Arid&#13;
Date:	8/5/1999&#13;
Time:	10:45 AM&#13;
Lat:	S 00° 44.256’&#13;
Long:	W 90° 18.126’</dim:field>
<dim:field element="relation" qualifier="ispartof" language="" mdschema="dc">http://hdl.handle.net/10255/dryad.159</dim:field>
<dim:field element="rights" qualifier="uri" language="" mdschema="dc">http://datadryad.org/bitstream/handle/10255/dryad.182/license.txt?sequence=2</dim:field>
<dim:field element="subject" language="en_US" mdschema="dc">Arid Zone</dim:field>
<dim:field element="subject" language="en_US" mdschema="dc">Habitat</dim:field>
<dim:field element="title" language="en_US" mdschema="dc">Panorama of Arid Zone near CDRS Water Tower</dim:field>
<dim:field element="type" language="en_US" mdschema="dc">Image</dim:field>
<dim:field element="ScientificName" language="" mdschema="dwc">Opuntia Echios</dim:field>
<dim:field element="ScientificName" language="" mdschema="dwc">Jasminocereus Thouarsii</dim:field>
<dim:field element="dryad" qualifier="pageviews">180</dim:field>
<dim:field element="dryad" qualifier="downloads">114</dim:field>
</dim:dim>
</mets:xmlData>
</mets:mdWrap>
</mets:dmdSec>
<mets:fileSec>
<mets:fileGrp USE="CONTENT">
<mets:file CHECKSUMTYPE="MD5" GROUPID="group_file_369" ID="file_369" MIMETYPE="video/quicktime" SIZE="1021443" CHECKSUM="9d3356695b4550456ab3daf5762d8777">
<mets:FLocat LOCTYPE="URL" xlink:title="WtrTwr.mov" xlink:type="locator" xlink:href="/bitstream/handle/10255/dryad.182/WtrTwr.mov?sequence=1"/>
</mets:file>
</mets:fileGrp>
<mets:fileGrp USE="LICENSE">
<mets:file CHECKSUMTYPE="MD5" GROUPID="group_file_370" ID="file_370" MIMETYPE="text/plain" SIZE="784" CHECKSUM="08083e92851a04fa54e4e7d8ef2e841c">
<mets:FLocat LOCTYPE="URL" xlink:title="license.txt" xlink:type="locator" xlink:href="/bitstream/handle/10255/dryad.182/license.txt?sequence=2"/>
</mets:file>
</mets:fileGrp>
</mets:fileSec>
<mets:structMap LABEL="DSpace" TYPE="LOGICAL">
<mets:div DMDID="dmd_1" TYPE="DSpace Item">
<mets:div ID="div_2" TYPE="DSpace Content Bitstream">
<mets:fptr FILEID="file_369"/>
</mets:div>
</mets:div>
</mets:structMap>
</mets:METS>
