<?xml version="1.0" encoding="UTF-8"?>
<mets:METS xmlns:mets="http://www.loc.gov/METS/" xmlns:xlink="http://www.w3.org/TR/xlink/" xmlns:xsi="http://www.w3.org/2001/XMLSchema-instance" xmlns:dim="http://www.dspace.org/xmlns/dspace/dim" OBJEDIT="/admin/item?itemID=2050" OBJID="/handle/10255/dryad.1814" PROFILE="DSPACE METS SIP Profile 1.0" LABEL="DSpace Item" ID="hdl:10255/dryad.1814">
<mets:dmdSec GROUPID="group_dmd_0" ID="dmd_1">
<mets:mdWrap MDTYPE="OTHER" OTHERMDTYPE="DIM">
<mets:xmlData>
<dim:dim dspaceType="ITEM">
<dim:field element="contributor" qualifier="author" language="en" mdschema="dc">Lachmuth, Susanne</dim:field>
<dim:field element="contributor" qualifier="author" language="en" mdschema="dc">Durka, Walter</dim:field>
<dim:field element="contributor" qualifier="author" language="en" mdschema="dc">Schurr, Frank M</dim:field>
<dim:field element="coverage" qualifier="spatial" language="en" mdschema="dc">Lesotho</dim:field>
<dim:field element="coverage" qualifier="spatial" language="en" mdschema="dc">South Africa</dim:field>
<dim:field element="coverage" qualifier="spatial" language="en" mdschema="dc">Austria</dim:field>
<dim:field element="coverage" qualifier="spatial" language="en" mdschema="dc">Belgium</dim:field>
<dim:field element="coverage" qualifier="spatial" language="en" mdschema="dc">France</dim:field>
<dim:field element="coverage" qualifier="spatial" language="en" mdschema="dc">Germany</dim:field>
<dim:field element="coverage" qualifier="spatial" language="en" mdschema="dc">Switzerland</dim:field>
<dim:field element="coverage" qualifier="spatial" language="en" mdschema="dc">The Netherlands</dim:field>
<dim:field element="coverage" qualifier="temporal" language="en" mdschema="dc">Holocene</dim:field>
<dim:field element="date" qualifier="accessioned" language="" mdschema="dc">2010-08-03T09:15:52Z</dim:field>
<dim:field element="date" qualifier="available" mdschema="dc">2010-09-15T06:30:06Z</dim:field>
<dim:field element="date" qualifier="issued" language="" mdschema="dc">2010-08-03</dim:field>
<dim:field element="identifier" mdschema="dc">doi:10.5061/dryad.1813/1</dim:field>
<dim:field element="identifier" qualifier="uri" language="" mdschema="dc">http://hdl.handle.net/10255/dryad.1814</dim:field>
<dim:field element="relation" qualifier="ispartof" language="en" mdschema="dc">doi:10.5061/dryad.1813</dim:field>
<dim:field element="rights" qualifier="uri" language="en" mdschema="dc">http://creativecommons.org/publicdomain/zero/1.0/</dim:field>
<dim:field element="subject" language="en" mdschema="dc">Biological invasions</dim:field>
<dim:field element="subject" language="en" mdschema="dc">climatic preadaptation</dim:field>
<dim:field element="subject" language="en" mdschema="dc">lag phase</dim:field>
<dim:field element="subject" language="en" mdschema="dc">spread rate</dim:field>
<dim:field element="subject" language="en" mdschema="dc">genetic diversity</dim:field>
<dim:field element="subject" language="en" mdschema="dc">AFLP</dim:field>
<dim:field element="subject" language="en" mdschema="dc">microsatellites</dim:field>
<dim:field element="title" language="en" mdschema="dc">AFLP_microsatellites_Senecio_inaequidens.txt</dim:field>
<dim:field element="type" language="en" mdschema="dc">Dataset</dim:field>
<dim:field element="ScientificName" language="en" mdschema="dwc">Senecio inaequidens DC.</dim:field>
<dim:field element="dryad" qualifier="pageviews">156</dim:field>
<dim:field element="dryad" qualifier="downloads">98</dim:field>
</dim:dim>
</mets:xmlData>
</mets:mdWrap>
</mets:dmdSec>
<mets:fileSec>
<mets:fileGrp USE="CONTENT">
<mets:file CHECKSUMTYPE="MD5" GROUPID="group_file_1599" ID="file_1599" MIMETYPE="text/plain" SIZE="198991" CHECKSUM="642f4c341327c5b66c0e2c82d236a955">
<mets:FLocat LOCTYPE="URL" xlink:title="AFLPmicrosatellitesSenecioinaequidens.txt" xlink:type="locator" xlink:href="/bitstream/handle/10255/dryad.1814/AFLPmicrosatellitesSenecioinaequidens.txt?sequence=1"/>
</mets:file>
<mets:file CHECKSUMTYPE="MD5" GROUPID="group_file_1600" ID="file_1600" MIMETYPE="text/plain" SIZE="3487" CHECKSUM="3e0cb9710d536dbce1a6f156976c1dfa">
<mets:FLocat LOCTYPE="URL" xlink:title="README.txt" xlink:type="locator" xlink:href="/bitstream/handle/10255/dryad.1814/README.txt?sequence=2"/>
</mets:file>
</mets:fileGrp>
<mets:fileGrp USE="TEXT">
<mets:file CHECKSUMTYPE="MD5" GROUPID="group_file_1600" ID="file_1601" MIMETYPE="text/plain" SIZE="3455" CHECKSUM="b32aa8d7d435a5232c8721a9c5b2b64d">
<mets:FLocat LOCTYPE="URL" xlink:title="README.txt.txt" xlink:label="Extracted text" xlink:type="locator" xlink:href="/bitstream/handle/10255/dryad.1814/README.txt.txt?sequence=3"/>
</mets:file>
<mets:file CHECKSUMTYPE="MD5" GROUPID="group_file_1599" ID="file_1602" MIMETYPE="text/plain" SIZE="198553" CHECKSUM="516ddd194c532a5bc66c0055375c93b2">
<mets:FLocat LOCTYPE="URL" xlink:title="AFLPmicrosatellitesSenecioinaequidens.txt.txt" xlink:label="Extracted text" xlink:type="locator" xlink:href="/bitstream/handle/10255/dryad.1814/AFLPmicrosatellitesSenecioinaequidens.txt.txt?sequence=4"/>
</mets:file>
</mets:fileGrp>
</mets:fileSec>
<mets:structMap LABEL="DSpace" TYPE="LOGICAL">
<mets:div DMDID="dmd_1" TYPE="DSpace Item">
<mets:div ID="div_2" TYPE="DSpace Content Bitstream">
<mets:fptr FILEID="file_1599"/>
</mets:div>
<mets:div ID="div_3" TYPE="DSpace Content Bitstream">
<mets:fptr FILEID="file_1600"/>
</mets:div>
</mets:div>
</mets:structMap>
</mets:METS>
