<?xml version="1.0" encoding="UTF-8"?>
<mets:METS xmlns:mets="http://www.loc.gov/METS/" xmlns:xlink="http://www.w3.org/TR/xlink/" xmlns:xsi="http://www.w3.org/2001/XMLSchema-instance" xmlns:dim="http://www.dspace.org/xmlns/dspace/dim" OBJEDIT="/admin/item?itemID=45224" OBJID="/handle/10255/dryad.40115" PROFILE="DSPACE METS SIP Profile 1.0" LABEL="DSpace Item" ID="hdl:10255/dryad.40115">
<mets:dmdSec GROUPID="group_dmd_0" ID="dmd_1">
<mets:mdWrap MDTYPE="OTHER" OTHERMDTYPE="DIM">
<mets:xmlData>
<dim:dim dspaceType="ITEM">
<dim:field element="contributor" qualifier="author" language="" mdschema="dc">Charlier, Johan</dim:field>
<dim:field element="contributor" qualifier="author" language="" mdschema="dc">Laikre, Linda</dim:field>
<dim:field element="contributor" qualifier="author" language="" mdschema="dc">Ryman, Nils</dim:field>
<dim:field element="date" qualifier="accessioned" mdschema="dc">2012-06-05T20:01:49Z</dim:field>
<dim:field element="date" qualifier="issued" mdschema="dc">2012-06-05</dim:field>
<dim:field element="identifier" language="" mdschema="dc">doi:10.5061/dryad.189f4/1</dim:field>
<dim:field element="identifier" mdschema="dc">doi:10.5061/dryad.189f4/1</dim:field>
<dim:field element="identifier" qualifier="uri" mdschema="dc">http://hdl.handle.net/10255/dryad.40115</dim:field>
<dim:field element="relation" qualifier="ispartof" language="" mdschema="dc">doi:10.5061/dryad.189f4</dim:field>
<dim:field element="rights" qualifier="uri" language="" mdschema="dc">http://creativecommons.org/publicdomain/zero/1.0/</dim:field>
<dim:field element="title" language="" mdschema="dc">Charlier_Blanktjärnen_Brown trout_Heredity_DRYAD</dim:field>
<dim:field element="type" language="*" mdschema="dc">Dataset</dim:field>
<dim:field element="date" qualifier="embargoedUntil" mdschema="dc">2016-07-25</dim:field>
<dim:field element="type" qualifier="embargo" language="" mdschema="dc">custom</dim:field>
<dim:field element="curatorNote" language="" mdschema="dryad">set embargo to FOUR YEARS after article publication</dim:field>
<dim:field element="dryad" qualifier="pageviews">60</dim:field>
<dim:field element="dryad" qualifier="downloads">3</dim:field>
</dim:dim>
</mets:xmlData>
</mets:mdWrap>
</mets:dmdSec>
<mets:fileSec/>
<mets:structMap LABEL="DSpace" TYPE="LOGICAL">
<mets:div DMDID="dmd_1" TYPE="DSpace Item"/>
</mets:structMap>
</mets:METS>
