<?xml version="1.0" encoding="UTF-8"?>
<mets:METS xmlns:mets="http://www.loc.gov/METS/" xmlns:xlink="http://www.w3.org/TR/xlink/" xmlns:xsi="http://www.w3.org/2001/XMLSchema-instance" xmlns:dim="http://www.dspace.org/xmlns/dspace/dim" OBJEDIT="/admin/item?itemID=65988" OBJID="/handle/10255/dryad.53872" PROFILE="DSPACE METS SIP Profile 1.0" LABEL="DSpace Item" ID="hdl:10255/dryad.53872">
<mets:dmdSec GROUPID="group_dmd_0" ID="dmd_1">
<mets:mdWrap MDTYPE="OTHER" OTHERMDTYPE="DIM">
<mets:xmlData>
<dim:dim dspaceType="ITEM">
<dim:field element="contributor" qualifier="author" language="" mdschema="dc">Roux, Simon</dim:field>
<dim:field element="contributor" qualifier="author" language="" mdschema="dc">Enault, François</dim:field>
<dim:field element="contributor" qualifier="author" language="" mdschema="dc">Bronner, Gisèle</dim:field>
<dim:field element="contributor" qualifier="author" language="" mdschema="dc">Vaulot, Daniel</dim:field>
<dim:field element="contributor" qualifier="author" language="" mdschema="dc">Forterre, Patrick</dim:field>
<dim:field element="contributor" qualifier="author" language="" mdschema="dc">Krupovic, Mart</dim:field>
<dim:field element="identifier" language="" mdschema="dc">doi:10.5061/dryad.19m2k/1</dim:field>
<dim:field element="description" language="" mdschema="dc">This zip package contains the annotated genbank file for each chimeric virus genome described and analyzed in the manuscript.</dim:field>
<dim:field element="relation" qualifier="ispartof" language="" mdschema="dc">doi:10.5061/dryad.19m2k</dim:field>
<dim:field element="rights" qualifier="uri" language="" mdschema="dc">http://creativecommons.org/publicdomain/zero/1.0/</dim:field>
<dim:field element="subject" confidence="NOVALUE" language="" mdschema="dc">ssDNA viruses</dim:field>
<dim:field element="subject" confidence="NOVALUE" language="" mdschema="dc">virus evolution</dim:field>
<dim:field element="subject" confidence="NOVALUE" language="" mdschema="dc">viral metagenomics</dim:field>
<dim:field element="title" language="" mdschema="dc">Assembled_chimeric_viruses_Gb-files</dim:field>
<dim:field element="type" language="*" mdschema="dc">Dataset</dim:field>
<dim:field element="ScientificName" confidence="NOVALUE" language="" mdschema="dwc">Circoviridae</dim:field>
<dim:field element="ScientificName" confidence="NOVALUE" language="" mdschema="dwc">Nanoviridae</dim:field>
<dim:field element="ScientificName" confidence="NOVALUE" language="" mdschema="dwc">Geminiviridae</dim:field>
<dim:field element="type" qualifier="embargo" language="" mdschema="dc">untilArticleAppears</dim:field>
<dim:field element="dryad" qualifier="pageviews">1</dim:field>
<dim:field element="dryad" qualifier="downloads">1</dim:field>
</dim:dim>
</mets:xmlData>
</mets:mdWrap>
</mets:dmdSec>
<mets:fileSec/>
<mets:structMap LABEL="DSpace" TYPE="LOGICAL">
<mets:div DMDID="dmd_1" TYPE="DSpace Item"/>
</mets:structMap>
</mets:METS>
