<?xml version="1.0" encoding="UTF-8"?>
<mets:METS xmlns:mets="http://www.loc.gov/METS/" xmlns:xlink="http://www.w3.org/TR/xlink/" xmlns:xsi="http://www.w3.org/2001/XMLSchema-instance" xmlns:dim="http://www.dspace.org/xmlns/dspace/dim" OBJEDIT="/admin/item?itemID=2187" OBJID="/handle/10255/dryad.1925" PROFILE="DSPACE METS SIP Profile 1.0" LABEL="DSpace Item" ID="hdl:10255/dryad.1925">
<mets:dmdSec GROUPID="group_dmd_0" ID="dmd_1">
<mets:mdWrap MDTYPE="OTHER" OTHERMDTYPE="DIM">
<mets:xmlData>
<dim:dim dspaceType="ITEM">
<dim:field element="contributor" language="" mdschema="dc">Jeukens, Julie</dim:field>
<dim:field element="contributor" language="" mdschema="dc">Renaut, Sébastien</dim:field>
<dim:field element="contributor" language="" mdschema="dc">St-Cyr, Jérôme</dim:field>
<dim:field element="contributor" language="" mdschema="dc">Nolte, Arne W</dim:field>
<dim:field element="contributor" language="" mdschema="dc">Bernatchez, Louis</dim:field>
<dim:field element="coverage" qualifier="spatial" language="en" mdschema="dc">Cliff Lake</dim:field>
<dim:field element="coverage" qualifier="spatial" language="en" mdschema="dc">Maine (USA)</dim:field>
<dim:field element="date" qualifier="accessioned" language="" mdschema="dc">2010-08-30T20:18:02Z</dim:field>
<dim:field element="date" qualifier="available" mdschema="dc">2010-11-20T07:30:07Z</dim:field>
<dim:field element="date" qualifier="issued" language="" mdschema="dc">2010-08-30</dim:field>
<dim:field element="identifier" mdschema="dc">doi:10.5061/dryad.1924/1</dim:field>
<dim:field element="identifier" qualifier="uri" language="" mdschema="dc">http://hdl.handle.net/10255/dryad.1925</dim:field>
<dim:field element="description" language="en" mdschema="dc">Excel spreadsheet with de novo contigs from RNA-Seq of the whitefish liver transcriptome. Contig consensus sequences and gene expression values (RPKM) for dwarf and normal whitefish are presented.</dim:field>
<dim:field element="relation" qualifier="ispartof" language="" mdschema="dc">doi:10.5061/dryad.1924</dim:field>
<dim:field element="rights" qualifier="uri" language="" mdschema="dc">http://creativecommons.org/publicdomain/zero/1.0/</dim:field>
<dim:field element="subject" language="en" mdschema="dc">Fish</dim:field>
<dim:field element="subject" language="en" mdschema="dc">Molecular Evolution</dim:field>
<dim:field element="subject" language="en" mdschema="dc">Natural Selection and Contemporary Evolution</dim:field>
<dim:field element="subject" language="en" mdschema="dc">Speciation</dim:field>
<dim:field element="subject" language="en" mdschema="dc">Transcriptomics</dim:field>
<dim:field element="title" language="en" mdschema="dc">De novo contigs from RNA-Seq of the whitefish liver transcriptome</dim:field>
<dim:field element="ScientificName" language="en" mdschema="dwc">Coregonus clupeaformis</dim:field>
<dim:field element="type" qualifier="embargo" language="en" mdschema="dc">untilArticleAppears</dim:field>
<dim:field element="dryad" qualifier="pageviews">245</dim:field>
<dim:field element="dryad" qualifier="downloads">88</dim:field>
</dim:dim>
</mets:xmlData>
</mets:mdWrap>
</mets:dmdSec>
<mets:fileSec>
<mets:fileGrp USE="CONTENT">
<mets:file CHECKSUMTYPE="MD5" GROUPID="group_file_1665" ID="file_1665" MIMETYPE="application/vnd.ms-excel" SIZE="1345536" CHECKSUM="35e363fa91458cc03a18ea39c9b49ad8">
<mets:FLocat LOCTYPE="URL" xlink:title="Supporting Information for online publication only_TS2.xls" xlink:label="dataset-file" xlink:type="locator" xlink:href="/bitstream/handle/10255/dryad.1925/Supporting%20Information%20for%20online%20publication%20only_TS2.xls?sequence=1"/>
</mets:file>
</mets:fileGrp>
</mets:fileSec>
<mets:structMap LABEL="DSpace" TYPE="LOGICAL">
<mets:div DMDID="dmd_1" TYPE="DSpace Item">
<mets:div ID="div_2" TYPE="DSpace Content Bitstream">
<mets:fptr FILEID="file_1665"/>
</mets:div>
</mets:div>
</mets:structMap>
</mets:METS>
