<?xml version="1.0" encoding="UTF-8"?>
<mets:METS xmlns:mets="http://www.loc.gov/METS/" xmlns:xlink="http://www.w3.org/TR/xlink/" xmlns:xsi="http://www.w3.org/2001/XMLSchema-instance" xmlns:dim="http://www.dspace.org/xmlns/dspace/dim" OBJEDIT="/admin/item?itemID=60656" OBJID="/handle/10255/dryad.50380" PROFILE="DSPACE METS SIP Profile 1.0" LABEL="DSpace Item" ID="hdl:10255/dryad.50380">
<mets:dmdSec GROUPID="group_dmd_0" ID="dmd_1">
<mets:mdWrap MDTYPE="OTHER" OTHERMDTYPE="DIM">
<mets:xmlData>
<dim:dim dspaceType="ITEM">
<dim:field element="contributor" qualifier="author" mdschema="dc">Bonatelli, Isabel A. S.</dim:field>
<dim:field element="contributor" qualifier="author" mdschema="dc">Perez, Manolo F.</dim:field>
<dim:field element="contributor" qualifier="author" mdschema="dc">Peterson, A. Townsend</dim:field>
<dim:field element="contributor" qualifier="author" mdschema="dc">Taylor, Nigel P.</dim:field>
<dim:field element="contributor" qualifier="author" mdschema="dc">Zappi, Daniela C.</dim:field>
<dim:field element="contributor" qualifier="author" mdschema="dc">Machado, Marlon C.</dim:field>
<dim:field element="contributor" qualifier="author" mdschema="dc">Koch, Ingrid</dim:field>
<dim:field element="contributor" qualifier="author" mdschema="dc">Pires, Adriana H. C.</dim:field>
<dim:field element="contributor" qualifier="author" mdschema="dc">Moraes, Evandro M.</dim:field>
<dim:field element="coverage" qualifier="spatial" language="" mdschema="dc">eastern South America</dim:field>
<dim:field element="coverage" qualifier="temporal" language="" mdschema="dc">Quaternary</dim:field>
<dim:field element="identifier" mdschema="dc">doi:10.5061/dryad.143r1/1</dim:field>
<dim:field element="description" language="" mdschema="dc">SSR data from populations of six species of the Pilosocereus aurisetus group (Cactaceae)</dim:field>
<dim:field element="relation" qualifier="ispartof" mdschema="dc">doi:10.5061/dryad.143r1</dim:field>
<dim:field element="rights" qualifier="uri" mdschema="dc">http://creativecommons.org/publicdomain/zero/1.0/</dim:field>
<dim:field element="subject" confidence="NOVALUE" language="" mdschema="dc">Neotropical diversification</dim:field>
<dim:field element="subject" confidence="NOVALUE" language="" mdschema="dc">paleodistribution modeling</dim:field>
<dim:field element="subject" confidence="NOVALUE" language="" mdschema="dc">microrefugia</dim:field>
<dim:field element="subject" confidence="NOVALUE" language="" mdschema="dc">campos rupestres</dim:field>
<dim:field element="subject" confidence="NOVALUE" language="" mdschema="dc">Pilosocereus</dim:field>
<dim:field element="subject" confidence="NOVALUE" language="" mdschema="dc">Cactaceae</dim:field>
<dim:field element="title" language="" mdschema="dc">Bonatelli_etal_Pilosocereus_SSRdata</dim:field>
<dim:field element="type" language="*" mdschema="dc">Dataset</dim:field>
<dim:field element="ScientificName" confidence="NOVALUE" language="" mdschema="dwc">Pilosocereus aurisetus</dim:field>
<dim:field element="ScientificName" confidence="NOVALUE" language="" mdschema="dwc">Pilosocereus machrisii</dim:field>
<dim:field element="ScientificName" confidence="NOVALUE" language="" mdschema="dwc">Pilosocereus vilaboensis</dim:field>
<dim:field element="ScientificName" confidence="NOVALUE" language="" mdschema="dwc">Pilosocereus jauruensis</dim:field>
<dim:field element="ScientificName" confidence="NOVALUE" language="" mdschema="dwc">Pilosocereus parvus</dim:field>
<dim:field element="ScientificName" confidence="NOVALUE" language="" mdschema="dwc">Pilosocereus aureispinus</dim:field>
<dim:field element="type" qualifier="embargo" language="" mdschema="dc">untilArticleAppears</dim:field>
<dim:field element="dryad" qualifier="pageviews">0</dim:field>
<dim:field element="dryad" qualifier="downloads">0</dim:field>
</dim:dim>
</mets:xmlData>
</mets:mdWrap>
</mets:dmdSec>
<mets:fileSec/>
<mets:structMap LABEL="DSpace" TYPE="LOGICAL">
<mets:div DMDID="dmd_1" TYPE="DSpace Item"/>
</mets:structMap>
</mets:METS>
