<?xml version="1.0" encoding="UTF-8"?>
<mets:METS xmlns:mets="http://www.loc.gov/METS/" xmlns:xlink="http://www.w3.org/TR/xlink/" xmlns:xsi="http://www.w3.org/2001/XMLSchema-instance" xmlns:dim="http://www.dspace.org/xmlns/dspace/dim" OBJEDIT="/admin/item?itemID=64353" OBJID="/handle/10255/dryad.52813" PROFILE="DSPACE METS SIP Profile 1.0" LABEL="DSpace Item" ID="hdl:10255/dryad.52813">
<mets:dmdSec GROUPID="group_dmd_0" ID="dmd_1">
<mets:mdWrap MDTYPE="OTHER" OTHERMDTYPE="DIM">
<mets:xmlData>
<dim:dim dspaceType="ITEM">
<dim:field element="contributor" qualifier="author" mdschema="dc">Carrara, Francesco</dim:field>
<dim:field element="contributor" qualifier="author" mdschema="dc">Andrea Rinaldo, Professor</dim:field>
<dim:field element="contributor" qualifier="author" mdschema="dc">Giometto, Andrea</dim:field>
<dim:field element="contributor" qualifier="author" mdschema="dc">Florian Altermatt, Dr.</dim:field>
<dim:field element="date" qualifier="accessioned" mdschema="dc">2013-08-08T19:40:58Z</dim:field>
<dim:field element="date" qualifier="issued" mdschema="dc">2013-08-08</dim:field>
<dim:field element="identifier" mdschema="dc">doi:10.5061/dryad.15np2/2</dim:field>
<dim:field element="identifier" qualifier="uri" mdschema="dc">http://hdl.handle.net/10255/dryad.52813</dim:field>
<dim:field element="description" language="" mdschema="dc">Adjacency Matrices for the five different river networks topologies adopted in the dendritic connectivity -habitat capacity experiment.</dim:field>
<dim:field element="relation" qualifier="ispartof" mdschema="dc">doi:10.5061/dryad.15np2</dim:field>
<dim:field element="rights" qualifier="uri" mdschema="dc">http://creativecommons.org/publicdomain/zero/1.0/</dim:field>
<dim:field element="subject" confidence="NOVALUE" language="" mdschema="dc">Biodiversity</dim:field>
<dim:field element="subject" confidence="NOVALUE" language="" mdschema="dc">Dispersal</dim:field>
<dim:field element="subject" confidence="NOVALUE" language="" mdschema="dc">Ecology: experimental</dim:field>
<dim:field element="subject" confidence="NOVALUE" language="" mdschema="dc">Ecology: spatial</dim:field>
<dim:field element="subject" confidence="NOVALUE" language="" mdschema="dc">Metacommunities</dim:field>
<dim:field element="subject" confidence="NOVALUE" language="" mdschema="dc">dendritic ecological networks</dim:field>
<dim:field element="subject" confidence="NOVALUE" language="" mdschema="dc">experimental microcosms</dim:field>
<dim:field element="subject" confidence="NOVALUE" language="" mdschema="dc">community assembly</dim:field>
<dim:field element="title" language="" mdschema="dc">Adjacency_matrix</dim:field>
<dim:field element="type" language="*" mdschema="dc">Dataset</dim:field>
<dim:field element="ScientificName" confidence="NOVALUE" language="" mdschema="dwc">chilomonas sp.</dim:field>
<dim:field element="ScientificName" confidence="NOVALUE" language="" mdschema="dwc">cephalodella sp.</dim:field>
<dim:field element="ScientificName" confidence="NOVALUE" language="" mdschema="dwc">colpidium sp.</dim:field>
<dim:field element="ScientificName" confidence="NOVALUE" language="" mdschema="dwc">paramecium aurelia</dim:field>
<dim:field element="ScientificName" confidence="NOVALUE" language="" mdschema="dwc">paramecium bursaria</dim:field>
<dim:field element="ScientificName" confidence="NOVALUE" language="" mdschema="dwc">euglena gracilis</dim:field>
<dim:field element="ScientificName" confidence="NOVALUE" language="" mdschema="dwc">euplotes aediculatus</dim:field>
<dim:field element="ScientificName" confidence="NOVALUE" language="" mdschema="dwc">spirostomum sp.</dim:field>
<dim:field element="ScientificName" confidence="NOVALUE" language="" mdschema="dwc">tetrahymena sp.</dim:field>
<dim:field element="ScientificName" confidence="NOVALUE" language="" mdschema="dwc">blepharisma sp.</dim:field>
<dim:field element="date" qualifier="embargoedUntil" mdschema="dc">9999-01-01</dim:field>
<dim:field element="type" qualifier="embargo" language="" mdschema="dc">untilArticleAppears</dim:field>
<dim:field element="dryad" qualifier="pageviews">8</dim:field>
<dim:field element="dryad" qualifier="downloads">1</dim:field>
</dim:dim>
</mets:xmlData>
</mets:mdWrap>
</mets:dmdSec>
<mets:fileSec/>
<mets:structMap LABEL="DSpace" TYPE="LOGICAL">
<mets:div DMDID="dmd_1" TYPE="DSpace Item"/>
</mets:structMap>
</mets:METS>
