<?xml version="1.0" encoding="UTF-8"?>
<mets:METS xmlns:mets="http://www.loc.gov/METS/" xmlns:xlink="http://www.w3.org/TR/xlink/" xmlns:xsi="http://www.w3.org/2001/XMLSchema-instance" xmlns:dim="http://www.dspace.org/xmlns/dspace/dim" OBJEDIT="/admin/item?itemID=2284" OBJID="/handle/10255/dryad.1980" PROFILE="DSPACE METS SIP Profile 1.0" LABEL="DSpace Item" ID="hdl:10255/dryad.1980">
<mets:dmdSec GROUPID="group_dmd_0" ID="dmd_1">
<mets:mdWrap MDTYPE="OTHER" OTHERMDTYPE="DIM">
<mets:xmlData>
<dim:dim dspaceType="ITEM">
<dim:field element="contributor" language="" mdschema="dc">Boo, Sung Min</dim:field>
<dim:field element="contributor" language="" mdschema="dc">Kim, Han Soon</dim:field>
<dim:field element="contributor" language="" mdschema="dc">Shin, Woongghi</dim:field>
<dim:field element="contributor" language="" mdschema="dc">Boo, Ga Hun</dim:field>
<dim:field element="contributor" language="" mdschema="dc">Cho, Sung Mi</dim:field>
<dim:field element="contributor" language="" mdschema="dc">Cho, Bok Yeon</dim:field>
<dim:field element="contributor" language="" mdschema="dc">Kim, Jee-Hwan</dim:field>
<dim:field element="contributor" language="" mdschema="dc">Kim, Jin Hee</dim:field>
<dim:field element="contributor" language="" mdschema="dc">Yang, Eun Chan</dim:field>
<dim:field element="contributor" language="" mdschema="dc">Siver, Peter A</dim:field>
<dim:field element="contributor" language="" mdschema="dc">Wolfe, Alexander P</dim:field>
<dim:field element="contributor" language="" mdschema="dc">Bhattacharya, Debashish</dim:field>
<dim:field element="contributor" language="" mdschema="dc">Andersen, Robert A</dim:field>
<dim:field element="contributor" language="" mdschema="dc">Yoon, Hwan Su</dim:field>
<dim:field element="date" qualifier="accessioned" language="" mdschema="dc">2010-09-14T15:54:36Z</dim:field>
<dim:field element="date" qualifier="available" language="" mdschema="dc">2010-09-15T06:30:05Z</dim:field>
<dim:field element="date" qualifier="issued" language="" mdschema="dc">2010-09-14</dim:field>
<dim:field element="identifier" mdschema="dc">doi:10.5061/dryad.1978/2</dim:field>
<dim:field element="identifier" qualifier="uri" language="" mdschema="dc">http://hdl.handle.net/10255/dryad.1980</dim:field>
<dim:field element="description" language="en" mdschema="dc">The concatenated 9-gene alignment of Synura petersenii (plastid: PSAA, PSBA, PSBC, RBCL; mitochondrion: COB, COX1, COX3; nuclear: ITS, 18S rDNA) with five closely related Synura and other heterokonts as outgroup taxa that used for the phylogeny analysis.</dim:field>
<dim:field element="relation" qualifier="ispartof" language="" mdschema="dc">doi:10.5061/dryad.1978</dim:field>
<dim:field element="subject" language="en" mdschema="dc">Phylogeography</dim:field>
<dim:field element="subject" language="en" mdschema="dc">Molecular Evolution</dim:field>
<dim:field element="subject" language="en" mdschema="dc">Speciation</dim:field>
<dim:field element="subject" language="" mdschema="dc">Algae</dim:field>
<dim:field element="title" language="en" mdschema="dc">9-gene DNA sequence aligment of Synura petersenii</dim:field>
<dim:field element="ScientificName" language="" mdschema="dwc">Synurophyceae</dim:field>
<dim:field element="ScientificName" language="" mdschema="dwc">Synura</dim:field>
<dim:field element="type" qualifier="embargo" language="en" mdschema="dc">untilArticleAppears</dim:field>
<dim:field element="dryad" qualifier="pageviews">211</dim:field>
<dim:field element="dryad" qualifier="downloads">86</dim:field>
</dim:dim>
</mets:xmlData>
</mets:mdWrap>
</mets:dmdSec>
<mets:fileSec>
<mets:fileGrp USE="CONTENT">
<mets:file CHECKSUMTYPE="MD5" GROUPID="group_file_1745" ID="file_1745" MIMETYPE="text/plain" SIZE="873661" CHECKSUM="57f8019ac8d6fb7286e740479bb44dea">
<mets:FLocat LOCTYPE="URL" xlink:title="9Syn106.nex" xlink:label="dataset-file" xlink:type="locator" xlink:href="/bitstream/handle/10255/dryad.1980/9Syn106.nex?sequence=1"/>
</mets:file>
<mets:file CHECKSUMTYPE="MD5" GROUPID="group_file_1747" ID="file_1747" MIMETYPE="application/pdf" SIZE="125301" CHECKSUM="2abcf5fc74b5befa74b4457123c90cf9">
<mets:FLocat LOCTYPE="URL" xlink:title="README.pdf" xlink:label="" xlink:type="locator" xlink:href="/bitstream/handle/10255/dryad.1980/README.pdf?sequence=2"/>
</mets:file>
</mets:fileGrp>
<mets:fileGrp USE="TEXT">
<mets:file CHECKSUMTYPE="MD5" GROUPID="group_file_1747" ID="file_1748" MIMETYPE="text/plain" SIZE="15275" CHECKSUM="8d75f81da76cd1f3414141110086b5b1">
<mets:FLocat LOCTYPE="URL" xlink:title="README.pdf.txt" xlink:label="Extracted text" xlink:type="locator" xlink:href="/bitstream/handle/10255/dryad.1980/README.pdf.txt?sequence=3"/>
</mets:file>
</mets:fileGrp>
</mets:fileSec>
<mets:structMap LABEL="DSpace" TYPE="LOGICAL">
<mets:div DMDID="dmd_1" TYPE="DSpace Item">
<mets:div ID="div_2" TYPE="DSpace Content Bitstream">
<mets:fptr FILEID="file_1745"/>
</mets:div>
<mets:div ID="div_3" TYPE="DSpace Content Bitstream">
<mets:fptr FILEID="file_1747"/>
</mets:div>
</mets:div>
</mets:structMap>
</mets:METS>
