<?xml version="1.0" encoding="UTF-8"?>
<mets:METS xmlns:mets="http://www.loc.gov/METS/" xmlns:xlink="http://www.w3.org/TR/xlink/" xmlns:xsi="http://www.w3.org/2001/XMLSchema-instance" xmlns:dim="http://www.dspace.org/xmlns/dspace/dim" OBJEDIT="/admin/item?itemID=57956" OBJID="/handle/10255/dryad.48597" PROFILE="DSPACE METS SIP Profile 1.0" LABEL="DSpace Item" ID="hdl:10255/dryad.48597">
<mets:dmdSec GROUPID="group_dmd_0" ID="dmd_1">
<mets:mdWrap MDTYPE="OTHER" OTHERMDTYPE="DIM">
<mets:xmlData>
<dim:dim dspaceType="ITEM">
<dim:field element="contributor" qualifier="author" language="" mdschema="dc">Holland, Steven M.</dim:field>
<dim:field element="contributor" qualifier="author" language="" mdschema="dc">Christie, Max</dim:field>
<dim:field element="date" qualifier="accessioned" language="" mdschema="dc">2013-04-12T18:32:14Z</dim:field>
<dim:field element="date" qualifier="available" mdschema="dc">2013-06-26T16:01:25Z</dim:field>
<dim:field element="date" qualifier="issued" language="" mdschema="dc">2013-04-12</dim:field>
<dim:field element="identifier" language="" mdschema="dc">doi:10.5061/dryad.1779g/1</dim:field>
<dim:field element="identifier" language="" mdschema="dc">doi:10.5061/dryad.1779g/1</dim:field>
<dim:field element="identifier" qualifier="uri" language="" mdschema="dc">http://hdl.handle.net/10255/dryad.48597</dim:field>
<dim:field element="description" language="" mdschema="dc">Contains R and Matlab functions for simulating and measuring the changes in the width of depth-defined zones during changes in sea level</dim:field>
<dim:field element="relation" qualifier="ispartof" language="" mdschema="dc">doi:10.5061/dryad.1779g</dim:field>
<dim:field element="rights" qualifier="uri" language="" mdschema="dc">http://creativecommons.org/publicdomain/zero/1.0/</dim:field>
<dim:field element="subject" confidence="NOVALUE" language="" mdschema="dc">species-area relationship</dim:field>
<dim:field element="subject" confidence="NOVALUE" language="" mdschema="dc">sea level</dim:field>
<dim:field element="subject" confidence="NOVALUE" language="" mdschema="dc">diversity</dim:field>
<dim:field element="subject" confidence="NOVALUE" language="" mdschema="dc">marine</dim:field>
<dim:field element="subject" confidence="NOVALUE" language="" mdschema="dc">sequence stratigraphy</dim:field>
<dim:field element="title" language="" mdschema="dc">R and Matlab code for Holland and Christie 2013</dim:field>
<dim:field element="type" language="*" mdschema="dc">Dataset</dim:field>
<dim:field element="type" qualifier="embargo" language="" mdschema="dc">untilArticleAppears</dim:field>
<dim:field element="dryad" qualifier="pageviews">22</dim:field>
<dim:field element="dryad" qualifier="downloads">6</dim:field>
</dim:dim>
</mets:xmlData>
</mets:mdWrap>
</mets:dmdSec>
<mets:fileSec>
<mets:fileGrp USE="CONTENT">
<mets:file CHECKSUMTYPE="MD5" GROUPID="group_file_131668" ID="file_131668" MIMETYPE="application/rtf" SIZE="9759" CHECKSUM="1b0020a47df6edd7deef7c07cd89f3ba">
<mets:FLocat LOCTYPE="URL" xlink:title="HollandChristieSupplementaryMaterials.rtf" xlink:label="dataset-file" xlink:type="locator" xlink:href="/bitstream/handle/10255/dryad.48597/HollandChristieSupplementaryMaterials.rtf?sequence=1"/>
</mets:file>
</mets:fileGrp>
</mets:fileSec>
<mets:structMap LABEL="DSpace" TYPE="LOGICAL">
<mets:div DMDID="dmd_1" TYPE="DSpace Item">
<mets:div ID="div_2" TYPE="DSpace Content Bitstream">
<mets:fptr FILEID="file_131668"/>
</mets:div>
</mets:div>
</mets:structMap>
</mets:METS>
