<?xml version="1.0" encoding="UTF-8"?>
<mets:METS xmlns:mets="http://www.loc.gov/METS/" xmlns:xlink="http://www.w3.org/TR/xlink/" xmlns:xsi="http://www.w3.org/2001/XMLSchema-instance" xmlns:dim="http://www.dspace.org/xmlns/dspace/dim" OBJEDIT="/admin/item?itemID=209" OBJID="/handle/10255/dryad.189" PROFILE="DSPACE METS SIP Profile 1.0" LABEL="DSpace Item" ID="hdl:10255/dryad.189">
<mets:dmdSec GROUPID="group_dmd_0" ID="dmd_1">
<mets:mdWrap MDTYPE="OTHER" OTHERMDTYPE="DIM">
<mets:xmlData>
<dim:dim dspaceType="ITEM">
<dim:field element="contributor" qualifier="author" language="" mdschema="dc">Newton, Alicia</dim:field>
<dim:field element="contributor" qualifier="author" language="" mdschema="dc">Pistiner, Janna</dim:field>
<dim:field element="coverage" qualifier="spatial" language="" mdschema="dc">Santa Cruz, CDRS</dim:field>
<dim:field element="date" qualifier="accessioned" language="" mdschema="dc">2008-09-26T15:58:17Z</dim:field>
<dim:field element="date" qualifier="available" language="" mdschema="dc">2008-09-26T15:58:17Z</dim:field>
<dim:field element="date" qualifier="issued" language="" mdschema="dc">1999-08</dim:field>
<dim:field element="identifier" mdschema="dc">doi:10.5061/dryad.159/25</dim:field>
<dim:field element="identifier" qualifier="uri" language="" mdschema="dc">http://hdl.handle.net/10255/dryad.189</dim:field>
<dim:field element="relation" qualifier="ispartof" language="" mdschema="dc">http://hdl.handle.net/10255/dryad.159</dim:field>
<dim:field element="rights" qualifier="uri" language="" mdschema="dc">http://datadryad.org/bitstream/handle/10255/dryad.189/license.txt?sequence=2</dim:field>
<dim:field element="subject" language="en_US" mdschema="dc">CDRS</dim:field>
<dim:field element="title" language="en_US" mdschema="dc">Charles Darwin Research Station, Main Office</dim:field>
<dim:field element="type" language="en_US" mdschema="dc">Image</dim:field>
<dim:field element="dryad" qualifier="pageviews">205</dim:field>
<dim:field element="dryad" qualifier="downloads">136</dim:field>
</dim:dim>
</mets:xmlData>
</mets:mdWrap>
</mets:dmdSec>
<mets:fileSec>
<mets:fileGrp USE="CONTENT">
<mets:file CHECKSUMTYPE="MD5" GROUPID="group_file_383" ID="file_383" MIMETYPE="image/jpeg" SIZE="133785" CHECKSUM="a434b30fd363b5841067fdaacc9ce12e">
<mets:FLocat LOCTYPE="URL" xlink:title="MainOffc_L.jpg" xlink:type="locator" xlink:href="/bitstream/handle/10255/dryad.189/MainOffc_L.jpg?sequence=1"/>
</mets:file>
</mets:fileGrp>
<mets:fileGrp USE="LICENSE">
<mets:file CHECKSUMTYPE="MD5" GROUPID="group_file_384" ID="file_384" MIMETYPE="text/plain" SIZE="784" CHECKSUM="d47a0a973d95dd1a6806d59f7ca6b2c9">
<mets:FLocat LOCTYPE="URL" xlink:title="license.txt" xlink:type="locator" xlink:href="/bitstream/handle/10255/dryad.189/license.txt?sequence=2"/>
</mets:file>
</mets:fileGrp>
<mets:fileGrp USE="THUMBNAIL">
<mets:file CHECKSUMTYPE="MD5" GROUPID="group_file_383" ID="file_1451" MIMETYPE="image/jpeg" SIZE="2111" CHECKSUM="d46c58b417894b8f2080b07ff2d116bb">
<mets:FLocat LOCTYPE="URL" xlink:title="MainOffc_L.jpg.jpg" xlink:label="Generated Thumbnail" xlink:type="locator" xlink:href="/bitstream/handle/10255/dryad.189/MainOffc_L.jpg.jpg?sequence=3"/>
</mets:file>
</mets:fileGrp>
</mets:fileSec>
<mets:structMap LABEL="DSpace" TYPE="LOGICAL">
<mets:div DMDID="dmd_1" TYPE="DSpace Item">
<mets:div ID="div_2" TYPE="DSpace Content Bitstream">
<mets:fptr FILEID="file_383"/>
</mets:div>
</mets:div>
</mets:structMap>
</mets:METS>
