<?xml version="1.0" encoding="UTF-8"?>
<mets:METS xmlns:mets="http://www.loc.gov/METS/" xmlns:xlink="http://www.w3.org/TR/xlink/" xmlns:xsi="http://www.w3.org/2001/XMLSchema-instance" xmlns:dim="http://www.dspace.org/xmlns/dspace/dim" OBJEDIT="/admin/item?itemID=60012" OBJID="/handle/10255/dryad.49952" PROFILE="DSPACE METS SIP Profile 1.0" LABEL="DSpace Item" ID="hdl:10255/dryad.49952">
<mets:dmdSec GROUPID="group_dmd_0" ID="dmd_1">
<mets:mdWrap MDTYPE="OTHER" OTHERMDTYPE="DIM">
<mets:xmlData>
<dim:dim dspaceType="ITEM">
<dim:field element="contributor" qualifier="author" mdschema="dc">Bílý, Svatopluk</dim:field>
<dim:field element="coverage" qualifier="spatial" language="" mdschema="dc">Neotropical region</dim:field>
<dim:field element="coverage" qualifier="temporal" language="" mdschema="dc">recent</dim:field>
<dim:field element="identifier" mdschema="dc">doi:10.5061/dryad.13287/1</dim:field>
<dim:field element="description" language="" mdschema="dc">Revision of the Neotropical genera of the subtribe Anthaxiina Gory &amp; Laporte, 1839  (Coleoptera, Buprestidae, Buprestinae, Anthaxiini). Five new genera are described: Anthaxita gen. nov., Charlesina gen. nov., Cobosina gen. nov., Marikia gen. nov. and Sanchezia gen. nov. Genus Agrilaxia Kerremans, 1903 is divided into two subgenera: Agrilaxia and Costiptera subgen. nov. and the genus Bilyaxia Hołyński, 1989 is divided into three subgenera: Bilyaxia, Paraguayetta subgen. nov. and Tomasia subgen. nov. One new species is described: Anthaxita peruviana sp. nov., and two informal species-groups are suggested within Agrilaxia (Costiptera subgen. nov.): Agrilaxia (Costiptera) modesta (Kerremans, 1897) species-group and A. (C.) occidentalis (Kerremans, 1900) species-group. Lectotype is designated for Agrilaxia mrazi Obenberger, 1932.  A key of all genera/subgenera is provided and all treated taxa are illustrated.</dim:field>
<dim:field element="relation" qualifier="ispartof" mdschema="dc">doi:10.5061/dryad.13287</dim:field>
<dim:field element="rights" qualifier="uri" mdschema="dc">http://creativecommons.org/publicdomain/zero/1.0/</dim:field>
<dim:field element="subject" confidence="NOVALUE" language="" mdschema="dc">Taxonomy</dim:field>
<dim:field element="subject" confidence="NOVALUE" language="" mdschema="dc">Coleoptera</dim:field>
<dim:field element="subject" confidence="NOVALUE" language="" mdschema="dc">Buprestidae</dim:field>
<dim:field element="subject" confidence="NOVALUE" language="" mdschema="dc">Buprestinae</dim:field>
<dim:field element="subject" confidence="NOVALUE" language="" mdschema="dc">Anthaxiini</dim:field>
<dim:field element="subject" confidence="NOVALUE" language="" mdschema="dc">Anthaxiina</dim:field>
<dim:field element="subject" confidence="NOVALUE" language="" mdschema="dc">new genera</dim:field>
<dim:field element="subject" confidence="NOVALUE" language="" mdschema="dc">new subgenera</dim:field>
<dim:field element="subject" confidence="NOVALUE" language="" mdschema="dc">new species</dim:field>
<dim:field element="subject" confidence="NOVALUE" language="" mdschema="dc">new combinations</dim:field>
<dim:field element="subject" confidence="NOVALUE" language="" mdschema="dc">key</dim:field>
<dim:field element="subject" confidence="NOVALUE" language="" mdschema="dc">Neotropical region</dim:field>
<dim:field element="subject" confidence="NOVALUE" language="" mdschema="dc">Taxonomy</dim:field>
<dim:field element="subject" confidence="NOVALUE" language="" mdschema="dc">Coleoptera</dim:field>
<dim:field element="subject" confidence="NOVALUE" language="" mdschema="dc">Buprestidae</dim:field>
<dim:field element="subject" confidence="NOVALUE" language="" mdschema="dc">Anthaxiini</dim:field>
<dim:field element="subject" confidence="NOVALUE" language="" mdschema="dc">new genera</dim:field>
<dim:field element="subject" confidence="NOVALUE" language="" mdschema="dc">new species</dim:field>
<dim:field element="subject" confidence="NOVALUE" language="" mdschema="dc">new combinations</dim:field>
<dim:field element="subject" confidence="NOVALUE" language="" mdschema="dc">key</dim:field>
<dim:field element="subject" confidence="NOVALUE" language="" mdschema="dc">Neotropical region</dim:field>
<dim:field element="title" language="" mdschema="dc">A study on the Neotropical Anthaxiini (Coleoptera, Buprestidae, Buprestinae</dim:field>
<dim:field element="type" language="*" mdschema="dc">Dataset</dim:field>
<dim:field element="ScientificName" confidence="NOVALUE" language="" mdschema="dwc">Buprestidae: Anthaxita peruviana gen.nov.</dim:field>
<dim:field element="ScientificName" confidence="NOVALUE" language="" mdschema="dwc">sp.nov.</dim:field>
<dim:field element="ScientificName" confidence="NOVALUE" language="" mdschema="dwc">Charlesina gen.nov.</dim:field>
<dim:field element="ScientificName" confidence="NOVALUE" language="" mdschema="dwc">Cobosina gen. nov.</dim:field>
<dim:field element="ScientificName" confidence="NOVALUE" language="" mdschema="dwc">Marikia gen. nov. Sanchezia gen.nov.</dim:field>
<dim:field element="ScientificName" confidence="NOVALUE" language="" mdschema="dwc">Agrilaxia subgen</dim:field>
<dim:field element="ScientificName" confidence="NOVALUE" language="" mdschema="dwc">Costiptera subgen.nov.</dim:field>
<dim:field element="ScientificName" confidence="NOVALUE" language="" mdschema="dwc">Bilyaxia subgen. Paraguayetta subgen.nov.</dim:field>
<dim:field element="ScientificName" confidence="NOVALUE" language="" mdschema="dwc">Bilyaxia subgen. Tomasia subgen.nov.</dim:field>
<dim:field element="type" qualifier="embargo" language="" mdschema="dc">untilArticleAppears</dim:field>
<dim:field element="dryad" qualifier="pageviews">0</dim:field>
<dim:field element="dryad" qualifier="downloads">1</dim:field>
</dim:dim>
</mets:xmlData>
</mets:mdWrap>
</mets:dmdSec>
<mets:fileSec/>
<mets:structMap LABEL="DSpace" TYPE="LOGICAL">
<mets:div DMDID="dmd_1" TYPE="DSpace Item"/>
</mets:structMap>
</mets:METS>
