<?xml version="1.0" encoding="UTF-8"?>
<mets:METS xmlns:mets="http://www.loc.gov/METS/" xmlns:xlink="http://www.w3.org/TR/xlink/" xmlns:xsi="http://www.w3.org/2001/XMLSchema-instance" xmlns:dim="http://www.dspace.org/xmlns/dspace/dim" OBJEDIT="/admin/item?itemID=58878" OBJID="/handle/10255/dryad.49209" PROFILE="DSPACE METS SIP Profile 1.0" LABEL="DSpace Item" ID="hdl:10255/dryad.49209">
<mets:dmdSec GROUPID="group_dmd_0" ID="dmd_1">
<mets:mdWrap MDTYPE="OTHER" OTHERMDTYPE="DIM">
<mets:xmlData>
<dim:dim dspaceType="ITEM">
<dim:field element="contributor" qualifier="author" mdschema="dc">Bell, Graham</dim:field>
<dim:field element="date" qualifier="accessioned" mdschema="dc">2013-06-05T19:02:18Z</dim:field>
<dim:field element="date" qualifier="available" mdschema="dc">2013-06-05T19:02:18Z</dim:field>
<dim:field element="date" qualifier="issued" mdschema="dc">2013-06-05</dim:field>
<dim:field element="identifier" mdschema="dc">doi:10.5061/dryad.0tt5k/4</dim:field>
<dim:field element="identifier" qualifier="uri" mdschema="dc">http://hdl.handle.net/10255/dryad.49209</dim:field>
<dim:field element="description" language="" mdschema="dc">Colony morphology and selection coefficient Anc 3</dim:field>
<dim:field element="relation" qualifier="ispartof" mdschema="dc">doi:10.5061/dryad.0tt5k</dim:field>
<dim:field element="rights" qualifier="uri" mdschema="dc">http://creativecommons.org/publicdomain/zero/1.0/</dim:field>
<dim:field element="title" language="" mdschema="dc">AcAgExpt Incidental Mass 3</dim:field>
<dim:field element="type" language="*" mdschema="dc">Dataset</dim:field>
<dim:field element="ScientificName" confidence="NOVALUE" language="" mdschema="dwc">Chlamydomonas</dim:field>
<dim:field element="type" qualifier="embargo" language="en" mdschema="dc">none</dim:field>
<dim:field element="dryad" qualifier="pageviews">43</dim:field>
<dim:field element="dryad" qualifier="downloads">9</dim:field>
</dim:dim>
</mets:xmlData>
</mets:mdWrap>
</mets:dmdSec>
<mets:fileSec>
<mets:fileGrp USE="CONTENT">
<mets:file CHECKSUMTYPE="MD5" GROUPID="group_file_132266" ID="file_132266" MIMETYPE="application/vnd.openxmlformats-officedocument.spreadsheetml.sheet" SIZE="39884" CHECKSUM="83384e7cebcbe9b3fe0645d15984e6fc">
<mets:FLocat LOCTYPE="URL" xlink:title="AcAgExpt Incidental Mass 3.xlsx" xlink:label="dataset-file" xlink:type="locator" xlink:href="/bitstream/handle/10255/dryad.49209/AcAgExpt%20Incidental%20Mass%203.xlsx?sequence=1"/>
</mets:file>
</mets:fileGrp>
</mets:fileSec>
<mets:structMap LABEL="DSpace" TYPE="LOGICAL">
<mets:div DMDID="dmd_1" TYPE="DSpace Item">
<mets:div ID="div_2" TYPE="DSpace Content Bitstream">
<mets:fptr FILEID="file_132266"/>
</mets:div>
</mets:div>
</mets:structMap>
</mets:METS>
