<?xml version="1.0" encoding="UTF-8"?>
<mets:METS xmlns:mets="http://www.loc.gov/METS/" xmlns:xlink="http://www.w3.org/TR/xlink/" xmlns:xsi="http://www.w3.org/2001/XMLSchema-instance" xmlns:dim="http://www.dspace.org/xmlns/dspace/dim" OBJEDIT="/admin/item?itemID=1805" OBJID="/handle/10255/dryad.1577" PROFILE="DSPACE METS SIP Profile 1.0" LABEL="DSpace Item" ID="hdl:10255/dryad.1577">
<mets:dmdSec GROUPID="group_dmd_0" ID="dmd_1">
<mets:mdWrap MDTYPE="OTHER" OTHERMDTYPE="DIM">
<mets:xmlData>
<dim:dim dspaceType="ITEM">
<dim:field element="contributor" qualifier="author" language="en" mdschema="dc">Perrie, Leon R</dim:field>
<dim:field element="coverage" qualifier="spatial" language="en" mdschema="dc">New Zealand</dim:field>
<dim:field element="date" qualifier="accessioned" language="" mdschema="dc">2010-05-21T01:12:51Z</dim:field>
<dim:field element="date" qualifier="available" language="" mdschema="dc">2010-05-21T01:12:51Z</dim:field>
<dim:field element="date" qualifier="issued" language="" mdschema="dc">2010-05-20</dim:field>
<dim:field element="identifier" mdschema="dc">doi:10.5061/dryad.1576/1</dim:field>
<dim:field element="identifier" qualifier="uri" language="" mdschema="dc">http://hdl.handle.net/10255/dryad.1577</dim:field>
<dim:field element="relation" qualifier="ispartof" language="en" mdschema="dc">doi:10.5061/dryad.1576</dim:field>
<dim:field element="rights" qualifier="uri" language="en" mdschema="dc">http://creativecommons.org/publicdomain/zero/1.0/</dim:field>
<dim:field element="subject" language="en" mdschema="dc">polyploidy</dim:field>
<dim:field element="subject" language="en" mdschema="dc">speciation</dim:field>
<dim:field element="title" language="en" mdschema="dc">AFLP data in nexus format</dim:field>
<dim:field element="type" language="en" mdschema="dc">Dataset</dim:field>
<dim:field element="ScientificName" language="en" mdschema="dwc">Asplenium</dim:field>
<dim:field element="dryad" qualifier="pageviews">349</dim:field>
<dim:field element="dryad" qualifier="downloads">94</dim:field>
</dim:dim>
</mets:xmlData>
</mets:mdWrap>
</mets:dmdSec>
<mets:fileSec>
<mets:fileGrp USE="CONTENT">
<mets:file CHECKSUMTYPE="MD5" GROUPID="group_file_1156" ID="file_1156" MIMETYPE="text/plain" SIZE="75339" CHECKSUM="9004e1b7d66fd9d4fb50e7984e934c71">
<mets:FLocat LOCTYPE="URL" xlink:title="MEC-10-0241DataS1.txt" xlink:type="locator" xlink:href="/bitstream/handle/10255/dryad.1577/MEC-10-0241DataS1.txt?sequence=1"/>
</mets:file>
</mets:fileGrp>
<mets:fileGrp USE="TEXT">
<mets:file CHECKSUMTYPE="MD5" GROUPID="group_file_1156" ID="file_1491" MIMETYPE="text/plain" SIZE="74919" CHECKSUM="31da93ae839ed2f3cb9ec1f083d3df9f">
<mets:FLocat LOCTYPE="URL" xlink:title="MEC-10-0241DataS1.txt.txt" xlink:label="Extracted text" xlink:type="locator" xlink:href="/bitstream/handle/10255/dryad.1577/MEC-10-0241DataS1.txt.txt?sequence=2"/>
</mets:file>
</mets:fileGrp>
</mets:fileSec>
<mets:structMap LABEL="DSpace" TYPE="LOGICAL">
<mets:div DMDID="dmd_1" TYPE="DSpace Item">
<mets:div ID="div_2" TYPE="DSpace Content Bitstream">
<mets:fptr FILEID="file_1156"/>
</mets:div>
</mets:div>
</mets:structMap>
</mets:METS>
