<?xml version="1.0" encoding="UTF-8"?>
<mets:METS xmlns:mets="http://www.loc.gov/METS/" xmlns:xlink="http://www.w3.org/TR/xlink/" xmlns:xsi="http://www.w3.org/2001/XMLSchema-instance" xmlns:dim="http://www.dspace.org/xmlns/dspace/dim" OBJEDIT="/admin/item?itemID=1157" OBJID="/handle/10255/dryad.1006" PROFILE="DSPACE METS SIP Profile 1.0" LABEL="DSpace Item" ID="hdl:10255/dryad.1006">
<mets:dmdSec GROUPID="group_dmd_0" ID="dmd_1">
<mets:mdWrap MDTYPE="OTHER" OTHERMDTYPE="DIM">
<mets:xmlData>
<dim:dim dspaceType="ITEM">
<dim:field element="contributor" qualifier="author" language="en" mdschema="dc">Rodríguez, Flor</dim:field>
<dim:field element="contributor" qualifier="author" language="en" mdschema="dc">Spooner, David M.</dim:field>
<dim:field element="date" qualifier="accessioned" language="" mdschema="dc">2009-10-28T15:27:18Z</dim:field>
<dim:field element="date" qualifier="available" language="" mdschema="dc">2009-10-28T15:27:18Z</dim:field>
<dim:field element="date" qualifier="issued" language="" mdschema="dc">2009-10-28T15:27:18Z</dim:field>
<dim:field element="identifier" mdschema="dc">doi:10.5061/dryad.1005/1</dim:field>
<dim:field element="identifier" qualifier="uri" language="" mdschema="dc">http://hdl.handle.net/10255/dryad.1006</dim:field>
<dim:field element="description" language="" mdschema="dc">SUPPLEMENTARY FIGURE 1. Maximum likelihood phylogram for diploid species.&#13;
&#13;
SUPPLEMENTARY FIGURE 2. Bayesian phylogram of diploid species.&#13;
&#13;
SUPPLEMENTARY FIGURE 3. Strict consensus of 9482 equal-length trees (L=712, CI=0.680, RI=0.846) of diploid and polyploid species.&#13;
&#13;
SUPPLEMENTARY FIGURE 4. Maximum likelihood phylogram of diploid and&#13;
polyploid species.</dim:field>
<dim:field element="relation" qualifier="ispartof" language="en" mdschema="dc">doi:10.5061/dryad.1005</dim:field>
<dim:field element="rights" qualifier="uri" language="en" mdschema="dc">http://creativecommons.org/publicdomain/zero/1.0/</dim:field>
<dim:field element="subject" language="en" mdschema="dc">allopolyploid</dim:field>
<dim:field element="subject" language="en" mdschema="dc">autopolyploid</dim:field>
<dim:field element="title" language="en" mdschema="dc">Supplementary Figures 1-4</dim:field>
<dim:field element="type" language="en" mdschema="dc">Dataset</dim:field>
<dim:field element="status" language="" mdschema="dryad">scanned</dim:field>
<dim:field element="dryad" qualifier="pageviews">167</dim:field>
<dim:field element="dryad" qualifier="downloads">54</dim:field>
</dim:dim>
</mets:xmlData>
</mets:mdWrap>
</mets:dmdSec>
<mets:fileSec>
<mets:fileGrp USE="CONTENT">
<mets:file CHECKSUMTYPE="MD5" GROUPID="group_file_884" ID="file_884" MIMETYPE="application/pdf" SIZE="155589" CHECKSUM="a996e9669d228ad1cf97a9f9e96e3a53">
<mets:FLocat LOCTYPE="URL" xlink:title="Rodriguez SystBot vol 34 p 207 suppl figs. 1-4.pdf" xlink:type="locator" xlink:href="/bitstream/handle/10255/dryad.1006/Rodriguez%20SystBot%20vol%2034%20p%20207%20suppl%20figs.%201-4.pdf?sequence=1"/>
</mets:file>
</mets:fileGrp>
<mets:fileGrp USE="TEXT">
<mets:file CHECKSUMTYPE="MD5" GROUPID="group_file_884" ID="file_1519" MIMETYPE="text/plain" SIZE="4472" CHECKSUM="001fee922dc730696e5a75660a4855cf">
<mets:FLocat LOCTYPE="URL" xlink:title="Rodriguez SystBot vol 34 p 207 suppl figs. 1-4.pdf.txt" xlink:label="Extracted text" xlink:type="locator" xlink:href="/bitstream/handle/10255/dryad.1006/Rodriguez%20SystBot%20vol%2034%20p%20207%20suppl%20figs.%201-4.pdf.txt?sequence=2"/>
</mets:file>
</mets:fileGrp>
</mets:fileSec>
<mets:structMap LABEL="DSpace" TYPE="LOGICAL">
<mets:div DMDID="dmd_1" TYPE="DSpace Item">
<mets:div ID="div_2" TYPE="DSpace Content Bitstream">
<mets:fptr FILEID="file_884"/>
</mets:div>
</mets:div>
</mets:structMap>
</mets:METS>
