<?xml version="1.0" encoding="UTF-8"?>
<mets:METS xmlns:mets="http://www.loc.gov/METS/" xmlns:xlink="http://www.w3.org/TR/xlink/" xmlns:xsi="http://www.w3.org/2001/XMLSchema-instance" xmlns:dim="http://www.dspace.org/xmlns/dspace/dim" OBJEDIT="/admin/item?itemID=45036" OBJID="/handle/10255/dryad.39986" PROFILE="DSPACE METS SIP Profile 1.0" LABEL="DSpace Item" ID="hdl:10255/dryad.39986">
<mets:dmdSec GROUPID="group_dmd_0" ID="dmd_1">
<mets:mdWrap MDTYPE="OTHER" OTHERMDTYPE="DIM">
<mets:xmlData>
<dim:dim dspaceType="ITEM">
<dim:field element="contributor" qualifier="author" language="" mdschema="dc">Mathew, Boby</dim:field>
<dim:field element="contributor" qualifier="author" language="" mdschema="dc">Bauer, Andrea M.</dim:field>
<dim:field element="contributor" qualifier="author" language="" mdschema="dc">Koistinen, Petri</dim:field>
<dim:field element="contributor" qualifier="author" language="" mdschema="dc">Reetz, Tobias C.</dim:field>
<dim:field element="contributor" qualifier="author" language="" mdschema="dc">Léon, Jens</dim:field>
<dim:field element="contributor" qualifier="author" language="" mdschema="dc">Sillanpää, Mikko J.</dim:field>
<dim:field element="date" qualifier="accessioned" language="" mdschema="dc">2012-05-31T15:19:13Z</dim:field>
<dim:field element="date" qualifier="available" mdschema="dc">2012-09-27T15:31:03Z</dim:field>
<dim:field element="date" qualifier="issued" language="" mdschema="dc">2012-05-31</dim:field>
<dim:field element="identifier" language="" mdschema="dc">doi:10.5061/dryad.0p88f/2</dim:field>
<dim:field element="identifier" language="" mdschema="dc">doi:10.5061/dryad.0p88f/2</dim:field>
<dim:field element="identifier" qualifier="uri" language="" mdschema="dc">http://hdl.handle.net/10255/dryad.39986</dim:field>
<dim:field element="description" language="" mdschema="dc">The numerator relationship matrix A, which describes additive genetic relationships among 82 lines, calculated from pedigree information.</dim:field>
<dim:field element="relation" qualifier="ispartof" language="" mdschema="dc">doi:10.5061/dryad.0p88f</dim:field>
<dim:field element="rights" qualifier="uri" language="" mdschema="dc">http://creativecommons.org/publicdomain/zero/1.0/</dim:field>
<dim:field element="title" language="" mdschema="dc">Additive_relashioship_matrix</dim:field>
<dim:field element="type" language="*" mdschema="dc">Dataset</dim:field>
<dim:field element="type" qualifier="embargo" language="" mdschema="dc">untilArticleAppears</dim:field>
<dim:field element="dryad" qualifier="pageviews">53</dim:field>
<dim:field element="dryad" qualifier="downloads">23</dim:field>
</dim:dim>
</mets:xmlData>
</mets:mdWrap>
</mets:dmdSec>
<mets:fileSec>
<mets:fileGrp USE="CONTENT">
<mets:file CHECKSUMTYPE="MD5" GROUPID="group_file_122664" ID="file_122664" MIMETYPE="text/plain" SIZE="15796" CHECKSUM="b2e9f526d9093102401770a6af96ee36">
<mets:FLocat LOCTYPE="URL" xlink:title="Additive_relashioship_matrix.txt" xlink:label="dataset-file" xlink:type="locator" xlink:href="/bitstream/handle/10255/dryad.39986/Additive_relashioship_matrix.txt?sequence=1"/>
</mets:file>
</mets:fileGrp>
</mets:fileSec>
<mets:structMap LABEL="DSpace" TYPE="LOGICAL">
<mets:div DMDID="dmd_1" TYPE="DSpace Item">
<mets:div ID="div_2" TYPE="DSpace Content Bitstream">
<mets:fptr FILEID="file_122664"/>
</mets:div>
</mets:div>
</mets:structMap>
</mets:METS>
