<?xml version="1.0" encoding="UTF-8"?>
<mets:METS xmlns:mets="http://www.loc.gov/METS/" xmlns:xlink="http://www.w3.org/TR/xlink/" xmlns:xsi="http://www.w3.org/2001/XMLSchema-instance" xmlns:dim="http://www.dspace.org/xmlns/dspace/dim" OBJEDIT="/admin/item?itemID=217" OBJID="/handle/10255/dryad.197" PROFILE="DSPACE METS SIP Profile 1.0" LABEL="DSpace Item" ID="hdl:10255/dryad.197">
<mets:dmdSec GROUPID="group_dmd_0" ID="dmd_1">
<mets:mdWrap MDTYPE="OTHER" OTHERMDTYPE="DIM">
<mets:xmlData>
<dim:dim dspaceType="ITEM">
<dim:field element="contributor" qualifier="author" language="" mdschema="dc">Newton, Alicia</dim:field>
<dim:field element="contributor" qualifier="author" language="" mdschema="dc">Pistiner, Janna</dim:field>
<dim:field element="coverage" qualifier="spatial" language="" mdschema="dc">Santa Cruz, Cerro Media Luna</dim:field>
<dim:field element="date" qualifier="accessioned" language="" mdschema="dc">2008-10-02T16:33:51Z</dim:field>
<dim:field element="date" qualifier="available" language="" mdschema="dc">2008-10-02T16:33:51Z</dim:field>
<dim:field element="date" qualifier="issued" language="" mdschema="dc">1999-08</dim:field>
<dim:field element="identifier" mdschema="dc">doi:10.5061/dryad.159/3</dim:field>
<dim:field element="identifier" qualifier="uri" language="" mdschema="dc">http://hdl.handle.net/10255/dryad.197</dim:field>
<dim:field element="description" language="en_US" mdschema="dc">Looking south toward Puerto Ayora and Academy Bay from the Miconia zone on Cerro Media Luna. &#13;
&#13;
This is a partial panorama -- it does not revolve completely.</dim:field>
<dim:field element="relation" qualifier="ispartof" language="" mdschema="dc">http://hdl.handle.net/10255/dryad.159</dim:field>
<dim:field element="rights" qualifier="uri" language="" mdschema="dc">http://datadryad.org/bitstream/handle/10255/dryad.197/license.txt?sequence=2</dim:field>
<dim:field element="subject" language="en_US" mdschema="dc">Miconia zone</dim:field>
<dim:field element="subject" language="en_US" mdschema="dc">Cerro Media Luna</dim:field>
<dim:field element="title" language="en_US" mdschema="dc">Partial Panorama Showing Puerto Ayora from the Shoulder of Media Luna</dim:field>
<dim:field element="type" language="en_US" mdschema="dc">Image</dim:field>
<dim:field element="dryad" qualifier="pageviews">560</dim:field>
<dim:field element="dryad" qualifier="downloads">331</dim:field>
</dim:dim>
</mets:xmlData>
</mets:mdWrap>
</mets:dmdSec>
<mets:fileSec>
<mets:fileGrp USE="CONTENT">
<mets:file CHECKSUMTYPE="MD5" GROUPID="group_file_399" ID="file_399" MIMETYPE="video/quicktime" SIZE="219579" CHECKSUM="ef48b048c2f630afaa1bbcd19ddc5c72">
<mets:FLocat LOCTYPE="URL" xlink:title="MedLunOvrLk.mov" xlink:type="locator" xlink:href="/bitstream/handle/10255/dryad.197/MedLunOvrLk.mov?sequence=1"/>
</mets:file>
</mets:fileGrp>
<mets:fileGrp USE="LICENSE">
<mets:file CHECKSUMTYPE="MD5" GROUPID="group_file_400" ID="file_400" MIMETYPE="text/plain" SIZE="784" CHECKSUM="b1367e8b8e9cec0ecefde0741c91bfbc">
<mets:FLocat LOCTYPE="URL" xlink:title="license.txt" xlink:type="locator" xlink:href="/bitstream/handle/10255/dryad.197/license.txt?sequence=2"/>
</mets:file>
</mets:fileGrp>
</mets:fileSec>
<mets:structMap LABEL="DSpace" TYPE="LOGICAL">
<mets:div DMDID="dmd_1" TYPE="DSpace Item">
<mets:div ID="div_2" TYPE="DSpace Content Bitstream">
<mets:fptr FILEID="file_399"/>
</mets:div>
</mets:div>
</mets:structMap>
</mets:METS>
