<?xml version="1.0" encoding="UTF-8"?>
<mets:METS xmlns:mets="http://www.loc.gov/METS/" xmlns:xlink="http://www.w3.org/TR/xlink/" xmlns:xsi="http://www.w3.org/2001/XMLSchema-instance" xmlns:dim="http://www.dspace.org/xmlns/dspace/dim" OBJEDIT="/admin/item?itemID=165" OBJID="/handle/10255/dryad.153" PROFILE="DSPACE METS SIP Profile 1.0" LABEL="DSpace Item" ID="hdl:10255/dryad.153">
<mets:dmdSec GROUPID="group_dmd_0" ID="dmd_1">
<mets:mdWrap MDTYPE="OTHER" OTHERMDTYPE="DIM">
<mets:xmlData>
<dim:dim dspaceType="ITEM">
<dim:field element="contributor" qualifier="author" language="" mdschema="dc">Sulloway, Frank J.</dim:field>
<dim:field element="date" qualifier="accessioned" language="" mdschema="dc">2008-05-30T13:06:54Z</dim:field>
<dim:field element="date" qualifier="available" language="" mdschema="dc">2008-05-30T13:06:54Z</dim:field>
<dim:field element="date" qualifier="issued" language="" mdschema="dc">1999</dim:field>
<dim:field element="identifier" mdschema="dc">doi:10.5061/dryad.154/1</dim:field>
<dim:field element="identifier" qualifier="uri" language="" mdschema="dc">http://hdl.handle.net/10255/dryad.153</dim:field>
<dim:field element="description" language="en_US" mdschema="dc">Sulloway's measurements of the finches collected during Darwin's journey on the Beagle.</dim:field>
<dim:field element="relation" qualifier="ispartof" language="" mdschema="dc">http://hdl.handle.net/10255/dryad.154</dim:field>
<dim:field element="rights" qualifier="uri" language="" mdschema="dc">http://datadryad.org/bitstream/handle/10255/dryad.153/license.txt?sequence=2</dim:field>
<dim:field element="subject" language="en_US" mdschema="dc">Darwin's finches</dim:field>
<dim:field element="subject" language="en_US" mdschema="dc">beak</dim:field>
<dim:field element="title" language="en_US" mdschema="dc">Morphological Measurements of Galapagos Finches</dim:field>
<dim:field element="type" language="en_US" mdschema="dc">Dataset</dim:field>
<dim:field element="ScientificName" language="" mdschema="dwc">Geospizinae</dim:field>
<dim:field element="dryad" qualifier="pageviews">384</dim:field>
<dim:field element="dryad" qualifier="downloads">400</dim:field>
</dim:dim>
</mets:xmlData>
</mets:mdWrap>
</mets:dmdSec>
<mets:fileSec>
<mets:fileGrp USE="CONTENT">
<mets:file CHECKSUMTYPE="MD5" GROUPID="group_file_302" ID="file_302" MIMETYPE="application/octet-stream" SIZE="5882" CHECKSUM="8959d17a48624a4828517e288a9b15a6">
<mets:FLocat LOCTYPE="URL" xlink:title="morphSulloway.TAB" xlink:type="locator" xlink:href="/bitstream/handle/10255/dryad.153/morphSulloway.TAB?sequence=1"/>
</mets:file>
<mets:file CHECKSUMTYPE="MD5" GROUPID="group_file_15061" ID="file_15061" MIMETYPE="application/vnd.ms-excel" SIZE="31744" CHECKSUM="605519c582fb024c0c0821c0097f2173">
<mets:FLocat LOCTYPE="URL" xlink:title="morphSulloway.xls" xlink:label="" xlink:type="locator" xlink:href="/bitstream/handle/10255/dryad.153/morphSulloway.xls?sequence=3"/>
</mets:file>
</mets:fileGrp>
<mets:fileGrp USE="LICENSE">
<mets:file CHECKSUMTYPE="MD5" GROUPID="group_file_303" ID="file_303" MIMETYPE="text/plain" SIZE="790" CHECKSUM="33797ba9966142a048c25923b53c6963">
<mets:FLocat LOCTYPE="URL" xlink:title="license.txt" xlink:type="locator" xlink:href="/bitstream/handle/10255/dryad.153/license.txt?sequence=2"/>
</mets:file>
</mets:fileGrp>
</mets:fileSec>
<mets:structMap LABEL="DSpace" TYPE="LOGICAL">
<mets:div DMDID="dmd_1" TYPE="DSpace Item">
<mets:div ID="div_2" TYPE="DSpace Content Bitstream">
<mets:fptr FILEID="file_302"/>
</mets:div>
<mets:div ID="div_3" TYPE="DSpace Content Bitstream">
<mets:fptr FILEID="file_15061"/>
</mets:div>
</mets:div>
</mets:structMap>
</mets:METS>
