<?xml version="1.0" encoding="UTF-8"?>
<mets:METS xmlns:mets="http://www.loc.gov/METS/" xmlns:xlink="http://www.w3.org/TR/xlink/" xmlns:xsi="http://www.w3.org/2001/XMLSchema-instance" xmlns:dim="http://www.dspace.org/xmlns/dspace/dim" OBJEDIT="/admin/item?itemID=1363" OBJID="/handle/10255/dryad.1195" PROFILE="DSPACE METS SIP Profile 1.0" LABEL="DSpace Item" ID="hdl:10255/dryad.1195">
<mets:dmdSec GROUPID="group_dmd_0" ID="dmd_1">
<mets:mdWrap MDTYPE="OTHER" OTHERMDTYPE="DIM">
<mets:xmlData>
<dim:dim dspaceType="ITEM">
<dim:field element="contributor" qualifier="author" language="en" mdschema="dc">Morjan, Carrie L</dim:field>
<dim:field element="contributor" qualifier="author" language="en" mdschema="dc">Rieseberg, Loren H</dim:field>
<dim:field element="date" qualifier="accessioned" language="" mdschema="dc">2010-01-15T15:11:53Z</dim:field>
<dim:field element="date" qualifier="available" language="" mdschema="dc">2010-01-15T15:11:53Z</dim:field>
<dim:field element="date" qualifier="issued" language="" mdschema="dc">2010-01-15T15:11:53Z</dim:field>
<dim:field element="identifier" mdschema="dc">doi:10.5061/dryad.1194/1</dim:field>
<dim:field element="identifier" qualifier="uri" language="" mdschema="dc">http://hdl.handle.net/10255/dryad.1195</dim:field>
<dim:field element="description" language="en" mdschema="dc">Supplementary material for publication.  Measures of population subdivision for fungi, bacteria, plants, and animals.  Selection gradients and differentials for studies with experimentally enhanced phenotypic variation.  Effects of quantitative trait loci for animal crosses.</dim:field>
<dim:field element="relation" qualifier="ispartof" language="en" mdschema="dc">doi:10.5061/dryad.1194</dim:field>
<dim:field element="rights" qualifier="uri" language="en" mdschema="dc">http://creativecommons.org/publicdomain/zero/1.0/</dim:field>
<dim:field element="subject" language="en" mdschema="dc">advantageous mutations</dim:field>
<dim:field element="subject" language="en" mdschema="dc">gene flow</dim:field>
<dim:field element="subject" language="en" mdschema="dc">migration</dim:field>
<dim:field element="subject" language="en" mdschema="dc">QTLs</dim:field>
<dim:field element="subject" language="en" mdschema="dc">selection gradient</dim:field>
<dim:field element="title" language="en" mdschema="dc">MorjanSupplementaryMaterial.docx</dim:field>
<dim:field element="type" language="en" mdschema="dc">Dataset</dim:field>
<dim:field element="status" language="" mdschema="dryad">scanned</dim:field>
<dim:field element="dryad" qualifier="pageviews">159</dim:field>
<dim:field element="dryad" qualifier="downloads">150</dim:field>
</dim:dim>
</mets:xmlData>
</mets:mdWrap>
</mets:dmdSec>
<mets:fileSec>
<mets:fileGrp USE="CONTENT">
<mets:file CHECKSUMTYPE="MD5" GROUPID="group_file_982" ID="file_982" MIMETYPE="application/octet-stream" SIZE="426352" CHECKSUM="14edea37c383091a551e7b4ec1ee0a02">
<mets:FLocat LOCTYPE="URL" xlink:title="MorjanSupplementaryMaterial.docx" xlink:type="locator" xlink:href="/bitstream/handle/10255/dryad.1195/MorjanSupplementaryMaterial.docx?sequence=1"/>
</mets:file>
</mets:fileGrp>
</mets:fileSec>
<mets:structMap LABEL="DSpace" TYPE="LOGICAL">
<mets:div DMDID="dmd_1" TYPE="DSpace Item">
<mets:div ID="div_2" TYPE="DSpace Content Bitstream">
<mets:fptr FILEID="file_982"/>
</mets:div>
</mets:div>
</mets:structMap>
</mets:METS>
