<?xml version="1.0" encoding="UTF-8"?>
<mets:METS xmlns:mets="http://www.loc.gov/METS/" xmlns:xlink="http://www.w3.org/TR/xlink/" xmlns:xsi="http://www.w3.org/2001/XMLSchema-instance" xmlns:dim="http://www.dspace.org/xmlns/dspace/dim" OBJEDIT="/admin/item?itemID=47480" OBJID="/handle/10255/dryad.41609" PROFILE="DSPACE METS SIP Profile 1.0" LABEL="DSpace Item" ID="hdl:10255/dryad.41609">
<mets:dmdSec GROUPID="group_dmd_0" ID="dmd_1">
<mets:mdWrap MDTYPE="OTHER" OTHERMDTYPE="DIM">
<mets:xmlData>
<dim:dim dspaceType="ITEM">
<dim:field element="contributor" qualifier="author" mdschema="dc">O'Neill, Eric</dim:field>
<dim:field element="contributor" qualifier="author" mdschema="dc">Schwartz, Rachel</dim:field>
<dim:field element="contributor" qualifier="author" mdschema="dc">Bullock, C.</dim:field>
<dim:field element="contributor" qualifier="author" mdschema="dc">Williams, Joshua</dim:field>
<dim:field element="contributor" qualifier="author" mdschema="dc">Shaffer, H.</dim:field>
<dim:field element="contributor" qualifier="author" mdschema="dc">Aguilar-Miguel, X.</dim:field>
<dim:field element="contributor" qualifier="author" mdschema="dc">Parra-Olea, Gabriela</dim:field>
<dim:field element="contributor" qualifier="author" mdschema="dc">Weisrock, David</dim:field>
<dim:field element="coverage" qualifier="spatial" language="" mdschema="dc">North America</dim:field>
<dim:field element="date" qualifier="accessioned" mdschema="dc">2012-08-30T17:21:49Z</dim:field>
<dim:field element="date" qualifier="issued" mdschema="dc">2012-08-30</dim:field>
<dim:field element="identifier" mdschema="dc">doi:10.5061/dryad.03s86/5</dim:field>
<dim:field element="identifier" qualifier="uri" mdschema="dc">http://hdl.handle.net/10255/dryad.41609</dim:field>
<dim:field element="description" language="" mdschema="dc">Scripts, barcodes, and reference sequences used for bioinformatics.</dim:field>
<dim:field element="relation" qualifier="ispartof" mdschema="dc">doi:10.5061/dryad.03s86</dim:field>
<dim:field element="rights" qualifier="uri" mdschema="dc">http://creativecommons.org/publicdomain/zero/1.0/</dim:field>
<dim:field element="subject" confidence="NOVALUE" language="" mdschema="dc">Amphibians</dim:field>
<dim:field element="subject" confidence="NOVALUE" language="" mdschema="dc">Bioinfomatics/Phyloinfomatics</dim:field>
<dim:field element="subject" confidence="NOVALUE" language="" mdschema="dc">Conservation Genetics</dim:field>
<dim:field element="subject" confidence="NOVALUE" language="" mdschema="dc">Phylogeography</dim:field>
<dim:field element="subject" confidence="NOVALUE" language="" mdschema="dc">Population Genetics - Empirical</dim:field>
<dim:field element="subject" confidence="NOVALUE" language="" mdschema="dc">Speciation</dim:field>
<dim:field element="title" language="" mdschema="dc">Next Allele Files</dim:field>
<dim:field element="type" language="*" mdschema="dc">Dataset</dim:field>
<dim:field element="ScientificName" confidence="NOVALUE" language="" mdschema="dwc">Ambystoma</dim:field>
<dim:field element="date" qualifier="embargoedUntil" mdschema="dc">9999-01-01</dim:field>
<dim:field element="type" qualifier="embargo" language="" mdschema="dc">untilArticleAppears</dim:field>
<dim:field element="dryad" qualifier="pageviews">74</dim:field>
<dim:field element="dryad" qualifier="downloads">1</dim:field>
</dim:dim>
</mets:xmlData>
</mets:mdWrap>
</mets:dmdSec>
<mets:fileSec/>
<mets:structMap LABEL="DSpace" TYPE="LOGICAL">
<mets:div DMDID="dmd_1" TYPE="DSpace Item"/>
</mets:structMap>
</mets:METS>
