<?xml version="1.0" encoding="UTF-8"?>
<mets:METS xmlns:mets="http://www.loc.gov/METS/" xmlns:xlink="http://www.w3.org/TR/xlink/" xmlns:xsi="http://www.w3.org/2001/XMLSchema-instance" xmlns:dim="http://www.dspace.org/xmlns/dspace/dim" OBJEDIT="/admin/item?itemID=39208" OBJID="/handle/10255/dryad.36143" PROFILE="DSPACE METS SIP Profile 1.0" LABEL="DSpace Item" ID="hdl:10255/dryad.36143">
<mets:dmdSec GROUPID="group_dmd_0" ID="dmd_1">
<mets:mdWrap MDTYPE="OTHER" OTHERMDTYPE="DIM">
<mets:xmlData>
<dim:dim dspaceType="ITEM">
<dim:field element="contributor" qualifier="author" language="" mdschema="dc">Beldade, Patricia</dim:field>
<dim:field element="contributor" qualifier="author" language="" mdschema="dc">Jerónimo, Maria A.</dim:field>
<dim:field element="contributor" qualifier="author" language="" mdschema="dc">Saenko, Suzanne V.</dim:field>
<dim:field element="date" qualifier="accessioned" language="" mdschema="dc">2011-11-22T18:06:49Z</dim:field>
<dim:field element="date" qualifier="available" mdschema="dc">2013-02-06T16:48:50Z</dim:field>
<dim:field element="date" qualifier="issued" language="" mdschema="dc">2011-11-22</dim:field>
<dim:field element="identifier" mdschema="dc">doi:10.5061/dryad.1925530c/1</dim:field>
<dim:field element="identifier" qualifier="uri" language="" mdschema="dc">http://hdl.handle.net/10255/dryad.36143</dim:field>
<dim:field element="description" language="" mdschema="dc">This file contains phenotypes and genotypes of Bicyclus anynana individuals used in the analysis of linkage between melanine and Ba_black, and Chocolate and Ba_CSAD loci.</dim:field>
<dim:field element="relation" qualifier="ispartof" language="" mdschema="dc">doi:10.5061/dryad.1925530c</dim:field>
<dim:field element="rights" qualifier="uri" language="" mdschema="dc">http://creativecommons.org/publicdomain/zero/1.0/</dim:field>
<dim:field element="subject" language="" mdschema="dc">evo-devo</dim:field>
<dim:field element="subject" language="" mdschema="dc">pigmentation</dim:field>
<dim:field element="subject" language="" mdschema="dc">melanogenesis</dim:field>
<dim:field element="subject" language="" mdschema="dc">PLP-dependent enzyme</dim:field>
<dim:field element="subject" language="" mdschema="dc">black</dim:field>
<dim:field element="title" language="" mdschema="dc">Saenko_data archive</dim:field>
<dim:field element="type" language="*" mdschema="dc">Dataset</dim:field>
<dim:field element="ScientificName" language="" mdschema="dwc">Bicyclus anynana</dim:field>
<dim:field element="ScientificName" language="" mdschema="dwc">Lepidoptera</dim:field>
<dim:field element="type" qualifier="embargo" language="" mdschema="dc">oneyear</dim:field>
<dim:field element="dryad" qualifier="pageviews">86</dim:field>
<dim:field element="dryad" qualifier="downloads">16</dim:field>
</dim:dim>
</mets:xmlData>
</mets:mdWrap>
</mets:dmdSec>
<mets:fileSec>
<mets:fileGrp USE="CONTENT">
<mets:file CHECKSUMTYPE="MD5" GROUPID="group_file_117719" ID="file_117719" MIMETYPE="application/vnd.ms-excel" SIZE="56832" CHECKSUM="355c0bead325d5938ecf37218caa06b8">
<mets:FLocat LOCTYPE="URL" xlink:title="Saenko_data archive.xls" xlink:label="dataset-file" xlink:type="locator" xlink:href="/bitstream/handle/10255/dryad.36143/Saenko_data%20archive.xls?sequence=1"/>
</mets:file>
</mets:fileGrp>
</mets:fileSec>
<mets:structMap LABEL="DSpace" TYPE="LOGICAL">
<mets:div DMDID="dmd_1" TYPE="DSpace Item">
<mets:div ID="div_2" TYPE="DSpace Content Bitstream">
<mets:fptr FILEID="file_117719"/>
</mets:div>
</mets:div>
</mets:structMap>
</mets:METS>
