<?xml version="1.0" encoding="UTF-8"?>
<mets:METS xmlns:mets="http://www.loc.gov/METS/" xmlns:xlink="http://www.w3.org/TR/xlink/" xmlns:xsi="http://www.w3.org/2001/XMLSchema-instance" xmlns:dim="http://www.dspace.org/xmlns/dspace/dim" OBJEDIT="/admin/item?itemID=40819" OBJID="/handle/10255/dryad.37220" PROFILE="DSPACE METS SIP Profile 1.0" LABEL="DSpace Item" ID="hdl:10255/dryad.37220">
<mets:dmdSec GROUPID="group_dmd_0" ID="dmd_1">
<mets:mdWrap MDTYPE="OTHER" OTHERMDTYPE="DIM">
<mets:xmlData>
<dim:dim dspaceType="ITEM">
<dim:field element="date" qualifier="accessioned" mdschema="dc">2012-01-12T16:19:58Z</dim:field>
<dim:field element="date" qualifier="available" mdschema="dc">2012-02-23T16:39:17Z</dim:field>
<dim:field element="date" qualifier="issued" mdschema="dc">2012-01-12</dim:field>
<dim:field element="identifier" mdschema="dc">doi:10.5061/dryad.1154dd89/2</dim:field>
<dim:field element="identifier" qualifier="uri" mdschema="dc">http://hdl.handle.net/10255/dryad.37220</dim:field>
<dim:field element="description" language="" mdschema="dc">Please see ReadMe file</dim:field>
<dim:field element="relation" qualifier="ispartof" mdschema="dc">doi:10.5061/dryad.1154dd89</dim:field>
<dim:field element="rights" qualifier="uri" mdschema="dc">http://creativecommons.org/publicdomain/zero/1.0/</dim:field>
<dim:field element="title" language="" mdschema="dc">Sharpe et al_R argentea egg size and fecundity</dim:field>
<dim:field element="type" language="*" mdschema="dc">Dataset</dim:field>
<dim:field element="ScientificName" language="" mdschema="dwc">Lates niloticus</dim:field>
<dim:field element="type" qualifier="embargo" language="" mdschema="dc">untilArticleAppears</dim:field>
<dim:field element="dryad" qualifier="pageviews">93</dim:field>
<dim:field element="dryad" qualifier="downloads">85</dim:field>
</dim:dim>
</mets:xmlData>
</mets:mdWrap>
</mets:dmdSec>
<mets:fileSec>
<mets:fileGrp USE="CONTENT">
<mets:file CHECKSUMTYPE="MD5" GROUPID="group_file_119264" ID="file_119264" MIMETYPE="text/csv" SIZE="57520" CHECKSUM="85d09c082d4c850658dd0d8632c678f6">
<mets:FLocat LOCTYPE="URL" xlink:title="Sharpe et al_R argentea egg size and fecundity.csv" xlink:label="dataset-file" xlink:type="locator" xlink:href="/bitstream/handle/10255/dryad.37220/Sharpe%20et%20al_R%20argentea%20egg%20size%20and%20fecundity.csv?sequence=1"/>
</mets:file>
<mets:file CHECKSUMTYPE="MD5" GROUPID="group_file_119266" ID="file_119266" MIMETYPE="text/plain" SIZE="2564" CHECKSUM="d2d1b3b1b065680608e26e614fa46f42">
<mets:FLocat LOCTYPE="URL" xlink:title="README.txt" xlink:label="dc_readme" xlink:type="locator" xlink:href="/bitstream/handle/10255/dryad.37220/README.txt?sequence=3"/>
</mets:file>
</mets:fileGrp>
<mets:fileGrp USE="TEXT">
<mets:file CHECKSUMTYPE="MD5" GROUPID="group_file_119266" ID="file_119299" MIMETYPE="text/plain" SIZE="2511" CHECKSUM="89eadf5e2698f7f448a189c9884e6d26">
<mets:FLocat LOCTYPE="URL" xlink:title="README.txt.txt" xlink:label="Extracted text" xlink:type="locator" xlink:href="/bitstream/handle/10255/dryad.37220/README.txt.txt?sequence=4"/>
</mets:file>
</mets:fileGrp>
</mets:fileSec>
<mets:structMap LABEL="DSpace" TYPE="LOGICAL">
<mets:div DMDID="dmd_1" TYPE="DSpace Item">
<mets:div ID="div_2" TYPE="DSpace Content Bitstream">
<mets:fptr FILEID="file_119264"/>
</mets:div>
<mets:div ID="div_3" TYPE="DSpace Content Bitstream">
<mets:fptr FILEID="file_119266"/>
</mets:div>
</mets:div>
</mets:structMap>
</mets:METS>
