<?xml version="1.0" encoding="UTF-8"?>
<mets:METS xmlns:mets="http://www.loc.gov/METS/" xmlns:xlink="http://www.w3.org/TR/xlink/" xmlns:xsi="http://www.w3.org/2001/XMLSchema-instance" xmlns:dim="http://www.dspace.org/xmlns/dspace/dim" OBJEDIT="/admin/item?itemID=1347" OBJID="/handle/10255/dryad.1182" PROFILE="DSPACE METS SIP Profile 1.0" LABEL="DSpace Item" ID="hdl:10255/dryad.1182">
<mets:dmdSec GROUPID="group_dmd_0" ID="dmd_1">
<mets:mdWrap MDTYPE="OTHER" OTHERMDTYPE="DIM">
<mets:xmlData>
<dim:dim dspaceType="ITEM">
<dim:field element="contributor" qualifier="author" language="en" mdschema="dc">Tomašových, Adam</dim:field>
<dim:field element="contributor" qualifier="author" language="en" mdschema="dc">Kidwell, Susan M.</dim:field>
<dim:field element="date" qualifier="accessioned" language="" mdschema="dc">2010-01-11T19:58:47Z</dim:field>
<dim:field element="date" qualifier="available" language="" mdschema="dc">2010-01-11T19:58:47Z</dim:field>
<dim:field element="date" qualifier="issued" language="" mdschema="dc">2010-01-11T19:58:47Z</dim:field>
<dim:field element="identifier" mdschema="dc">doi:10.5061/dryad.1172/3</dim:field>
<dim:field element="identifier" qualifier="uri" language="" mdschema="dc">http://hdl.handle.net/10255/dryad.1182</dim:field>
<dim:field element="description" language="en" mdschema="dc">Five vectors with simulated abundances of individual ostracod species for the Lake Tanganyika in neutral metacommunities differing in the migration rates (m = 0.005, m = 0.05, m = 0.145, m = 0.25, m = 0.5). Format: .Rdata files for R-language</dim:field>
<dim:field element="relation" qualifier="ispartof" language="en" mdschema="dc">doi:10.5061/dryad.1172</dim:field>
<dim:field element="rights" qualifier="uri" language="en" mdschema="dc">http://creativecommons.org/publicdomain/zero/1.0/</dim:field>
<dim:field element="subject" language="en" mdschema="dc">Macroecology</dim:field>
<dim:field element="subject" language="en" mdschema="dc">Metacommunities</dim:field>
<dim:field element="subject" language="en" mdschema="dc">Paleoecology</dim:field>
<dim:field element="subject" language="en" mdschema="dc">Species diversity</dim:field>
<dim:field element="title" language="en" mdschema="dc">Copano-SADs of metacommunities.Rdata</dim:field>
<dim:field element="type" language="en" mdschema="dc">Dataset</dim:field>
<dim:field element="status" language="" mdschema="dryad">scanned</dim:field>
<dim:field element="dryad" qualifier="pageviews">161</dim:field>
<dim:field element="dryad" qualifier="downloads">48</dim:field>
</dim:dim>
</mets:xmlData>
</mets:mdWrap>
</mets:dmdSec>
<mets:fileSec>
<mets:fileGrp USE="CONTENT">
<mets:file CHECKSUMTYPE="MD5" GROUPID="group_file_978" ID="file_978" MIMETYPE="application/octet-stream" SIZE="767" CHECKSUM="86a00c5ab250c28ae12466485c29dbad">
<mets:FLocat LOCTYPE="URL" xlink:title="Copano-SADs of metacommunities.Rdata" xlink:type="locator" xlink:href="/bitstream/handle/10255/dryad.1182/Copano-SADs%20of%20metacommunities.Rdata?sequence=1"/>
</mets:file>
</mets:fileGrp>
</mets:fileSec>
<mets:structMap LABEL="DSpace" TYPE="LOGICAL">
<mets:div DMDID="dmd_1" TYPE="DSpace Item">
<mets:div ID="div_2" TYPE="DSpace Content Bitstream">
<mets:fptr FILEID="file_978"/>
</mets:div>
</mets:div>
</mets:structMap>
</mets:METS>
