<?xml version="1.0" encoding="UTF-8"?>
<mets:METS xmlns:mets="http://www.loc.gov/METS/" xmlns:xlink="http://www.w3.org/TR/xlink/" xmlns:xsi="http://www.w3.org/2001/XMLSchema-instance" xmlns:dim="http://www.dspace.org/xmlns/dspace/dim" OBJEDIT="/admin/item?itemID=1458" OBJID="/handle/10255/dryad.1277" PROFILE="DSPACE METS SIP Profile 1.0" LABEL="DSpace Item" ID="hdl:10255/dryad.1277">
<mets:dmdSec GROUPID="group_dmd_0" ID="dmd_1">
<mets:mdWrap MDTYPE="OTHER" OTHERMDTYPE="DIM">
<mets:xmlData>
<dim:dim dspaceType="ITEM">
<dim:field element="contributor" qualifier="author" language="en" mdschema="dc">McBride, Carolyn</dim:field>
<dim:field element="contributor" qualifier="author" language="en" mdschema="dc">van Velzen, Robin</dim:field>
<dim:field element="contributor" qualifier="author" language="en" mdschema="dc">Larsen, Torben</dim:field>
<dim:field element="coverage" qualifier="spatial" language="en" mdschema="dc">Africa</dim:field>
<dim:field element="date" qualifier="accessioned" mdschema="dc">2010-03-02T15:30:33Z</dim:field>
<dim:field element="date" qualifier="available" mdschema="dc">2010-03-02T15:30:33Z</dim:field>
<dim:field element="date" qualifier="issued" mdschema="dc">2010-03-02T15:30:33Z</dim:field>
<dim:field element="identifier" mdschema="dc">doi:10.5061/dryad.1276/1</dim:field>
<dim:field element="identifier" qualifier="uri" mdschema="dc">http://hdl.handle.net/10255/dryad.1277</dim:field>
<dim:field element="description" language="en" mdschema="dc">Alignment file used for phylogenetic and population genetic analyses on "phylogenetic" dataset described in the article.</dim:field>
<dim:field element="relation" qualifier="ispartof" language="en" mdschema="dc">doi:10.5061/dryad.1276</dim:field>
<dim:field element="rights" qualifier="uri" language="en" mdschema="dc">http://creativecommons.org/publicdomain/zero/1.0/</dim:field>
<dim:field element="subject" language="en" mdschema="dc">Insects</dim:field>
<dim:field element="subject" language="en" mdschema="dc">Phylogeography</dim:field>
<dim:field element="subject" language="en" mdschema="dc">Speciation</dim:field>
<dim:field element="subject" language="en" mdschema="dc">Systematics</dim:field>
<dim:field element="title" language="en" mdschema="dc">C.egesta_alignment_4Dryad.nex</dim:field>
<dim:field element="type" language="en" mdschema="dc">Dataset</dim:field>
<dim:field element="ScientificName" language="en" mdschema="dwc">Cymothoe egesta</dim:field>
<dim:field element="ScientificName" language="en" mdschema="dwc">Cymothoe confusa</dim:field>
<dim:field element="status" language="" mdschema="dryad">scanned</dim:field>
<dim:field element="dryad" qualifier="pageviews">223</dim:field>
<dim:field element="dryad" qualifier="downloads">63</dim:field>
</dim:dim>
</mets:xmlData>
</mets:mdWrap>
</mets:dmdSec>
<mets:fileSec>
<mets:fileGrp USE="CONTENT">
<mets:file CHECKSUMTYPE="MD5" GROUPID="group_file_1014" ID="file_1014" MIMETYPE="text/plain" SIZE="89374" CHECKSUM="da5c302c4f9f28d36e7e431582118b31">
<mets:FLocat LOCTYPE="URL" xlink:title="C.egesta_alignment_4Dryad.nex" xlink:type="locator" xlink:href="/bitstream/handle/10255/dryad.1277/C.egesta_alignment_4Dryad.nex?sequence=1"/>
</mets:file>
</mets:fileGrp>
</mets:fileSec>
<mets:structMap LABEL="DSpace" TYPE="LOGICAL">
<mets:div DMDID="dmd_1" TYPE="DSpace Item">
<mets:div ID="div_2" TYPE="DSpace Content Bitstream">
<mets:fptr FILEID="file_1014"/>
</mets:div>
</mets:div>
</mets:structMap>
</mets:METS>
