<?xml version="1.0" encoding="UTF-8"?>
<mets:METS xmlns:mets="http://www.loc.gov/METS/" xmlns:xlink="http://www.w3.org/TR/xlink/" xmlns:xsi="http://www.w3.org/2001/XMLSchema-instance" xmlns:dim="http://www.dspace.org/xmlns/dspace/dim" OBJEDIT="/admin/item?itemID=47837" OBJID="/handle/10255/dryad.41832" PROFILE="DSPACE METS SIP Profile 1.0" LABEL="DSpace Item" ID="hdl:10255/dryad.41832">
<mets:dmdSec GROUPID="group_dmd_0" ID="dmd_1">
<mets:mdWrap MDTYPE="OTHER" OTHERMDTYPE="DIM">
<mets:xmlData>
<dim:dim dspaceType="ITEM">
<dim:field element="contributor" qualifier="author" mdschema="dc">Heuvel, Joost van den</dim:field>
<dim:field element="contributor" qualifier="author" mdschema="dc">Saastamoinen, Marjo</dim:field>
<dim:field element="contributor" qualifier="author" mdschema="dc">Brakefield, Paul M</dim:field>
<dim:field element="contributor" qualifier="author" mdschema="dc">Kirkwood, Thomas BL</dim:field>
<dim:field element="contributor" qualifier="author" mdschema="dc">Zwaan, Bas J</dim:field>
<dim:field element="contributor" qualifier="author" mdschema="dc">Shanley, Daryl P</dim:field>
<dim:field element="identifier" mdschema="dc">doi:10.5061/dryad.15k37</dim:field>
<dim:field element="description" language="" mdschema="dc">A predictive adaptive response (PAR) is a type of developmental plasticity where the response to an environmental cue is not advantageous immediately but instead later in life. The PAR is a way for organisms to maximize fitness in varying environments; it may have significance for many species including humans. Insects living in seasonal environments are valuable model systems for testing the existence and form of PAR. Previous manipulations of the larval and the adult environments of the butterfly Bicyclus anynana have shown that individuals that were food-restricted during the larval stage coped better with forced flight during the adult stage, compared to those with optimal conditions in the larval stage. Here, we describe a state-dependent energy allocation model, which we use to test whether such a response to food restriction could be adaptive in a natural situation where this butterfly exhibits seasonal cycles. The results from the model confirm the responses obtained in our previous experimental work and show how such an outcome was facilitated by resource allocation patterns to the thorax during the pupal stage. We conclude that for B. anynana, early-stage cues can direct development towards a better adapted phenotype later in life and, therefore, that a PAR has evolved in this species.</dim:field>
<dim:field element="subject" confidence="NOVALUE" language="" mdschema="dc">Ecology: evolutionary</dim:field>
<dim:field element="subject" confidence="NOVALUE" language="" mdschema="dc">Evolution: physiological</dim:field>
<dim:field element="subject" confidence="NOVALUE" language="" mdschema="dc">Life history</dim:field>
<dim:field element="subject" confidence="NOVALUE" language="" mdschema="dc">Modeling: individual based</dim:field>
<dim:field element="subject" confidence="NOVALUE" language="" mdschema="dc">Modeling: stochastic spatial</dim:field>
<dim:field element="subject" confidence="NOVALUE" language="" mdschema="dc">Phenotypic plasticity</dim:field>
<dim:field element="subject" confidence="NOVALUE" language="" mdschema="dc">Polymorphism</dim:field>
<dim:field element="subject" confidence="NOVALUE" language="" mdschema="dc">Resource allocation</dim:field>
<dim:field element="subject" confidence="NOVALUE" language="" mdschema="dc">Theory</dim:field>
<dim:field element="subject" confidence="NOVALUE" language="" mdschema="dc">Trade offs</dim:field>
<dim:field element="title" language="" mdschema="dc">Data from: The predictive adaptive response: modeling the life history evolution of the butterfly, Bicyclus anynana, in seasonal environments.</dim:field>
<dim:field element="type" language="*" mdschema="dc">Article</dim:field>
<dim:field element="ScientificName" confidence="ACCEPTED" language="" mdschema="dwc">Bicyclus anynana</dim:field>
<dim:field element="contributor" qualifier="correspondingAuthor" language="" mdschema="dc">Heuvel, Joost van den</dim:field>
<dim:field element="identifier" qualifier="manuscriptNumber" mdschema="dc">amNat-53345</dim:field>
<dim:field authority="465d0e3abc79cb1b6ebbd79951ff86c8" element="publicationName" confidence="UNCERTAIN" language="" mdschema="prism">The American Naturalist</dim:field>
<dim:field element="archive" qualifier="mailUsers" mdschema="workflow">pmorse@press.uchicago.edu</dim:field>
<dim:field element="archive" qualifier="mailUsers" mdschema="workflow">admin@datadryad.org</dim:field>
<dim:field element="archive" qualifier="mailUsers" mdschema="workflow">curator@datadryad.org</dim:field>
<dim:field element="submit" qualifier="skipReviewStage" mdschema="workflow">true</dim:field>
<dim:field element="workflow" qualifier="submitted" mdschema="internal">true</dim:field>
<dim:field element="review" qualifier="mailUsers" mdschema="workflow"/>
</dim:dim>
</mets:xmlData>
</mets:mdWrap>
</mets:dmdSec>
<mets:fileSec/>
<mets:structMap LABEL="DSpace" TYPE="LOGICAL">
<mets:div DMDID="dmd_1" TYPE="DSpace Item"/>
</mets:structMap>
</mets:METS>
