<?xml version="1.0" encoding="UTF-8"?>
<mets:METS xmlns:mets="http://www.loc.gov/METS/" xmlns:xlink="http://www.w3.org/TR/xlink/" xmlns:xsi="http://www.w3.org/2001/XMLSchema-instance" xmlns:dim="http://www.dspace.org/xmlns/dspace/dim" OBJEDIT="/admin/item?itemID=61214" OBJID="/handle/10255/dryad.50751" PROFILE="DSPACE METS SIP Profile 1.0" LABEL="DSpace Item" ID="hdl:10255/dryad.50751">
<mets:dmdSec GROUPID="group_dmd_0" ID="dmd_1">
<mets:mdWrap MDTYPE="OTHER" OTHERMDTYPE="DIM">
<mets:xmlData>
<dim:dim dspaceType="ITEM">
<dim:field element="contributor" qualifier="author" language="" mdschema="dc">Low-Décarie, Etienne</dim:field>
<dim:field element="contributor" qualifier="author" language="" mdschema="dc">Fussmann, Gregor F.</dim:field>
<dim:field element="contributor" qualifier="author" language="" mdschema="dc">Bell, Graham</dim:field>
<dim:field element="coverage" qualifier="spatial" language="" mdschema="dc">Laboratory</dim:field>
<dim:field element="coverage" qualifier="temporal" language="" mdschema="dc">Anthropocene</dim:field>
<dim:field element="date" qualifier="accessioned" language="" mdschema="dc">2013-06-12T18:31:53Z</dim:field>
<dim:field element="date" qualifier="available" language="" mdschema="dc">2013-06-12T18:31:53Z</dim:field>
<dim:field element="date" qualifier="issued" language="" mdschema="dc">2011-03-31</dim:field>
<dim:field element="identifier" language="" mdschema="dc">doi:10.5061/dryad.11504/1</dim:field>
<dim:field element="identifier" qualifier="uri" language="" mdschema="dc">http://hdl.handle.net/10255/dryad.50751</dim:field>
<dim:field element="description" language="" mdschema="dc">Laboratory study</dim:field>
<dim:field element="relation" qualifier="ispartof" language="" mdschema="dc">doi:10.5061/dryad.11504</dim:field>
<dim:field element="rights" qualifier="uri" language="" mdschema="dc">http://creativecommons.org/publicdomain/zero/1.0/</dim:field>
<dim:field element="subject" confidence="NOVALUE" language="" mdschema="dc">competition coefficient</dim:field>
<dim:field element="subject" confidence="NOVALUE" language="" mdschema="dc">ecological response</dim:field>
<dim:field element="subject" confidence="NOVALUE" language="" mdschema="dc">global change</dim:field>
<dim:field element="subject" confidence="NOVALUE" language="" mdschema="dc">photosynthesis</dim:field>
<dim:field element="subject" confidence="NOVALUE" language="" mdschema="dc">taxonomic group</dim:field>
<dim:field element="title" language="" mdschema="dc">Complete data and R analysis scripts</dim:field>
<dim:field element="type" language="*" mdschema="dc">Dataset</dim:field>
<dim:field element="ScientificName" confidence="NOVALUE" language="" mdschema="dwc">Phytoplankton</dim:field>
<dim:field element="ScientificName" confidence="NOVALUE" language="" mdschema="dwc">Chlorophytes</dim:field>
<dim:field element="ScientificName" confidence="NOVALUE" language="" mdschema="dwc">Diatoms</dim:field>
<dim:field element="ScientificName" confidence="NOVALUE" language="" mdschema="dwc">Cyanobacteria</dim:field>
<dim:field element="ScientificName" confidence="NOVALUE" language="" mdschema="dwc">Synechococcus leopoliensis</dim:field>
<dim:field element="ScientificName" confidence="NOVALUE" language="" mdschema="dwc">Anabaena variabilis</dim:field>
<dim:field element="ScientificName" confidence="NOVALUE" language="" mdschema="dwc">Navicula pelliculosa</dim:field>
<dim:field element="ScientificName" confidence="NOVALUE" language="" mdschema="dwc">Nitzschia palea</dim:field>
<dim:field element="ScientificName" confidence="NOVALUE" language="" mdschema="dwc">Pseudokirchneriella subcapitata</dim:field>
<dim:field element="ScientificName" confidence="NOVALUE" language="" mdschema="dwc">Scenedesmus acutus</dim:field>
<dim:field element="type" qualifier="embargo" language="en" mdschema="dc">none</dim:field>
<dim:field element="dryad" qualifier="pageviews">64</dim:field>
<dim:field element="dryad" qualifier="downloads">10</dim:field>
</dim:dim>
</mets:xmlData>
</mets:mdWrap>
</mets:dmdSec>
<mets:fileSec>
<mets:fileGrp USE="CONTENT">
<mets:file CHECKSUMTYPE="MD5" GROUPID="group_file_133763" ID="file_133763" MIMETYPE="application/zip" SIZE="37397" CHECKSUM="e222f39984a7f643961f11f0dfc5ca7a">
<mets:FLocat LOCTYPE="URL" xlink:title="Analysis.zip" xlink:label="dataset-file" xlink:type="locator" xlink:href="/bitstream/handle/10255/dryad.50751/Analysis.zip?sequence=1"/>
</mets:file>
</mets:fileGrp>
</mets:fileSec>
<mets:structMap LABEL="DSpace" TYPE="LOGICAL">
<mets:div DMDID="dmd_1" TYPE="DSpace Item">
<mets:div ID="div_2" TYPE="DSpace Content Bitstream">
<mets:fptr FILEID="file_133763"/>
</mets:div>
</mets:div>
</mets:structMap>
</mets:METS>
