Second,total_cpu_usage_usr,total_cpu_usage_sys,disk_read,disk_writ,mem_used,mem_free,mem_buff,mem_cach
1,22.587,4.421,882556.664,35066483.42,4417220608,17235931136,2241810432,40072982528
2,4.6,2.362,0,876544,4475318272,17182588928,2241810432,40069685248
3,4.764,2.875,0,2629632,4490682368,17177939968,2241814528,40062627840
4,3.315,3.357,0,2457600,4489510912,18053160960,2241822720,39204835328
5,4.089,2.685,0,1179648,4493115392,19669491712,2241835008,37625929728
6,2.895,3.557,0,2244608,4492529664,21930430464,2241843200,35416854528
7,4.421,2.851,0,2203648,4492148736,22296698880,2241859584,35062009856
8,4.559,2.86,0,1495040,4499021824,22327435264,2241888256,35025690624
9,4.26,3.681,0,1445888,4500807680,22328946688,2241892352,35024547840
10,4.894,1.991,0,405504,4506972160,22295187456,2241896448,35051921408
11,7.894,6.398,0,38490112,4691906560,22108688384,2241925120,35052310528
12,13.078,4.497,0,3993600,4754403328,22028210176,2241961984,35065143296
13,21.896,3.849,0,52330496,4963954688,21802663936,2241990656,35079360512
14,22.578,3.079,0,7421952,5066481664,21723328512,2242039808,35054653440
15,38.535,3.579,0,47345664,5201711104,21543858176,2242043904,35095064576
16,45.523,5.206,16384,8028160,5398724608,21234130944,2242060288,35205169152
17,32.331,1.88,0,1716224,5443592192,21180743680,2242064384,35213086720
18,4.38,1.585,4489216,1679360,5467176960,21148774400,2242064384,35221348352
19,4.037,1.706,0,21557248,5305532416,21310152704,2242068480,35221364736
20,4.42,0.375,0,0,5358247936,21257388032,2242068480,35221364736
21,1.417,1.292,0,1265664,5366398976,21249007616,2242068480,35221463040
22,0.583,1.373,0,0,5336023040,21279301632,2242068480,35221512192
23,0.25,1.335,0,0,5336600576,21278654464,2242068480,35221581824
24,0.417,0.96,0,0,5337399296,21277798400,2242068480,35221639168
25,0.543,0.501,0,0,5334376448,21280997376,2242068480,35221667840
26,0.5,1.166,0,81920,5333495808,21281898496,2242068480,35221872640
27,0.459,1.418,0,12288,5334773760,21280497664,2242068480,35221995520
28,1.584,1.751,0,2273280,5214699520,21401051136,2242072576,35221422080
29,4.292,0.833,0,0,5274214400,21341405184,2242072576,35221454848
30,3.63,0.834,0,1253376,5332557824,21282996224,2242084864,35221458944
31,0.292,1.336,0,0,5333897216,21281603584,2242084864,35221479424
32,4.196,1.454,0,671744,5350342656,21264691200,2242088960,35221475328
33,4.379,1.585,16384,352256,5399969792,21212934144,2242097152,35221540864
34,1.463,0.919,49152,13713408,5409607680,21202497536,2242129920,35222044672
35,5.442,1.246,0,1445888,5445718016,21166653440,2242129920,35221696512
36,4.669,1.751,0,0,5509001216,21103382528,2242129920,35221700608
37,4.287,1.525,0,12288,5541744640,21070635008,2242129920,35221704704
38,3.083,1.5,0,12288,5574021120,21038309376,2242129920,35221721088
39,3.044,0.584,0,0,5605167104,21007159296,2242129920,35221725184
40,2.836,1.71,0,86016,5636268032,20976058368,2242129920,35221725184
41,2.919,1.585,0,0,5664452608,20947869696,2242129920,35221729280
42,3.745,1.665,0,0,5688918016,20923400192,2242129920,35221733376
43,3.99,2.12,0,2334720,5270446080,21341773824,2242134016,35221762048
44,3.925,1.879,0,8429568,5275500544,21266837504,2242146304,35291627520
45,3.688,2.431,0,1093632,5277163520,21203210240,2242146304,35353591808
46,4.513,2.716,0,0,5278621696,21073453056,2242146304,35481890816
47,4.603,2.469,0,12288,5275680768,20912623616,2242146304,35645661184
48,4.521,2.302,0,0,5274689536,20756221952,2242146304,35803054080
49,3.455,1.873,19922944,6778880,5251649536,20705873920,2242166784,35876421632
50,3.254,1.836,0,1175552,5254344704,20674719744,2242179072,35904868352
51,0.25,1.417,0,12288,5254230016,20674670592,2242179072,35904999424
52,0.416,1.372,0,0,5254340608,20674560000,2242179072,35904999424
53,0.208,0.709,0,0,5254467584,20674433024,2242179072,35904999424
54,0.125,0.793,0,4096,5254701056,20674199552,2242179072,35904999424
55,0.125,1.126,0,327680,5254889472,20673994752,2242183168,35904995328
56,0.25,1.251,0,0,5254983680,20673900544,2242183168,35904995328
57,0.209,1.293,0,12288,5256638464,20672237568,2242183168,35905003520
58,0.25,0.5,0,0,5257551872,20671324160,2242183168,35905003520
59,0.25,0.751,0,4096,5257244672,20671631360,2242183168,35905003520
60,0.334,1.378,0,57344,5257166848,20671692800,2242183168,35905003520
61,1.172,2.219,0,119173120,5247664128,20687757312,2242183168,35904942080
62,0.167,1.38,0,273317888,5249236992,20686176256,2242183168,35904942080
63,4.339,2.211,0,68431872,4628946944,21307834368,2242224128,35905056768
64,2.048,2.048,16384,2682880,4527616000,21413904384,2242224128,35904811008
65,3.878,3.044,0,2998272,4514779136,21887782912,2242232320,35450884096
66,4.86,2.801,0,0,4516880384,21858664448,2242232320,35478171648
67,5.537,3.289,0,36552704,4555153408,21820104704,2242252800,35478335488
68,8.361,4.748,0,73347072,4674822144,21624549376,2242256896,35550187520
69,19.462,3.354,0,91381760,4817092608,21376016384,2242256896,35655192576
70,19.213,4.555,7716864,51748864,5003296768,21156245504,2242285568,35686436864
71,14.357,2.414,0,7430144,5094887424,21085024256,2242310144,35664478208
72,28.761,2.196,0,0,5234761728,20942483456,2242310144,35664515072
73,43.214,2.082,0,266240,5392019456,20783177728,2242310144,35664596992
74,24.106,1.953,0,1458176,5449752576,20723408896,2242310144,35664650240
75,6.027,1.746,0,4096,5519540224,20653531136,2242310144,35664646144
76,4.456,1.833,0,0,5571170304,20601901056,2242310144,35664646144
77,3.54,0.833,0,540672,5601873920,20571197440,2242310144,35664646144
78,3.161,1.165,0,0,5631229952,20541841408,2242310144,35664646144
79,3.04,1.791,0,0,5629526016,20543520768,2242310144,35664670720
80,3.124,1.541,0,0,5661065216,20511981568,2242310144,35664670720
81,4.103,1.326,0,0,5686738944,20486324224,2242310144,35664670720
82,3.579,0.666,0,77824,5706547200,20466515968,2242310144,35664670720
83,3.79,2.249,0,1220608,5284069376,20885663744,2242322432,35667951616
84,4.963,2.564,0,860160,5282471936,20818878464,2242330624,35736244224
85,4.839,2.92,0,0,5278756864,20728008704,2242330624,35831603200
86,4.831,2.499,0,0,5277044736,20581175296,2242330624,35980259328
87,4.774,2.159,0,12288,5276684288,20429692928,2242330624,36130185216
88,4.297,2.336,0,741376,5253316608,20320534528,2242342912,36260970496
89,4.234,2.449,0,1687552,5229416448,20297388032,2242351104,36307111936
90,1.792,1.459,0,0,5242028032,20266536960,2242351104,36324646912
91,0.375,0.75,0,0,5242179584,20266381312,2242351104,36324651008
92,0.125,0.542,0,0,5241503744,20267057152,2242351104,36324651008
93,0.167,1.377,0,0,5241249792,20267311104,2242351104,36324651008
94,0.375,1.332,0,0,5242318848,20266242048,2242351104,36324651008
95,0.167,1.126,0,307200,5241679872,20266868736,2242351104,36324655104
96,0.209,0.5,0,0,5241638912,20266893312,2242351104,36324655104
97,0.25,1.043,0,28672,5240135680,20268396544,2242351104,36324655104
98,0.375,1.208,0,0,5237280768,20271247360,2242351104,36324659200
99,0.25,1.251,0,0,5237784576,20270743552,2242351104,36324659200
100,1.949,2.073,0,286720,5231034368,20277968896,2242351104,36324728832
101,0.251,0.251,0,261840896,5230276608,20284153856,2242351104,36324732928
102,2.256,1.796,16384,194285568,5199253504,20315250688,2242375680,36324904960
103,3.61,3.736,0,4341760,4598272000,20921274368,2242379776,36324683776
104,0.167,1.209,0,0,4597497856,20922130432,2242379776,36324683776
105,0.167,0.96,0,20480,4514570240,21005062144,2242379776,36324679680
106,4.03,2.867,0,2703360,4501917696,21471875072,2242396160,35874033664
107,4.104,2.612,0,16384,4507684864,21438722048,2242396160,35901411328
108,6.378,4.835,0,36229120,4569014272,21376626688,2242428928,35901657088
109,8.496,6.372,4210688,82632704,4723740672,21116735488,2242433024,36001755136
110,19.091,3.251,3506176,25636864,4906192896,20930650112,2242449408,36004102144
111,18.779,3.262,0,111902720,5004185600,20640456704,2242461696,36192403456
112,28.09,3.246,0,3432448,5157474304,20591587328,2242486272,36088012800
113,37.698,2.627,0,0,5336633344,20410298368,2242486272,36088049664
114,31.431,2.399,0,274432,5381091328,20364042240,2242486272,36088143872
115,5.412,1.082,0,40960,5236252672,20507537408,2242486272,36088168448
116,3.744,2.246,0,1208320,5254467584,20429676544,2242502656,36146966528
117,3.957,2.749,0,917504,5257416704,20363186176,2242506752,36208951296
118,4.776,3.032,0,0,5258317824,20235517952,2242506752,36333486080
119,5.031,2.786,0,0,5259337728,20061175808,2242506752,36505243648
120,4.762,1.921,0,0,5257068544,19893678080,2242506752,36672339968
121,3.856,2.032,0,1605632,5216407552,19884683264,2242519040,36720922624
122,3.204,1.998,0,831488,5229613056,19843260416,2242519040,36748439552
123,0.707,1.332,0,0,5227614208,19845771264,2242519040,36748439552
124,0.25,1.084,0,0,5227601920,19845857280,2242519040,36748439552
125,0.208,0.375,0,0,5226868736,19846737920,2242519040,36748439552
126,0.457,1.247,0,0,5226385408,19847217152,2242519040,36748443648
127,0.458,1.29,0,364544,5226631168,19846971392,2242519040,36748443648
128,0.334,1.126,0,0,5226196992,19847319552,2242519040,36748455936
129,0.167,1.126,0,0,5226840064,19846676480,2242519040,36748455936
130,0.125,0.25,0,0,5227380736,19846135808,2242519040,36748455936
131,0.333,1.292,0,0,5227728896,19845787648,2242519040,36748455936
132,0.625,1.333,0,28672,5230145536,19843371008,2242519040,36748455936
133,1.254,2.131,0,188469248,5222178816,19857358848,2242523136,36748398592
134,0.375,1.168,0,260575232,5222154240,19857383424,2242523136,36748398592
135,5.539,2.791,16384,11100160,4533153792,20549201920,2242523136,36748066816
136,5.727,4.515,0,3444736,4529025024,21009948672,2242531328,36297527296
137,13.512,5.165,0,9011200,4578127872,20850454528,2242531328,36407144448
138,4.433,3.639,0,110272512,4599488512,20829126656,2242568192,36407025664
139,3.42,1.209,0,937984,4629143552,20798320640,2242568192,36407357440
140,23.288,10.087,0,31461376,4912369664,20492984320,2242637824,36426878976
141,18.914,7.432,7716864,120586240,5041577984,20181622784,2242658304,36598722560
142,43.557,8.661,7716864,86876160,5511380992,19692826624,2242674688,36612202496
143,48.606,10.473,16384,142934016,5966118912,18983370752,2242695168,36858130432
144,57.994,7.973,7700480,130469888,6061961216,18757165056,2242715648,36979105792
145,63.514,6.852,32768,173342720,6481637376,18186952704,2242719744,37121040384
146,76.319,9.878,7684096,137027584,6892331008,17662631936,2242744320,37227266048
147,77.675,7.835,0,88371200,7075725312,17261133824,2242760704,37443452928
148,75.531,9.218,0,5955584,7261245440,17367605248,2242809856,37152522240
149,88.712,4.196,0,0,7567032320,17055911936,2242809856,37153259520
150,87.295,4.964,0,548864,7774687232,16843481088,2242809856,37153337344
151,52.542,5.292,0,475136,7781232640,16802713600,2242809856,37180874752
152,53.158,3.388,0,577536,7995351040,16585072640,2242809856,37180977152
153,35.614,2.405,0,495616,7789629440,16787193856,2242818048,37181145088
154,11.401,2.446,0,540672,7510564864,17004703744,2242818048,37242683392
155,2.285,1.413,0,0,7517908992,16976097280,2242818048,37263245312
156,0.375,1.377,0,0,7518478336,16975532032,2242818048,37263249408
157,0.459,1.252,0,16384,7518482432,16975470592,2242818048,37263249408
158,0.5,0.791,0,0,7518568448,16975384576,2242818048,37263249408
159,0.459,0.625,0,180224,7517347840,16976519168,2242818048,37263261696
160,0.334,1.461,0,0,7518019584,16975839232,2242818048,37263261696
161,0.5,1.209,0,0,7517306880,16976551936,2242818048,37263261696
162,2.004,2.422,0,59686912,7513911296,16986083328,2242818048,37263233024
163,4.792,2.417,16384,59453440,6902210560,17599430656,2242842624,37262934016
164,4.42,3.503,0,3256320,6873493504,17633554432,2242846720,37262860288
165,9.019,4.426,32768,6553600,5636014080,18886782976,2242871296,37262254080
166,8.024,4.941,16384,12021760,4866654208,19672080384,2242908160,37261639680
167,6.382,5.41,0,8974336,4693602304,20331773952,2242936832,36790456320
168,9.261,3.613,0,61681664,4676263936,20306276352,2242953216,36834906112
169,14.813,10.611,0,15810560,4742664192,20485283840,2242981888,36594896896
170,24.927,9.368,7618560,98775040,5015875584,20076544000,2243006464,36722003968
171,30.046,5.647,98304,115650560,5209169920,19805167616,2243039232,36795658240
172,41.632,9.336,3244032,131002368,5585494016,19420291072,2243063808,36800708608
173,49.832,8.215,4472832,146026496,5873999872,18934906880,2243063808,36995420160
174,63.167,12.447,7716864,91742208,6097215488,18797301760,2243076096,36905885696
175,80.39,6.565,0,92106752,6306574336,18495938560,2243100672,36993511424
176,78.613,9.832,0,67239936,6615425024,18182152192,2243125248,36994392064
177,54.862,9.639,0,5595136,6805123072,17985368064,2243158016,36995817472
178,41.927,6.675,7716864,108646400,7158853632,17546043392,2243178496,37070569472
179,48.162,7.018,0,106569728,7501479936,17107169280,2243194880,37161447424
180,66.092,4.958,0,7540736,7547371520,17036382208,2243203072,37181902848
181,80.496,4.96,0,3514368,7839371264,16740343808,2243227648,37182291968
182,75.063,3.359,0,1908736,7978020864,16597053440,2243235840,37182566400
183,64.047,3.303,0,2273280,8211836928,16360796160,2243248128,37182857216
184,24.017,2.526,0,2244608,8280342528,16289533952,2243276800,37183279104
185,15.143,4.137,0,3571712,7889985536,16650506240,2243313664,37211234304
186,12.303,2.651,0,2232320,7896260608,16571019264,2243350528,37282623488
187,10.537,4.132,0,1871872,7681138688,16663441408,2243362816,37403938816
188,10.491,4.413,0,954368,7679258624,16374755328,2243371008,37689507840
189,10.99,4.388,0,0,7651274752,15981989888,2243371008,38104158208
190,10.133,3.654,0,1900544,7653199872,15717982208,2243395584,38361894912
191,10.439,3.397,0,1867776,7657906176,15572504576,2243411968,38500474880
192,2.454,2.121,0,179568640,7625244672,15606161408,2243428352,38505005056
193,0.625,1.667,0,269750272,7625080832,15606317056,2243428352,38505013248
194,0.418,1.295,0,231759872,7625244672,15606099968,2243428352,38505029632
195,0.418,1.379,0,255492096,7625633792,15605563392,2243428352,38505160704
196,11.693,4.317,32768,36323328,6940721152,16273154048,2243448832,38532206592
197,4.875,3.292,0,6189056,6308507648,16911540224,2243457024,38531678208
198,0.543,1.338,0,1347584,6235172864,16986419200,2243461120,38531645440
199,3.371,2.871,0,3014656,6199746560,17269006336,2243461120,38291070976
200,0.375,1.126,0,0,6199386112,17269727232,2243461120,38290870272
201,3.222,2.092,0,4399104,6087319552,17630208000,2243461120,38049468416
202,6.077,3.266,16384,6709248,5451751424,18274013184,2243469312,38049099776
203,2.59,2.548,0,2830336,5430239232,18300100608,2243477504,38048952320
204,3.165,2.957,0,2809856,5377085440,18810073088,2243485696,37598281728
205,12.146,4.473,0,630784,5387685888,18717315072,2243485696,37680320512
206,7.798,4.879,0,91971584,5502615552,18601644032,2243506176,37680685056
207,9.466,6.047,16384,77721600,5026181120,18988859392,2243514368,37771128832
208,9.001,3.551,7716864,136257536,4975181824,18921754624,2243530752,37887238144
209,21.455,7.737,0,28590080,5004435456,18889588736,2243592192,37893394432
210,29.67,12.088,16384,27656192,5481910272,18813022208,2243600384,37495537664
211,31.654,5.709,15417344,97292288,5550346240,18620956672,2243608576,37610123264
212,49.161,9.354,0,161296384,5862625280,18184421376,2243637248,37728571392
213,69.556,7.442,0,86888448,6185291776,17821691904,2243641344,37764509696
214,81.051,8.012,0,111902720,6526935040,17396338688,2243657728,37842812928
215,82.034,10.636,0,13131776,6901870592,17045942272,2243690496,37816475648
216,80.424,7.5,0,1748992,6971555840,16970403840,2243706880,37817004032
217,81.134,7.953,4177920,108609536,7200780288,16559140864,2243731456,37988179968
218,67.708,7.725,3547136,107130880,7453024256,16131092480,2243739648,38157086720
219,62.29,4.614,4096,10113024,7638241280,16070344704,2243760128,38030479360
220,31.741,3.829,0,307200,7619354624,16056258560,2243764224,38058147840
221,37.772,4.062,0,471040,7572840448,16072601600,2243772416,38085537792
222,45.984,2.996,0,815104,7706234880,15937036288,2243776512,38085632000
223,14.232,1.66,0,266240,7755595776,15886385152,2243776512,38085718016
224,5.346,1.533,0,1183744,7561125888,16080613376,2243792896,38085967872
225,4.292,2.417,0,819200,7556341760,16012165120,2243796992,38157410304
226,4.817,3.53,0,118784,7590064128,15900528640,2243796992,38233591808
227,4.962,2.919,0,20480,7582408704,15771729920,2243796992,38367809536
228,4.921,2.002,0,0,7586525184,15613157376,2243796992,38520016896
229,6.414,3.29,0,133799936,7536357376,15505870848,2243801088,38682660864
230,0.501,1.463,0,271253504,7537135616,15505403904,2243805184,38682677248
231,6.592,3.88,16384,90447872,6969319424,16049745920,2243825664,38711705600
232,9.769,6.224,16384,54321152,6279606272,16712015872,2243833856,38745219072
233,9.421,3.835,16384,8675328,5564653568,17438420992,2243866624,38744690688
234,3.654,3.234,0,7491584,5533896704,17720229888,2243883008,38503882752
235,0.375,1.292,0,0,5533925376,17720201216,2243883008,38503882752
236,2.448,1.826,0,172032,5362974720,17891979264,2243883008,38503649280
237,3.268,2.681,0,6701056,5312163840,18437615616,2243907584,38021992448
238,0.333,0.708,0,0,5310570496,18439147520,2243907584,38022004736
239,0.375,1.376,0,0,5310111744,18439606272,2243907584,38022004736
240,0.167,1.21,0,0,5310160896,18439557120,2243907584,38022004736
241,0.292,1.251,0,0,5310513152,18439200768,2243907584,38022008832
242,0.167,0.292,0,159744,5310369792,18439340032,2243907584,38022012928
243,3.594,2.298,16384,3284992,5263568896,18492424192,2243915776,38021632000
244,3.998,3.748,0,4710400,4632346624,19128651776,2243928064,38021537792
245,0.209,1.168,0,1228800,4630503424,19131441152,2243932160,38021537792
246,0.209,1.209,0,0,4630622208,19131322368,2243932160,38021537792
247,0.376,0.251,0,20480,4624965632,19137536000,2243932160,38021533696
248,2.038,1.913,0,1650688,4533923840,19230142464,2243932160,38021251072
249,11.721,6.608,0,1191936,4579540992,19529732096,2243940352,37680349184
250,5.175,2.379,0,954368,4601708544,19507515392,2243944448,37680377856
251,5.208,1.792,0,114601984,4603793408,19505385472,2243952640,37680398336
252,12.193,8.298,0,24125440,4702601216,19403821056,2244034560,37681504256
253,8.867,5.604,7716864,111489024,4987379712,18991583232,2244050944,37802774528
254,23.629,12.785,7716864,97529856,5441175552,18413080576,2244055040,37919711232
255,31.334,9.84,2768896,149520384,5621784576,18118877184,2244071424,38026584064
256,47.718,8.369,4947968,128753664,5909405696,17635172352,2244112384,38209957888
257,43.891,7.741,16384,210288640,6204653568,16917712896,2244120576,38619590656
258,62.642,4.854,2490368,169213952,6404386816,16726130688,2244128768,38609485824
259,76.613,14.771,5210112,18485248,6808686592,16432488448,2244145152,38502965248
260,85.574,6.766,0,9756672,7033368576,16252157952,2244161536,38454038528
261,90.206,5.38,0,1781760,7345946624,15961538560,2244161536,38427226112
262,90.394,4.74,0,790528,7592931328,15709171712,2244161536,38427369472
263,83.39,5.523,0,827392,7843090432,15454187520,2244165632,38427529216
264,59.558,4.382,0,1228800,8020344832,15271059456,2244165632,38427684864
265,52.751,3.696,0,303104,8248729600,15035461632,2244169728,38427865088
266,44.008,3.215,0,3829760,7949320192,15321190400,2244218880,38439079936
267,10.025,2.621,344064,5730304,7787200512,15411572736,2244358144,38510411776
268,7.957,2.114,0,724992,7547850752,15622934528,2244378624,38537859072
269,2.914,1.374,0,0,7549968384,15620743168,2244378624,38537949184
270,2.421,1.169,0,0,7544725504,15626616832,2244378624,38537945088
271,2.086,0.417,0,0,7543123968,15628734464,2244378624,38537945088
272,2.42,1.46,0,0,7543214080,15628644352,2244378624,38537945088
273,2.375,1.083,0,135168,7543537664,15628320768,2244378624,38537945088
274,1.957,1.332,0,0,7555833856,15616016384,2244378624,38537949184
275,0.334,0.794,0,0,7556419584,15615344640,2244378624,38537986048
276,0.251,0.627,0,0,7556386816,15615377408,2244382720,38537981952
277,2.835,3.168,0,2097152,7540731904,15632543744,2244382720,38537605120
278,11.079,3.79,32768,119877632,7520751616,15670251520,2244395008,38537232384
279,9.586,6.321,16384,10194944,5395714048,17806962688,2244415488,38536142848
280,9.049,5.069,0,11231232,5149663232,18210988032,2244440064,38393905152
281,10.594,7.354,16384,23867392,4669939712,19266887680,2244448256,37840691200
282,11.724,4.36,0,51609600,4619202560,19263705088,2244460544,37895249920
283,11.435,6.154,0,39800832,4766314496,19334242304,2244509696,37682659328
284,21.712,13.153,16384,34762752,4928040960,19166814208,2244526080,37686075392
285,17.9,5.521,4374528,109891584,4967419904,19017359360,2244534272,37785923584
286,33.291,8.155,3325952,187129856,5287751680,18493874176,2244538368,37979701248
287,47.72,7.644,3260416,185364480,5785878528,17666576384,2244550656,38298456064
288,51.008,6.176,4358144,143052800,6118416384,17325780992,2244571136,38305026048
289,68.401,10.917,7815168,34910208,6367879168,16990642176,2244603904,38389936128
290,75.594,10.569,0,18362368,6768885760,16679522304,2244636672,38297153536
291,80.722,6.51,7716864,102924288,7009267712,16355627008,2244644864,38372376576
292,87.258,6.602,0,14385152,7120703488,16261533696,2244681728,38350991360
293,52.55,5.895,0,105947136,7430717440,15838048256,2244685824,38456299520
294,66.681,6.261,0,3633152,7733178368,15559143424,2244706304,38429433856
295,49.584,3.907,0,1204224,7948951552,15336366080,2244710400,38429974528
296,42.366,4.362,344064,552960,7924297728,15330193408,2244710400,38457368576
297,45.825,3.864,0,2973696,8123785216,15127932928,2244734976,38457577472
298,40.659,2.585,0,5898240,8202035200,15046492160,2244825088,38458236928
299,11.762,1.362,348160,5341184,8250183680,14997204992,2244911104,38458576896
300,14.055,2.563,344064,5664768,8033771520,15187349504,2244984832,38484127744
301,15.57,2.411,344064,3674112,8136527872,15081545728,2245033984,38486687744
302,16.494,1.911,0,2777088,8178192384,15039553536,2245111808,38486499328
303,12.117,2.068,0,3264512,8235859968,14981017600,2245214208,38486896640
304,11.319,1.665,0,3510272,8026206208,15190462464,2245287936,38486786048
305,8.187,2.339,0,2576384,8092135424,15081816064,2245443584,38528299008
306,7.862,3.161,0,2330624,8135720960,14978363392,2245505024,38586650624
307,11.814,4.077,0,11247616,8171167744,14811222016,2245509120,38721957888
308,5.114,2.911,0,258830336,8168886272,14635270144,2245509120,38897549312
309,10.722,3.838,0,82096128,7542280192,15079149568,2245533696,39079821312
310,6.3,2.42,16384,111624192,7558934528,15051366400,2245599232,39093944320
311,8.615,3.998,0,5222400,7419195392,15144079360,2245701632,39141179392
312,10.81,3.864,16384,72032256,6782545920,16031662080,2245718016,38901489664
313,5.777,3.242,16384,6750208,6769041408,16049078272,2245738496,38901395456
314,7.027,1.538,0,2908160,6684700672,16135704576,2245763072,38900752384
315,4.36,1.952,0,4767744,6662479872,16405291008,2245799936,38660345856
316,4.148,1.659,0,1208320,6662914048,16404611072,2245836800,38660481024
317,5.05,1.656,0,176128,6665895936,16401420288,2245836800,38660534272
318,4.444,2.533,0,1425408,6207094784,16848318464,2245840896,38672359424
319,4.05,1.587,0,4521984,6204321792,16791326720,2245840896,38731894784
320,4.449,3.077,0,0,6202843136,16707530752,2245840896,38815444992
321,5.316,2.575,0,12288,6202212352,16552591360,2245840896,38968442880
322,6.466,4.005,0,131072,6184255488,16391442432,2245840896,39146016768
323,3.293,2.501,0,256499712,6155632640,16313053184,2245840896,39257047040
324,3.837,1.626,2654208,137039872,6146134016,16304472064,2245865472,39274622976
325,5.653,4.821,2129920,42266624,5464252416,16939765760,2245894144,39324721152
326,2.506,1.754,0,29319168,5393752064,17011716096,2245894144,39324459008
327,4.94,3.952,0,3006464,5383213056,17478885376,2245902336,38874886144
328,4.515,2.568,0,368640,5393584128,17441087488,2245902336,38902255616
329,9.366,5.636,0,35880960,5507031040,17326223360,2245939200,38902636544
330,7.137,4.382,4374528,106848256,5628735488,17095626752,2245959680,39004704768
331,18.716,3.602,3735552,106659840,5733142528,16882282496,2245967872,39109955584
332,18.791,3.495,0,11358208,5907402752,16730714112,2245971968,39087665152
333,18.246,1.655,0,208896,6037782528,16598249472,2245971968,39087595520
334,35.358,2.745,0,221184,6160441344,16473272320,2245971968,39087636480
335,42.727,2.452,0,192512,6317670400,16314310656,2245971968,39087706112
336,20.224,2.533,0,4698112,6372630528,16264953856,2245996544,39087816704
337,7.291,3.397,16384,9523200,5680721920,16959836160,2246094848,39087480832
338,9.833,1.25,360448,4050944,5696741376,16947007488,2246131712,39087603712
339,8.525,2.089,0,917504,5637623808,17006776320,2246152192,39087525888
340,10.413,4.711,0,4694016,5687889920,17416302592,2246176768,38635552768
341,13.229,4.547,0,2248704,5731532800,17288400896,2246213632,38717894656
342,4.288,0.749,0,14573568,5735776256,17283723264,2246225920,38718001152
343,11.857,5.97,0,88702976,5897396224,17121157120,2246266880,38718521344
344,17.627,11.359,3096576,36311040,6239326208,16743358464,2246299648,38749003776
345,13.72,6.005,10158080,109461504,6396817408,16471232512,2246324224,38855954432
346,31.329,9.336,4374528,167473152,6092242944,16455434240,2246377472,39167279104
347,36.942,7.203,2457600,175538176,6452264960,15981486080,2246397952,39271895040
348,34.971,5.787,5324800,162172928,6662819840,15697371136,2246483968,39342268416
349,67.789,10.526,1032192,23625728,7091666944,15210024960,2246516736,39398010880
350,72.356,6.743,0,10084352,7293300736,14988599296,2246647808,39414345728
351,85.218,5.591,0,618496,7576608768,14600282112,2246647808,39514030080
352,86.984,4.977,0,2646016,7800258560,14247084032,2246787072,39638163456
353,81.061,4.377,0,0,8021512192,13868593152,2246836224,39789551616
354,72.017,5.252,114688,2846720,8171646976,13626200064,2247049216,39875207168
355,19.808,3.294,1581056,3649536,8212013056,13540143104,2247155712,39915249664
356,14.663,1.9,327680,5550080,8289214464,13434744832,2247217152,39941734400
357,13.213,2.421,331776,5558272,8076189696,13618966528,2247331840,39969533952
358,10.987,2.561,327680,2899968,7893094400,13773426688,2247372800,39997325312
359,6.567,2.203,0,192512,7664914432,13973544960,2247372800,40024690688
360,3.176,1.254,0,0,7664783360,13973676032,2247372800,40024690688
361,3.633,0.418,0,0,7650947072,13987512320,2247372800,40024690688
362,3.247,0.874,0,0,7655137280,13983379456,2247372800,40024690688
363,0.417,1.544,0,12288,7656263680,13982150656,2247372800,40024702976
364,0.501,1.294,0,184320,7657267200,13981147136,2247372800,40024702976
365,0.501,1.294,0,24576,7657504768,13980835840,2247372800,40024727552
366,1.924,1.046,0,638976,7650349056,13988712448,2247376896,40024694784
367,0.418,1.463,0,251801600,7650463744,13995143168,2247376896,40024014848
368,3.283,2.618,0,183078912,7637917696,14014717952,2247385088,40023543808
369,8.508,4.023,0,109588480,6713982976,14945136640,2247409664,40023306240
370,9.006,5.581,49152,9555968,5629751296,16045363200,2247430144,40021860352
371,6.714,4.532,16384,9625600,4869246976,16820273152,2247454720,40021090304
372,6.917,4.625,0,8085504,4795080704,17595207680,2247471104,39334068224
373,7.009,3.045,0,40083456,4819771392,17519955968,2247483392,39383781376
374,10.5,6.625,0,30744576,4821393408,17517776896,2247741440,39383986176
375,22.848,10.794,5144576,37769216,5048401920,17500241920,2247811072,39177121792
376,23.512,4.443,12484608,137605120,5098778624,17280040960,2247827456,39337861120
377,24.634,6.692,12288,143499264,5232431104,17017319424,2248044544,39463759872
378,34.935,6.352,0,162373632,5576261632,16755220480,2248175616,39383863296
379,69.145,11.966,0,5619712,6039539712,16316604416,2248175616,39357894656
380,73.908,9.334,0,37625856,6166106112,16115937280,2248187904,39427469312
381,85.498,6.137,4177920,103161856,6498131968,15747301376,2248204288,39460298752
382,77.749,9.42,4698112,9592832,6795972608,15473020928,2248409088,39432986624
383,34.018,8.557,0,101466112,6949097472,15213981696,2248515584,39527415808
384,52.513,4.858,4194304,124702720,7308894208,14704402432,2248577024,39667593216
385,38.664,7.975,4620288,108363776,7522009088,14325850112,2248634368,39829643264
386,66.541,5.772,0,10076160,7746428928,14224953344,2248728576,39703695360
387,62.558,4.207,327680,1044480,7728443392,14238642176,2248753152,39704018944
388,46.315,4.188,0,2568192,7922348032,14012301312,2248769536,39731503104
389,50.413,2.397,0,5017600,8132046848,13799063552,2248863744,39731998720
390,40.896,2.779,327680,2052096,8248791040,13678678016,2248904704,39732375552
391,14.298,2.479,0,5013504,8049004544,13849186304,2248982528,39760015360
392,17.477,1.69,327680,4505600,8139706368,13757296640,2249084928,39760523264
393,14.115,2.064,0,5238784,7903686656,13965475840,2249142272,39788244992
394,13.022,0.785,524288,1613824,7921631232,13947113472,2249170944,39788695552
395,10.82,2.122,0,720896,7651389440,14207418368,2249175040,39798693888
396,8.33,1.616,0,12288,7662317568,14178119680,2249175040,39816179712
397,6.351,1.287,0,598016,7669239808,14171586560,2249175040,39815786496
398,3.215,0.793,0,20480,7669710848,14171140096,2249175040,39815786496
399,4.134,1.795,0,116498432,7496364032,14351011840,2249183232,39815753728
400,5.062,3.568,16384,4333568,7035789312,14816628736,2249195520,39814971392
401,2.086,2.044,0,434176,6937010176,14917980160,2249195520,39814729728
402,9.227,5.694,0,7168000,6283071488,15821459456,2249232384,39578533888
403,6.875,3.208,16384,36888576,6289887232,15797014528,2249248768,39600656384
404,13.481,7.596,0,9486336,6416654336,15674843136,2249281536,39601090560
405,18.909,5.206,8830976,66924544,5905657856,16046755840,2249293824,39735963648
406,17.593,5.062,0,95055872,5899702272,15979700224,2249314304,39811768320
407,30.126,5.858,0,70537216,5312724992,16570822656,2249322496,39813177344
408,41.164,6.627,16384,11419648,5354438656,17046401024,2249347072,39314034688
409,55.686,4.952,0,29749248,5550899200,16803450880,2249347072,39358959616
410,19.759,6.6,0,43950080,5608075264,16743317504,2249388032,39359275008
411,29.038,11.827,8814592,39464960,5871812608,16619077632,2249408512,39218483200
412,30.444,6.616,2359296,167546880,6176702464,16066883584,2249424896,39452086272
413,33.32,5.305,5767168,161378304,6478110720,15576641536,2249433088,39636664320
414,37.04,6.898,696320,75747328,6654414848,15392391168,2249490432,39644639232
415,56.284,8.168,0,48840704,6869504000,15302799360,2249543680,39517851648
416,72.176,9.205,0,6234112,7137030144,15029293056,2249609216,39519150080
417,82.903,6.686,8519680,83767296,7426973696,14631772160,2249691136,39618433024
418,58.7,6.373,819200,131936256,7818952704,14032769024,2249703424,39817953280
419,75.284,6.611,0,8822784,7710019584,14225383424,2249777152,39733100544
420,47.552,3.651,0,3063808,7928401920,13999845376,2249797632,39733633024
421,47.191,3.579,524288,700416,8105455616,13820108800,2249797632,39733940224
422,56.175,3.992,524288,966656,8348786688,13574803456,2249814016,39734038528
423,43.178,2.537,0,1118208,8150249472,13742784512,2249850880,39761801216
424,15.451,2.802,0,458752,7920148480,13944553472,2249850880,39789174784
425,9.959,1.743,0,3022848,7985299456,13879119872,2249908224,39789391872
426,4.709,1.363,0,4485120,7987019776,13876862976,2249986048,39789694976
427,8.21,1.691,524288,1327104,7996248064,13867442176,2249998336,39789670400
428,7.906,1.159,0,339968,7722725376,14112661504,2250006528,39817121792
429,4.876,1.529,0,12288,7719108608,14116855808,2250006528,39817134080
430,4.809,2.529,0,126976,7737651200,14099877888,2250006528,39817076736
431,3.491,2.12,0,117145600,7133708288,14709760000,2250018816,39816609792
432,3.901,3.44,16384,4972544,7046545408,14802919424,2250018816,39816278016
433,0.584,0.792,0,12288,7045124096,14804893696,2250018816,39815897088
434,6.084,3.063,16384,4034560,6811717632,15045378048,2250027008,39815499776
435,7.731,5.433,0,8900608,5630763008,16239448064,2250031104,39814848512
436,5.392,4.355,16384,6471680,5587361792,16536367104,2250055680,39573475328
437,7.034,3.517,0,31703040,5518598144,16796676096,2250059776,39387795456
438,12.411,6.706,0,9584640,5670326272,16644911104,2250096640,39387533312
439,6.353,5.217,4374528,102916096,5658263552,16559353856,2250182656,39487025152
440,17.972,7.248,4440064,47214592,5056909312,17376186368,2250248192,39276212224
441,28.74,9.819,16384,113045504,5265920000,17060044800,2250289152,39381909504
442,35.462,6.176,0,112173056,5365624832,16907669504,2250301440,39431933952
443,27.887,5.794,4030464,141750272,5691109376,16440102912,2250366976,39566983168
444,50.655,7.611,4784128,11526144,5906075648,16441597952,2250407936,39355637760
445,61.915,9.447,0,10153984,6220308480,16118902784,2250518528,39360471040
446,76.456,5.652,0,106483712,6400638976,15882817536,2250530816,39411101696
447,75.581,8.365,2359296,32702464,6620336128,15602982912,2250625024,39469002752
448,65.046,6.128,6455296,111976448,6879178752,15265292288,2250891264,39541145600
449,42.456,10.184,0,15233024,7120097280,15042084864,2250969088,39520043008
450,58.062,6.182,8814592,35266560,7415975936,14707224576,2251030528,39550722048
451,60.795,5.941,0,155770880,7707156480,14127251456,2251165696,39830351872
452,72.597,5.396,532480,40484864,7984193536,13945647104,2251255808,39734259712
453,40.756,4.071,0,5234688,7863463936,14089289728,2251292672,39707799552
454,47.314,4.581,327680,6660096,8038739968,13882277888,2251362304,39735619584
455,59.558,4.09,0,1429504,7984939008,13934125056,2251395072,39735681024
456,21.631,2.371,0,1253376,8096358400,13792219136,2251419648,39763279872
457,6.811,1.453,0,4796416,8109658112,13776977920,2251481088,39763611648
458,12.013,2.03,655360,2342912,8188309504,13699014656,2251509760,39763910656
459,11.033,2.645,0,847872,7693332480,14137970688,2251526144,39818723328
460,3.168,1.334,0,0,7674748928,14156550144,2251526144,39818727424
461,3.42,0.5,0,12288,7674290176,14156963840,2251526144,39818739712
462,3.082,0.958,0,634880,7674261504,14157377536,2251526144,39818346496
463,3.909,1.58,0,0,7685099520,14146539520,2251526144,39818346496
464,2.166,1.749,0,438272,7703191552,14128840704,2251526144,39817986048
465,3.349,2.009,0,114798592,7658582016,14179958784,2251534336,39817928704
466,5.408,3.619,16384,5099520,7021408256,14822051840,2251538432,39817510912
467,5.29,3.778,16384,6672384,6368452608,15484174336,2251538432,39817076736
468,2.348,2.516,0,3555328,6355636224,15501983744,2251546624,39816253440
469,2.298,2.424,0,159744,6257811456,15600951296,2251546624,39815950336
470,11.139,5.276,16384,11026432,4866535424,17236475904,2251571200,39591993344
471,8.791,5.579,16384,38719488,4824780800,17525637120,2251599872,39360163840
472,12.963,7.449,0,39452672,4910825472,17413894144,2251714560,39387607040
473,9.7,5.121,0,81276928,4854779904,17613111296,2251849728,39246008320
474,20.367,7.763,0,97882112,4931518464,17453854720,2251898880,39324930048
475,27.163,9.528,7192576,97923072,5241061376,17270022144,2252025856,39200362496
476,28.452,5.549,10240000,115040256,5473796096,16961617920,2252107776,39271825408
477,40.277,8.148,196608,120737792,5734244352,16615899136,2252152832,39352930304
478,56.801,14.736,0,23281664,6022496256,16344678400,2252234752,39334580224
479,77.238,9.463,0,65433600,6346842112,15941693440,2252304384,39404240896
480,66.723,6.563,98304,145494016,6670172160,15469219840,2252386304,39541522432
481,80.664,9.668,12992512,111230976,7076839424,14955651072,2252537856,39644110848
482,71.03,8.15,4571136,107966464,7446552576,14472118272,2252578816,39750361088
483,52.833,6.295,0,19689472,7572172800,14386204672,2252664832,39707635712
484,61.301,4.712,0,2027520,7845793792,14107336704,2252673024,39707627520
485,77.596,4.498,327680,360448,8133791744,13816033280,2252722176,39707656192
486,83.375,4.762,0,6299648,8036966400,13882458112,2252820480,39735058432
487,62.766,3.719,327680,4386816,8229335040,13684510720,2252865536,39735930880
488,24.732,1.899,0,909312,8050245632,13833478144,2252869632,39763324928
489,17.435,2.034,0,2367488,8131289088,13751447552,2252918784,39763599360
490,10.738,1.244,53248,5656576,8104734720,13776957440,2253012992,39764291584
491,17.764,1.905,655360,3231744,8182530048,13699649536,2253066240,39764717568
492,18.08,2.731,0,1204224,7703597056,14122348544,2253070336,39819608064
493,8.603,0.291,0,12288,7721705472,14104211456,2253070336,39819620352
494,6.206,1.374,0,16384,7722512384,14103359488,2253070336,39819632640
495,6.994,1.582,0,655360,7737933824,14088318976,2253074432,39819272192
496,0.626,1.168,0,0,7739981824,14086254592,2253074432,39819272192
497,2.499,2.082,0,76558336,7732887552,14100267008,2253082624,39818862592
498,5.463,2.585,16384,42979328,7060496384,14774812672,2253090816,39818424320
499,5.752,3.585,0,4853760,7012175872,14833217536,2253107200,39818129408
500,4.174,3.464,16384,4939776,6383865856,15465549824,2253107200,39817945088
501,3.568,2.531,0,3457024,6287962112,15564210176,2253107200,39817224192
502,7.296,4.122,0,6131712,6187143168,16105824256,2253123584,39390162944
503,11.865,5.329,0,64344064,6180786176,16124444672,2253139968,39390531584
504,14.791,9.819,16384,19025920,5056233472,17251000320,2253266944,39390105600
505,10.537,8.506,16384,49324032,5114650624,17126739968,2253303808,39459663872
506,30.859,6.255,0,124178432,5397561344,16744951808,2253320192,39552262144
507,32.38,5.299,8814592,123260928,5479907328,16440131584,2253373440,39769161728
508,38.598,8.361,8814592,52518912,5732069376,16610267136,2253426688,39356678144
509,59.509,7.92,0,110800896,5828608000,16403169280,2253459456,39465996288
510,65.803,8.027,12288,64937984,6009462784,16352149504,2253811712,39334871040
511,82.069,8.181,0,4206592,6458208256,15899316224,2253840384,39335710720
512,84.481,8.588,0,11767808,6627975168,15725223936,2254213120,39335907328
513,32.776,7.734,8847360,66322432,6876672000,15406186496,2254471168,39396515840
514,31.898,6.229,8781824,145956864,7072280576,14914433024,2254520320,39678865408
515,42.887,7.196,0,196681728,7236513792,14453248000,2254704640,39969648640
516,67.003,7.987,327680,36847616,7608639488,14315212800,2254790656,39737335808
517,68.381,5.734,12288,7503872,7634518016,14288551936,2254888960,39733534720
518,71.404,3.922,327680,5279744,7873003520,14041366528,2254974976,39738478592
519,46.827,4.397,0,811008,7784071168,14116732928,2255015936,39748694016
520,48.788,3.135,0,503808,7973953536,13904920576,2255089664,39766204416
521,41.923,1.873,0,839680,8082591744,13794041856,2255142912,39766364160
522,12.164,2.069,327680,266240,8147214336,13728198656,2255151104,39766380544
523,13.849,2.646,0,946176,7920295936,13926776832,2255159296,39793819648
524,6.343,1.202,0,4628480,7922446336,13924200448,2255216640,39794106368
525,10.025,1.52,327680,2252800,7938682880,13907451904,2255269888,39794393088
526,11.028,1.161,0,1036288,7676645376,14142816256,2255273984,39821447168
527,6.794,1.334,0,24576,7679844352,14140063744,2255273984,39821443072
528,8.15,2.037,0,626688,7703191552,14117359616,2255273984,39821025280
529,7.042,2.042,0,116555776,7679692800,14147473408,2255278080,39820734464
530,5.338,3.753,16384,3686400,7040413696,14792187904,2255278080,39820562432
531,5.456,3.165,0,6201344,6387924992,15452811264,2255290368,39820386304
532,2.304,2.262,16384,3530752,6288142336,15557242880,2255290368,39819649024
533,5.875,4.292,0,3190784,6165848064,15928094720,2255298560,39578910720
534,12.887,5.989,0,12558336,5534359552,16777248768,2255347712,39375106048
535,8.649,3.742,16384,65622016,5536653312,16761266176,2255613952,39392706560
536,16.569,11.564,180224,39215104,5868281856,16364675072,2255859712,39452291072
537,27.657,6.987,10928128,113725440,6088892416,16012496896,2256015360,39581851648
538,35.532,5.553,6520832,111030272,5572837376,16401453056,2256171008,39702593536
539,33.195,5.289,16384,184037376,5695680512,16138883072,2256224256,39840878592
540,55.158,10.145,0,21852160,5859364864,16231571456,2256326656,39594872832
541,69.585,7.572,0,2514944,5985013760,16421433344,2256338944,39286439936
542,81.539,6.056,0,1069056,6215446528,16164417536,2256367616,39311269888
543,55.611,5.695,114688,65466368,6370918400,15977123840,2256625664,39338094592
544,25.653,10.404,0,11214848,6617321472,15727124480,2256920576,39338975232
545,29.313,7.286,0,140025856,6868353024,15284191232,2257080320,39514316800
546,37.048,6.237,5963776,106020864,7236132864,14743834624,2257305600,39680839680
547,43.773,6.789,11812864,79515648,7423520768,14585905152,2257391616,39649464320
548,56.525,6.337,0,76914688,7713624064,14205497344,2257469440,39733317632
549,68.932,6.416,327680,53227520,7945023488,13993709568,2257637376,39711997952
550,79.706,4.622,327680,4112384,8197586944,13737103360,2257739776,39712731136
551,79.925,5.813,0,1613824,8230776832,13699330048,2257842176,39713443840
552,43.331,3.985,0,888832,8321781760,13576630272,2257883136,39741079552
553,19.01,2.309,0,610304,8455086080,13441564672,2257932288,39741153280
554,18.942,2.501,524288,925696,8584265728,13310910464,2257952768,39741456384
555,9.644,2.028,0,5197824,8653959168,13239930880,2258014208,39742287872
556,13.616,2.139,0,4075520,8720736256,13171785728,2258075648,39742767104
557,18.842,2.545,327680,3203072,8849833984,13041434624,2258132992,39743479808
558,17.379,1.726,0,2224128,8480731136,13409447936,2258165760,39743922176
559,11.325,2.503,0,4354048,8480550912,13382107136,2258198528,39770800128
560,10.522,1.906,0,3690496,8505327616,13356670976,2258210816,39770951680
561,8.896,2.471,0,3096576,8529780736,13331374080,2258264064,39771488256
562,7.651,2.55,0,3452928,8559153152,13300740096,2258292736,39772397568
563,12.224,2.628,0,67788800,7991324672,13846941696,2258321408,39799402496
564,6.527,3.891,16384,35336192,7369412608,14473216000,2258345984,39799050240
565,4.161,2.247,0,4136960,7378087936,14464987136,2258382848,39799820288
566,6.253,1.822,0,1921024,7393812480,14448439296,2258427904,39800479744
567,4.071,1.496,0,3997696,7325212672,14518378496,2258493440,39798964224
568,6.73,3.282,0,8339456,7336534016,14754594816,2258554880,39558672384
569,9.255,4.054,0,4014080,7346499584,14717460480,2258604032,39586291712
570,10.898,4.301,0,43941888,6750142464,15320264704,2258829312,39585865728
571,13.328,7.455,16384,9228288,6822813696,15250108416,2258886656,39587012608
572,17.601,3.653,8814592,76500992,6852849664,15112998912,2259058688,39687118848
573,18.253,5.05,0,146817024,7067054080,14955692032,2259132416,39629512704
574,30.37,7.021,0,11575296,7225434112,14903115776,2259169280,39535718400
575,39.295,5.038,16384,10043392,6703071232,15395643392,2259222528,39563878400
576,46.024,5.668,0,42647552,6855458816,15246868480,2259554304,39563960320
577,52.114,7.325,0,10858496,7092453376,14935760896,2259722240,39633158144
578,12.568,3.62,8814592,99282944,7139483648,14850838528,2259783680,39666065408
579,32.929,6.862,0,45568000,7370137600,14732394496,2259931136,39555215360
580,28.34,5.643,327680,85356544,7485587456,14667407360,2260025344,39506268160
581,35.234,4.184,0,7843840,7648145408,14473547776,2260168704,39534985216
582,36.417,4.353,0,41824256,7743139840,14374916096,2260484096,39536115712
583,62.416,8.375,0,5349376,8000417792,14114357248,2260566016,39536726016
584,45.325,6.751,49152,104849408,7881412608,14119931904,2260910080,39639810048
585,32.79,5.931,8781824,21942272,8180092928,13662449664,2261082112,39793270784
586,26.072,4.54,0,116027392,8271962112,13548986368,2261225472,39814721536
587,42.061,5.404,16384,11632640,8401563648,13293637632,2261417984,39934377984
588,52.953,4.818,524288,4587520,8611942400,12884418560,2261544960,40128860160
589,50.876,4.883,0,4481024,8740061184,12559355904,2261725184,40319971328
590,18.959,3.304,0,6189056,8800419840,12453076992,2261868544,40362110976
591,19.158,2.23,0,5189632,8849002496,12374945792,2261954560,40390127616
592,10.252,2.315,0,6524928,8887783424,12336332800,2262044672,40390549504
593,10.698,1.859,344064,5705728,8919216128,12303511552,2262171648,40391598080
594,16.55,2.352,0,4915200,8975319040,12246736896,2262228992,40391729152
595,15.334,1.979,0,5033984,9058271232,12162768896,2262302720,40392204288
596,12.629,1.981,0,4112384,9130008576,12089573376,2262376448,40393256960
597,11.429,2.319,0,7745536,9191866368,12028420096,2262454272,40392196096
598,9.411,2.156,0,5459968,9228431360,11991703552,2262499328,40392118272
599,12.479,2.934,0,3739648,9265008640,11954475008,2262540288,40392531968
600,9.328,1.41,0,5193728,9304428544,11914637312,2262573056,40392609792
601,12.038,1.951,16384,3657728,9312538624,11905310720,2262626304,40393539584
602,11.55,2.742,0,104132608,9317724160,11905540096,2262650880,40394481664
603,3.967,1.587,0,195416064,9326526464,11897372672,2262654976,40393826304
604,3.506,1.753,0,63033344,9332776960,11891728384,2262654976,40393166848
605,5.863,1.164,0,101023744,9303285760,11920961536,2262671360,40393179136
606,13.364,3.972,16384,10440704,8668475392,12560039936,2262712320,40392585216
607,12.828,2.874,0,8646656,8584151040,12646768640,2262761472,40391815168
608,12.219,3.824,0,9490432,8588382208,13098741760,2262790144,39942090752
609,13.518,3.679,0,5365760,8606121984,13052481536,2262863872,39970123776
610,18.83,4.314,0,64315392,8685969408,12950888448,2262982656,39990525952
611,21.455,6.819,0,21245952,8770019328,12790382592,2263044096,40061132800
612,22.443,3.313,0,99860480,8941432832,12508413952,2263064576,40167915520
613,24.005,4.726,114688,103489536,9099874304,12320116736,2263175168,40198488064
614,32.846,4.674,7995392,8224768,9210679296,12233158656,2263240704,40173199360
615,44.596,3.023,16384,12955648,9345486848,12090576896,2263355392,40178913280
616,53.138,3.891,0,4739072,9490767872,11942113280,2263453696,40180031488
617,18.922,3.538,0,6905856,9550782464,11879374848,2263535616,40181141504
618,17.165,2.991,0,4235264,9044725760,12379312128,2263781376,40184688640
619,21.366,3.23,0,1519616,9109905408,12239822848,2263871488,40256471040
620,19.803,3.451,0,4034560,9155375104,12106764288,2263990272,40341065728
621,17.551,4.847,16384,4403200,8672149504,12410220544,2264309760,40517103616
622,15.517,4.92,0,5013504,8151175168,12628705280,2264612864,40813006848
623,12.631,5.371,3342336,5222400,8160444416,12312690688,2264784896,41112387584
624,16.008,6.486,491520,4182016,7917776896,12142968832,2265403392,41516634112
625,10.208,4,180224,2408448,7925809152,11732230144,2265468928,41912172544
626,7.503,4.252,2686976,2797568,7874916352,11512295424,2265554944,42178351104
627,5.514,2.695,2375680,2613248,7886987264,11453288448,2265665536,42223267840
628,3.204,1.706,0,741376,7868366848,11443429376,2265710592,42250760192
629,0.459,0.919,0,0,7869177856,11442618368,2265710592,42250760192
630,0.833,0.708,0,0,7869976576,11441819648,2265710592,42250760192
631,0.459,1.17,0,0,7871238144,11440558080,2265710592,42250760192
632,0.542,1.459,0,16384,7871275008,11440488448,2265710592,42250760192
633,0.418,1.336,0,212992,7871639552,11440119808,2265710592,42250760192
634,0.919,0.835,0,0,7875059712,11436699648,2265710592,42250760192
635,3.032,2.533,0,171667456,7854972928,11463933952,2265714688,42250637312
636,1.211,1.503,0,237699072,7852171264,11473498112,2265714688,42250641408
637,2.116,1.867,0,253083648,7841468416,11485122560,2265726976,42250752000
638,1.581,1.955,0,207314944,7852838912,11478929408,2265735168,42250752000
639,1.337,1.337,0,189288448,7830794240,11508097024,2265743360,42250711040
640,0.501,1.21,0,268898304,7829966848,11508912128,2265747456,42250719232
641,10.502,3.473,16384,131366912,7292338176,12042096640,2265767936,42254929920
642,8.025,6.933,49152,10727424,5033512960,14317158400,2265792512,42254135296
643,6.515,3.615,0,10305536,4856221696,14992039936,2265817088,41775173632
644,8.178,5.313,0,5541888,4745457664,15562891264,2265841664,41322979328
645,9.57,5.224,0,68714496,4646191104,15882084352,2265899008,41108951040
646,17.619,11.732,0,23568384,4893028352,16064442368,2265919488,40685621248
647,15.953,4.155,3833856,100798464,5039902720,15784427520,2265972736,40812257280
648,14.844,1.622,4259840,2686976,5187375104,15634247680,2265980928,40814690304
649,29.404,6.622,147456,130568192,5299765248,15439511552,2266320896,40889888768
650,53.344,8.278,4096,124657664,5631082496,14925676544,2266619904,41065873408
651,45.473,9.136,4243456,139419648,5877018624,14397812736,2266808320,41342599168
652,59.255,11.139,4734976,102133760,6157398016,14222393344,2266923008,41234894848
653,68.968,10.145,8945664,22544384,6666764288,13698957312,2267103232,41241690112
654,47.821,6.245,0,188981248,6705528832,13368246272,2267193344,41521389568
655,64.328,9.538,0,105558016,6961315840,13052100608,2267238400,41582321664
656,71.531,6.748,8863744,37535744,7326531584,12789608448,2267410432,41476882432
657,61.378,5.511,98304,2043904,7607873536,12527046656,2267463680,41451139072
658,78.114,4.419,0,7286784,7889764352,12236300288,2267512832,41456087040
659,78.445,4.958,0,1224704,8126218240,11994505216,2267693056,41456074752
660,58.688,3.383,0,708608,8279425024,11835195392,2267742208,41456246784
661,25.69,2.223,0,507904,8522506240,11588456448,2267799552,41456488448
662,17.497,2.8,73728,4739072,8053096448,12001349632,2267918336,41511460864
663,10.229,2.453,0,4329472,7812341760,12231569408,2267987968,41521696768
664,11.613,1.949,0,1687552,7876902912,12148211712,2268012544,41539371008
665,7.546,1.907,0,1945600,7913119744,12111958016,2268053504,41539026944
666,4.942,0.914,0,1818624,7933747200,12091006976,2268102656,41539235840
667,5.017,1.575,0,1208320,7978921984,12045594624,2268119040,41539424256
668,5.812,2.02,327680,1687552,8008511488,12016201728,2268155904,41539063808
669,4.95,2.104,0,1683456,8033353728,11990777856,2268196864,41539440640
670,3.647,1.658,0,2023424,8050016256,11973689344,2268266496,41539698688
671,8.137,0.909,0,1175552,8100085760,11923415040,2268291072,41539870720
672,4.028,2.159,0,1507328,8129351680,11893968896,2268360704,41539653632
673,5.094,2.881,0,45510656,8120508416,11915153408,2268393472,41539940352
674,10.54,4.224,32768,50921472,6861840384,13174624256,2268418048,41539526656
675,12.182,5.799,16384,14286848,6215966720,13838581760,2268442624,41538899968
676,4.612,1.87,0,5419008,6200315904,13859774464,2268475392,41538555904
677,5.473,2.405,0,3661824,6060929024,14000680960,2268483584,41537986560
678,8.797,5.145,0,7487488,6011793408,14513840128,2268508160,41086210048
679,7.098,3.507,0,59019264,5941133312,14557986816,2268516352,41113415680
680,16.813,7.946,0,19197952,6009982976,14733926400,2268540928,40874287104
681,25.442,9.309,0,75603968,6221979648,14416039936,2268585984,40973074432
682,24.792,5.958,2310144,171610112,6433886208,14059388928,2268606464,41109819392
683,31.557,6.162,6881280,178909184,6706958336,13497507840,2268631040,41391837184
684,41.144,8.877,2408448,93597696,7085252608,13075718144,2268647424,41434214400
685,52.113,9.425,6995968,50147328,7305789440,12826275840,2268692480,41458454528
686,63.934,7.566,9175040,102895616,7535603712,12436877312,2268762112,41608581120
687,69.463,7.496,98304,114135040,7786270720,12159238144,2268844032,41633533952
688,61.899,5.604,0,17838080,8048136192,11909169152,2268897280,41617502208
689,68.239,4.591,0,1593344,8248623104,11702812672,2268946432,41618108416
690,45.033,3.767,0,2224128,8461082624,11484704768,2269040640,41618395136
691,48.458,4.208,0,2580480,8629194752,11310526464,2269155328,41618202624
692,62.343,4.66,196608,1523712,8309874688,11599798272,2269200384,41645600768
693,31.19,2.281,393216,2154496,8400355328,11506958336,2269233152,41646305280
694,16.978,2.989,0,1167360,7940788224,11931451392,2269241344,41680736256
695,12.116,2.531,0,495616,7717851136,12133081088,2269245440,41701310464
696,5.037,1.457,0,0,7706480640,12116299776,2269245440,41728675840
697,3.539,1.332,0,16384,7708016640,12114763776,2269245440,41728675840
698,2.957,0.167,0,0,7708114944,12114624512,2269245440,41728675840
699,3.583,1.5,0,0,7699693568,12123897856,2269245440,41728671744
700,3.082,1.291,0,593920,7698968576,12125065216,2269245440,41728606208
701,2.376,1.167,0,24576,7724007424,12099903488,2269245440,41728630784
702,0.5,1.375,0,12288,7724924928,12098932736,2269245440,41728643072
703,1.793,1.501,0,2318336,7714594816,12110241792,2269249536,41728585728
704,3.072,2.449,0,116408320,7080726528,12751409152,2269270016,41728167936
705,8.33,4.79,16384,5955584,6947237888,12924665856,2269294592,41701642240
706,8.229,4.845,32768,10276864,5709365248,14201618432,2269310976,41675370496
707,7.602,3.759,16384,8372224,5055328256,14895394816,2269319168,41649369088
708,5.204,3.247,0,6635520,4945149952,15233404928,2269347840,41434148864
709,5.546,3.725,0,29102080,4852867072,15326740480,2269347840,41434034176
710,11.032,6.669,0,13144064,4927893504,15496511488,2269380608,41194418176
711,10.592,6.088,2867200,62603264,4902113280,15459696640,2269396992,41253154816
712,24.086,5.17,6324224,84484096,5057007616,15530749952,2269437952,41031409664
713,29.747,10.38,98304,131878912,5255462912,15344177152,2269442048,41021407232
714,42.384,8.645,0,114458624,5481234432,15054577664,2269454336,41078833152
715,42.249,7.245,4030464,163028992,5716328448,14629310464,2269466624,41263362048
716,56.04,9.857,5259264,54697984,6093885440,14298677248,2269491200,41214599168
717,75.117,11.592,16384,30670848,6495367168,13859344384,2269499392,41246076928
718,49.412,6.885,9273344,123949056,6558081024,13668290560,2269532160,41363697664
719,62.7,9.283,4030464,171823104,6985256960,13048410112,2269540352,41545953280
720,64.736,6.717,5275648,147783680,7328178176,12596056064,2269556736,41650495488
721,81.015,7.526,180224,35553280,7607242752,12273541120,2269626368,41691516928
722,66.414,4.63,0,9691136,7898968064,11997855744,2269642752,41669869568
723,77.432,4.211,0,307200,8188227584,11703984128,2269642752,41669894144
724,70.854,4.858,0,1392640,8073641984,11787485184,2269757440,41697550336
725,51.481,3.421,196608,1425408,8246718464,11610550272,2269851648,41698017280
726,17.233,2.278,196608,851968,8049184768,11805818880,2269855744,41698091008
727,17.862,1.721,196608,1114112,8142340096,11683528704,2269868032,41725947904
728,12.608,2.307,0,651264,7934603264,11863023616,2269872128,41753313280
729,6.578,1.862,0,49152,7652188160,12117274624,2269872128,41780690944
730,2.917,1.417,0,0,7652655104,12116807680,2269872128,41780690944
731,3.374,1.166,0,0,7654678528,12114780160,2269872128,41780695040
732,3.534,0.374,0,0,7678373888,12091101184,2269872128,41780695040
733,1.159,1.366,0,569344,7679115264,12090437632,2269872128,41780527104
734,1.251,1.168,0,4096,7682461696,12087091200,2269872128,41780527104
735,2.371,2.288,0,114618368,7670706176,12105469952,2269880320,41780477952
736,7.137,3.881,0,5017600,7034736640,12770324480,2269896704,41754271744
737,2.425,1.881,16384,3661824,7023366144,12786003968,2269900800,41754198016
738,7.012,4.191,0,6164480,6292373504,13552877568,2269917184,41727442944
739,9.08,5.498,16384,7942144,6224318464,13902397440,2269954048,41461649408
740,10.799,4.939,16384,42409984,4987465728,15175806976,2269974528,41435545600
741,9.428,7.176,16384,8531968,5091725312,15077474304,2270003200,41435721728
742,13.653,4.843,0,82993152,5003952128,15075700736,2270011392,41523777536
743,22.893,6.122,9289728,31739904,5159374848,15444348928,2270027776,41013829632
744,22.162,3.854,0,106717184,5187678208,15262568448,2270027776,41162997760
745,35.92,6.8,0,99729408,5336330240,15083769856,2270064640,41193312256
746,51.975,11.55,0,15278080,5619666944,15007485952,2270085120,40988590080
747,63.966,10.295,4177920,132063232,5928316928,14623703040,2270089216,41056190464
748,36.866,6.954,7421952,126296064,6274048000,14068883456,2270109696,41252872192
749,30.853,6.02,6881280,124289024,6448750592,13751189504,2270126080,41390731264
750,43.732,9.686,294912,122974208,6732898304,13348388864,2270162944,41506033664
751,61.538,10.214,4096000,69758976,7158345728,12934148096,2270171136,41489317888
752,69.492,7.05,5193728,104955904,7408852992,12495085568,2270179328,41667444736
753,77.521,8.529,0,108544000,7389794304,12463058944,2270187520,41717714944
754,87.23,4.947,0,8937472,7616970752,12252233728,2270216192,41697878016
755,60.494,3.645,0,2641920,7822422016,12039868416,2270220288,41698381824
756,44.846,3.285,196608,696320,8020299776,11838083072,2270224384,41698680832
757,55.145,3.734,0,761856,8243679232,11611594752,2270240768,41698791424
758,25.737,3.404,0,1089536,8028147712,11795210240,2270257152,41726308352
759,12.05,1.946,393216,1056768,8107556864,11714768896,2270277632,41726615552
760,10.68,1.897,0,733184,7894040576,11900809216,2270289920,41754193920
761,5.666,1.861,0,135168,7623528448,12143673344,2270289920,41781559296
762,0.954,1.328,0,540672,7623745536,12143632384,2270289920,41781379072
763,0.417,1.334,0,0,7624617984,12142759936,2270289920,41781379072
764,2.214,2.339,0,85618688,7619072000,12154437632,2270289920,41781452800
765,4.812,2.636,16384,33054720,6986838016,12815204352,2270294016,41755394048
766,2.005,2.13,0,2846720,6976696320,12828516352,2270302208,41755332608
767,0.707,1.331,0,20480,6976548864,12828663808,2270302208,41755332608
768,0.417,1.208,0,475136,6976229376,12829102080,2270302208,41755164672
769,6.968,4.397,0,6963200,6284861440,13796065280,2270310400,41489698816
770,7.338,3.69,16384,17453056,6247555072,13841580032,2270322688,41488695296
771,9.77,4.969,0,27271168,6037319680,14083710976,2270351360,41463414784
772,12.632,8.884,16384,9285632,5486903296,14670323712,2270375936,41437007872
773,18.276,5.704,9207808,106889216,5222473728,14833610752,2270404608,41538256896
774,15.43,4.864,98304,131096576,5244387328,14627762176,2270416896,41722339328
775,21.273,6.198,0,22675456,5162217472,15307145216,2270437376,41140989952
776,33.962,6.541,0,8351744,5333458944,15355396096,2270441472,40927531008
777,39.916,7.029,0,96952320,5503578112,15155339264,2270478336,40955150336
778,55.146,13.299,2408448,41533440,5936603136,14686240768,2270502912,40986423296
779,54.264,10.819,8110080,35143680,6182146048,14399594496,2270511104,41017778176
780,17.637,4.243,5734400,180916224,6113271808,14280650752,2270523392,41194680320
781,39.681,7.131,2342912,191221760,6450110464,13633941504,2270543872,41494863872
782,63.64,6.799,8355840,145309696,6958309376,12939423744,2270564352,41675796480
783,60.831,8.102,1114112,130310144,7176523776,12595019776,2270584832,41800155136
784,74.076,8.967,0,40091648,7245582336,12541931520,2270617600,41781170176
785,60.327,4.692,0,4067328,7362609152,12475699200,2270625792,41726910464
786,63.081,4.856,0,0,7651733504,12209225728,2270625792,41699594240
787,76.917,4.044,0,749568,7864528896,11993735168,2270638080,41699631104
788,50.479,3.371,0,405504,8127422464,11726819328,2270638080,41699880960
789,42.56,2.535,0,1032192,8209182720,11639414784,2270646272,41700110336
790,18.036,2.465,393216,1028096,8362500096,11483807744,2270650368,41700634624
791,15.08,2.802,196608,1433600,7936028672,11882422272,2270666752,41728233472
792,8.606,2.979,0,675840,7662600192,12100210688,2270670848,41782968320
793,1.582,0.916,0,0,7672233984,12090560512,2270670848,41782968320
794,0.542,0.75,0,540672,7672381440,12090589184,2270670848,41782792192
795,2.578,2.204,0,45858816,7664975872,12104773632,2270670848,41782734848
796,4.102,2.93,0,71208960,7028424704,12768743424,2270679040,41756770304
797,2.557,3.06,16384,4415488,7010762752,12790677504,2270683136,41756741632
798,0.458,0.792,0,0,7010414592,12791472128,2270683136,41756745728
799,1.001,1.21,0,110592,6922436608,12879712256,2270683136,41756549120
800,4.155,3.864,0,3371008,6904840192,13163155456,2270707712,41496039424
801,5.083,2.875,0,32751616,6925451264,13121806336,2270732288,41516699648
802,12.406,7.209,0,8859648,7053746176,12998737920,2270748672,41516875776
803,12.987,6.535,16384,79548416,6447407104,13592326144,2270765056,41536577536
804,25.527,5.939,9207808,43683840,5282971648,14763073536,2270785536,41541799936
805,18.125,4.939,114688,91697152,5364633600,14580563968,2270793728,41646219264
806,28.944,5.595,0,60276736,5480980480,14708154368,2270806016,41409396736
807,40.508,3.705,0,31309824,5543854080,14703349760,2270806016,41353121792
808,52.218,8.576,0,11497472,5625094144,14782156800,2270826496,41196716032
809,18.049,6.419,4456448,67620864,5829353472,14818668544,2270863360,40959688704
810,15.691,6.766,4833280,109453312,5919612928,14588252160,2270867456,41092837376
811,25.338,7.939,212992,129384448,5472714752,14907822080,2270900224,41216151552
812,34.14,6.469,32768,153231360,5677858816,14446583808,2270904320,41467715584
813,30.362,6.644,9256960,114913280,5597282304,14475816960,2270904320,41516830720
814,41.937,9.053,0,36204544,6011166720,14086479872,2270920704,41491759104
815,70.411,7.673,0,58830848,6018543616,14234247168,2270957568,41334681600
816,79.788,5.678,0,133779456,6410985472,13623451648,2270961664,41547112448
817,84.346,6.582,0,30736384,6791581696,13293359104,2270973952,41494904832
818,71.717,4.756,16384,23093248,6952390656,13137711104,2270994432,41484668928
819,27.988,3.05,9273344,11710464,7104786432,12974841856,2270998528,41490624512
820,45.651,2.705,196608,7614464,7256928256,12816269312,2271023104,41495433216
821,53.278,2.365,196608,1019904,7404511232,12668436480,2271039488,41495973888
822,30.532,2.662,0,1851392,7176830976,12868657152,2271064064,41523232768
823,9.571,1.898,0,77824,6921285632,13096030208,2271064064,41550610432
824,8.576,2.206,0,58785792,6914752512,13117775872,2271076352,41541873664
825,9.049,3.445,16384,4227072,6159794176,13894352896,2271080448,41524256768
826,10.918,3.184,0,2891776,6169210880,14159503360,2271096832,41257263104
827,4.515,2.444,0,270336,6193184768,14108057600,2271096832,41284456448
828,7.395,5.609,0,35045376,6040817664,14259810304,2271113216,41284739072
829,8.5,6.542,16384,98107392,6228447232,13977628672,2271125504,41380827136
830,22.435,4.445,9273344,13627392,6292234240,13904969728,2271137792,41388019712
831,23.393,4.231,0,108007424,6478897152,13558734848,2271154176,41543319552
832,31.193,3.77,0,35975168,6680584192,13402312704,2271186944,41495691264
833,41.493,4.295,16384,4915200,6634770432,13478072320,2271203328,41470054400
834,59.623,7.113,0,7614464,5695102976,14450749440,2271232000,41443627008
835,20.566,3.58,16384,4235264,5677445120,14472171520,2271236096,41443688448
836,16.875,2.5,393216,3981312,5721825280,14701010944,2271256576,41176711168
837,16.941,3.462,0,19656704,5532499968,14835548160,2271256576,41231319040
838,15.616,6.973,0,44851200,5474664448,14864556032,2271264768,41258860544
839,15.932,4.201,0,81600512,5435072512,14829096960,2271264768,41330057216
840,20.233,4.902,0,150331392,5573431296,14729928704,2271277056,41293541376
841,20.67,3.927,9289728,42958848,5704646656,14610911232,2271297536,41279885312
842,32.904,7.021,0,37236736,5931073536,14410035200,2271326208,41252397056
843,46.824,6.395,0,7647232,6116564992,14210981888,2271342592,41260969984
844,54.889,5.162,0,178601984,6352015360,13793468416,2271342592,41435545600
845,30.303,4.608,9191424,62570496,6577393664,13480652800,2271383552,41518608384
846,35.968,4.099,98304,2629632,6770200576,13312167936,2271399936,41491681280
847,38.592,2.899,196608,7950336,6964727808,13109907456,2271404032,41496551424
848,45.797,3.931,0,3923968,7055314944,13024104448,2271424512,41496424448
849,16.315,4.928,0,34770944,6194704384,13916049408,2271432704,41472364544
850,11.654,3.801,229376,7102464,5492191232,14626750464,2271449088,41472012288
851,10.821,4.27,0,11292672,5424828416,14957740032,2271453184,41214316544
852,10.667,4.458,0,70107136,5173723136,15408631808,2271457280,41019547648
853,11.526,6.915,0,20402176,5359767552,15221157888,2271498240,41019813888
854,23.236,6.844,0,6082560,5450391552,15125413888,2271502336,41021562880
855,9.144,3.048,0,155742208,5502038016,14894346240,2271506432,41196097536
856,27.352,6.953,12107776,113258496,5829246976,14340362240,2271518720,41415761920
857,27.555,4.386,6373376,186572800,6067105792,13900890112,2271526912,41613250560
858,43.487,5.378,98304,26890240,6232006656,13806354432,2271555584,41541423104
859,60.404,4.876,0,13959168,6535442432,13545693184,2271588352,41496670208
860,61.139,5.316,0,7495680,6458683392,13650407424,2271604736,41471172608
861,50.21,4.53,16384,4100096,6272151552,13839462400,2271617024,41470914560
862,35.461,3.963,0,3088384,6261051392,13848690688,2271625216,41470652416
863,17.084,4.47,0,5976064,6262157312,14123065344,2271637504,41204977664
864,18.532,4.229,409600,36945920,5738708992,14649569280,2271641600,41205420032
865,17.845,6.614,0,5611520,5971767296,14415646720,2271657984,41205719040
866,18.988,4.935,9191424,104452096,5496856576,14727966720,2271670272,41363206144
867,21.766,4.478,98304,73207808,5567012864,14822113280,2271686656,41201946624
868,25.601,5.302,0,129708032,5735501824,14569885696,2271690752,41285742592
869,36.553,5.995,0,38137856,5911851008,14418460672,2271727616,41259155456
870,45.183,7.657,0,34492416,6140887040,14113935360,2271727616,41328742400
871,41.518,4.728,9191424,71122944,6370930688,13846016000,2271744000,41362362368
872,26.957,4.224,98304,64360448,6569373696,13535727616,2271756288,41467572224
873,31.042,4.083,0,81969152,6735728640,13337960448,2271780864,41497763840
874,36.733,3.109,196608,991232,6917873664,13152538624,2271789056,41498136576
875,47.786,3.3,0,1851392,6791950336,13249773568,2271789056,41525358592
876,11.185,2.693,0,290816,6817423360,13222039552,2271789056,41525264384
877,9.398,3.049,0,32931840,6739501056,13363265536,2271797248,41473916928
878,11.022,3.45,229376,7692288,5611343872,14499991552,2271801344,41473327104
879,7.523,4.156,0,11849728,5183156224,14905634816,2271809536,41500311552
880,5.688,4.684,0,21606400,5158469632,15454564352,2271821824,40989351936
881,7.152,3.659,0,48635904,5180911616,15400460288,2271821824,41020620800
882,9.224,6.625,0,20692992,5275594752,15304605696,2271858688,41021313024
883,15.01,9.644,3227648,104239104,5542678528,14930571264,2271862784,41122590720
884,20.334,4.635,10006528,150134784,5788626944,14358401024,2271895552,41434963968
885,15.16,4.207,5259264,171970560,5925744640,13982191616,2271899648,41671983104
886,31.36,7.557,98304,69689344,6102818816,13958553600,2271932416,41520046080
887,38.127,5.142,16384,13574144,5606174720,14506909696,2271961088,41471672320
888,53.615,5.976,0,4796416,5811417088,14542991360,2271973376,41232674816
889,71.212,5.219,0,1126400,6038933504,14345687040,2271981568,41204277248
890,78.623,5.239,0,31498240,6183104512,14204096512,2271985664,41206083584
891,66.371,6.337,16384,11476992,5711237120,14673465344,2272006144,41206132736
892,25.845,7.686,16384,25001984,5806518272,14555308032,2272038912,41228558336
893,27.812,6.559,9175040,100925440,5542465536,14977052672,2272043008,41072807936
894,26.112,5.322,98304,106045440,5655740416,14599176192,2272047104,41333809152
895,29.38,5.165,0,116523008,5806059520,14522490880,2272071680,41259991040
896,40.806,7.767,16384,29339648,6011453440,14283960320,2272075776,41289162752
897,60.71,4.509,8945664,79298560,6239023104,13976371200,2272079872,41361719296
898,34.872,5.791,0,114876416,6566936576,13532975104,2272112640,41473490944
899,25.834,3.873,0,2383872,6686834688,13436383232,2272124928,41447227392
900,42.116,3.734,0,2097152,6858727424,13262278656,2272124928,41446686720
901,45.289,2.283,0,229376,6798364672,13292273664,2272124928,41474129920
902,24.729,2.252,0,1064960,6826008576,13262069760,2272129024,41474277376
903,8.974,1.703,0,114688,6859972608,13227053056,2272129024,41474289664
904,8.177,2.753,0,8507392,6670635008,13395128320,2272133120,41501597696
905,11.388,4.198,32768,56954880,5417291776,14708469760,2272157696,41449873408
906,8.828,3.64,0,5890048,5292269568,14844706816,2272169984,41449353216
907,7.578,2.965,0,2334720,5266726912,15144226816,2272178176,41182154752
908,6.912,2.566,0,27430912,5308268544,15075250176,2272178176,41209544704
909,9.03,6.522,0,8384512,5413498880,14968274944,2272190464,41209962496
910,14.304,3.493,8962048,103182336,5530656768,14744182784,2272194560,41311375360
911,23.237,4.938,0,10317824,5629284352,14913024000,2272202752,41047781376
912,29.979,6.528,0,110039040,5768278016,14559772672,2272215040,41260920832
913,46.018,8.344,16384,42332160,5325578240,15136841728,2272243712,41130692608
914,48.304,8.015,0,4542464,5406908416,15056457728,2272243712,41130618880
915,49.832,5.584,8962048,95469568,5540139008,15069405184,2272272384,40990916608
916,29.189,7.392,16384,53850112,5187268608,15310835712,2272292864,41100394496
917,27.944,5.783,0,111939584,5177257984,15345373184,2272292864,41076871168
918,43.454,8.277,0,41115648,5218230272,15495507968,2272296960,40891187200
919,47.951,8.154,0,1413120,5358735360,15352991744,2272305152,40890675200
920,67.946,5.567,0,166592512,5615861760,14913376256,2272309248,41067134976
921,26.506,5.484,8962048,80633856,5805330432,14688112640,2272325632,41098903552
922,33.529,8.131,0,5754880,6088953856,14400700416,2272329728,41100189696
923,33.927,4.681,0,79704064,5976186880,14372204544,2272337920,41234329600
924,45.443,5.586,0,106721280,6192398336,14106984448,2272350208,41281957888
925,59.068,5.542,8962048,64237568,6585180160,13679976448,2272366592,41313361920
926,64.289,4.238,0,9236480,6674477056,13610643456,2272378880,41290641408
927,39.18,3.139,0,299008,6858473472,13423038464,2272378880,41291427840
928,47.333,2.958,0,598016,7021723648,13255921664,2272382976,41291505664
929,17.608,3.032,16384,6414336,6467792896,13814341632,2272407552,41291350016
930,10.986,3.926,0,31100928,6198009856,14061629440,2272407552,41318551552
931,9.768,3.394,0,2891776,5937627136,14558298112,2272411648,41087676416
932,6.294,2.626,0,434176,5954621440,14496088064,2272411648,41132474368
933,7.622,4.123,0,62746624,6012719104,14437457920,2272423936,41132761088
934,18.839,7.101,16384,8380416,5568868352,14865481728,2272444416,41151770624
935,14.629,4.227,8962048,136650752,5503090688,14813147136,2272460800,41268006912
936,16.332,5.931,0,86757376,5696139264,14760669184,2272489472,41132294144
937,31.157,3.099,0,217088,5785989120,14697152512,2272497664,41105055744
938,43.053,3.691,0,917504,5987995648,14492499968,2272501760,41105678336
939,47.106,3.775,0,38150144,6101598208,14377771008,2272538624,41105575936
940,15.17,6.983,0,46387200,6232563712,14171955200,2272538624,41175293952
941,29.795,5.474,16384,52514816,6245253120,14052589568,2272571392,41282768896
942,25,6.711,8962048,126324736,5664002048,14470774784,2272579584,41445322752
943,28.067,5,16384,35614720,5510258688,14983671808,2272604160,41099837440
944,38.371,5.877,0,39747584,5195202560,15297036288,2272620544,41104814080
945,46.879,6.745,0,8257536,5384110080,15106015232,2272636928,41105186816
946,57.275,7.653,0,25972736,5460791296,15173632000,2272677888,40961736704
947,30.99,4.95,0,85397504,5737291776,14808002560,2272681984,41046896640
948,25.863,3.368,8404992,133681152,5913882624,14518263808,2272694272,41157476352
949,42.978,10.333,557056,13082624,5921349632,14560116736,2272727040,41107116032
950,48.409,7.663,4341760,38469632,6198288384,14249074688,2272735232,41136209920
951,56.465,4.66,4620288,51015680,6310498304,14025306112,2272739328,41242017792
952,19.933,3.246,0,166051840,6494892032,13759139840,2272768000,41319591936
953,36.04,5.51,0,4431872,6586347520,13697908736,2272788480,41292603392
954,43.522,5.535,16384,4202496,6164594688,14118584320,2272796672,41292656640
955,54.572,3.943,0,4796416,6311804928,13973561344,2272808960,41291853824
956,17.2,3.864,0,31232000,6099681280,14402334720,2272829440,41079422976
957,10.947,2.14,0,323584,6132609024,14341369856,2272829440,41106268160
958,16.915,6.203,0,36290560,6324379648,14148337664,2272837632,41106657280
959,19.159,5.998,8962048,73396224,6147612672,14190563328,2272849920,41233719296
960,18.831,4.092,0,157777920,6318936064,13908373504,2272849920,41341304832
961,27.175,4.474,16384,22007808,6172991488,14082248704,2272866304,41320230912
962,38.378,4.682,0,6987776,5980352512,14277447680,2272866304,41319755776
963,42.321,3.506,0,2088960,6033092608,14440112128,2272870400,41106944000
964,37.136,3.913,0,1585152,6083092480,14390882304,2272870400,41106538496
965,9.888,3.781,0,35086336,6158082048,14313582592,2272874496,41106927616
966,18.901,6.661,0,2560000,6288936960,14179553280,2272886784,41107197952
967,20.125,3.95,2555904,156020736,6190772224,14117064704,2272890880,41269985280
968,21.494,5.519,6422528,89640960,5759397888,14475640832,2272923648,41341546496
969,31.148,5.511,0,11726848,5723869184,14534987776,2272931840,41320112128
970,46.753,6.661,16384,6561792,5255352320,15244263424,2272952320,41089568768
971,53.986,5.019,0,37904384,5313740800,15172255744,2272968704,41106345984
972,39.84,9.068,0,9420800,5484408832,15245099008,2272989184,40866160640
973,14.619,4.873,8962048,103391232,5642797056,14952755200,2273001472,40995381248
974,27.72,5.211,0,37961728,5865115648,14726389760,2273026048,40996163584
975,32.432,5.655,0,114491392,6076477440,14392750080,2273046528,41114898432
976,42.088,7.557,0,110186496,6033993728,14234009600,2273071104,41308798976
977,53.708,5.111,0,73646080,6222041088,14041645056,2273091584,41312071680
978,41.248,5.821,8962048,64417792,6516035584,13740363776,2273099776,41315811328
979,28.303,5.226,16384,15204352,5916233728,14366904320,2273144832,41293598720
980,37.684,4.674,0,5242880,6033473536,14496694272,2273157120,41052852224
981,44.699,4.075,0,0,6238724096,14261260288,2273157120,41080123392
982,47.842,5.069,0,37658624,6380650496,14115627008,2273181696,41080492032
983,22.107,7.119,0,2281472,6233706496,14249009152,2273185792,41090510848
984,21.983,5.06,4456448,160866304,6556426240,13693693952,2273218560,41314693120
985,20.357,4.985,4505600,80900096,6396121088,13826138112,2273226752,41343291392
986,26.775,2.2,0,8065024,6562365440,13679480832,2273243136,41322311680
987,35.595,3.122,0,32321536,6673145856,13573521408,2273251328,41321680896
988,49.563,5.031,16384,5091328,6109937664,14137647104,2273263616,41321222144
989,18.883,4.252,0,4423680,6144335872,14350196736,2273271808,41080672256
990,10.629,3.019,0,5955584,6196793344,14269480960,2273271808,41108058112
991,14.15,6.206,0,30670848,6112108544,14325587968,2273284096,41135779840
992,7.585,3.627,4177920,102797312,6244372480,14087471104,2273296384,41237348352
993,10.7,3.374,4784128,136859648,6250323968,13866524672,2273296384,41447833600
994,21.118,5.093,0,11853824,6372962304,13870288896,2273308672,41322332160
995,21.617,4.538,16384,6266880,5870022656,14380322816,2273320960,41321672704
996,32.912,3.914,16384,4861952,5955387392,14303744000,2273341440,41321213952
997,35.894,4.156,0,4411392,5498589184,14762598400,2273345536,41321107456
998,30.602,2.132,0,1904640,5484040192,14775721984,2273357824,41321234432
999,11.425,4.944,0,5992448,5446385664,15305187328,2273370112,40840110080
1000,12.169,4.098,0,2273280,5221765120,15448170496,2273370112,40921821184
1001,6.723,4.244,0,93069312,5322969088,15345872896,2273374208,40922456064
1002,18.707,10.799,16384,36483072,5564424192,15075880960,2273382400,40952573952
1003,21.723,6.261,8962048,128770048,5071806464,15401701376,2273402880,41113219072
1004,31.849,5.504,4341760,162832384,5282017280,15070584832,2273406976,41231421440
1005,42.105,6.85,4620288,116195328,5525954560,14701240320,2273427456,41356136448
1006,54.749,7.514,0,17104896,5626597376,14879473664,2273447936,41081999360
1007,72.089,5.717,0,217088,5835612160,14669561856,2273447936,41080975360
1008,66.988,3.733,0,31293440,6023237632,14477242368,2273464320,41081266176
1009,58.112,9.355,0,7294976,6369628160,14128717824,2273476608,41081806848
1010,20.603,3.551,0,72650752,6538653696,13880311808,2273476608,41153265664
1011,19.975,4.26,0,110665728,6586630144,13728993280,2273509376,41259343872
1012,24.843,7.39,8978432,49782784,5671198720,14586040320,2273542144,41317191680
1013,20.101,5.025,0,58171392,5661773824,14590926848,2273554432,41322430464
1014,20.68,3.854,0,1400832,5751898112,14716715008,2273570816,41109061632
1015,32.309,2.907,0,32870400,5924360192,14542553088,2273583104,41109168128
1016,45.251,8.231,0,5337088,6159679488,14303297536,2273603584,41109659648
1017,57.507,5.353,0,73576448,6407757824,13871775744,2273615872,41285496832
1018,18.577,4.055,0,110297088,6522982400,13754949632,2273628160,41287204864
1019,22.259,4.444,8962048,32940032,6464118784,13752434688,2273632256,41345802240
1020,25.944,1.951,0,8876032,6584758272,13652496384,2273648640,41323290624
1021,30.673,2.507,0,24576,6723543040,13511671808,2273648640,41323356160
1022,40.849,2.662,0,819200,6815219712,13417750528,2273652736,41323507712
1023,8.261,3.098,0,233472,6845493248,13386805248,2273652736,41323438080
1024,15.336,4.889,32768,36966400,5652439040,14593044480,2273673216,41322676224
1025,12.563,3.088,0,17870848,5297815552,14930567168,2273685504,41349521408
1026,8.262,3.395,0,17551360,5299621888,15166242816,2273693696,41118867456
1027,8.095,2.74,0,33656832,5294211072,15153569792,2273705984,41136517120
1028,13.239,6.703,0,2621440,5339541504,15105859584,2273705984,41136939008
1029,22.468,4.335,0,104308736,5502963712,14977900544,2273726464,41100550144
1030,24.728,5.347,7585792,113229824,5647781888,14808145920,2273730560,41130795008
1031,40.722,5.936,1392640,35938304,5183213568,15298179072,2273738752,41104453632
1032,39.638,7.582,0,18436096,5291446272,15188168704,2273763328,41108799488
1033,57.058,8.03,0,4673536,5459034112,15260626944,2273783808,40869150720
1034,29.109,3.931,0,177917952,5657456640,14852915200,2273783808,41073176576
1035,23.982,5.569,8962048,68186112,5858185216,14616997888,2273808384,41104523264
1036,40.805,10.678,0,7659520,6160998400,14338772992,2273816576,41078063104
1037,47.24,5.815,16384,81231872,5772345344,14652424192,2273828864,41154031616
1038,51.05,6.261,0,136880128,5621628928,14668587008,2273828864,41286324224
1039,44.872,5.735,4407296,37654528,5749186560,14509912064,2273849344,41317318656
1040,21.83,5.364,4554752,5812224,5863698432,14663557120,2273853440,41049944064
1041,35.937,4.321,0,17182720,6035255296,14456672256,2273853440,41082687488
1042,48.435,8.249,0,27078656,6394871808,14094057472,2273865728,41083133952
1043,63.751,6.602,8896512,31940608,6285066240,14142296064,2273878016,41140346880
1044,36.436,4.215,65536,116695040,6379470848,13935718400,2273882112,41246490624
1045,23.042,4.875,0,102150144,6656622592,13577981952,2273906688,41324187648
1046,40.905,4.319,0,667648,6499278848,13761495040,2273910784,41296908288
1047,49.394,3.388,0,2277376,6724874240,13506560000,2273910784,41324896256
1048,29.168,1.212,0,1249280,6802837504,13426610176,2273910784,41324425216
1049,6.911,2.873,0,30457856,6830403584,13403430912,2273914880,41324421120
1050,11.129,3.586,16384,5033984,6246703104,13989429248,2273923072,41324040192
1051,8.907,3.052,0,2969600,6190026752,14050476032,2273931264,41323732992
1052,7.35,3.821,0,1097728,5948522496,14484049920,2273939456,41137922048
1053,5.509,2.588,0,61587456,5935464448,14496567296,2273959936,41138118656
1054,14.089,7.734,16384,5324800,6005923840,14429683712,2273976320,41138827264
1055,18.428,4.493,8962048,104181760,5550272512,14745444352,2273984512,41274081280
1056,16.327,5.165,0,118693888,5605646336,14615146496,2274009088,41351004160
1057,34.498,5.757,0,5332992,5709250560,14779211776,2274037760,41086959616
1058,44.277,4.948,16384,35999744,5276401664,15192440832,2274054144,41111465984
1059,57.41,9.172,0,13000704,5570654208,14899527680,2274107392,41111089152
1060,25.737,5.729,8404992,50679808,5527973888,14838607872,2274115584,41210400768
1061,13.447,3.58,557056,162398208,5741260800,14468050944,2274115584,41364590592
1062,28.968,5.678,0,11526144,5890756608,14620151808,2274119680,41066098688
1063,49.22,5.103,16384,38141952,5840539648,14656544768,2274123776,41083691008
1064,55.074,9.766,0,10768384,5666390016,14831181824,2274185216,41084362752
1065,47.821,8.256,180224,45125632,5501427712,15183814656,2274213888,40900251648
1066,13.752,4.695,8781824,156897280,5629575168,14843772928,2274230272,41105637376
1067,26.954,6.394,0,85889024,5829210112,14636548096,2274263040,41112518656
1068,31.849,8.739,0,4976640,5814808576,14601654272,2274283520,41157926912
1069,27.046,4.528,8273920,164122624,6073032704,14171787264,2274299904,41319522304
1070,42.792,5.484,688128,77402112,6246703104,13998100480,2274308096,41320271872
1071,60.443,6.307,0,9281536,6535364608,13727293440,2274324480,41299345408
1072,46.307,2.739,0,2727936,6669643776,13588279296,2274344960,41299210240
1073,28.904,2.575,0,163840,6871154688,13384749056,2274349056,41299349504
1074,37.854,3.453,0,307200,6743937024,13482016768,2274349056,41326751744
1075,46.032,2.506,0,532480,6871597056,13352173568,2274357248,41326850048
1076,17.361,2.914,16384,31531008,6900731904,13329354752,2274365440,41326518272
1077,6.781,3.223,0,32247808,6033678336,14172549120,2274373632,41353703424
1078,0.75,1.249,0,1241088,6023323648,14185189376,2274373632,41353699328
1079,2.585,2.127,0,1413120,6026637312,14188236800,2274373632,41353641984
1080,6.237,4.2,16384,5246976,5275664384,14943928320,2274385920,41352925184
1081,5.727,4.055,0,3088384,5167296512,15301767168,2274398208,41112002560
1082,8.405,3.173,0,43999232,5173223424,15485145088,2274406400,40926330880
1083,13.23,8.442,0,31223808,5338832896,15317401600,2274447360,40926855168
1084,21.825,8.242,8962048,36642816,5549965312,14965161984,2274455552,41062469632
1085,26.34,5.653,5292032,154664960,5712363520,14589681664,2274459648,41268191232
1086,25.331,4.752,3686400,161054720,5909757952,14387593216,2274467840,41276239872
1087,43.779,8.477,0,93286400,5470257152,14748700672,2274512896,41352765440
1088,69.97,7.486,0,8556544,5689712640,14561927168,2274533376,41326727168
1089,78.397,7.679,16384,10244096,5292019712,15231188992,2274553856,41058820096
1090,86.344,4.665,0,13623296,5366411264,15131836416,2274566144,41085718528
1091,39.414,4.854,0,30171136,5453905920,15257563136,2274639872,40873119744
1092,23.584,7.595,0,3244032,5682008064,15026618368,2274656256,40872546304
1093,32.459,4.328,0,78987264,5803044864,14796451840,2274668544,40978132992
1094,30.911,8.61,0,138498048,5747097600,14749659136,2274680832,41077829632
1095,40.412,8.41,4030464,96907264,5698551808,14666268672,2274725888,41202896896
1096,44.724,5.905,8765440,100569088,6125453312,14147112960,2274738176,41291042816
1097,57.227,5.739,5128192,113115136,6337466368,13770104832,2274754560,41452728320
1098,64.624,6.379,0,14049280,6454652928,13806145536,2274803712,41300234240
1099,25.333,1.705,0,24576,6699880448,13555458048,2274803712,41300377600
1100,38.854,3.362,0,258048,6858555392,13393551360,2274803712,41300414464
1101,47.629,3.411,0,278528,7038955520,13208678400,2274803712,41300692992
1102,28.631,2.247,0,724992,7119323136,13125414912,2274811904,41300811776
1103,10.992,2.841,0,528384,6944038912,13274263552,2274816000,41328197632
1104,5.025,1.287,0,49152,6710644736,13480316928,2274816000,41355579392
1105,2.162,2.412,0,17133568,6705217536,13491302400,2274816000,41355517952
1106,6.405,3.802,16384,45813760,6036099072,14162993152,2274824192,41355395072
1107,6.902,3.867,16384,6004736,5389606912,14820749312,2274824192,41354633216
1108,2.857,2.311,0,2899968,5368291328,14847537152,2274828288,41354493952
1109,0.626,0.835,0,20480,5279993856,14936059904,2274828288,41354268672
1110,3.88,3.379,0,2514944,5280509952,15181987840,2274828288,41113800704
1111,5.052,2.714,0,30109696,5193420800,15242235904,2274832384,41140961280
1112,10.424,8.14,0,8388608,5330968576,15350501376,2274844672,40900763648
1113,8.43,3.073,8962048,94711808,5344645120,15204642816,2274844672,41027686400
1114,11.947,4.754,0,149352448,5469908992,14908915712,2274856960,41194409984
1115,30.275,10.74,32768,20578304,5074284544,15369428992,2274881536,41141653504
1116,34.815,7.424,0,78008320,4595978240,15774973952,2274902016,41213095936
1117,39.619,6.271,6045696,40669184,4714700800,15658303488,2274918400,41214566400
1118,58.277,7.941,2916352,72052736,4959309824,15764496384,2274942976,40868106240
1119,71.284,6.989,0,50171904,5127946240,15616360448,2274967552,40846290944
1120,74.495,6.776,0,49696768,5275623424,15439626240,2275004416,40873340928
1121,52.273,8.67,0,4599808,5647872000,15061876736,2275008512,40873644032
1122,52.451,7.143,8962048,55635968,5788635136,14885748736,2275024896,40903643136
1123,24.979,7.628,0,170266624,5992693760,14497759232,2275033088,41079484416
1124,31.656,7.196,0,94187520,6006706176,14265233408,2275041280,41290309632
1125,43.849,6.527,2310144,167247872,6323347456,13836480512,2275053568,41399017472
1126,58.476,6.028,6651904,5603328,6287515648,13949444096,2275053568,41319399424
1127,58.508,4.61,0,9068544,6561226752,13690793984,2275057664,41301245952
1128,79.04,3.788,0,561152,6762909696,13485985792,2275061760,41301532672
1129,45.606,2.999,0,176128,6964678656,13279522816,2275061760,41301655552
1130,41.072,2.804,0,901120,7074500608,13165981696,2275061760,41301835776
1131,11.575,0.909,0,212992,7156805632,13083750400,2275061760,41301856256
1132,8.683,2.576,0,462848,6945902592,13267447808,2275065856,41329242112
1133,4.032,2.12,0,36864,6698397696,13487595520,2275065856,41356619776
1134,0.666,1.29,0,12288,6675783680,13510123520,2275065856,41356632064
1135,3.497,2.373,0,86433792,6669496320,13522739200,2275078144,41356693504
1136,5.846,3.358,16384,5144576,5999796224,14196232192,2275090432,41356234752
1137,2.336,2.378,0,2392064,6003208192,14200737792,2275094528,41356107776
1138,7.018,3.53,16384,5517312,5307981824,14900973568,2275094528,41355497472
1139,5.677,4.836,0,7114752,5199044608,15476326400,2275102720,40901799936
1140,8.509,3.965,0,19390464,5192011776,15474450432,2275102720,40911269888
1141,9.091,4.545,0,49917952,5256552448,15391707136,2275123200,40929120256
1142,20.993,10.98,0,15499264,5572005888,15002222592,2275131392,40999530496
1143,26.541,5.577,8830976,163454976,5786083328,14682271744,2275135488,41102921728
1144,41.59,7.359,147456,117886976,5277196288,15010451456,2275155968,41285169152
1145,48.235,7.101,4194304,137007104,4991766528,15232094208,2275172352,41349341184
1146,52.421,8.674,4784128,24236032,5138137088,15090499584,2275201024,41349525504
1147,67.892,5.915,0,11620352,5083680768,15413575680,2275221504,41087463424
1148,66.695,6.644,0,5521408,5277814784,15435259904,2275229696,40874328064
1149,42.211,4.481,0,57487360,5419511808,15289323520,2275237888,40874209280
1150,21.723,8.032,0,13389824,5629296640,15076540416,2275246080,40874696704
1151,24.687,6.672,8732672,100560896,5892448256,14703943680,2275278848,40974852096
1152,35.149,7.918,98304,83685376,6115033088,14403817472,2275291136,41048379392
1153,38.087,6.071,0,155770880,6375301120,13813702656,2275299328,41369030656
1154,56.533,7.738,2408448,130949120,6415994880,13739769856,2275323904,41400209408
1155,54.351,5.633,6422528,8081408,6629707776,13626630144,2275368960,41297928192
1156,65.896,4.752,0,10461184,6829568000,13445390336,2275459072,41275883520
1157,52.931,4.283,360448,827392,7088775168,13181456384,2275463168,41276166144
1158,54.137,3.451,196608,1916928,7313440768,12952694784,2275520512,41276395520
1159,37.63,2.245,0,1875968,7445184512,12817690624,2275545088,41276481536
1160,12.779,2.275,0,3436544,7531417600,12729647104,2275610624,41276735488
1161,8.013,1.735,114688,5357568,7568314368,12691267584,2275819520,41277550592
1162,8.233,2.4,16384,5705728,7358619648,12899921920,2275885056,41278189568
1163,14.138,2.239,0,3194880,7419449344,12811046912,2275913728,41305915392
1164,12.125,2.261,0,1744896,6823079936,13379694592,2275938304,41332912128
1165,9.555,3.707,0,17137664,6820179968,13315690496,2276098048,41404379136
1166,8.917,3.111,16384,119590912,6476443648,13638410240,2276118528,41425494016
1167,9.896,4.555,0,84525056,6199517184,13793542144,2276130816,41548447744
1168,7.817,2.827,0,53764096,6190497792,13612634112,2276134912,41738338304
1169,7.905,2.802,0,93618176,6072590336,13538955264,2276134912,41928912896
1170,4.802,3.591,1212416,93671424,6078345216,13740781568,2276143104,41724694528
1171,7.899,3.267,0,36470784,6084947968,13678022656,2276159488,41780428800
1172,6.75,5.792,0,64954368,6329155584,13432741888,2276200448,41780797440
1173,4.326,2.454,0,72081408,6330953728,13357174784,2276208640,41852006400
1174,12.287,3.944,4587520,35938304,5753606144,13906731008,2276220928,41882279936
1175,26.176,4.994,4276224,8937472,5800239104,13869330432,2276237312,41882701824
1176,18.204,5.32,0,116428800,5218549760,14312984576,2276245504,42019098624
1177,30.449,4.326,0,7688192,5245960192,14561030144,2276257792,41752166400
1178,38.168,2.984,0,724992,5407338496,14398550016,2276257792,41751781376
1179,46.512,4.277,0,35831808,5502812160,14301290496,2276278272,41751912448
1180,15.06,7.551,0,2482176,5505896448,14294544384,2276286464,41752272896
1181,21.817,6.304,4177920,115716096,5693337600,14143582208,2276315136,41715810304
1182,21.151,5.841,4653056,131420160,5751246848,14061563904,2276319232,41745723392
1183,31.552,6.815,0,45481984,5189926912,14616276992,2276335616,41751523328
1184,43.515,7.689,16384,8785920,5353193472,14452723712,2276339712,41751605248
1185,48.429,5.53,8830976,106127360,5623914496,14048665600,2276352000,41879785472
1186,61.801,6.689,0,113381376,5722419200,13756768256,2276368384,42068926464
1187,32.777,4.885,0,6410240,5897285632,14164811776,2276392960,41492635648
1188,38.993,4.037,0,35225600,6100647936,13935689728,2276401152,41513848832
1189,50.731,8.483,0,4268032,6427938816,13605822464,2276413440,41514266624
1190,55.069,5.382,8830976,31469568,6337871872,13617221632,2276421632,41587298304
1191,28.725,5.422,0,168386560,6408613888,13270986752,2276438016,41854365696
1192,21.861,4.005,0,52924416,6642827264,13136265216,2276470784,41755332608
1193,24.948,3.072,0,5373952,6813237248,12991561728,2276552704,41728290816
1194,45.839,4.935,16384,7852032,6373482496,13434621952,2276589568,41728663552
1195,44.876,5.314,0,34148352,6083317760,13701529600,2276610048,41755525120
1196,29.723,4.589,0,2383872,6090567680,13939384320,2276626432,41515053056
1197,11.828,2.624,0,2318336,6147248128,13853167616,2276630528,41542455296
1198,17.556,5.712,0,34263040,6378414080,13620596736,2276642816,41542901760
1199,16.245,3.813,8962048,33112064,6451277824,13513150464,2276659200,41573421056
1200,16.268,3.964,0,129794048,6496169984,13268111360,2276691968,41767067648
1201,25.395,4.323,0,64802816,6709583872,13065236480,2276745216,41757138944
1202,46.262,5.108,16384,7790592,6254034944,13553889280,2276798464,41729335296
1203,52.983,5.336,0,33435648,6085369856,13698220032,2276802560,41756676096
1204,33.084,2.702,0,2396160,6139056128,13888512000,2276814848,41516113920
1205,6.387,1.659,0,344064,6153293824,13873221632,2276818944,41516138496
1206,10.537,3.182,16384,4739072,5527568384,14504112128,2276839424,41515782144
1207,8.864,2.497,393216,4018176,5541421056,14494470144,2276851712,41515773952
1208,5.002,2.687,0,1159168,5372944384,14630461440,2276855808,41548386304
1209,4.123,2.624,0,839680,5357473792,14585663488,2276864000,41608654848
1210,5.379,3.42,0,86016,5269356544,14539444224,2276864000,41741426688
1211,5.171,3.294,0,220229632,5268930560,14357852160,2276864000,41921691648
1212,5.465,2.503,0,66134016,5245124608,14463311872,2276872192,41842458624
1213,3.835,2.543,0,958464,5241155584,14402437120,2276876288,41907167232
1214,4.817,2.409,0,109912064,5207568384,14414839808,2276896768,41934598144
1215,4.998,2.999,16384,66854912,4582117376,15041949696,2276917248,41934123008
1216,4.606,3.651,0,4452352,4476411904,15372500992,2276933632,41719816192
1217,0.416,0.541,0,81920,4453744640,15422619648,2276933632,41692446720
1218,0.375,1.082,0,839680,4453580800,15423455232,2276933632,41691758592
1219,0.25,1.208,0,0,4452556800,15424479232,2276933632,41691758592
1220,0.209,1.251,0,12288,4452446208,15424524288,2276933632,41691774976
1221,0.292,0.834,0,0,4452716544,15424253952,2276933632,41691774976
1222,0.167,0.417,0,0,4452225024,15424745472,2276933632,41691774976
1223,0.167,1.251,0,61440,4453220352,15423750144,2276933632,41691774976
1224,0.333,1.291,0,0,4453421056,15423549440,2276933632,41691774976
1225,3.796,2.044,0,2916352,4418158592,15464927232,2276945920,41691688960
1226,3.716,2.338,16384,4558848,3793104896,16094212096,2276966400,41691172864
1227,1.042,1.333,0,1351680,3773370368,16117219328,2276966400,41691140096
1228,0.333,1.166,0,0,3772510208,16118079488,2276966400,41691140096
1229,0.25,1.168,0,20480,3700113408,16191070208,2276966400,41690914816
1230,4.5,3.633,0,2682880,3681742848,16664694784,2276966400,41241280512
1231,3.945,2.118,0,0,3687378944,16631615488,2276966400,41268654080
1232,5.466,3.354,0,35528704,3718287360,16600285184,2276986880,41269055488
1233,9.413,5.956,1228800,30822400,3953553408,16332103680,2276990976,41298862080
1234,16.584,2.44,7897088,1187840,3997782016,16285769728,2276995072,41299599360
1235,15.004,2.909,0,112836608,4041482240,16130293760,2277007360,41408856064
1236,29.407,3.759,0,77201408,4227194880,15868764160,2277036032,41481752576
1237,44.007,3.227,0,163840,4415045632,15707131904,2277040128,41454477312
1238,31.638,2.209,0,2457600,4501659648,15617986560,2277052416,41454555136
1239,5.78,1.58,0,172032,4551426048,15566213120,2277052416,41454628864
1240,7.292,1.75,0,0,4593172480,15522476032,2277052416,41454632960
1241,7.426,0.96,393216,1335296,4394143744,15720927232,2277068800,41454891008
1242,6.833,2.667,0,765952,4414275584,15629332480,2277072896,41526345728
1243,6.994,2.956,0,229376,4441157632,15513112576,2277072896,41613455360
1244,7.095,2.88,0,0,4441231360,15346143232,2277072896,41777717248
1245,6.957,2.473,0,0,4439597056,15149084672,2277072896,41973592064
1246,7.03,1.705,688128,884736,4467228672,15019126784,2277085184,42074062848
1247,3.965,1.983,0,1622016,4441079808,15002521600,2277093376,42115710976
1248,1,1.333,0,0,4445339648,14998130688,2277093376,42115842048
1249,0.167,1.292,0,0,4445855744,14997614592,2277093376,42115842048
1250,0.334,0.793,0,0,4441366528,15002652672,2277093376,42115837952
1251,0.25,0.667,0,1097728,4441120768,15003680768,2277093376,42115051520
1252,0.25,1.125,0,0,4441571328,15003312128,2277093376,42115051520
1253,0.167,1.251,0,0,4441432064,15003439104,2277093376,42115063808
1254,0.333,1.084,0,0,4440805376,15004065792,2277093376,42115063808
1255,0.125,0.542,0,0,4441387008,15003484160,2277093376,42115063808
1256,0.25,0.667,0,53248,4440608768,15004278784,2277093376,42115063808
1257,0.209,1.252,0,0,4440678400,15004209152,2277093376,42115063808
1258,1.831,2.122,0,76963840,4434804736,15015919616,2277093376,42115063808
1259,0.209,1.252,0,257851392,4433645568,15017414656,2277093376,42115084288
1260,3.414,1.582,0,122155008,3802038272,15649472512,2277109760,42114572288
1261,3.296,2.503,16384,4046848,3777191936,15679528960,2277122048,42114527232
1262,0.333,1.166,0,0,3776905216,15679811584,2277122048,42114531328
1263,0.208,1.208,0,0,3776053248,15680532480,2277122048,42114662400
1264,0.167,0.834,0,20480,3690516480,15766073344,2277122048,42114658304
1265,3.637,2.467,0,2584576,3686367232,16224763904,2277126144,41665073152
1266,4.132,3.14,0,0,3685285888,16198959104,2277126144,41692356608
1267,6.017,3.527,0,34926592,3730092032,16153333760,2277154816,41692594176
1268,9.363,5.493,0,73461760,3793530880,16013283328,2277171200,41763971072
1269,17.444,2.706,0,106397696,3946917888,15750746112,2277175296,41869303808
1270,16.957,3.731,9207808,36208640,4219916288,15446020096,2277199872,41900855296
1271,20.972,3.008,49152,1851392,4261740544,15430381568,2277199872,41873559552
1272,33.581,2.685,0,7385088,4410859520,15273869312,2277212160,41878196224
1273,45.662,2.864,0,704512,4552773632,15130988544,2277216256,41878224896
1274,10.627,1.204,0,1155072,4612575232,15068573696,2277216256,41878347776
1275,6.255,1.751,229376,290816,4470652928,15209795584,2277220352,41878368256
1276,6.589,2.419,0,954368,4475592704,15136358400,2277236736,41946148864
1277,7.36,2.62,0,827392,4472311808,15070687232,2277253120,42013614080
1278,6.853,2.466,0,0,4470198272,14916714496,2277253120,42167160832
1279,7.811,2.036,0,0,4448088064,14753394688,2277253120,42349744128
1280,6.289,2.791,163840,851968,4446314496,14621061120,2277261312,42481713152
1281,6.813,2.436,622592,1617920,4401934336,14629769216,2277277696,42516373504
1282,4.189,1.783,0,0,4446494720,14561492992,2277277696,42539429888
1283,0.208,0.667,0,0,4447350784,14560632832,2277277696,42539433984
1284,0.25,0.625,0,0,4446658560,14561325056,2277277696,42539433984
1285,0.541,1.164,0,815104,4447236096,14561239040,2277277696,42538942464
1286,0.167,1.251,0,0,4447764480,14560706560,2277277696,42538942464
1287,0.292,1.042,0,0,4448145408,14560342016,2277277696,42538942464
1288,0.375,0.583,0,0,4448260096,14560157696,2277277696,42538954752
1289,0.208,0.792,0,0,4448194560,14560219136,2277277696,42538958848
1290,0.498,1.287,0,53248,4448329728,14560083968,2277277696,42538958848
1291,0.209,1.376,0,0,4448411648,14560002048,2277277696,42538958848
1292,1.21,1.92,0,204800,4440694784,14568071168,2277277696,42538897408
1293,0.25,0.334,0,216612864,4441042944,14573268992,2277277696,42538901504
1294,1.715,1.297,0,237121536,4441964544,14572584960,2277277696,42538909696
1295,4.043,3.085,16384,5087232,3784990720,15233187840,2277285888,42538250240
1296,1.423,1.716,0,1245184,3689222144,15330758656,2277285888,42538217472
1297,3.715,3.464,0,2461696,3690237952,15785488384,2277289984,42088251392
1298,4.108,1.826,0,12288,3688308736,15759532032,2277289984,42115620864
1299,1.665,1.499,0,561152,3690041344,15757664256,2277289984,42115756032
1300,7.988,5.813,0,35049472,3846311936,15600009216,2277318656,42116108288
1301,13.48,4.231,4472832,104189952,4047253504,15290191872,2277330944,42218676224
1302,18.904,3.583,4718592,4431872,4118003712,15217262592,2277347328,42219192320
1303,17.165,2.826,0,115355648,4234027008,15016656896,2277355520,42302672896
1304,30.163,2.765,0,1347584,4367081472,14880624640,2277359616,42302791680
1305,36.991,2.286,0,0,4520095744,14726193152,2277359616,42302824448
1306,21.814,2.257,0,839680,4593913856,14649823232,2277359616,42302951424
1307,5.694,1.455,327680,110592,4533760000,14708891648,2277363712,42302955520
1308,4.368,1.789,0,1118208,4461154304,14738612224,2277367808,42345062400
1309,4.078,2.663,0,864256,4464115712,14675128320,2277367808,42403708928
1310,4.545,2.711,0,0,4464308224,14567305216,2277367808,42508771328
1311,4.8,2.671,0,0,4435468288,14427992064,2277367808,42674548736
1312,4.625,2.417,0,0,4435353600,14262988800,2277367808,42837168128
1313,3.872,1.998,491520,847872,4433104896,14175723520,2277376000,42925162496
1314,3.687,2.237,0,1585152,4404752384,14163103744,2277384192,42964942848
1315,0.956,1.414,0,0,4408180736,14159675392,2277384192,42964942848
1316,0.209,1.21,0,0,4407922688,14159949824,2277384192,42964942848
1317,0.251,0.71,0,0,4404932608,14163308544,2277384192,42964938752
1318,0.208,0.834,0,577536,4404129792,14164672512,2277384192,42964680704
1319,0.167,1.043,0,0,4403335168,14165467136,2277384192,42964680704
1320,0.25,1.127,0,0,4403392512,14165409792,2277384192,42964680704
1321,0.167,1.209,0,0,4404277248,14164422656,2277384192,42964692992
1322,0.25,0.292,0,0,4403732480,14164967424,2277384192,42964692992
